/**
 * generated by fontconvert.py
 * name: notonaskh_12_regular
 * size: 12
 * mode: 2-bit  compressed: true
 * Command used: fontconvert.py notonaskh_12_regular 12 ../builtinFonts/source/NotoNaskhArabic/NotoNaskhArabic-Regular.ttf --additional-intervals 0x0600,0x06FF --additional-intervals 0xFE70,0xFEFC --font-include-intervals 0:0x0000,0x024F --font-include-intervals 0:0x0300,0x036F --font-include-intervals 0:0x2000,0x206F --font-include-intervals 0:0x0600,0x06FF --font-include-intervals 0:0xFE70,0xFEFC --2bit --compress --pnum --darken-aa
 */
#pragma once
#include "EpdFontData.h"

static const uint8_t notonaskh_12_regularBitmaps[15175] = {
    0xB5, 0x58, 0x3F, 0x6C, 0xDD, 0xC6, 0x19, 0xFF, 0xC8, 0xB3, 0x43, 0x34, 0x44, 0x74, 0x1E, 0x1C,
    0xB4, 0xA8, 0xEC, 0xB0, 0x43, 0x86, 0x40, 0x95, 0xCC, 0x0C, 0x1A, 0x1E, 0x50, 0xEA, 0x1D, 0xE3,
    0xA2, 0xE8, 0x90, 0xA1, 0x1A, 0xEA, 0x64, 0xC8, 0x10, 0xCF, 0x6E, 0x51, 0x09, 0xE8, 0x1B, 0x5C,
    0xE0, 0x3D, 0x3D, 0x36, 0x2D, 0x90, 0xA1, 0x43, 0xB5, 0x64, 0xCA, 0x10, 0x8F, 0xA9, 0x0A, 0xC4,
    0xAF, 0xA8, 0x06, 0xA5, 0xA1, 0xC5, 0x6B, 0x32, 0x74, 0xF0, 0x60, 0xA2, 0x4B, 0x87, 0xA2, 0x08,
    0xD1, 0x1A, 0x45, 0x60, 0x17, 0xF0, 0x25, 0xA6, 0x51, 0x5A, 0xE1, 0x7B, 0xD7, 0xDF, 0x77, 0x94,
    0x64, 0x2B, 0xB6, 0x12, 0x67, 0xE8, 0xE3, 0xDD, 0x27, 0x8A, 0xBC, 0xFB, 0xEE, 0xBB, 0xEF, 0xEF,
    0xEF, 0x48, 0xEB, 0x66, 0x32, 0x19, 0x0C, 0x06, 0xCB, 0xF8, 0xBD, 0x48, 0xDF, 0xC9, 0xF3, 0xD3,
    0x79, 0x3F, 0xEF, 0x0F, 0xCF, 0x25, 0x4B, 0xBD, 0xB3, 0xBD, 0x33, 0x44, 0x94, 0x48, 0xA2, 0xDE,
    0x5C, 0xD7, 0x07, 0x67, 0x89, 0x26, 0x8B, 0x14, 0x5B, 0x5B, 0x7E, 0x7B, 0x6F, 0x77, 0x93, 0xAA,
    0x1E, 0x79, 0xE5, 0x80, 0x7C, 0x3D, 0x71, 0xFD, 0x27, 0xB7, 0xF6, 0xD2, 0xB1, 0xB5, 0x59, 0xF0,
    0x52, 0x49, 0xA1, 0xAF, 0x5D, 0x97, 0x42, 0xD3, 0x9C, 0xC8, 0x30, 0x9F, 0x9B, 0x6F, 0x2B, 0xF9,
    0x7E, 0xD3, 0xEF, 0xE5, 0x2B, 0xBD, 0xCB, 0xFD, 0xDE, 0x29, 0xD5, 0x23, 0xD9, 0x90, 0xB0, 0x44,
    0xE3, 0x8A, 0x54, 0x43, 0xBD, 0x76, 0xD0, 0x5B, 0xD9, 0xE9, 0x25, 0x79, 0x2F, 0x57, 0x1B, 0x75,
    0x68, 0xB3, 0x6E, 0x16, 0x37, 0xF7, 0xC3, 0x60, 0x88, 0xB4, 0xB2, 0x42, 0x09, 0x51, 0x1E, 0xD1,
    0x36, 0x51, 0x23, 0xC9, 0x30, 0x3D, 0x5F, 0x32, 0xFD, 0xBE, 0x66, 0xFA, 0x72, 0xCA, 0x54, 0x86,
    0x86, 0x86, 0xD1, 0x52, 0x7F, 0x88, 0xF1, 0x09, 0x06, 0xCB, 0x7A, 0x1B, 0x83, 0x89, 0x4C, 0x2D,
    0x53, 0xF2, 0x4B, 0xA6, 0x42, 0x33, 0x0D, 0x53, 0x7E, 0x2E, 0x69, 0x27, 0x22, 0x5A, 0xA2, 0xA4,
    0x8F, 0x2D, 0x53, 0xD4, 0xF0, 0x72, 0x5E, 0xBA, 0xBF, 0xEE, 0x18, 0xFF, 0xFA, 0xCD, 0x06, 0x91,
    0xA8, 0x30, 0x48, 0x94, 0xF2, 0xE0, 0xCE, 0x60, 0x34, 0xDD, 0xE7, 0xC1, 0x45, 0xB9, 0xB0, 0xE9,
    0xDB, 0x4C, 0x6D, 0xCA, 0xEB, 0x65, 0x42, 0xB1, 0xA8, 0x7B, 0xD4, 0xA7, 0xE9, 0x00, 0x44, 0x19,
    0x5A, 0x21, 0x59, 0xE1, 0x4E, 0x18, 0x8A, 0x29, 0x68, 0x49, 0xDE, 0xDC, 0x50, 0xA9, 0x6F, 0xEB,
    0xA8, 0xA6, 0x93, 0x98, 0x9A, 0xE7, 0xC3, 0xA4, 0x87, 0x2D, 0x9E, 0xA1, 0x1A, 0xAC, 0xB3, 0x08,
    0x23, 0xFB, 0x34, 0xA2, 0xFC, 0xA1, 0x6B, 0x04, 0x16, 0x7D, 0x4C, 0x96, 0x59, 0xA0, 0xBD, 0x9A,
    0x16, 0x89, 0xD6, 0xE9, 0x1C, 0x85, 0x99, 0xA8, 0x3C, 0x43, 0x0D, 0xB5, 0xFB, 0xC3, 0xAE, 0xE1,
    0xEA, 0xEE, 0x5A, 0x6A, 0x3C, 0x23, 0xAA, 0x50, 0xC7, 0x34, 0xE0, 0x1D, 0xD4, 0xD8, 0x38, 0xED,
    0xFC, 0xC1, 0x14, 0x1F, 0x98, 0xA7, 0xA6, 0x30, 0xE0, 0xE6, 0xF4, 0x8F, 0xE6, 0xE2, 0xE4, 0x22,
    0x2B, 0xEF, 0x0A, 0xD1, 0x69, 0xDE, 0xF3, 0x61, 0x1B, 0xDB, 0x29, 0xDA, 0xC3, 0x4F, 0x78, 0x00,
    0xC5, 0xA9, 0xD2, 0x52, 0x8B, 0x2C, 0x80, 0x96, 0x2E, 0xD2, 0xB8, 0x2D, 0x5A, 0x72, 0xFE, 0x02,
    0x69, 0x12, 0x58, 0x68, 0x99, 0x26, 0xE0, 0x56, 0x79, 0xA5, 0xAF, 0x05, 0x8F, 0x4A, 0x43, 0xE8,
    0x74, 0x0E, 0x9B, 0xEA, 0x5E, 0xAF, 0xE3, 0x75, 0xD5, 0x69, 0x13, 0x6A, 0x92, 0x7F, 0x33, 0x31,
    0x35, 0x7D, 0xCA, 0x61, 0x9D, 0x9C, 0xFA, 0x2D, 0xA9, 0x2F, 0x34, 0x3C, 0x64, 0xC3, 0xD1, 0x10,
    0xC3, 0xE4, 0x1B, 0x46, 0x58, 0xCD, 0x32, 0xC4, 0x44, 0x96, 0x42, 0x4B, 0x63, 0x45, 0x2F, 0x28,
    0xA2, 0xAF, 0x6C, 0x45, 0x1A, 0x5B, 0x48, 0x89, 0x29, 0x59, 0xFC, 0x26, 0x6C, 0xD5, 0x24, 0xD4,
    0x2E, 0x42, 0x37, 0x50, 0x19, 0x34, 0xE2, 0x1B, 0x78, 0x00, 0xC1, 0x03, 0x96, 0x88, 0x76, 0xC8,
    0xAB, 0x28, 0xD0, 0x27, 0x20, 0x72, 0x42, 0x4B, 0x85, 0x9D, 0xA2, 0x75, 0x13, 0xD5, 0x9B, 0x66,
    0x85, 0xDA, 0xE1, 0xE1, 0x44, 0x28, 0x3C, 0xD4, 0x1E, 0x5C, 0xF6, 0xAA, 0x21, 0x0F, 0x4F, 0xAE,
    0x11, 0x2C, 0x43, 0xFD, 0x75, 0x1A, 0xED, 0x50, 0xBB, 0x11, 0xD4, 0x11, 0xBC, 0x76, 0x95, 0xDC,
    0x12, 0x02, 0x3D, 0x40, 0x9F, 0x43, 0x4F, 0xD0, 0x07, 0xE8, 0x55, 0x83, 0x50, 0x69, 0x28, 0x48,
    0x1B, 0xA8, 0xA7, 0x81, 0x72, 0x1A, 0xFA, 0xC5, 0x85, 0xE9, 0x6A, 0x61, 0xAD, 0x71, 0x73, 0x0E,
    0xBA, 0x8F, 0xE5, 0x95, 0xD5, 0x12, 0x5E, 0x62, 0xEB, 0x33, 0x34, 0x58, 0xA4, 0x65, 0x58, 0x7D,
    0xD1, 0x59, 0xA3, 0x3F, 0xC3, 0xAB, 0x8A, 0x04, 0x8C, 0x0A, 0x01, 0xF2, 0xAE, 0xBD, 0x48, 0xED,
    0xB6, 0xD7, 0xEC, 0xBE, 0x66, 0xE2, 0x7D, 0x01, 0xB0, 0x7D, 0x78, 0x40, 0x2B, 0xB3, 0x24, 0x72,
    0x5E, 0x8D, 0x36, 0xC2, 0xB8, 0x22, 0x2B, 0x6E, 0xD7, 0xBB, 0x70, 0x3A, 0xD6, 0xB0, 0x1A, 0x91,
    0x82, 0xB7, 0x29, 0xEA, 0xCB, 0x34, 0x0F, 0xFF, 0x5A, 0xFB, 0xB6, 0xA4, 0x13, 0x70, 0x00, 0x5B,
    0xD8, 0xD9, 0x36, 0xAD, 0x4C, 0x68, 0x78, 0x11, 0xAA, 0x81, 0x5D, 0xB1, 0x6B, 0x51, 0xB1, 0xBA,
    0x42, 0xA7, 0x31, 0x04, 0xC0, 0x39, 0x04, 0x22, 0xD1, 0xD0, 0x09, 0x6B, 0x58, 0x97, 0xF8, 0xC1,
    0x4C, 0xD1, 0x1B, 0xC6, 0x99, 0x75, 0x88, 0xD6, 0xA7, 0xA1, 0x4A, 0x6B, 0xF9, 0xDF, 0x52, 0xD8,
    0x34, 0xB0, 0x55, 0x1C, 0x40, 0x8D, 0xBB, 0x2D, 0x07, 0x7A, 0xDC, 0x52, 0x9C, 0xD3, 0x8A, 0xF2,
    0x9A, 0x10, 0x1B, 0x39, 0xDD, 0xCD, 0x4D, 0xA3, 0xB7, 0xAB, 0xBE, 0x57, 0x43, 0xD5, 0xF0, 0xE0,
    0x96, 0x46, 0xAD, 0xF3, 0x8D, 0x0D, 0x9A, 0xA9, 0xB7, 0x67, 0xE1, 0x6C, 0xE4, 0x16, 0xCB, 0xDD,
    0x96, 0xEB, 0x17, 0x7D, 0xB3, 0x32, 0xAF, 0xA3, 0x19, 0x79, 0xAB, 0x74, 0x6A, 0x98, 0x3F, 0xEF,
    0xB6, 0xCB, 0xCE, 0xF8, 0x0D, 0x98, 0x5D, 0xB1, 0x6C, 0x0F, 0xFD, 0x4E, 0xE0, 0xC9, 0x38, 0x8D,
    0xE1, 0x90, 0x73, 0x60, 0xB1, 0xD9, 0x3D, 0x7C, 0x86, 0x68, 0x4A, 0x61, 0x45, 0xBB, 0x84, 0x3C,
    0xA1, 0x52, 0x1A, 0x13, 0xFF, 0x87, 0x7F, 0x39, 0x54, 0xD9, 0xAE, 0x67, 0xBB, 0x71, 0xF0, 0x83,
    0x67, 0x2F, 0xFC, 0xB8, 0xBB, 0xC7, 0xCD, 0xE1, 0xBF, 0xEB, 0x44, 0x1B, 0xDD, 0x94, 0x19, 0xA6,
    0x94, 0x6E, 0xCA, 0x03, 0x86, 0xE0, 0xB6, 0x7D, 0xB0, 0x3C, 0xFB, 0xD0, 0x0F, 0xE1, 0x43, 0x70,
    0xBE, 0xFC, 0xC4, 0xFE, 0x06, 0x1A, 0xCE, 0x05, 0x91, 0x66, 0x16, 0xEB, 0x07, 0x0D, 0xBF, 0x53,
    0xFC, 0x92, 0x39, 0xB5, 0xDD, 0xD4, 0x35, 0xF0, 0xA6, 0x60, 0xEF, 0x2A, 0x56, 0x81, 0x88, 0x8D,
    0xD3, 0xF5, 0x12, 0x0C, 0xE1, 0xC1, 0x00, 0xA1, 0x1E, 0xDB, 0x20, 0x95, 0x5E, 0xDD, 0x17, 0xD9,
    0x39, 0x51, 0xAE, 0x08, 0x9D, 0x48, 0x9D, 0x30, 0x4D, 0x41, 0x87, 0x11, 0x0D, 0x45, 0x86, 0xE8,
    0xD9, 0x09, 0xD2, 0xCB, 0x1C, 0x43, 0xC8, 0x85, 0x5E, 0xF3, 0x1C, 0x0D, 0xE5, 0xDF, 0x47, 0x39,
    0x25, 0xFE, 0xD4, 0x25, 0x24, 0xFE, 0x45, 0x9D, 0x90, 0x9A, 0xBC, 0x0C, 0x39, 0x8E, 0x22, 0xA4,
    0xEA, 0xB1, 0x65, 0x27, 0xF4, 0xB6, 0x38, 0xFD, 0x79, 0x6C, 0x58, 0xBF, 0x66, 0x03, 0xB1, 0x50,
    0x41, 0xCE, 0x69, 0x98, 0x67, 0xCE, 0x21, 0xBE, 0x68, 0x31, 0x4A, 0xB9, 0x42, 0x60, 0xCE, 0x40,
    0x22, 0xF7, 0x4E, 0x02, 0xA4, 0xE1, 0x7B, 0xAF, 0xC2, 0x5D, 0xD8, 0x9D, 0x85, 0xF6, 0xB0, 0xCF,
    0x0C, 0x9B, 0x09, 0xD9, 0x70, 0x92, 0x35, 0x16, 0xA7, 0x08, 0x4A, 0x6B, 0x02, 0x6B, 0x94, 0xBD,
    0x4F, 0xF3, 0x7B, 0x85, 0x16, 0x70, 0x52, 0x74, 0x5C, 0xBE, 0x11, 0x87, 0x57, 0xA4, 0x85, 0x9D,
    0x91, 0xB8, 0xB7, 0x56, 0x76, 0xCF, 0xA9, 0x41, 0x6F, 0x1F, 0x74, 0xBF, 0x0E, 0xEE, 0xBD, 0x56,
    0x29, 0x3B, 0xEB, 0x52, 0xF4, 0xD8, 0x92, 0x7F, 0x7F, 0x4D, 0x87, 0x3A, 0xA8, 0xA2, 0x54, 0x94,
    0x0A, 0xA9, 0x9B, 0x65, 0x84, 0x7A, 0x39, 0x3E, 0x8F, 0x74, 0x58, 0xD8, 0xED, 0x9C, 0xC5, 0x8F,
    0x33, 0xB6, 0x9D, 0x57, 0x8A, 0xD9, 0x55, 0x4D, 0xC5, 0xCC, 0x65, 0x7C, 0xF0, 0x24, 0x08, 0x06,
    0x9D, 0x63, 0x15, 0x67, 0xA7, 0x6B, 0x4C, 0x94, 0xCB, 0xDE, 0x29, 0x9B, 0x2D, 0x03, 0x41, 0x22,
    0x7C, 0x84, 0xB8, 0x17, 0x6E, 0x88, 0x1B, 0xBC, 0x01, 0x02, 0x5B, 0x06, 0xF7, 0xD6, 0x0C, 0x39,
    0x41, 0x95, 0xB5, 0xD5, 0xFC, 0xDE, 0xEF, 0xB1, 0x5B, 0xE2, 0xCE, 0xBB, 0x5A, 0x45, 0xA7, 0xC3,
    0x6E, 0x2D, 0x76, 0x7C, 0x81, 0x8E, 0x3C, 0x33, 0x74, 0x1A, 0xBD, 0x87, 0x7E, 0x39, 0xB8, 0xF7,
    0x4A, 0x03, 0x1E, 0xF5, 0x57, 0xF2, 0xD9, 0xFB, 0x5D, 0xC7, 0xEB, 0x28, 0x9F, 0xC3, 0xCE, 0x29,
    0x09, 0xA9, 0x65, 0xDF, 0x3D, 0x63, 0x84, 0xBC, 0x37, 0x7B, 0xAD, 0xA6, 0xB0, 0x84, 0xB4, 0x30,
    0x65, 0xC3, 0xAA, 0x59, 0xED, 0xBC, 0x83, 0x15, 0xE8, 0xB4, 0x76, 0x40, 0x4E, 0x5E, 0x00, 0x91,
    0x36, 0xDD, 0x60, 0x37, 0xED, 0x53, 0x37, 0xD8, 0x79, 0x4D, 0x03, 0x06, 0x20, 0xFE, 0xEC, 0x07,
    0x0D, 0xDB, 0x83, 0x73, 0xFD, 0x2A, 0xAF, 0xE3, 0xD9, 0x76, 0xFE, 0x3E, 0x8D, 0x6F, 0xB2, 0x96,
    0xB2, 0xE3, 0x89, 0x05, 0x6E, 0xC0, 0xE6, 0x5F, 0xCF, 0xBE, 0x7C, 0x1C, 0x64, 0x8F, 0x4B, 0x65,
    0xCF, 0xDB, 0x56, 0x59, 0x02, 0x5F, 0x3C, 0x7C, 0xC2, 0x86, 0x99, 0xCA, 0xA6, 0xD2, 0xEA, 0xA7,
    0x60, 0x8A, 0x2E, 0xC4, 0xBE, 0x6E, 0x73, 0xC9, 0x7F, 0xBE, 0x42, 0x32, 0x01, 0x2B, 0x61, 0x33,
    0xAC, 0x3F, 0x63, 0xD6, 0x35, 0xBB, 0x0A, 0xFB, 0x4B, 0x90, 0x81, 0x3C, 0xC7, 0x5A, 0x4E, 0x98,
    0xB0, 0xBE, 0xEF, 0xD6, 0x6C, 0xD8, 0x96, 0xC3, 0xA7, 0xE0, 0x67, 0x8A, 0x87, 0x20, 0x5F, 0x60,
    0x30, 0x8B, 0xE5, 0xB7, 0xCC, 0x60, 0xE6, 0xA4, 0xCB, 0x58, 0x3E, 0xC4, 0x05, 0xF1, 0xC6, 0x8E,
    0xB5, 0xDE, 0x63, 0xFA, 0x81, 0x87, 0xEC, 0x7B, 0xC9, 0x85, 0xCE, 0x4B, 0xB0, 0xA6, 0x6A, 0xE6,
    0x5B, 0x86, 0x26, 0x02, 0x2E, 0x6D, 0x53, 0xE0, 0x2C, 0xEF, 0x0E, 0x89, 0x8F, 0x53, 0xFF, 0x63,
    0x12, 0x37, 0x32, 0xF1, 0x0E, 0x89, 0xEB, 0x3A, 0x88, 0x48, 0x7C, 0x54, 0x4A, 0xA6, 0x66, 0x0E,
    0xF4, 0x43, 0xB3, 0x08, 0xAA, 0x9B, 0x84, 0x69, 0xBB, 0xCC, 0x74, 0x38, 0x61, 0xDA, 0xAF, 0x98,
    0xAA, 0x92, 0x69, 0xA4, 0x23, 0x0A, 0x00, 0x55, 0x20, 0x72, 0x1B, 0x92, 0x6D, 0x00, 0x71, 0x6C,
    0x3D, 0xDF, 0x10, 0xA2, 0x95, 0x83, 0x1D, 0x0B, 0x81, 0xDC, 0x41, 0xC2, 0x15, 0x37, 0x34, 0xC8,
    0x5F, 0x0C, 0xC8, 0x87, 0x75, 0xC8, 0x1C, 0x99, 0x6C, 0x30, 0x51, 0x2F, 0x83, 0xC8, 0xEB, 0x20,
    0xC1, 0x6D, 0x10, 0xCC, 0x41, 0x75, 0x71, 0xA4, 0xA0, 0xA0, 0xE2, 0x34, 0x3E, 0xE5, 0x94, 0xD1,
    0x85, 0x37, 0xE4, 0x17, 0xF7, 0x5F, 0x2F, 0x11, 0x67, 0x48, 0x45, 0x11, 0xDB, 0x4F, 0x71, 0x35,
    0xEB, 0x73, 0x18, 0x5F, 0x3B, 0x24, 0xF9, 0x21, 0x79, 0xF0, 0xCC, 0x0D, 0x71, 0x83, 0x63, 0xB6,
    0xA1, 0x64, 0xF8, 0x24, 0x9A, 0xF9, 0x92, 0x33, 0xFB, 0x3E, 0xC4, 0x73, 0x99, 0xE8, 0x5E, 0x01,
    0x07, 0x0B, 0xAB, 0x07, 0x19, 0xE8, 0xE1, 0x6C, 0x14, 0x20, 0x0B, 0xAD, 0xC1, 0x47, 0x9B, 0x27,
    0x88, 0xA7, 0xFF, 0x9F, 0xAC, 0xC2, 0xA5, 0x62, 0x26, 0x9E, 0x83, 0xA7, 0xAE, 0x48, 0x28, 0xC0,
    0x37, 0x7A, 0xCA, 0xB8, 0x4D, 0x60, 0x17, 0xC8, 0x63, 0x10, 0x97, 0x7D, 0xD1, 0x79, 0xBD, 0x7F,
    0x48, 0xDC, 0xBF, 0x82, 0xFD, 0x0E, 0xB1, 0xDA, 0x39, 0xA4, 0x71, 0x64, 0xEC, 0xBC, 0x32, 0x65,
    0xAF, 0xE4, 0xB9, 0xA1, 0x9B, 0x5B, 0x63, 0x53, 0xDE, 0x94, 0x03, 0x66, 0x9C, 0x71, 0xD6, 0xB7,
    0x3A, 0x7E, 0xB3, 0x46, 0x09, 0xCB, 0x69, 0xA7, 0x83, 0x1B, 0x90, 0x32, 0xAE, 0x28, 0x44, 0x01,
    0x46, 0xFA, 0x00, 0x2C, 0xE7, 0xA2, 0x35, 0x5A, 0xA7, 0x95, 0x9A, 0x12, 0x80, 0xD1, 0x0D, 0xDF,
    0x74, 0x30, 0x08, 0x48, 0xA2, 0xD9, 0xBD, 0x7A, 0xAB, 0xDD, 0x46, 0x69, 0x9A, 0x48, 0xBD, 0x78,
    0x51, 0xEA, 0x6F, 0x11, 0x57, 0x8A, 0x27, 0xED, 0x11, 0x8A, 0x31, 0x12, 0x72, 0x31, 0xC3, 0xC9,
    0x01, 0x70, 0x79, 0x9C, 0xA2, 0xC2, 0x2C, 0xC1, 0xF7, 0x80, 0x2B, 0xBF, 0x2E, 0x59, 0x64, 0x04,
    0x93, 0x30, 0x6A, 0xBA, 0x8C, 0xA2, 0xFD, 0x8A, 0xE1, 0xD4, 0x97, 0x75, 0x59, 0xCA, 0xB6, 0x40,
    0x2E, 0x6B, 0xA5, 0xB7, 0xCB, 0x6B, 0x26, 0x5C, 0x0C, 0x2F, 0xB3, 0x0F, 0x4E, 0x58, 0xE5, 0x8C,
    0x6D, 0x3C, 0x3E, 0x5D, 0xE0, 0x30, 0x83, 0xCA, 0x03, 0x92, 0x07, 0x70, 0x9A, 0x3E, 0xFB, 0xA6,
    0x9A, 0xE3, 0x04, 0xCA, 0x48, 0x41, 0xFE, 0xB4, 0x3B, 0x9E, 0x40, 0x57, 0xF5, 0x81, 0xA9, 0xB0,
    0x1C, 0x38, 0x03, 0x7F, 0x5B, 0x13, 0xDF, 0x84, 0xB5, 0xD6, 0x36, 0xC1, 0xBD, 0xE5, 0xD2, 0x5D,
    0x42, 0xB7, 0x73, 0x78, 0xEF, 0xCF, 0xB8, 0x9C, 0x1B, 0x71, 0x15, 0x8B, 0xC2, 0xDF, 0x5E, 0x4F,
    0x13, 0x98, 0x36, 0x94, 0x19, 0x20, 0x7B, 0x2B, 0x25, 0x4E, 0x54, 0x94, 0xCF, 0x85, 0x1A, 0xBC,
    0x46, 0x67, 0x45, 0x09, 0x6E, 0xFD, 0x45, 0xF1, 0x4F, 0x88, 0xA2, 0x12, 0xFF, 0x2E, 0xE4, 0x88,
    0x7B, 0x1E, 0xFF, 0x91, 0x13, 0xFA, 0x1C, 0x02, 0x49, 0xC4, 0x20, 0x39, 0x44, 0x32, 0x66, 0x29,
    0x4A, 0xF6, 0xA6, 0x62, 0x2A, 0x67, 0x14, 0xD5, 0xAE, 0x8C, 0x21, 0x41, 0xF9, 0x0D, 0x8B, 0xDF,
    0xB2, 0xE4, 0x63, 0x16, 0x3A, 0xDE, 0x21, 0x37, 0x8F, 0x78, 0xB3, 0xE4, 0xF0, 0x24, 0x49, 0xF6,
    0xAA, 0x45, 0x2E, 0x92, 0x97, 0xB9, 0x42, 0xA2, 0x10, 0x03, 0xAF, 0x22, 0xB3, 0x07, 0x99, 0x43,
    0x2C, 0x88, 0x6F, 0xEC, 0xC6, 0xA6, 0xCA, 0x06, 0x36, 0x8B, 0x6A, 0x68, 0x0C, 0x8F, 0x87, 0x0C,
    0x10, 0x26, 0xEC, 0x90, 0x60, 0xB3, 0xC1, 0x7A, 0x52, 0x7C, 0xE2, 0x93, 0xBF, 0x65, 0x79, 0xFE,
    0x71, 0x00, 0x1D, 0x1C, 0x88, 0xF0, 0xCD, 0x31, 0x84, 0xB1, 0xB2, 0x8B, 0x22, 0x3E, 0x5C, 0xC6,
    0x5B, 0x57, 0x35, 0x8E, 0x99, 0xD9, 0x22, 0xFC, 0xEC, 0x34, 0xC7, 0x86, 0xD7, 0x76, 0x3A, 0x65,
    0xBC, 0xC5, 0x6E, 0x01, 0x18, 0xE1, 0xB6, 0xD9, 0xF2, 0xB9, 0xCC, 0xBD, 0x5A, 0x85, 0x8C, 0x2C,
    0xAC, 0x51, 0x6F, 0xBD, 0x8A, 0x1C, 0x6A, 0x4D, 0x61, 0x76, 0x8F, 0x1C, 0xA1, 0x8E, 0xBB, 0xAE,
    0x01, 0x26, 0x3F, 0xBB, 0xCA, 0xC6, 0x5E, 0xC7, 0x19, 0x26, 0x81, 0x9B, 0x9C, 0x81, 0x6D, 0x60,
    0x24, 0x60, 0x74, 0x91, 0x09, 0xED, 0x6B, 0x58, 0xBF, 0x82, 0x1B, 0x4C, 0x60, 0xC9, 0x9E, 0x1B,
    0x80, 0xBC, 0x8A, 0x55, 0x9F, 0xE0, 0xF2, 0x1A, 0xD5, 0x3C, 0xBB, 0x4A, 0x2F, 0x38, 0xD4, 0x0E,
    0x9D, 0xDE, 0x26, 0xFF, 0xA3, 0x4C, 0xFC, 0x4A, 0x87, 0x5E, 0x85, 0x73, 0xEB, 0x12, 0x0D, 0x12,
    0x4A, 0x06, 0xB4, 0xB4, 0x4A, 0x27, 0x21, 0x71, 0xB6, 0xB0, 0xC5, 0x88, 0x8B, 0xCB, 0xAA, 0x24,
    0x3F, 0xF3, 0xFF, 0x44, 0xD1, 0x9D, 0x4A, 0xF9, 0xE6, 0x1C, 0xD5, 0x27, 0xF8, 0xFC, 0xD6, 0xF8,
    0xB6, 0x89, 0xDF, 0x6A, 0x46, 0xD4, 0xB4, 0xAE, 0xE5, 0xA2, 0x19, 0xFF, 0xAC, 0x8D, 0x9A, 0x02,
    0x39, 0xAC, 0xD8, 0x0F, 0x97, 0xE0, 0xE1, 0xFE, 0xE1, 0x27, 0x14, 0xDC, 0x00, 0xF2, 0x6E, 0xA4,
    0x0E, 0x00, 0xB2, 0x38, 0x89, 0x05, 0xDA, 0x3F, 0xDA, 0xF9, 0x59, 0x85, 0x77, 0xB8, 0x93, 0xB3,
    0x35, 0x5D, 0xFC, 0x66, 0xD6, 0x45, 0xC4, 0x6E, 0x0A, 0x60, 0x1E, 0x7B, 0x88, 0x79, 0x03, 0xC8,
    0x9C, 0x1F, 0x9E, 0x32, 0x5C, 0x1B, 0x71, 0xFC, 0x3F, 0x2F, 0x6F, 0xE1, 0x58, 0x56, 0x32, 0x78,
    0xE7, 0x03, 0xBC, 0x33, 0x87, 0x3A, 0xEC, 0xDE, 0xFB, 0x0A, 0x30, 0xA1, 0xA0, 0xF8, 0x25, 0x8B,
    0xFD, 0x8C, 0xE1, 0x22, 0x9C, 0xED, 0x1E, 0xED, 0x43, 0x97, 0xF1, 0x0A, 0x8A, 0x6E, 0xDF, 0xC1,
    0x11, 0x21, 0x36, 0x0C, 0x81, 0x19, 0x42, 0xC3, 0x07, 0x80, 0x6C, 0xF9, 0xDC, 0x85, 0x83, 0x4A,
    0x5E, 0xD8, 0x76, 0x77, 0xEB, 0xDD, 0x6E, 0xF1, 0x15, 0x66, 0xFF, 0x82, 0xFC, 0x77, 0xBD, 0xBF,
    0x38, 0x76, 0x3F, 0xC6, 0x59, 0x37, 0x17, 0x55, 0x8F, 0x4F, 0x28, 0x15, 0x7D, 0x77, 0x0F, 0x85,
    0x54, 0x77, 0xF7, 0xC7, 0x35, 0x86, 0xE8, 0x2E, 0xF8, 0x89, 0xDE, 0xFB, 0x91, 0x16, 0x9F, 0xE3,
    0xA0, 0x95, 0xD5, 0xA9, 0x04, 0xFF, 0x68, 0xBF, 0xCB, 0x14, 0x95, 0xEC, 0xCF, 0x08, 0x7E, 0xAC,
    0x22, 0x7E, 0x4D, 0x0C, 0x61, 0x29, 0xDC, 0xDA, 0xC4, 0x5E, 0x81, 0xF2, 0x01, 0xAE, 0x70, 0xA4,
    0x4F, 0x87, 0x00, 0x24, 0xB9, 0xFB, 0x1B, 0x91, 0xBA, 0x90, 0x13, 0x9F, 0x65, 0x8E, 0xB5, 0xC4,
    0xC7, 0x16, 0x39, 0x35, 0x02, 0x40, 0x05, 0x48, 0x2D, 0x03, 0x1D, 0xE0, 0x94, 0x7C, 0x4C, 0x2F,
    0x25, 0x2C, 0x52, 0xB4, 0x02, 0xC9, 0x06, 0x05, 0xA9, 0x64, 0x21, 0x17, 0x32, 0x55, 0xC2, 0x56,
    0x8F, 0x5C, 0xA1, 0x29, 0xAC, 0xE7, 0x8A, 0x15, 0x8F, 0x7A, 0xFA, 0x4A, 0x84, 0x3B, 0xEF, 0xD8,
    0x0B, 0x29, 0xA6, 0x8A, 0xF4, 0xC6, 0xE3, 0x65, 0xD4, 0x97, 0x36, 0x03, 0x5D, 0x54, 0x81, 0x56,
    0xB8, 0x1F, 0xA2, 0x03, 0x32, 0x7D, 0xA4, 0xE1, 0x41, 0xE8, 0xD8, 0x57, 0xF0, 0x19, 0x6A, 0x82,
    0x06, 0x9C, 0xC5, 0x7C, 0x8C, 0x49, 0x65, 0x25, 0x4B, 0x96, 0x11, 0x9A, 0xD3, 0xC1, 0x97, 0x5E,
    0xB2, 0xB2, 0xB3, 0x85, 0xF3, 0x3B, 0xFE, 0x27, 0xA4, 0x6E, 0xD8, 0xC8, 0x69, 0xA1, 0x8E, 0x5D,
    0xB1, 0x05, 0x6A, 0x86, 0x57, 0x86, 0xD8, 0x31, 0x76, 0xFA, 0xD5, 0x14, 0x23, 0x43, 0xFE, 0xA6,
    0x51, 0x8D, 0x67, 0xA2, 0x0D, 0x5B, 0xF0, 0x64, 0x8E, 0xCE, 0xBF, 0x5D, 0x89, 0x86, 0xD6, 0x44,
    0x79, 0x7C, 0xC7, 0x5C, 0x83, 0x99, 0x33, 0x7A, 0x2F, 0x85, 0xA5, 0xF8, 0x53, 0x4C, 0xEE, 0xBE,
    0xB4, 0x74, 0xAE, 0x19, 0x3F, 0xD2, 0x13, 0xF7, 0x16, 0x76, 0xFE, 0x25, 0x7F, 0xA2, 0xAA, 0xDC,
    0x47, 0x90, 0x4B, 0xE7, 0x3F, 0xA1, 0x02, 0x6B, 0x86, 0x4F, 0x18, 0x53, 0x01, 0x62, 0x2A, 0xB8,
    0x0E, 0x78, 0xA7, 0x57, 0x8F, 0x68, 0x1B, 0xA7, 0x2F, 0xE2, 0xEF, 0x27, 0xDE, 0xFB, 0x4F, 0x6F,
    0x4A, 0xFB, 0x4E, 0xF5, 0xE4, 0x61, 0x02, 0xFD, 0x59, 0x84, 0xD8, 0x29, 0x75, 0x24, 0xDC, 0x88,
    0x31, 0x29, 0x36, 0xB5, 0x70, 0xFE, 0xA6, 0xBA, 0x31, 0x0D, 0xFE, 0x33, 0x02, 0x02, 0x15, 0xDD,
    0x91, 0xBD, 0xFC, 0x62, 0xE3, 0xF3, 0x2E, 0x8E, 0x4B, 0xEF, 0x52, 0x5C, 0xA4, 0x3B, 0x61, 0x56,
    0x07, 0xF0, 0x74, 0x9E, 0x1E, 0xC3, 0xC0, 0xFC, 0x25, 0x8E, 0xCF, 0xF8, 0x13, 0xA1, 0x0D, 0xC0,
    0x1A, 0x10, 0xDE, 0x8C, 0x03, 0xCC, 0xE3, 0x6F, 0x65, 0xDC, 0xA2, 0x5B, 0x0C, 0x45, 0xE0, 0x3B,
    0x8F, 0x6D, 0xA1, 0x6B, 0xA8, 0x25, 0xBE, 0x4D, 0xA1, 0xAD, 0x85, 0x6C, 0x21, 0x1B, 0xEB, 0x31,
    0x9F, 0xCA, 0xBE, 0xC4, 0xDD, 0xF9, 0x82, 0x79, 0xE1, 0x4E, 0xFE, 0xFD, 0x0F, 0x50, 0xC3, 0xFE,
    0x35, 0xE5, 0x8F, 0x62, 0x97, 0xAE, 0x2C, 0x5C, 0x01, 0x86, 0xAD, 0xA3, 0x2C, 0x60, 0x07, 0x4B,
    0x43, 0xC6, 0x91, 0x25, 0x6A, 0xA6, 0x39, 0x83, 0x7A, 0x81, 0x6C, 0xDA, 0x2C, 0x23, 0x55, 0xA2,
    0xE6, 0x0C, 0xB9, 0x2C, 0x22, 0x46, 0x62, 0x06, 0x0B, 0x19, 0x6D, 0x5D, 0x39, 0x49, 0x97, 0x36,
    0xAD, 0x91, 0x40, 0xBD, 0x51, 0x16, 0x65, 0x12, 0x21, 0xAA, 0xF4, 0x33, 0x90, 0xEE, 0x7B, 0x25,
    0x50, 0x80, 0xFE, 0x79, 0x05, 0x04, 0x50, 0x7E, 0x6A, 0x7A, 0xD0, 0x4D, 0x59, 0xAF, 0x93, 0xFF,
    0xA9, 0x6E, 0xC0, 0xE5, 0xAE, 0xCE, 0xC1, 0xE7, 0xF3, 0x74, 0x05, 0x5C, 0x0A, 0x52, 0x9A, 0xD3,
    0x19, 0x1F, 0x0E, 0x39, 0xCA, 0x69, 0xE1, 0xDD, 0x4B, 0x9B, 0xE3, 0xB6, 0x80, 0xE3, 0x9D, 0xEB,
    0xD6, 0xE6, 0x75, 0x79, 0x4D, 0x3E, 0x2B, 0x73, 0x1C, 0x01, 0xFE, 0xD2, 0x04, 0x18, 0xA8, 0xBC,
    0xC6, 0xB8, 0x16, 0x55, 0x52, 0x69, 0x6B, 0x6C, 0xED, 0xF6, 0x60, 0x14, 0x00, 0x57, 0x88, 0x3D,
    0x84, 0xD8, 0x83, 0xC4, 0xAA, 0x73, 0xE0, 0x81, 0x12, 0x52, 0x33, 0x9F, 0x1E, 0xE4, 0x67, 0x5E,
    0x8C, 0x45, 0xCA, 0x8E, 0x57, 0x08, 0x9E, 0x21, 0x97, 0x73, 0x72, 0x9F, 0x58, 0x38, 0xE3, 0x7D,
    0x13, 0xAF, 0x71, 0x6C, 0xA0, 0x85, 0xAD, 0x2B, 0x85, 0x35, 0xDB, 0xC2, 0x00, 0x49, 0x31, 0xB0,
    0x54, 0xEE, 0x6B, 0x01, 0x1F, 0x3E, 0xC8, 0x3D, 0x58, 0x56, 0xB4, 0x3C, 0xDB, 0xAA, 0x81, 0xFD,
    0x69, 0x9C, 0x79, 0xCD, 0xE3, 0x8E, 0x41, 0x15, 0x03, 0x03, 0x40, 0xBA, 0x22, 0xE5, 0x1B, 0x76,
    0x8F, 0x47, 0xC6, 0x80, 0x21, 0x15, 0x19, 0x79, 0x64, 0x8E, 0xFB, 0x59, 0x27, 0xA9, 0x28, 0x1F,
    0x93, 0x57, 0x39, 0x0F, 0xED, 0xF2, 0x11, 0xDF, 0x37, 0xC7, 0x24, 0x5E, 0x60, 0xFC, 0xD4, 0x25,
    0x79, 0xA8, 0xAF, 0x9C, 0xEB, 0x37, 0x67, 0xD7, 0xD5, 0x70, 0x12, 0xD6, 0xA7, 0x28, 0xFD, 0x1F,
    0xC5, 0x58, 0x31, 0x6C, 0xDC, 0xC8, 0x15, 0xFD, 0x24, 0x2F, 0xE6, 0x59, 0x8C, 0x77, 0xAE, 0x50,
    0x70, 0x46, 0x64, 0x87, 0x29, 0x5C, 0x2C, 0x94, 0x95, 0x98, 0x42, 0xC5, 0x22, 0xD8, 0x5D, 0xD2,
    0xBE, 0xE2, 0x0A, 0x03, 0x89, 0x8A, 0x3B, 0xA7, 0x4A, 0xCE, 0xC5, 0x55, 0x49, 0x10, 0x09, 0x81,
    0x0A, 0x17, 0xEB, 0x5D, 0xE6, 0x5C, 0xA6, 0xC8, 0x35, 0x87, 0x14, 0x69, 0x54, 0x5C, 0x11, 0xC8,
    0x80, 0xB5, 0xC5, 0x21, 0x50, 0x2E, 0x2B, 0xED, 0xC0, 0x2E, 0x52, 0x1C, 0x90, 0xA3, 0xE3, 0x22,
    0x55, 0x00, 0x22, 0x01, 0x2E, 0x81, 0x0D, 0xC4, 0x53, 0xAC, 0x00, 0x4A, 0xE0, 0xEE, 0xE4, 0xFD,
    0x21, 0x77, 0x25, 0xC5, 0xF6, 0xE5, 0x64, 0xC9, 0x0A, 0xC9, 0xFF, 0x97, 0x4B, 0xCE, 0xFC, 0xFF,
    0x67, 0xFE, 0xFC, 0xF7, 0xFF, 0x70, 0x35, 0xBF, 0x45, 0x6F, 0x2C, 0x2D, 0x2D, 0xD5, 0x71, 0x34,
    0x70, 0x7C, 0x9B, 0x2E, 0x10, 0x55, 0x88, 0x74, 0xEA, 0xFE, 0x3B, 0x17, 0xDF, 0x6F, 0x05, 0x95,
    0x46, 0xAB, 0x42, 0x87, 0xAF, 0xB0, 0x42, 0x41, 0x85, 0xC4, 0x9F, 0x2F, 0x3B, 0x3A, 0xA7, 0x41,
    0xCA, 0x8D, 0x71, 0xE1, 0xB0, 0x74, 0x4A, 0xDE, 0xC3, 0x9C, 0x04, 0xB5, 0xC9, 0xA7, 0x06, 0x05,
    0xF4, 0x06, 0x7E, 0x09, 0xFF, 0x41, 0x31, 0xD1, 0xE6, 0xE3, 0x98, 0xEE, 0xEE, 0xC7, 0xE4, 0x24,
    0x44, 0x76, 0x5A, 0x12, 0xEE, 0x1D, 0x89, 0xF7, 0x7B, 0x76, 0x14, 0x6A, 0x4D, 0x9F, 0xF8, 0x23,
    0xB4, 0x5E, 0x26, 0xAD, 0xBA, 0xAA, 0x9B, 0xF8, 0x89, 0x90, 0x82, 0x3C, 0x59, 0x21, 0x27, 0xBD,
    0x44, 0xB6, 0xAA, 0x13, 0x0D, 0x57, 0x89, 0xFA, 0xE8, 0xD8, 0x94, 0x74, 0x6E, 0xF0, 0x98, 0x3C,
    0x3D, 0x46, 0xE7, 0x88, 0x66, 0x70, 0xCF, 0xC4, 0xF7, 0xE4, 0x83, 0x42, 0x49, 0x6C, 0x9F, 0xAD,
    0x63, 0xF1, 0x1B, 0xE5, 0x93, 0x5A, 0xE4, 0x8B, 0xDF, 0x88, 0x21, 0xF9, 0x3A, 0x6A, 0x0C, 0xD2,
    0x86, 0x97, 0x35, 0x29, 0x0F, 0xE2, 0xA6, 0xC8, 0x16, 0x6C, 0xDD, 0xA6, 0x70, 0x48, 0xAE, 0x22,
    0xDA, 0xFA, 0x3A, 0xD5, 0x17, 0xA8, 0x1E, 0x50, 0x4F, 0x3C, 0x4E, 0x6D, 0x1D, 0x55, 0xCF, 0xF7,
    0xC3, 0x76, 0x40, 0xE5, 0xE1, 0x6B, 0x18, 0x3C, 0xBE, 0x31, 0x22, 0x37, 0x81, 0x2A, 0x41, 0x1B,
    0x6F, 0xC9, 0x9A, 0xF7, 0x24, 0x51, 0xF5, 0x45, 0x2B, 0xED, 0xAD, 0x36, 0x28, 0xAA, 0xF7, 0xDA,
    0x44, 0x8D, 0x5E, 0x7F, 0xCA, 0xF8, 0x2F, 0x5E, 0x50, 0xBD, 0xDE, 0xA2, 0x9B, 0x6B, 0x0D, 0xF1,
    0xCF, 0x44, 0x09, 0x7B, 0x6C, 0x27, 0xAE, 0x84, 0x00, 0x6B, 0x74, 0x75, 0x9B, 0x28, 0xC0, 0xC4,
    0x11, 0xBD, 0x43, 0xE4, 0xE5, 0x14, 0xF8, 0x74, 0x5E, 0x90, 0xBD, 0x49, 0xC1, 0x7B, 0xD4, 0x10,
    0xD4, 0xF0, 0x29, 0xD4, 0xF2, 0xDC, 0x55, 0x8C, 0x88, 0x3C, 0x8F, 0x2E, 0xD7, 0x20, 0x87, 0x56,
    0x57, 0xE9, 0x93, 0x1E, 0xB5, 0x61, 0x72, 0x8B, 0xBC, 0xEB, 0xD1, 0x73, 0x2D, 0xFB, 0xC6, 0x3B,
    0x8E, 0xAC, 0x05, 0x3A, 0x56, 0x75, 0xF1, 0x16, 0x2C, 0x13, 0x57, 0xD3, 0x7A, 0x4F, 0x5C, 0x4B,
    0x1B, 0x3D, 0xF1, 0x5B, 0x09, 0xA6, 0x61, 0x99, 0xF8, 0x01, 0x2C, 0x13, 0xD7, 0x65, 0x1D, 0x4D,
    0x92, 0xB5, 0x46, 0xF0, 0x30, 0x53, 0x62, 0x7E, 0x7D, 0xE3, 0xB9, 0x96, 0xCD, 0x6F, 0x6C, 0xB0,
    0x7F, 0xE0, 0x45, 0x7F, 0xD8, 0xD9, 0x56, 0x82, 0xCF, 0x76, 0x33, 0xC8, 0xEC, 0x98, 0x7D, 0xDB,
    0xA2, 0x5B, 0x94, 0xC2, 0x02, 0x9D, 0x76, 0x47, 0x1D, 0xD2, 0x79, 0xED, 0x19, 0xEA, 0x82, 0x02,
    0x90, 0xF5, 0xB3, 0x1A, 0x51, 0xED, 0xAB, 0x91, 0xD5, 0x0F, 0x22, 0x3B, 0x0F, 0x92, 0x6A, 0x67,
    0xD0, 0xE4, 0x35, 0x26, 0xA4, 0x9D, 0x5A, 0xEA, 0xA7, 0xE9, 0x20, 0x76, 0x47, 0x14, 0x88, 0xA8,
    0xE9, 0xCA, 0x86, 0x63, 0x2E, 0x57, 0xB6, 0xBC, 0x58, 0x6C, 0x92, 0xF5, 0x31, 0x35, 0x9B, 0x84,
    0x71, 0x39, 0x0F, 0x62, 0xE7, 0x81, 0x04, 0x77, 0xDF, 0x8E, 0x2A, 0x15, 0xAA, 0x56, 0x89, 0x5E,
    0xC7, 0x9A, 0x30, 0xD7, 0xA2, 0x99, 0xAE, 0xD7, 0x88, 0x2E, 0x11, 0x5D, 0x26, 0x5A, 0x20, 0x2B,
    0x27, 0x0F, 0xD6, 0xC7, 0xFC, 0xB2, 0xC5, 0xD7, 0x95, 0x16, 0xC1, 0xE3, 0xB9, 0xF7, 0x24, 0xB3,
    0x06, 0x71, 0x31, 0xBB, 0x21, 0x95, 0x8B, 0xD8, 0xAC, 0x56, 0xA2, 0xF5, 0xC9, 0x82, 0xB0, 0xB0,
    0x64, 0xC8, 0x1E, 0xF2, 0x8B, 0x1C, 0xCC, 0xED, 0x73, 0x3B, 0x48, 0xA1, 0x0A, 0x77, 0xA9, 0xF1,
    0x52, 0x6C, 0x70, 0xBF, 0x35, 0x81, 0x7E, 0x3D, 0xF8, 0x86, 0x76, 0x7F, 0xA8, 0x10, 0x2A, 0x5A,
    0x41, 0x92, 0x95, 0x91, 0x13, 0x13, 0xD4, 0x63, 0x4D, 0x73, 0x98, 0x74, 0x28, 0x88, 0x68, 0x10,
    0x69, 0xE5, 0x6A, 0x35, 0x59, 0x70, 0xEC, 0x5E, 0x96, 0x47, 0x5B, 0xCC, 0x92, 0x33, 0xD2, 0xEB,
    0x64, 0x2C, 0x94, 0x25, 0x0B, 0x0E, 0xE1, 0xAA, 0x13, 0xBD, 0x72, 0xBD, 0x5F, 0x33, 0xF3, 0x9C,
    0xA2, 0xDB, 0xEF, 0x35, 0xD8, 0x72, 0xF0, 0xEA, 0x87, 0x7A, 0x71, 0x86, 0x55, 0x72, 0xDF, 0x96,
    0x98, 0x0C, 0xF0, 0x2C, 0x66, 0xB7, 0x98, 0xD8, 0x1F, 0x83, 0x5D, 0xF0, 0x58, 0x28, 0x23, 0xA4,
    0xC7, 0xC0, 0x67, 0x67, 0xAF, 0x42, 0xA5, 0xE6, 0x46, 0xB4, 0xB2, 0x7F, 0x17, 0xFC, 0x7B, 0x8A,
    0xC0, 0x7F, 0xA1, 0xA8, 0x47, 0xF4, 0x77, 0x45, 0x37, 0xC9, 0xBA, 0xCF, 0x46, 0x39, 0x1F, 0x30,
    0xF7, 0x6C, 0xE6, 0x15, 0x1B, 0x40, 0x4C, 0x35, 0x7B, 0xF7, 0x5D, 0xC0, 0xEC, 0x0D, 0x7E, 0x32,
    0x30, 0x86, 0xA7, 0xFC, 0xD6, 0x96, 0xE0, 0xB3, 0x4E, 0x0C, 0x0E, 0x78, 0x62, 0x1E, 0x44, 0xEE,
    0xEE, 0xBB, 0x99, 0x56, 0x80, 0x87, 0xCC, 0x8C, 0xAE, 0xAB, 0xC9, 0xDE, 0x5B, 0x91, 0x9E, 0x74,
    0x53, 0x3F, 0x72, 0x92, 0x90, 0xAC, 0x88, 0xC7, 0xD1, 0x01, 0x6D, 0xFF, 0x17, 0xED, 0x94, 0x8B,
    0x9B, 0x87, 0x18, 0x30, 0x94, 0x24, 0x56, 0xE2, 0x8C, 0x37, 0x25, 0x0D, 0x00, 0xEB, 0x18, 0x91,
    0x41, 0x64, 0xCA, 0x8A, 0xD5, 0xFF, 0x4D, 0xF8, 0x23, 0x28, 0x03, 0x80, 0x3B, 0xF3, 0x02, 0xF1,
    0x22, 0x36, 0xA9, 0x08, 0x51, 0xC0, 0xCF, 0xDC, 0xFE, 0xDD, 0xD4, 0x51, 0xC4, 0xA4, 0x40, 0xCB,
    0x20, 0x9A, 0x12, 0x46, 0xE5, 0x60, 0x4C, 0x47, 0x9E, 0xF1, 0x58, 0x14, 0xD5, 0x41, 0xB7, 0xDC,
    0xDD, 0x1B, 0x19, 0x64, 0x0C, 0x0F, 0x14, 0xE0, 0x96, 0x73, 0x95, 0x1B, 0x9D, 0xBE, 0x7C, 0x00,
    0x0E, 0x90, 0x14, 0x2E, 0x45, 0x7A, 0xE8, 0x55, 0x4E, 0x57, 0xFE, 0x4D, 0xA0, 0x5D, 0x8E, 0x59,
    0x45, 0x7A, 0x9B, 0x1C, 0xA7, 0x68, 0x7B, 0x68, 0x70, 0x90, 0x51, 0x70, 0xBD, 0x90, 0x4C, 0x73,
    0x7B, 0xDC, 0xF6, 0x2B, 0x5E, 0x6E, 0x86, 0x2E, 0x51, 0x09, 0xA9, 0x58, 0xE3, 0xAA, 0x74, 0xDF,
    0x4B, 0xCB, 0xC1, 0xBD, 0xC8, 0xE9, 0x5B, 0x8B, 0x54, 0x77, 0x5F, 0x5E, 0x4E, 0x75, 0x86, 0x5A,
    0x3E, 0x35, 0xFD, 0xE9, 0x74, 0xBD, 0x8C, 0x90, 0x90, 0x6B, 0x91, 0xB9, 0xFD, 0xCD, 0x14, 0x8F,
    0x10, 0xC8, 0x78, 0xBE, 0xCD, 0x2C, 0x64, 0x16, 0x44, 0x60, 0x7E, 0xCC, 0xC6, 0xCA, 0x50, 0x2B,
    0x21, 0xDF, 0xDC, 0x5D, 0x16, 0xD2, 0xFC, 0x9D, 0xBC, 0x30, 0x4D, 0x4C, 0xE3, 0x0E, 0x18, 0x92,
    0x92, 0xBB, 0xBB, 0x82, 0x07, 0x7A, 0x8C, 0x51, 0x5A, 0x3C, 0x52, 0x91, 0x2D, 0x21, 0x63, 0x0D,
    0xE0, 0x9A, 0x59, 0x4F, 0x96, 0x86, 0x2A, 0xD2, 0xC3, 0xB9, 0x8C, 0x56, 0x12, 0x87, 0x83, 0xDF,
    0xD1, 0xCC, 0x9E, 0x46, 0x60, 0x9F, 0x4B, 0xB0, 0x3F, 0x29, 0xB0, 0xFB, 0x43, 0x30, 0x99, 0x33,
    0xEB, 0x30, 0x0B, 0xAF, 0x83, 0x89, 0xCF, 0xC0, 0xDC, 0x27, 0x60, 0xE8, 0x03, 0x67, 0x1A, 0x36,
    0x20, 0x37, 0x85, 0x05, 0xE1, 0xC8, 0x94, 0x6C, 0xD3, 0xB4, 0x67, 0x52, 0x90, 0x2B, 0x8F, 0xA4,
    0x9F, 0x2E, 0xC7, 0xE7, 0xDE, 0x7B, 0x09, 0x27, 0xE5, 0x21, 0xB7, 0xC8, 0xB9, 0xED, 0x6D, 0x0E,
    0xE6, 0x90, 0x63, 0xA7, 0x64, 0xFD, 0x29, 0x3B, 0x78, 0x66, 0x9A, 0x98, 0xC6, 0x08, 0x60, 0x54,
    0x8B, 0xD2, 0x1A, 0x22, 0xDD, 0xCC, 0x25, 0x0C, 0x33, 0x54, 0x0E, 0xB5, 0x38, 0x18, 0x31, 0x4C,
    0xF0, 0x73, 0xA5, 0x68, 0xE0, 0xE0, 0xEC, 0x94, 0x1B, 0xE0, 0x11, 0xAC, 0x7C, 0x81, 0xC3, 0x68,
    0xCD, 0x3B, 0x23, 0xE5, 0xB3, 0xAC, 0x63, 0x70, 0x07, 0x63, 0x7D, 0xC2, 0xCF, 0xE2, 0xED, 0x33,
    0xD2, 0x5B, 0x3D, 0x0F, 0xD6, 0x67, 0x7F, 0x1F, 0x14, 0xBB, 0x67, 0x33, 0xD9, 0x75, 0xAA, 0x2D,
    0xD2, 0x96, 0xF7, 0x41, 0x6A, 0x3F, 0x89, 0x39, 0x21, 0xEC, 0x10, 0x6E, 0xF0, 0x17, 0x0F, 0xF1,
    0xAA, 0x30, 0x62, 0x89, 0xED, 0x50, 0x6C, 0x47, 0xCA, 0x11, 0xC3, 0x76, 0x78, 0x6C, 0x47, 0x85,
    0xED, 0xA8, 0xB1, 0xBA, 0x3A, 0xB3, 0x1E, 0x9B, 0x80, 0x84, 0xD3, 0xC7, 0x2A, 0xA7, 0x6D, 0x37,
    0x02, 0x13, 0x6C, 0xC7, 0x25, 0xB6, 0xA3, 0xCE, 0x76, 0xF4, 0xD8, 0x8E, 0x74, 0x62, 0x07, 0xC3,
    0x1E, 0x89, 0x03, 0xA7, 0x9B, 0x02, 0xCF, 0xAC, 0x74, 0x53, 0x00, 0xB0, 0x5A, 0x73, 0x0C, 0xC6,
    0xB6, 0x4E, 0x01, 0xD7, 0xDD, 0x08, 0x79, 0x77, 0x81, 0x2B, 0xEC, 0x4B, 0xC7, 0x66, 0x35, 0xEC,
    0x61, 0xB0, 0x29, 0x82, 0xED, 0xB7, 0xB8, 0x4E, 0x57, 0x5C, 0x5C, 0xC7, 0x66, 0xAF, 0x33, 0xDD,
    0x5B, 0xC4, 0x47, 0x4A, 0xBD, 0xF4, 0x4C, 0x95, 0x73, 0xCD, 0xE1, 0xB0, 0x57, 0xBC, 0x5F, 0x61,
    0x3A, 0x2E, 0x94, 0x39, 0xF5, 0x95, 0x2B, 0x9F, 0x31, 0x1B, 0x88, 0xEB, 0xBC, 0x03, 0x7C, 0x5B,
    0x1E, 0x5A, 0x75, 0xFF, 0xD7, 0x19, 0x0F, 0xB5, 0xAB, 0x63, 0x7F, 0x68, 0xED, 0x30, 0x18, 0xB7,
    0xB9, 0x0E, 0xEC, 0xF1, 0x04, 0xE1, 0x75, 0x87, 0xE7, 0x25, 0x64, 0x24, 0x12, 0xBF, 0xE6, 0xB9,
    0xFA, 0xDB, 0xA4, 0x5C, 0x33, 0xB5, 0xA2, 0xA9, 0x9E, 0x9E, 0xC7, 0x4C, 0x35, 0x8D, 0x7D, 0x1C,
    0x28, 0xE6, 0xCC, 0x52, 0xE4, 0xD7, 0xDD, 0xA8, 0xC8, 0xBB, 0xCA, 0x47, 0x0E, 0x98, 0x9C, 0x76,
    0x49, 0xE6, 0x44, 0xAE, 0x0E, 0x00, 0xD0, 0xA3, 0x69, 0x4E, 0x46, 0xA2, 0x31, 0x32, 0xCC, 0x11,
    0xA0, 0x62, 0xCC, 0x7C, 0x54, 0x62, 0x00, 0xF1, 0x14, 0x67, 0x62, 0xAB, 0xEF, 0x24, 0x9E, 0x0A,
    0x13, 0x9D, 0x3A, 0x0F, 0x11, 0x2C, 0x8F, 0xD2, 0x82, 0xFE, 0x82, 0x5C, 0x94, 0xE8, 0xD8, 0x49,
    0x02, 0x85, 0x36, 0x39, 0x4A, 0x9A, 0xBE, 0xF3, 0x28, 0x6E, 0x38, 0x8F, 0x64, 0xC3, 0x7B, 0x94,
    0x64, 0x83, 0x87, 0xBC, 0xC9, 0x33, 0xD5, 0xB7, 0x97, 0x18, 0x7B, 0xB7, 0xCC, 0xDE, 0x08, 0xB6,
    0x7F, 0x4A, 0xFE, 0xD3, 0x34, 0xB4, 0xB1, 0x73, 0x1E, 0xBE, 0xC6, 0xD5, 0x50, 0x66, 0xEB, 0x2C,
    0xF8, 0x28, 0xBB, 0x4D, 0x59, 0x6E, 0xAE, 0xBE, 0x93, 0x75, 0x7F, 0x9E, 0xFB, 0xD9, 0xA0, 0x0C,
    0x21, 0xF4, 0x47, 0x08, 0x2D, 0x94, 0x81, 0x73, 0xEC, 0xEE, 0x63, 0x94, 0xB3, 0x48, 0x5A, 0x72,
    0xC6, 0xE4, 0x99, 0x63, 0x75, 0xC7, 0x85, 0xF4, 0x88, 0xE4, 0x78, 0xD1, 0x3B, 0x76, 0xDF, 0x73,
    0x76, 0x2C, 0x1E, 0xA4, 0xE2, 0x4E, 0x99, 0xDC, 0x8E, 0x67, 0xF6, 0x2C, 0x6C, 0x8E, 0x78, 0xAF,
    0x79, 0x4D, 0x3A, 0x7F, 0xE5, 0x3C, 0x7A, 0x5C, 0x09, 0xF6, 0xA7, 0xD6, 0x1F, 0xD0, 0xFC, 0xA9,
    0x96, 0xA1, 0xAD, 0x1D, 0x74, 0xC9, 0xB9, 0x53, 0xCE, 0x79, 0x2F, 0xA3, 0x1C, 0xA5, 0xB8, 0xCE,
    0x83, 0x8F, 0xC6, 0x1B, 0x1F, 0xDF, 0xE6, 0x27, 0x39, 0xC7, 0xA9, 0x61, 0x7D, 0x67, 0x4C, 0xDF,
    0xED, 0xAE, 0x04, 0x5F, 0x28, 0x3F, 0x77, 0xB5, 0x84, 0x20, 0x64, 0x8E, 0x9D, 0xC8, 0xD3, 0x69,
    0x60, 0x0D, 0x9B, 0xA4, 0xDA, 0xF4, 0x61, 0xDF, 0x14, 0x58, 0xD3, 0xEB, 0x36, 0xA3, 0xF1, 0x15,
    0xF1, 0x58, 0x39, 0x3A, 0x01, 0xE8, 0x32, 0x30, 0x7B, 0x31, 0x79, 0xD2, 0xDA, 0x8C, 0xEC, 0xB1,
    0x49, 0x79, 0xA9, 0x81, 0xBD, 0x76, 0xE9, 0x7D, 0x00, 0xB1, 0xA7, 0x13, 0x48, 0x6B, 0x51, 0xDE,
    0xA6, 0x7E, 0x9F, 0xFA, 0x03, 0x9D, 0xEF, 0x6C, 0xFC, 0xAE, 0x90, 0xD6, 0x64, 0x01, 0x55, 0xF1,
    0xC5, 0x90, 0xA5, 0xCD, 0x16, 0x29, 0xD3, 0x78, 0x7F, 0x71, 0x02, 0x9B, 0xC7, 0xED, 0x3E, 0x22,
    0xDB, 0x78, 0xBF, 0x62, 0x25, 0xC7, 0xED, 0xCE, 0x1E, 0xBC, 0x93, 0x4C, 0x3D, 0x78, 0x4C, 0xD5,
    0x1D, 0xF2, 0xC9, 0x8D, 0x2D, 0x44, 0xF6, 0x7C, 0x1C, 0x26, 0x6E, 0xE2, 0x3C, 0x73, 0x7A, 0xCA,
    0x24, 0xAC, 0x0E, 0x1C, 0x99, 0x72, 0xF0, 0x7F, 0x79, 0x3B, 0x2F, 0xF5, 0x55, 0xA3, 0xCD, 0x55,
    0xFD, 0x97, 0xB5, 0x7B, 0xFF, 0x62, 0xDE, 0x2A, 0x2A, 0xF4, 0xFF, 0xA1, 0x15, 0xB6, 0x5D, 0x21,
    0x7B, 0x1F, 0x9E, 0x09, 0xA1, 0x1A, 0x20, 0x62, 0xDF, 0x2F, 0x37, 0x45, 0xF7, 0xDA, 0xE6, 0xFB,
    0x57, 0x80, 0xC2, 0xAD, 0x69, 0xB2, 0x6F, 0xF0, 0x0C, 0xB5, 0x01, 0x6F, 0x2D, 0x80, 0xA0, 0xFF,
    0x4B, 0x80, 0x00, 0x7F, 0x21, 0x9A, 0x2D, 0x6B, 0x0C, 0x2E, 0x31, 0xB8, 0xC2, 0x28, 0x0B, 0x8C,
    0xF9, 0x6B, 0x5B, 0x14, 0x7E, 0xAE, 0x23, 0x37, 0xE3, 0x82, 0x14, 0xD6, 0x18, 0x40, 0x79, 0x31,
    0x79, 0x80, 0xA7, 0xEE, 0xD8, 0x31, 0xEB, 0x86, 0x81, 0xC9, 0x62, 0xFC, 0x6B, 0xF3, 0x86, 0xB6,
    0x74, 0xC1, 0xBD, 0x08, 0xB6, 0x29, 0x63, 0x05, 0x5B, 0xD0, 0x7E, 0x81, 0x7D, 0x0D, 0xF3, 0xB6,
    0x49, 0xC2, 0xD8, 0x97, 0x96, 0xF5, 0x4F, 0x29, 0x94, 0xAB, 0x5C, 0xAE, 0x44, 0xAB, 0xA7, 0x24,
    0x73, 0x00, 0xC2, 0x9E, 0x01, 0xC0, 0x47, 0xEE, 0xE4, 0x0B, 0xCE, 0x09, 0x64, 0x72, 0xF8, 0x7B,
    0x59, 0x9D, 0x2A, 0x28, 0xC9, 0x5F, 0xF7, 0x92, 0x13, 0xCB, 0xB3, 0xAF, 0x7E, 0x48, 0xDE, 0x03,
    0x05, 0x4A, 0x0F, 0x12, 0xE1, 0x09, 0xC7, 0xDC, 0x30, 0x71, 0x3F, 0x99, 0xC0, 0xAE, 0x1E, 0xE1,
    0x2A, 0xFF, 0x54, 0xCD, 0xAB, 0x46, 0xF1, 0x07, 0xF0, 0x7F, 0xEF, 0x47, 0xD0, 0x94, 0x41, 0x56,
    0x0E, 0x49, 0x63, 0x6A, 0xA3, 0x1A, 0xE8, 0xBB, 0x90, 0x5E, 0x01, 0xD5, 0x40, 0x6B, 0x20, 0x15,
    0x50, 0x4B, 0xB6, 0xB0, 0x10, 0x0B, 0x4D, 0x3E, 0x34, 0xD5, 0x67, 0x0F, 0x55, 0x10, 0xAD, 0xF2,
    0x73, 0x6F, 0x59, 0xAB, 0xCF, 0xC7, 0xF3, 0x71, 0x57, 0x76, 0xF9, 0x53, 0x00, 0x4E, 0xE7, 0x05,
    0xC4, 0xA7, 0x87, 0x14, 0x26, 0x12, 0x7B, 0xEF, 0x8F, 0xD8, 0xD0, 0xFC, 0x63, 0x54, 0x64, 0x23,
    0x3E, 0xFA, 0x87, 0xB6, 0xE1, 0x74, 0x3A, 0x32, 0x05, 0x6F, 0xBD, 0x55, 0xB1, 0xF5, 0x5E, 0xBF,
    0x70, 0x72, 0x99, 0xEF, 0x5F, 0x2C, 0xB6, 0xDB, 0xFD, 0xD6, 0xD4, 0x69, 0x27, 0x1F, 0x77, 0x5E,
    0x54, 0x0E, 0xBC, 0xCD, 0x9E, 0x29, 0x9E, 0xFC, 0x64, 0x7D, 0x7E, 0x5D, 0xAB, 0x50, 0xF9, 0xB1,
    0x27, 0x85, 0xF4, 0x22, 0x70, 0xD4, 0x37, 0x15, 0x34, 0x43, 0x8D, 0x3C, 0x84, 0x1B, 0x73, 0x60,
    0x7A, 0x1B, 0x85, 0x4A, 0x4B, 0x15, 0x9F, 0x49, 0xF8, 0x3B, 0x11, 0x00, 0xDE, 0x7C, 0x22, 0x61,
    0x9F, 0x2C, 0x16, 0xD3, 0xF9, 0x66, 0x09, 0x24, 0x03, 0x59, 0x34, 0x71, 0x0F, 0xD3, 0xFD, 0x7F,
    0x91, 0x5B, 0xA2, 0x80, 0x8B, 0xF2, 0x03, 0x38, 0xA0, 0x5C, 0x69, 0x1F, 0x25, 0x7E, 0x06, 0x74,
    0x70, 0x71, 0xE7, 0x8E, 0x57, 0xA4, 0xFB, 0xD9, 0x18, 0x7D, 0x97, 0x8F, 0xC8, 0xE1, 0x29, 0x1E,
    0xF0, 0x7A, 0x58, 0xC7, 0x22, 0x1B, 0x42, 0xE9, 0xB0, 0x3D, 0x9D, 0x9B, 0xD3, 0x1E, 0xC7, 0x7F,
    0x00, 0xBD, 0x59, 0x3D, 0x6C, 0xDC, 0xC8, 0x15, 0x7E, 0xE4, 0xC4, 0xC7, 0xBB, 0x23, 0xA2, 0xB9,
    0x42, 0xC0, 0x05, 0x50, 0x6C, 0x36, 0x57, 0x18, 0x3E, 0xD9, 0x6C, 0x5C, 0x08, 0xF0, 0xAE, 0x48,
    0x1B, 0x08, 0xAE, 0xB8, 0x22, 0x2E, 0xE2, 0x73, 0x91, 0xC2, 0x57, 0xBB, 0x88, 0x05, 0xC4, 0x85,
    0x8B, 0x95, 0x96, 0x01, 0x02, 0xA4, 0x48, 0x11, 0x35, 0xD7, 0xAB, 0x48, 0xE1, 0x6C, 0x00, 0x4B,
    0x85, 0x0B, 0x27, 0x59, 0x69, 0x27, 0x71, 0x61, 0x20, 0x2E, 0x4C, 0x24, 0x65, 0x10, 0x80, 0x48,
    0x7C, 0xB9, 0xC4, 0x3E, 0xE4, 0xE8, 0x98, 0x4A, 0x28, 0x9B, 0xDA, 0xC9, 0xF7, 0x66, 0xC8, 0xD5,
    0xCA, 0x3F, 0x82, 0x56, 0x96, 0xBC, 0xCB, 0x79, 0x5A, 0x71, 0x87, 0x33, 0xDF, 0x7B, 0xF3, 0xE6,
    0xBD, 0xEF, 0xCD, 0x52, 0xA4, 0x63, 0xA2, 0x53, 0x3D, 0x08, 0xF3, 0x72, 0x72, 0x08, 0xB7, 0x80,
    0x10, 0x15, 0x84, 0xD7, 0x87, 0x90, 0xF3, 0x10, 0x53, 0x11, 0xC4, 0x6C, 0x80, 0x7E, 0x2D, 0x99,
    0x10, 0x5D, 0x97, 0x8A, 0x68, 0xCD, 0x4B, 0x89, 0x36, 0x2F, 0xE7, 0xE4, 0x68, 0x9D, 0x93, 0x50,
    0x4E, 0x49, 0x22, 0xA1, 0x8A, 0x7C, 0xA2, 0x3E, 0x49, 0xA2, 0x25, 0x0A, 0x63, 0x1A, 0xC4, 0x3A,
    0xF7, 0x74, 0x2E, 0x75, 0xFA, 0x7E, 0x6F, 0x99, 0x07, 0xFF, 0x2D, 0x05, 0xDF, 0x64, 0x91, 0x9B,
    0x9F, 0xA1, 0xE2, 0x5B, 0x84, 0x99, 0x4A, 0x57, 0x97, 0xE1, 0x17, 0xE5, 0x22, 0x95, 0x95, 0xB9,
    0xFA, 0xA2, 0xEC, 0xFE, 0xA8, 0x0A, 0xCA, 0x81, 0x83, 0xC9, 0x3E, 0x72, 0x79, 0x5A, 0x9F, 0x51,
    0x0C, 0x19, 0x4F, 0x49, 0x47, 0x0D, 0xF4, 0x18, 0x2D, 0xFB, 0x17, 0x52, 0xA1, 0x15, 0x6D, 0xD0,
    0xC4, 0x70, 0x8F, 0x0C, 0x15, 0x9E, 0x3E, 0xCD, 0x70, 0xF2, 0x91, 0xEA, 0x2C, 0x68, 0x88, 0x61,
    0xA8, 0xAB, 0x26, 0x00, 0x79, 0x21, 0xE5, 0xA1, 0x03, 0x73, 0xC9, 0xAF, 0xC9, 0xAB, 0xAC, 0x39,
    0x19, 0x23, 0x3E, 0x3A, 0x19, 0x31, 0x06, 0xF3, 0xEA, 0x6A, 0x72, 0xB7, 0xAE, 0x29, 0x5F, 0x79,
    0x59, 0x10, 0x8B, 0x34, 0x22, 0x27, 0xE6, 0x5E, 0x4B, 0x68, 0xEB, 0x2F, 0xB4, 0x8D, 0x7A, 0x04,
    0x56, 0x32, 0xC4, 0xE3, 0x32, 0x75, 0x52, 0x31, 0x5C, 0x55, 0x34, 0xC0, 0xA2, 0x39, 0xD6, 0xB7,
    0x7C, 0x4C, 0x1C, 0x53, 0x9B, 0xE8, 0xAC, 0xF9, 0x77, 0x23, 0xF6, 0x75, 0x16, 0x3A, 0x45, 0x9B,
    0xF2, 0x0E, 0x2D, 0xF7, 0x59, 0xE5, 0x9D, 0x6B, 0x91, 0x87, 0xFA, 0x48, 0x3E, 0xCA, 0x85, 0x4E,
    0x69, 0x1A, 0x90, 0x18, 0x56, 0x6E, 0xFF, 0x36, 0xAF, 0xC3, 0x84, 0xD7, 0x36, 0xCF, 0xB5, 0x9B,
    0xA1, 0x27, 0xC2, 0xC6, 0xAF, 0xDB, 0x27, 0x30, 0x01, 0xBE, 0x93, 0xC0, 0xC8, 0x8B, 0x7A, 0xF8,
    0xE6, 0xF3, 0xCF, 0x67, 0xE2, 0xB1, 0x22, 0x6D, 0xE6, 0x3F, 0x08, 0x44, 0x9A, 0x93, 0x3C, 0x7A,
    0x87, 0x1D, 0xD2, 0xF8, 0x67, 0x63, 0xCA, 0x48, 0x63, 0x92, 0x99, 0x67, 0xAB, 0x19, 0x2C, 0xEC,
    0x96, 0x6C, 0xE6, 0x75, 0x16, 0x11, 0x8B, 0x30, 0x86, 0x08, 0x12, 0x08, 0xA9, 0x5E, 0x16, 0xE6,
    0x0B, 0xD3, 0xC5, 0x74, 0x5E, 0x82, 0x70, 0x2A, 0xF2, 0x36, 0xAF, 0xE5, 0x3C, 0x28, 0x60, 0x0B,
    0x0D, 0x27, 0xEB, 0xC2, 0x6F, 0xA3, 0x16, 0xDA, 0x59, 0x46, 0xE5, 0xFC, 0x26, 0x22, 0xA9, 0x07,
    0x14, 0x9E, 0xD7, 0x50, 0xB9, 0x4B, 0x1D, 0xDC, 0xEB, 0xBF, 0xA2, 0xF1, 0xFD, 0x88, 0x06, 0x14,
    0x3C, 0xFE, 0x26, 0xF6, 0x74, 0x98, 0xD3, 0x07, 0xFB, 0x47, 0x1A, 0x21, 0xDA, 0xA8, 0x0F, 0x37,
    0x2F, 0x4E, 0x84, 0x94, 0x57, 0xCC, 0x2E, 0x41, 0xC4, 0xBB, 0x2D, 0x32, 0x9F, 0x3D, 0x1D, 0x01,
    0x81, 0xC6, 0x27, 0x0D, 0xA3, 0xBE, 0x1E, 0xE9, 0x3C, 0x90, 0x86, 0x40, 0xEA, 0xD7, 0x48, 0xCD,
    0xC2, 0xF5, 0x7E, 0x55, 0xDB, 0x57, 0x67, 0x33, 0xCF, 0x7E, 0x9D, 0x61, 0x5E, 0x6E, 0x39, 0xDA,
    0x45, 0xE3, 0xCB, 0x4D, 0xD3, 0x9A, 0xC4, 0xE6, 0x25, 0xDA, 0x75, 0x2F, 0xA7, 0x69, 0xB4, 0x39,
    0xB4, 0x1B, 0xDE, 0xE6, 0x67, 0x25, 0xC6, 0x28, 0xA4, 0xCE, 0x6C, 0x00, 0x85, 0xBB, 0xF8, 0x3A,
    0xC5, 0xDA, 0xCF, 0x53, 0xD5, 0xA1, 0x7E, 0x9F, 0xFA, 0x03, 0x5D, 0x6D, 0xF4, 0x6E, 0xDA, 0xB5,
    0x6F, 0x33, 0xEE, 0x93, 0xF2, 0x1F, 0x45, 0xB3, 0x75, 0x10, 0x21, 0x3C, 0xDE, 0x3E, 0xE9, 0x68,
    0xE7, 0x1C, 0x16, 0x22, 0xA8, 0xCE, 0xEE, 0xDB, 0x19, 0x6D, 0x9B, 0x09, 0x70, 0x1D, 0x1A, 0x06,
    0xF2, 0x39, 0xA6, 0x92, 0x85, 0xC1, 0x2D, 0x5A, 0x43, 0x6C, 0xCB, 0x27, 0x00, 0x13, 0x98, 0xE7,
    0x3B, 0xF6, 0x6E, 0x4E, 0xEF, 0xAC, 0x18, 0x65, 0x72, 0xB8, 0x6D, 0xBB, 0x34, 0x43, 0x91, 0xAF,
    0x0E, 0xD7, 0x6E, 0x18, 0x11, 0x19, 0xE6, 0x2F, 0x09, 0x6F, 0xE7, 0xF5, 0x89, 0x4D, 0x47, 0xD3,
    0x9C, 0x13, 0x4F, 0x9B, 0x9C, 0xC8, 0x6E, 0x2B, 0x46, 0x39, 0x31, 0xC4, 0xF7, 0xCE, 0xF0, 0x87,
    0x05, 0x62, 0x2D, 0xDC, 0x1B, 0x79, 0xA6, 0x64, 0x3F, 0xBE, 0x68, 0x62, 0x8B, 0x09, 0x3C, 0x76,
    0xB6, 0x5A, 0x1C, 0xBB, 0x04, 0x21, 0x75, 0xBC, 0x44, 0xE8, 0x8C, 0x2E, 0xA6, 0x73, 0x89, 0xBD,
    0x02, 0x81, 0x60, 0x5D, 0x92, 0x3B, 0xFC, 0x5E, 0xC9, 0x71, 0x8C, 0x23, 0xC5, 0x45, 0x64, 0x1C,
    0xFA, 0x1C, 0xDE, 0x94, 0x93, 0x8B, 0x59, 0x90, 0x96, 0xEC, 0x94, 0xB7, 0xBE, 0xAF, 0xC4, 0x73,
    0xAD, 0x64, 0x52, 0xC4, 0x12, 0x58, 0x83, 0xBA, 0xC9, 0x18, 0x69, 0xEC, 0xF7, 0xB6, 0xAF, 0xF8,
    0x29, 0x71, 0x4A, 0x23, 0x1F, 0xDE, 0x2B, 0xF4, 0x36, 0x34, 0xD5, 0x50, 0x49, 0xC6, 0x1D, 0x20,
    0xEC, 0x9B, 0xBF, 0x01, 0x45, 0x97, 0xFA, 0xB8, 0xCF, 0x13, 0xB1, 0x75, 0x1C, 0xA3, 0x51, 0x41,
    0xE3, 0xAF, 0xA3, 0xD5, 0x6D, 0x14, 0x7E, 0xE7, 0xC7, 0xA6, 0x3C, 0x74, 0xDD, 0xDE, 0x82, 0x1E,
    0xB4, 0xD2, 0x70, 0x03, 0x97, 0x37, 0x3C, 0xEF, 0x7E, 0x72, 0x1B, 0x85, 0x04, 0x16, 0x8D, 0xB3,
    0x40, 0xC0, 0x38, 0x8E, 0x46, 0xC9, 0x48, 0x3B, 0xBA, 0x9A, 0xD9, 0xA2, 0xEE, 0x43, 0x8E, 0xBD,
    0x26, 0x1E, 0x27, 0xF0, 0x79, 0x5D, 0x7E, 0xFC, 0xAC, 0xB7, 0xFA, 0xCF, 0x9D, 0x7B, 0xD8, 0x2B,
    0x3A, 0xC1, 0x66, 0xB9, 0x92, 0x8C, 0xDD, 0x7B, 0x85, 0x00, 0xE1, 0x0B, 0xD3, 0x48, 0x5F, 0xD0,
    0xD5, 0x00, 0xAA, 0x30, 0x6B, 0xF2, 0xD0, 0x06, 0x40, 0x05, 0xF5, 0xCD, 0x67, 0xEF, 0xFE, 0x90,
    0xBC, 0x7F, 0x0F, 0x12, 0x0F, 0x41, 0xDF, 0x4B, 0x3D, 0x65, 0xDF, 0xE2, 0x55, 0x2D, 0x95, 0x99,
    0xC8, 0x06, 0x95, 0xA8, 0x22, 0x0D, 0xCA, 0x6B, 0xB7, 0x34, 0x01, 0x2C, 0x66, 0xDA, 0xE7, 0x05,
    0x38, 0x20, 0xCC, 0x7A, 0xBB, 0x77, 0x13, 0xA4, 0x39, 0x89, 0x52, 0x2F, 0x15, 0x2F, 0xBD, 0xFD,
    0x7C, 0xA0, 0x0F, 0x36, 0x2E, 0xD8, 0x97, 0x97, 0x30, 0x4B, 0xC2, 0xE5, 0xFF, 0x8B, 0xDC, 0x6D,
    0xAC, 0x9F, 0x9F, 0xD9, 0xC8, 0xBD, 0xD7, 0x6C, 0x6E, 0x2A, 0xB1, 0x04, 0x01, 0xF8, 0x9C, 0x57,
    0xB9, 0x66, 0x3C, 0xCB, 0x0E, 0x0F, 0xAC, 0xE0, 0xDE, 0xAA, 0x09, 0x9D, 0x60, 0xCC, 0x21, 0x77,
    0x2F, 0x38, 0x15, 0x73, 0x3E, 0x06, 0x6E, 0x91, 0x9F, 0xE0, 0x78, 0xD7, 0x62, 0xC1, 0x91, 0xEF,
    0x69, 0xC1, 0x21, 0xB1, 0x62, 0x2A, 0x3C, 0xE0, 0x7B, 0x11, 0x77, 0x91, 0x29, 0x77, 0xE6, 0xA9,
    0xDC, 0x8A, 0x07, 0x18, 0x9A, 0x19, 0xE1, 0x22, 0xB1, 0x6C, 0x20, 0xFF, 0x72, 0xB4, 0xF9, 0x0D,
    0xD9, 0x65, 0xED, 0x1D, 0x90, 0xA2, 0xF1, 0xF5, 0xDF, 0x69, 0x57, 0x97, 0x3D, 0x35, 0xC8, 0x3C,
    0x85, 0x5C, 0xAD, 0x3A, 0x68, 0xD0, 0xE0, 0xAE, 0x22, 0xEF, 0x01, 0x1A, 0xBC, 0xD1, 0xFB, 0x4F,
    0x81, 0x7B, 0xC8, 0xF4, 0x6A, 0x09, 0x2D, 0x8A, 0x65, 0x26, 0x53, 0x5E, 0x7F, 0x33, 0x8F, 0x9B,
    0xD8, 0xC8, 0xEE, 0xD7, 0xBB, 0xE2, 0xDD, 0x66, 0x87, 0x5A, 0x42, 0x48, 0xB7, 0xD1, 0xD2, 0x91,
    0x15, 0xD9, 0x8C, 0x2F, 0x46, 0xF6, 0xBD, 0x5A, 0x13, 0xF5, 0xEB, 0xC8, 0x7F, 0xA9, 0x89, 0xFC,
    0xEB, 0x54, 0x88, 0xD4, 0xC3, 0x07, 0xEC, 0x39, 0xE5, 0xED, 0xF9, 0x96, 0x99, 0x1E, 0x1E, 0xE2,
    0xCC, 0xD0, 0x78, 0xD9, 0xF2, 0x00, 0x36, 0x1D, 0x6F, 0xE8, 0x63, 0xFB, 0x45, 0xC1, 0xC6, 0xF2,
    0x95, 0x44, 0x84, 0x78, 0x17, 0xB6, 0x10, 0xE9, 0xCC, 0x96, 0x00, 0xAD, 0x12, 0x20, 0x54, 0xFE,
    0x81, 0x11, 0xE9, 0xBB, 0xA9, 0xBC, 0xAB, 0xBC, 0x7B, 0xB1, 0xF7, 0x47, 0x06, 0xB4, 0x9F, 0x4B,
    0x66, 0x04, 0x2C, 0xAF, 0x37, 0xC9, 0x1A, 0x89, 0xFF, 0xC1, 0xBF, 0x86, 0xF6, 0x7F, 0x50, 0x31,
    0x3A, 0xB7, 0x07, 0x80, 0x6E, 0x86, 0xBD, 0x35, 0xFE, 0xFE, 0x4A, 0x0C, 0x45, 0x1E, 0x66, 0xE7,
    0x46, 0x77, 0xFC, 0xA2, 0xAB, 0x6B, 0xA7, 0xE0, 0x68, 0xC3, 0xDB, 0xB2, 0xAE, 0x12, 0x16, 0x9A,
    0xED, 0x95, 0x93, 0x2E, 0x66, 0x4A, 0xBA, 0x96, 0x0A, 0xAE, 0xDB, 0x40, 0x23, 0x21, 0xC0, 0x03,
    0x49, 0x3C, 0x50, 0x10, 0xF7, 0xD8, 0x3E, 0x7F, 0x28, 0x20, 0x54, 0xC5, 0x62, 0x89, 0x45, 0xF4,
    0x29, 0x84, 0xBC, 0x0F, 0xE1, 0x3D, 0x86, 0xC0, 0x33, 0x82, 0x89, 0x3D, 0xC4, 0x80, 0x99, 0x1A,
    0x78, 0xEF, 0xB6, 0xF1, 0xC7, 0x26, 0x21, 0x94, 0xBB, 0xCA, 0xB2, 0x53, 0x17, 0xEE, 0x50, 0xF4,
    0x40, 0xC7, 0x5E, 0xC9, 0xCC, 0x16, 0x9B, 0x94, 0x91, 0xA6, 0xAF, 0x6F, 0x3E, 0x68, 0x4A, 0x77,
    0x28, 0x86, 0x47, 0x8D, 0x94, 0x4E, 0x52, 0x4D, 0xC0, 0xE8, 0x4E, 0xB3, 0x77, 0x69, 0xF9, 0xE0,
    0x78, 0x6D, 0x91, 0x5F, 0x3B, 0xAC, 0x21, 0xB1, 0x30, 0xFE, 0x3B, 0xCD, 0x64, 0xDE, 0x79, 0x58,
    0xC4, 0xFD, 0x8A, 0xB3, 0x9B, 0x1E, 0x25, 0xCE, 0xA3, 0x5F, 0x0F, 0xAE, 0xA1, 0xCE, 0x74, 0x6C,
    0x05, 0x55, 0x17, 0x50, 0x6F, 0xA4, 0x1F, 0xC9, 0x7B, 0x18, 0x25, 0xE0, 0x13, 0x81, 0x36, 0x27,
    0xE4, 0xB5, 0xB9, 0x51, 0x75, 0xCB, 0x4E, 0xBC, 0x75, 0x05, 0x35, 0xB3, 0x72, 0x0B, 0x0A, 0x62,
    0x14, 0xE7, 0x11, 0x17, 0x76, 0xF3, 0x4C, 0x53, 0xD6, 0x47, 0xA2, 0x3F, 0x12, 0x3B, 0xF7, 0x4C,
    0x17, 0xD3, 0x39, 0xE4, 0x9A, 0x5E, 0x2A, 0x07, 0x51, 0xBA, 0x9C, 0x61, 0xD2, 0xC6, 0xB6, 0x72,
    0x9A, 0xA3, 0x9E, 0x0A, 0xA4, 0x22, 0x47, 0x19, 0xF5, 0xA7, 0x8C, 0xFC, 0xA6, 0xE6, 0xBF, 0x85,
    0xC4, 0x83, 0xF2, 0x27, 0xC4, 0x98, 0xF3, 0x78, 0xDB, 0xEA, 0x2C, 0x7C, 0xA9, 0xB5, 0xCC, 0xB7,
    0xE0, 0x00, 0x3F, 0xC1, 0xF3, 0xCC, 0x3D, 0xA6, 0xC7, 0xCA, 0x72, 0xAD, 0x15, 0x90, 0x3F, 0x5A,
    0xE5, 0xC8, 0x92, 0x0A, 0x15, 0xC4, 0x5E, 0xEA, 0x70, 0x7C, 0x4E, 0x29, 0x99, 0x37, 0xD5, 0xF1,
    0xFA, 0x98, 0xEC, 0x23, 0x4E, 0x6F, 0xB3, 0xFC, 0xF2, 0x07, 0xBB, 0xEE, 0xDB, 0x9E, 0xE6, 0xA9,
    0x0F, 0x42, 0x96, 0x6B, 0x3C, 0x1A, 0x38, 0x77, 0x39, 0xF3, 0xE5, 0xE5, 0x1C, 0x9A, 0xF0, 0x91,
    0x89, 0x55, 0xE5, 0x56, 0xFC, 0xF1, 0x32, 0x50, 0x3F, 0xD1, 0xA0, 0x0A, 0x34, 0x48, 0x19, 0x59,
    0xA4, 0x42, 0xC6, 0x1E, 0x07, 0x31, 0xA3, 0x95, 0x2C, 0x41, 0x37, 0x20, 0x7B, 0x3D, 0x83, 0x9F,
    0xE7, 0x0D, 0x4D, 0xDD, 0x80, 0xA4, 0x64, 0xFA, 0x7B, 0xD0, 0xE5, 0xBF, 0x5B, 0x1B, 0xD0, 0x26,
    0x1D, 0x94, 0xAC, 0x8F, 0x33, 0xD2, 0xA8, 0x6A, 0x8E, 0x5C, 0x0C, 0x99, 0xF2, 0x77, 0xAA, 0x28,
    0xC4, 0xA0, 0x99, 0x4D, 0x54, 0xE9, 0x58, 0x76, 0x4E, 0x81, 0x26, 0x81, 0xBA, 0x23, 0x61, 0xFE,
    0x15, 0x9C, 0xEE, 0xC0, 0xD6, 0x6C, 0x1E, 0xCC, 0x8D, 0xE8, 0x9A, 0x64, 0x18, 0x73, 0x32, 0xE4,
    0x67, 0x7D, 0xF3, 0x2C, 0xF2, 0x54, 0xE9, 0x6C, 0x73, 0xEE, 0xED, 0x9A, 0xA5, 0x40, 0x62, 0xB2,
    0xA7, 0x25, 0x0B, 0xD6, 0xC9, 0x1E, 0x46, 0x0F, 0xB6, 0xBD, 0xAF, 0x17, 0x91, 0x5E, 0x79, 0xDC,
    0x8C, 0x77, 0xC5, 0x0B, 0x97, 0x9F, 0x9B, 0xC8, 0x68, 0x8B, 0x97, 0x59, 0x88, 0x16, 0x07, 0xFD,
    0x80, 0xBD, 0x54, 0xAA, 0xB7, 0x81, 0x59, 0xBA, 0x4A, 0x3C, 0x88, 0xDD, 0xA1, 0xB5, 0xD8, 0x84,
    0x98, 0x31, 0x6C, 0xB0, 0xA3, 0xAF, 0xA7, 0x55, 0xF8, 0xB3, 0xA2, 0x4D, 0x65, 0x9F, 0xEE, 0xD8,
    0x1A, 0x08, 0xFE, 0x1C, 0xC2, 0x4F, 0x87, 0xE4, 0x80, 0xFA, 0xC9, 0x92, 0xE9, 0x30, 0x2D, 0x2E,
    0x50, 0xBB, 0xA0, 0x56, 0x45, 0xFD, 0x25, 0x37, 0x0F, 0x74, 0x62, 0x09, 0x30, 0x77, 0xED, 0x70,
    0xFC, 0x71, 0x8C, 0xD6, 0xEE, 0x4D, 0x0A, 0x07, 0xF1, 0x1D, 0x3F, 0x29, 0x3C, 0x50, 0x5A, 0xEA,
    0xC6, 0x14, 0x02, 0xB7, 0xE6, 0x53, 0x33, 0x18, 0x79, 0x0D, 0x05, 0x0D, 0x62, 0x01, 0x38, 0xEA,
    0xB0, 0xF6, 0xA6, 0x03, 0x4E, 0x7D, 0xDB, 0x9C, 0xE2, 0x48, 0xBE, 0xDC, 0x6B, 0x7C, 0xF8, 0xB7,
    0xFF, 0x79, 0x5D, 0x45, 0x6E, 0x69, 0x30, 0xB7, 0xE8, 0xBD, 0x8A, 0x2C, 0x0F, 0xF2, 0xCF, 0xEF,
    0x2A, 0x10, 0xDF, 0xC4, 0x20, 0x2D, 0x3F, 0x96, 0x4B, 0x7C, 0xD0, 0x67, 0x49, 0xE1, 0xA4, 0x06,
    0xB1, 0xDE, 0xC4, 0xCE, 0xC4, 0xA5, 0x70, 0xED, 0x4A, 0xD8, 0xE5, 0xE5, 0xC6, 0xEA, 0xA3, 0xEA,
    0xB6, 0x54, 0x2D, 0xEC, 0xCC, 0xD9, 0xCF, 0xA5, 0xFA, 0x8E, 0xF9, 0x6E, 0xBF, 0x0D, 0x7E, 0xE9,
    0x30, 0xAF, 0x60, 0x3F, 0x50, 0xCE, 0x27, 0xB1, 0xE0, 0xF8, 0x4B, 0xC1, 0x23, 0x8E, 0x51, 0xF8,
    0xFE, 0x95, 0x97, 0x6F, 0x2E, 0xF8, 0xAD, 0xAB, 0x63, 0x8E, 0x38, 0x52, 0x63, 0xA0, 0xF7, 0x7B,
    0x75, 0xE8, 0x1A, 0x0C, 0x5D, 0x9D, 0x05, 0x05, 0x14, 0x42, 0x9C, 0x38, 0xCD, 0x21, 0xE3, 0xBB,
    0x13, 0x8B, 0x59, 0x76, 0xD3, 0x16, 0xC1, 0xB3, 0x6F, 0x10, 0x0D, 0x3F, 0x63, 0x12, 0xA1, 0x93,
    0xBA, 0xB2, 0x42, 0x98, 0x22, 0xA6, 0xFD, 0x86, 0x8B, 0x9F, 0x4A, 0xBA, 0xAA, 0xCB, 0x67, 0x7B,
    0xAF, 0x2B, 0x35, 0x6A, 0xF2, 0xE4, 0x2B, 0x01, 0xCA, 0xE9, 0x6E, 0xFD, 0x0E, 0x79, 0xE9, 0xEF,
    0xDB, 0x4C, 0xB8, 0xEC, 0x60, 0x26, 0xFE, 0xFB, 0xA6, 0x84, 0xE7, 0xA2, 0xCC, 0xFF, 0x94, 0x17,
    0x66, 0x9B, 0xDE, 0x8E, 0x26, 0xBC, 0xAE, 0x4C, 0x8E, 0xAE, 0x23, 0xDB, 0x2C, 0xA0, 0xCD, 0xDD,
    0xA8, 0xE3, 0xC4, 0x9B, 0x6A, 0x66, 0xDC, 0x0B, 0x29, 0x85, 0xC4, 0x9F, 0xD9, 0x55, 0x3E, 0xC1,
    0xF2, 0x1C, 0x97, 0x6F, 0x49, 0x29, 0x13, 0x44, 0xEE, 0x2B, 0x8A, 0x10, 0x36, 0x3B, 0x88, 0x23,
    0xF9, 0xF5, 0x37, 0x56, 0xA8, 0xAB, 0x5D, 0x9D, 0x1B, 0xC8, 0x98, 0xF6, 0x04, 0xCF, 0x3D, 0x35,
    0xB1, 0x38, 0xCE, 0xF4, 0x73, 0x96, 0x7F, 0x12, 0x40, 0x5D, 0xA4, 0x2D, 0x64, 0x55, 0xD7, 0x37,
    0x3B, 0x15, 0xBA, 0x15, 0xCF, 0xC9, 0xD2, 0x99, 0x83, 0x63, 0x66, 0x63, 0xB7, 0x6A, 0x06, 0xC6,
    0xAD, 0xBB, 0x62, 0xA2, 0xC4, 0xAE, 0x54, 0x56, 0x1F, 0x76, 0x22, 0xA6, 0xFC, 0xDC, 0xEC, 0x9C,
    0x29, 0x47, 0x8D, 0xBE, 0x47, 0xC4, 0xBF, 0x4E, 0x3A, 0x0F, 0x1F, 0xA2, 0xE7, 0xB5, 0x65, 0x6C,
    0x39, 0x84, 0x23, 0x3E, 0xA8, 0xD8, 0x36, 0xCA, 0x20, 0xB4, 0x9F, 0xE6, 0xB8, 0xBF, 0x8A, 0x39,
    0xDC, 0x5C, 0x5C, 0x89, 0x5B, 0xE4, 0x94, 0xBE, 0x4C, 0x60, 0xE9, 0x4A, 0x4A, 0xB5, 0x86, 0xB8,
    0x34, 0xE5, 0xA3, 0x02, 0xA3, 0xC5, 0xE3, 0x22, 0xC5, 0xAC, 0xF3, 0xB3, 0xE2, 0x6F, 0x9C, 0xC4,
    0x5B, 0xEE, 0x53, 0x4C, 0x11, 0xCE, 0x39, 0xFC, 0x47, 0xAE, 0xD1, 0xF3, 0xD8, 0x9C, 0x94, 0x33,
    0x0A, 0x24, 0x12, 0x3E, 0x75, 0xC5, 0xDA, 0x8E, 0x1D, 0xBC, 0x84, 0x06, 0x50, 0x64, 0x6A, 0xAF,
    0xC2, 0x1C, 0x65, 0xA8, 0x11, 0x2F, 0xEA, 0xAD, 0x1C, 0xA3, 0xAB, 0xCB, 0x3A, 0x97, 0xC8, 0xF4,
    0x41, 0x12, 0x24, 0x92, 0xCF, 0x17, 0xD4, 0xB7, 0x11, 0x1E, 0xCE, 0xA5, 0xF0, 0x11, 0xF5, 0xE3,
    0x0C, 0xFE, 0x91, 0x3E, 0xC9, 0xE7, 0x80, 0x37, 0x2D, 0x16, 0xC8, 0x7D, 0xA2, 0x4A, 0x00, 0x7B,
    0xAA, 0xFA, 0x00, 0xF4, 0x3C, 0x6E, 0xF3, 0xE1, 0x01, 0xD2, 0x3D, 0x1F, 0xF6, 0xF2, 0x49, 0x7B,
    0xDB, 0x72, 0x7A, 0x6A, 0x8E, 0xD1, 0xCC, 0xCF, 0x21, 0x92, 0xCF, 0x47, 0x4E, 0x8A, 0xB8, 0xC9,
    0x99, 0x9E, 0x4E, 0x82, 0xC2, 0xD9, 0xE0, 0x95, 0xEC, 0xF0, 0x4A, 0xAE, 0xB1, 0x21, 0x31, 0xDC,
    0x12, 0x22, 0x37, 0x45, 0x4C, 0x9D, 0xE4, 0x2F, 0x58, 0x97, 0xBF, 0x36, 0x3F, 0xFB, 0x98, 0x1F,
    0x80, 0xDC, 0xFC, 0x35, 0xC2, 0x4C, 0x14, 0xE9, 0xDA, 0xEA, 0x1C, 0x0C, 0x23, 0x0C, 0x76, 0x07,
    0xCF, 0xA4, 0xB3, 0xE6, 0xD6, 0xD5, 0x95, 0x53, 0x2B, 0x3A, 0x8F, 0x90, 0x83, 0x51, 0x73, 0x29,
    0x3F, 0x86, 0x84, 0x36, 0x53, 0x78, 0x1A, 0xDF, 0x17, 0x58, 0xDF, 0x0A, 0xE6, 0xE8, 0x00, 0xC5,
    0x3C, 0xBB, 0x53, 0x6A, 0xC7, 0xF0, 0x93, 0x9D, 0x4A, 0xF6, 0x8C, 0x21, 0x38, 0xF4, 0x21, 0x9F,
    0x63, 0xF3, 0x1A, 0xBF, 0xC7, 0xBC, 0x39, 0xE4, 0x5E, 0xA1, 0x4C, 0xC6, 0x0E, 0xB8, 0x8E, 0x58,
    0x35, 0xAE, 0x5C, 0xB8, 0x10, 0xE3, 0x72, 0x73, 0xAA, 0x39, 0xFD, 0xD2, 0x69, 0xD8, 0x5B, 0x55,
    0xB3, 0xB0, 0xFE, 0x2C, 0x72, 0xD8, 0x34, 0xA7, 0x37, 0xA7, 0xB2, 0xFD, 0xE0, 0x0C, 0x46, 0x15,
    0x66, 0x66, 0x5D, 0xEB, 0xAD, 0xAE, 0x1D, 0xE2, 0x22, 0xCA, 0xAF, 0x3C, 0x50, 0x94, 0x47, 0x5F,
    0x5C, 0xCE, 0x23, 0x6D, 0x7E, 0x0E, 0xE3, 0xAE, 0xA1, 0x71, 0x77, 0x73, 0x60, 0x7B, 0xAA, 0xB7,
    0x32, 0xD0, 0xF9, 0x6D, 0x14, 0x81, 0x96, 0x4A, 0x44, 0xFC, 0x3C, 0x33, 0xDF, 0xDC, 0x72, 0x8B,
    0xB3, 0x11, 0x9D, 0x1D, 0xF6, 0x0A, 0x2E, 0x85, 0xBD, 0x3A, 0x07, 0xF9, 0x6A, 0xEC, 0x74, 0xF1,
    0x90, 0x70, 0xF5, 0xCD, 0xD7, 0xFD, 0x7A, 0xD8, 0x09, 0x40, 0x8D, 0x27, 0xDA, 0x30, 0x1B, 0x25,
    0xDA, 0x43, 0x34, 0x98, 0xE1, 0x67, 0x89, 0xA3, 0x6B, 0x78, 0xFB, 0xC7, 0xF6, 0x7F, 0x8D, 0x8F,
    0x21, 0x6E, 0xC3, 0x40, 0x10, 0x45, 0x9F, 0xBD, 0x52, 0x1D, 0xC9, 0x52, 0x97, 0x14, 0x94, 0x99,
    0x16, 0x44, 0xF2, 0x05, 0x1C, 0x65, 0x8F, 0xD0, 0x23, 0xE4, 0x08, 0xB9, 0x40, 0xDB, 0x65, 0xBD,
    0x46, 0x41, 0x40, 0x58, 0x0C, 0x02, 0x02, 0xAC, 0x66, 0x8E, 0xD0, 0x23, 0x18, 0x1B, 0x19, 0x2C,
    0x30, 0xB0, 0xBC, 0x9D, 0x35, 0x2E, 0xE8, 0xE8, 0x7F, 0x69, 0x34, 0x9A, 0xFF, 0xFF, 0x0C, 0x50,
    0x44, 0xA9, 0x3F, 0xC3, 0x8E, 0xA9, 0xE3, 0xD6, 0x81, 0x62, 0x0F, 0x75, 0x4F, 0xB9, 0x90, 0xC5,
    0x1F, 0xEC, 0x44, 0x36, 0xC3, 0xDB, 0x91, 0x5D, 0xA0, 0x99, 0xE9, 0xDE, 0xF3, 0xB1, 0x8A, 0x9E,
    0x57, 0x78, 0x59, 0xB7, 0x03, 0x8C, 0xE0, 0xC9, 0xCF, 0xD4, 0x77, 0x77, 0x2B, 0x7D, 0x28, 0x9C,
    0x0A, 0x3E, 0x1C, 0x75, 0x50, 0x73, 0xED, 0x84, 0x52, 0x5A, 0x23, 0xA3, 0x91, 0xD9, 0xFA, 0xBD,
    0xDA, 0x3A, 0xB2, 0x2F, 0x4C, 0x8F, 0x11, 0x8C, 0x0A, 0x75, 0x25, 0xC6, 0xE9, 0xFB, 0x32, 0xCC,
    0x57, 0x2B, 0x4D, 0x6B, 0x65, 0x7B, 0xB0, 0xF2, 0x8C, 0x15, 0xFE, 0xCD, 0xAA, 0xD7, 0x63, 0x17,
    0xD6, 0x7A, 0xF0, 0x3A, 0x4B, 0xD4, 0xFE, 0x51, 0xB9, 0x21, 0x25, 0xA6, 0x2C, 0xA1, 0x1A, 0xB8,
    0xC7, 0xA4, 0xF8, 0x13, 0xE5, 0x8A, 0xA2, 0x27, 0x8F, 0x8E, 0x27, 0x38, 0xA5, 0xEF, 0xB2, 0x91,
    0x5C, 0x92, 0xC3, 0x2F, 0x63, 0x60, 0xD8, 0xCB, 0xA0, 0xCF, 0xC0, 0xDD, 0xC0, 0x78, 0x80, 0x81,
    0x81, 0xFF, 0x80, 0x3C, 0x83, 0x0D, 0x43, 0x01, 0x03, 0x90, 0x75, 0x41, 0xFF, 0x83, 0x4D, 0xCD,
    0x03, 0x59, 0x56, 0x06, 0x06, 0xFB, 0x07, 0x0F, 0xAC, 0xFE, 0x1F, 0x48, 0xD0, 0x77, 0xD8, 0xFF,
    0x2F, 0x6B, 0x65, 0x02, 0x67, 0x89, 0xAC, 0xFD, 0x1F, 0xEE, 0x07, 0x36, 0xFB, 0x6A, 0x19, 0x54,
    0x24, 0xF6, 0xD8, 0xED, 0xB1, 0x63, 0x60, 0x60, 0x65, 0xA8, 0xBF, 0xF0, 0xE1, 0xC3, 0x85, 0x0D,
    0x5F, 0x3F, 0xD8, 0x03, 0xCD, 0x00, 0x69, 0x3E, 0x7D, 0x41, 0x9F, 0xBF, 0xC1, 0x46, 0x8F, 0x61,
    0x83, 0x05, 0x90, 0xF7, 0x41, 0xC7, 0xF6, 0x87, 0xFC, 0x07, 0xEE, 0x03, 0x9A, 0xB6, 0x35, 0x1B,
    0x02, 0x18, 0x18, 0x78, 0x81, 0xB6, 0x30, 0x3F, 0x60, 0x7A, 0x90, 0x7D, 0x61, 0x7F, 0x03, 0x3F,
    0xD0, 0xB6, 0x1D, 0x0C, 0x3F, 0x18, 0xF6, 0x2F, 0xD0, 0x7F, 0x00, 0x00, 0xCD, 0x5B, 0x7F, 0x6C,
    0x1B, 0xF7, 0x75, 0x7F, 0x77, 0x27, 0xEB, 0x2C, 0x1D, 0xA5, 0x63, 0x01, 0xA3, 0xB1, 0x61, 0x4A,
    0xD4, 0x10, 0x61, 0xD5, 0x0A, 0xDA, 0x64, 0x11, 0xA2, 0xA1, 0x6D, 0x4A, 0xBC, 0xA2, 0xD8, 0xD6,
    0xED, 0x9F, 0x68, 0x40, 0x5D, 0x74, 0x0D, 0x82, 0x78, 0x40, 0xB0, 0x0E, 0x69, 0x50, 0xB3, 0xA8,
    0xB0, 0x29, 0x99, 0x1C, 0x9D, 0x63, 0xA0, 0xEE, 0x9A, 0xA2, 0xD1, 0x86, 0x05, 0xC8, 0xB6, 0x02,
    0x53, 0x83, 0xFC, 0xD1, 0x38, 0xC0, 0x2C, 0x0C, 0x02, 0xE6, 0xA5, 0xB2, 0xF9, 0x9D, 0x83, 0x22,
    0x28, 0x8A, 0x22, 0x97, 0xB6, 0x68, 0x30, 0x34, 0x1B, 0x2E, 0x6D, 0x87, 0x6D, 0x71, 0xDA, 0xDC,
    0x6A, 0x7A, 0xA6, 0x63, 0x8A, 0xB7, 0xCF, 0x7B, 0x77, 0x47, 0x52, 0x8E, 0x65, 0x8B, 0xFA, 0xB5,
    0x1C, 0xF9, 0xBD, 0x3B, 0x92, 0xF7, 0x7D, 0xEF, 0x7D, 0xDF, 0xF7, 0xFD, 0xFE, 0x7E, 0x49, 0xC4,
    0xC7, 0x98, 0x9C, 0xB5, 0x40, 0x2E, 0xA6, 0x27, 0x97, 0x61, 0xFA, 0xAD, 0x4F, 0xE3, 0x32, 0xF4,
    0x87, 0x95, 0x90, 0x8F, 0xD5, 0xC1, 0xF3, 0x38, 0xB7, 0xBE, 0x4D, 0x5D, 0x87, 0xED, 0x44, 0xFD,
    0x6A, 0x54, 0xAC, 0xA8, 0xBA, 0xDC, 0x85, 0x4E, 0xE1, 0xE5, 0xAB, 0xE1, 0x7B, 0xC7, 0xBF, 0x10,
    0x86, 0x67, 0xA9, 0xE0, 0x85, 0x79, 0xEE, 0xBB, 0x30, 0x44, 0xC7, 0x54, 0x99, 0xBE, 0x10, 0xBE,
    0xED, 0x50, 0x1F, 0x55, 0x3A, 0x00, 0x46, 0x3A, 0xB7, 0x5A, 0x7C, 0xCD, 0x47, 0xD8, 0xE9, 0xF1,
    0x88, 0x18, 0xF2, 0xAA, 0xD1, 0xF5, 0xDA, 0x12, 0x69, 0xC7, 0x3F, 0xF3, 0x92, 0x9A, 0x17, 0x6A,
    0x42, 0x65, 0xC9, 0xE5, 0xC5, 0xE8, 0xC7, 0x7E, 0x57, 0x2E, 0x59, 0xE9, 0x93, 0x7A, 0x9C, 0x49,
    0xA1, 0xB2, 0x57, 0x7C, 0xE2, 0xF8, 0xF1, 0xCF, 0x84, 0x3F, 0x09, 0x78, 0x00, 0xEF, 0x86, 0x4A,
    0x3B, 0x77, 0xEE, 0xC5, 0xA1, 0x17, 0x69, 0x03, 0xC7, 0xE0, 0xDA, 0x8F, 0xD9, 0x35, 0x9F, 0x86,
    0xD7, 0x7E, 0x1C, 0xB2, 0x3B, 0xF7, 0xBA, 0x4F, 0x39, 0xCB, 0x69, 0x7F, 0x34, 0x5B, 0x34, 0x65,
    0x74, 0x3E, 0x0E, 0x9F, 0x04, 0x1D, 0x9D, 0x87, 0x73, 0x7A, 0x78, 0xBD, 0xEB, 0xE3, 0x04, 0xED,
    0x01, 0x6F, 0xDA, 0x47, 0x59, 0xCE, 0xAD, 0x73, 0xD1, 0x31, 0x7D, 0x48, 0x3E, 0xD6, 0xC2, 0xE4,
    0x50, 0x32, 0xEA, 0xF8, 0xD7, 0x5A, 0x18, 0xAC, 0x21, 0x69, 0x4F, 0x70, 0x9B, 0x31, 0x99, 0xCC,
    0xA2, 0x7E, 0x55, 0x09, 0xFF, 0x9A, 0x3E, 0xD7, 0xA2, 0x25, 0x06, 0xB5, 0x80, 0x6F, 0x3E, 0x77,
    0x0E, 0xE7, 0xB1, 0xBD, 0x9F, 0xA2, 0xE2, 0x50, 0x03, 0xC4, 0xFB, 0x34, 0x64, 0x62, 0x5E, 0x0D,
    0x3C, 0x8F, 0x66, 0x3C, 0x85, 0x31, 0x29, 0xAB, 0x4E, 0x9E, 0x3D, 0x4D, 0x4B, 0x87, 0x89, 0x8A,
    0x20, 0xAB, 0x74, 0x81, 0x28, 0x03, 0x0C, 0xB6, 0x8F, 0x87, 0x40, 0x87, 0x01, 0xC0, 0x7A, 0x07,
    0xCF, 0x18, 0x46, 0x5C, 0x1C, 0xC6, 0xF0, 0xD0, 0x86, 0xC0, 0x0C, 0x81, 0x05, 0x86, 0x1A, 0x67,
    0xFD, 0x9E, 0x61, 0xC5, 0x07, 0x24, 0x42, 0x5B, 0x00, 0x6F, 0xC9, 0x6A, 0xB0, 0x88, 0x66, 0x57,
    0x09, 0xE7, 0x52, 0x9E, 0x96, 0x88, 0x0A, 0xB6, 0x53, 0x20, 0xAA, 0x9A, 0xA7, 0x71, 0x5F, 0x32,
    0x43, 0x4F, 0xF7, 0x2B, 0x61, 0x0B, 0x32, 0x64, 0x83, 0x43, 0x73, 0x1E, 0x10, 0x52, 0x1A, 0x67,
    0x40, 0xF5, 0xC9, 0x02, 0xA4, 0x3A, 0x9D, 0xC2, 0x79, 0xFE, 0x3C, 0x0B, 0x48, 0x3E, 0x64, 0x8E,
    0xE8, 0x2F, 0xC4, 0x48, 0xF6, 0x02, 0x77, 0xDE, 0x74, 0xA8, 0xF2, 0x00, 0xF0, 0x8C, 0xC4, 0x33,
    0x30, 0x83, 0x06, 0x5C, 0x1A, 0x28, 0x30, 0xBE, 0xAB, 0x93, 0x69, 0x3F, 0xAD, 0xEC, 0xEC, 0x6B,
    0xFE, 0x88, 0x79, 0x46, 0xE5, 0xBA, 0x29, 0xE4, 0xCE, 0xD2, 0x5B, 0xBA, 0x47, 0xFD, 0xA3, 0x29,
    0x64, 0x08, 0x0C, 0x42, 0x60, 0x30, 0x10, 0x8D, 0xA1, 0xBC, 0xE2, 0x01, 0xCC, 0xBB, 0x01, 0xE0,
    0x5C, 0xEE, 0x06, 0x94, 0x26, 0x9A, 0x25, 0x6A, 0x82, 0x37, 0xB1, 0x48, 0x68, 0xA1, 0x63, 0xBC,
    0xAB, 0x0C, 0xC3, 0x37, 0x29, 0xC0, 0xDB, 0x08, 0x03, 0xBD, 0x05, 0x88, 0x05, 0x3A, 0x08, 0xA1,
    0x56, 0xF3, 0xBF, 0x88, 0x90, 0x83, 0xD9, 0xF2, 0xCE, 0x40, 0xF6, 0xE5, 0x8D, 0x6F, 0x52, 0xA5,
    0x6A, 0xD0, 0x68, 0x8E, 0x91, 0x63, 0xB8, 0x36, 0x7E, 0x2B, 0x82, 0x06, 0x8F, 0x5C, 0xD2, 0x1A,
    0xAC, 0xB6, 0x2C, 0x76, 0x53, 0x0F, 0x83, 0xDA, 0x02, 0xD3, 0x5D, 0x05, 0x7F, 0xEC, 0x49, 0xDD,
    0xED, 0x6F, 0xB2, 0xA2, 0xF8, 0x66, 0x18, 0xDE, 0x10, 0x52, 0x34, 0x3C, 0x66, 0x82, 0x8F, 0xC3,
    0x2C, 0xE5, 0xA2, 0x06, 0x1A, 0xD9, 0x6A, 0x9E, 0xAC, 0xB0, 0x49, 0x7A, 0x88, 0xE1, 0x9C, 0x8A,
    0x86, 0xA6, 0xF3, 0xC4, 0x39, 0x35, 0xD7, 0x30, 0xD1, 0x39, 0xFB, 0x1F, 0x81, 0x71, 0x0A, 0x70,
    0x03, 0x34, 0x45, 0x05, 0xAB, 0xAE, 0xFB, 0x99, 0x5A, 0xE8, 0x16, 0x31, 0x69, 0x7C, 0x58, 0xCE,
    0x8B, 0xEA, 0x7F, 0xDD, 0x4B, 0xC4, 0xAC, 0xB7, 0xE8, 0xAB, 0xF4, 0x2B, 0x75, 0xC9, 0x11, 0xDD,
    0x2D, 0xB4, 0x66, 0x46, 0x3F, 0x3B, 0xB6, 0xEF, 0xA9, 0x80, 0x9C, 0x31, 0xFA, 0xC8, 0xA7, 0xFF,
    0xF6, 0xCD, 0xB7, 0xBE, 0x7E, 0x69, 0xEF, 0xE9, 0x3A, 0x89, 0xFA, 0x14, 0x5D, 0x56, 0x1C, 0xD6,
    0x8E, 0x71, 0x98, 0xAA, 0x83, 0xDE, 0xFE, 0xB1, 0x79, 0x97, 0x4E, 0x10, 0x0B, 0xC0, 0x62, 0xFC,
    0xCE, 0x4E, 0xD3, 0x02, 0x39, 0xB5, 0x96, 0x4B, 0xFB, 0x29, 0x35, 0xA0, 0xED, 0x5D, 0xDE, 0xDF,
    0xA0, 0xF1, 0xC7, 0xE6, 0x96, 0x1D, 0xDD, 0x99, 0xC2, 0x60, 0x52, 0xB9, 0xE2, 0x52, 0xA3, 0x39,
    0x0E, 0xF1, 0x5C, 0x59, 0xD9, 0x47, 0xC2, 0xE0, 0x82, 0xBC, 0x71, 0x33, 0x89, 0xA1, 0x29, 0xEA,
    0xC7, 0x80, 0x14, 0xBF, 0x35, 0x9C, 0x7F, 0xE8, 0xD3, 0xCD, 0x80, 0x2A, 0x9E, 0xD8, 0x25, 0x4B,
    0xD9, 0xEA, 0x37, 0xA6, 0x57, 0x1A, 0x2B, 0x8D, 0x7D, 0x6C, 0x27, 0x8D, 0x55, 0xCA, 0x86, 0xCE,
    0x94, 0x45, 0x55, 0x41, 0x0D, 0x09, 0xAE, 0xB8, 0x94, 0x85, 0x70, 0x07, 0xC2, 0x0D, 0x88, 0xA9,
    0xC3, 0xC6, 0x0C, 0xA3, 0x67, 0x43, 0xEA, 0x0A, 0xD1, 0xDA, 0x2A, 0x1B, 0x03, 0x5B, 0x66, 0x09,
    0x18, 0xD1, 0x73, 0x0A, 0x92, 0xD6, 0x24, 0xAB, 0xC5, 0x6C, 0xA0, 0x43, 0xA4, 0xD5, 0x8F, 0xD6,
    0xBC, 0x7C, 0x8B, 0xF4, 0x05, 0xD2, 0x1B, 0x64, 0x35, 0x69, 0x38, 0x85, 0xE9, 0xC7, 0x0F, 0x8E,
    0x1D, 0xFA, 0x90, 0xD4, 0x7F, 0x26, 0x3A, 0x30, 0x50, 0x6B, 0x32, 0x3B, 0x34, 0xD7, 0x50, 0x86,
    0x87, 0xD6, 0x7E, 0xE9, 0xB7, 0xBC, 0x34, 0xCA, 0x3A, 0x1F, 0xA3, 0xA3, 0x4E, 0x1E, 0xAC, 0xEC,
    0x07, 0x56, 0xDB, 0xB1, 0xA9, 0xF3, 0xB2, 0x6E, 0x79, 0x31, 0x5F, 0xA7, 0x88, 0xBE, 0x45, 0xF4,
    0x32, 0xD1, 0x93, 0x44, 0xB0, 0x90, 0x35, 0x97, 0xA0, 0x4A, 0xFF, 0x12, 0x18, 0xB4, 0x64, 0x50,
    0xD1, 0xF0, 0x66, 0xF5, 0xB0, 0x41, 0xB5, 0x19, 0x21, 0xDC, 0x4F, 0x5B, 0x30, 0x22, 0x0E, 0x48,
    0xC4, 0xB1, 0x1F, 0x42, 0x3E, 0x89, 0xD6, 0x79, 0xE5, 0x6E, 0x79, 0xB1, 0xB9, 0xFF, 0x16, 0x3D,
    0x01, 0xC0, 0xD3, 0xAC, 0x6D, 0x4E, 0x1F, 0x94, 0xB3, 0x42, 0x35, 0xFF, 0x4B, 0xD0, 0xE4, 0xA3,
    0xE0, 0x51, 0x05, 0xE6, 0xE1, 0x04, 0x4C, 0x4E, 0xDA, 0xFC, 0x31, 0x24, 0x26, 0x54, 0x55, 0xFC,
    0xC6, 0x58, 0xAA, 0x10, 0xAB, 0x32, 0xE5, 0x9D, 0xCA, 0xF9, 0x55, 0xC8, 0xAB, 0x4F, 0x1A, 0xC8,
    0xDA, 0x5F, 0x9E, 0x2C, 0xCB, 0x91, 0x8B, 0x8F, 0x44, 0x6F, 0xC4, 0xC8, 0x5A, 0x22, 0x53, 0xAA,
    0xC0, 0xAC, 0x97, 0x13, 0xC0, 0x68, 0xAA, 0xC4, 0xF2, 0x59, 0x71, 0xB4, 0x9A, 0x93, 0x0D, 0x45,
    0x6E, 0x5B, 0x4E, 0xB7, 0xE2, 0xF2, 0x64, 0x93, 0xC1, 0xFA, 0xA9, 0x7B, 0xED, 0x2F, 0xC7, 0x67,
    0x56, 0x9A, 0xB3, 0x85, 0xC8, 0x68, 0x9A, 0x81, 0xD9, 0x4C, 0x9D, 0x2A, 0x65, 0x0B, 0x76, 0xD5,
    0x9A, 0x1D, 0xAD, 0x34, 0xED, 0xD8, 0xB6, 0xEE, 0x67, 0xED, 0x7E, 0x72, 0x05, 0x98, 0xCB, 0xE3,
    0xBD, 0x60, 0xE6, 0x66, 0x30, 0xAA, 0xFE, 0xFF, 0x62, 0x25, 0x9C, 0x03, 0x80, 0x43, 0x13, 0x1B,
    0x07, 0xD0, 0x0F, 0x6B, 0x5D, 0x81, 0xE1, 0x7E, 0x12, 0x8A, 0x9A, 0x86, 0xBE, 0x51, 0x1E, 0xBA,
    0x0A, 0xD5, 0x32, 0xD8, 0x3A, 0x3A, 0x91, 0x9E, 0x66, 0x30, 0xA8, 0x09, 0x8C, 0x69, 0x02, 0x43,
    0xCA, 0xC4, 0xBA, 0x6B, 0x43, 0x5F, 0x8C, 0x10, 0x7E, 0xA2, 0x16, 0x8D, 0x7F, 0x43, 0x70, 0xC4,
    0x04, 0x45, 0x6D, 0x3D, 0x38, 0x91, 0x6B, 0xE1, 0x1F, 0x54, 0xD4, 0x71, 0x3B, 0x61, 0xC3, 0x92,
    0x1D, 0x16, 0xEF, 0x8B, 0x38, 0xC3, 0x52, 0xAC, 0x51, 0x9A, 0x57, 0xD4, 0x20, 0x7D, 0x0A, 0x9A,
    0xC2, 0x47, 0x55, 0x8C, 0xE5, 0x72, 0x42, 0xC7, 0x9D, 0x9F, 0x87, 0x4E, 0xDA, 0xD1, 0xDB, 0x65,
    0x5F, 0x83, 0x5F, 0xD9, 0xB1, 0xC8, 0x5B, 0x93, 0x8F, 0x79, 0x9A, 0x6F, 0x51, 0xB6, 0xDE, 0xF6,
    0xCF, 0x44, 0x97, 0x12, 0x3F, 0xDC, 0x6B, 0xDF, 0xF8, 0x88, 0xCC, 0xF8, 0x05, 0xEE, 0x5F, 0x9C,
    0xE3, 0xFE, 0x4B, 0x65, 0x3E, 0x07, 0x39, 0x3E, 0xDF, 0xC8, 0xA4, 0x21, 0xD9, 0x61, 0xB3, 0x00,
    0x23, 0xFB, 0x60, 0xBD, 0x2A, 0x42, 0x9C, 0x9C, 0x2D, 0x71, 0x1F, 0x6C, 0x5F, 0x2B, 0xE7, 0x23,
    0x8B, 0x2D, 0xA6, 0xA8, 0x1D, 0x7C, 0x4D, 0x53, 0xE2, 0x56, 0x44, 0x31, 0xF0, 0xC0, 0x49, 0xB1,
    0xAE, 0x43, 0x3B, 0x8C, 0xD7, 0x8C, 0x46, 0x58, 0x89, 0xD8, 0x7F, 0xE3, 0x24, 0xE4, 0x56, 0x33,
    0x3C, 0xF6, 0xDC, 0xB6, 0x2D, 0xBA, 0x64, 0x97, 0xC5, 0x8F, 0xDB, 0x75, 0xAA, 0x51, 0x84, 0x86,
    0x18, 0x0F, 0x5C, 0x6D, 0x84, 0xA2, 0x73, 0xB1, 0xA8, 0x8D, 0x2B, 0x46, 0x16, 0x63, 0xEB, 0x42,
    0x97, 0x1C, 0x4B, 0xD1, 0x24, 0x34, 0xA8, 0x33, 0xEC, 0x75, 0x8E, 0x5D, 0x25, 0xF0, 0x44, 0x9B,
    0x9A, 0x7A, 0xFB, 0xAE, 0x73, 0x12, 0xA2, 0x45, 0x36, 0x67, 0x98, 0xAA, 0x12, 0xD3, 0x74, 0x84,
    0x29, 0xAA, 0x28, 0x93, 0x05, 0x06, 0x6E, 0x13, 0xB4, 0xB8, 0x37, 0x02, 0x84, 0xCF, 0x70, 0xBC,
    0x0D, 0xEA, 0x67, 0x2A, 0xBA, 0x81, 0xB2, 0x73, 0x0E, 0x2C, 0xA0, 0x0C, 0x58, 0xE0, 0xB6, 0x00,
    0x54, 0x83, 0x9F, 0x62, 0x57, 0x93, 0x7D, 0x29, 0x92, 0x8D, 0x92, 0x8C, 0xEC, 0x4F, 0xA8, 0x72,
    0xB6, 0x01, 0x5F, 0xE6, 0xB1, 0x4B, 0x13, 0xA3, 0x64, 0xC6, 0x9A, 0x98, 0xEA, 0x6A, 0xEC, 0xFD,
    0x41, 0xC3, 0x23, 0x7A, 0x18, 0xD6, 0x21, 0xE4, 0x4E, 0x77, 0x54, 0xC6, 0x86, 0x53, 0xF3, 0xBB,
    0xAC, 0xE9, 0x4E, 0xE0, 0x89, 0x40, 0x19, 0x33, 0x59, 0x97, 0xAC, 0x4F, 0x84, 0xF8, 0x3E, 0xDB,
    0xE0, 0xD8, 0x04, 0x37, 0x06, 0xB3, 0x9D, 0x83, 0x2E, 0x32, 0x79, 0x7A, 0x74, 0x89, 0xA6, 0x6D,
    0xAF, 0x9D, 0xC9, 0xCC, 0xB1, 0x83, 0xCF, 0xB1, 0x95, 0x48, 0xC1, 0x4B, 0xE9, 0x4D, 0x84, 0x7C,
    0xB0, 0x2E, 0x66, 0xD8, 0xEA, 0x0A, 0xED, 0xDD, 0x18, 0xD6, 0x76, 0x02, 0xE5, 0xCE, 0x3F, 0x07,
    0x5B, 0xF4, 0x5F, 0xB3, 0x77, 0x79, 0x88, 0xBF, 0x1A, 0xED, 0xE4, 0x08, 0x0E, 0xE7, 0x38, 0x83,
    0x70, 0x73, 0x59, 0x00, 0xBC, 0xFF, 0x8C, 0xA2, 0x8F, 0xBD, 0x12, 0xD9, 0xD0, 0x8D, 0xB8, 0x40,
    0x1C, 0xB0, 0xAE, 0x88, 0xA2, 0x29, 0xDF, 0x18, 0x9B, 0x99, 0xA3, 0x95, 0x66, 0x40, 0xB3, 0x55,
    0x25, 0x8E, 0xAC, 0x4F, 0xBB, 0x06, 0x9A, 0xC2, 0x20, 0x83, 0xDF, 0x60, 0x53, 0x4B, 0x68, 0x4B,
    0x70, 0xF7, 0x9E, 0x7D, 0x05, 0x51, 0x24, 0x44, 0x81, 0x1E, 0x15, 0xA6, 0x2E, 0xE8, 0xE8, 0x6F,
    0xAA, 0x7C, 0xE3, 0x9E, 0xEA, 0x1C, 0x95, 0xD1, 0xBF, 0x5C, 0xD8, 0x78, 0xFF, 0x4A, 0x63, 0xBE,
    0x91, 0x8C, 0x24, 0x23, 0x9A, 0xC1, 0xA7, 0x43, 0x6B, 0x95, 0xB0, 0xC2, 0x78, 0x58, 0x55, 0xB4,
    0x1F, 0x71, 0x78, 0xE8, 0xD6, 0x79, 0xD4, 0x70, 0xA8, 0xFA, 0xEB, 0x2B, 0x55, 0x30, 0xB9, 0x89,
    0xC1, 0x3D, 0x99, 0x9B, 0x65, 0x5E, 0x4E, 0x39, 0xDA, 0xC9, 0x3A, 0xBC, 0x5B, 0xE8, 0x62, 0xDA,
    0xE3, 0x48, 0xBC, 0x9F, 0xCD, 0xEC, 0x79, 0x24, 0x0E, 0x49, 0x16, 0xF6, 0x08, 0xBA, 0xB7, 0x38,
    0x14, 0x75, 0x68, 0x18, 0x66, 0x3D, 0x05, 0x09, 0xCA, 0x40, 0xEA, 0x86, 0xF5, 0x20, 0x6D, 0x87,
    0x41, 0xC1, 0x58, 0x5D, 0x02, 0x40, 0x6E, 0x8B, 0x33, 0xC2, 0xB1, 0xAC, 0x53, 0xB9, 0xD2, 0xCD,
    0xB1, 0x81, 0x98, 0xFF, 0xF9, 0x38, 0x95, 0xE3, 0x7B, 0x3B, 0x6A, 0x39, 0xB4, 0x45, 0x28, 0xFA,
    0x05, 0xB4, 0x11, 0x4C, 0xC1, 0x32, 0xEB, 0xBE, 0x34, 0x37, 0x0D, 0x35, 0x42, 0x92, 0xE4, 0xCC,
    0xCB, 0xCC, 0xEE, 0x8F, 0xE3, 0xF9, 0xC9, 0xB8, 0x95, 0x23, 0x07, 0x21, 0x23, 0x1F, 0x8D, 0xA5,
    0x77, 0xB8, 0x03, 0x57, 0x8C, 0x87, 0x25, 0xD3, 0x9A, 0x06, 0xBC, 0x02, 0x5A, 0x35, 0x6A, 0x62,
    0x58, 0xD8, 0xAA, 0xB0, 0x49, 0x61, 0x7B, 0x22, 0xC6, 0x64, 0x99, 0x55, 0xC3, 0xAE, 0x51, 0x86,
    0xDD, 0x56, 0x40, 0x1F, 0x0E, 0xB2, 0x61, 0x50, 0x69, 0x2D, 0x44, 0x11, 0x57, 0x35, 0x09, 0x54,
    0x4B, 0x82, 0xB7, 0x2C, 0xC1, 0xB9, 0x1C, 0xAC, 0x5F, 0xAB, 0x49, 0xA6, 0xA1, 0x75, 0xA1, 0xB7,
    0xD9, 0xB6, 0x01, 0xAD, 0x99, 0xA0, 0x75, 0x6E, 0x8B, 0x96, 0x47, 0xCA, 0x66, 0x24, 0x8B, 0x21,
    0x4E, 0xC2, 0x4E, 0x2C, 0x1D, 0xF3, 0x68, 0xB1, 0x14, 0xD0, 0x52, 0x69, 0x99, 0x26, 0x83, 0x59,
    0xCA, 0xFB, 0x25, 0xB0, 0x60, 0x29, 0xDB, 0x98, 0x0F, 0x44, 0xAC, 0x0F, 0xF4, 0x10, 0x1A, 0x26,
    0x92, 0x8E, 0x2E, 0xBE, 0xA8, 0x0E, 0xDB, 0x30, 0xA3, 0x17, 0x49, 0xDF, 0x6A, 0x7F, 0xB0, 0xE4,
    0x0C, 0xDC, 0xF5, 0x4F, 0xC1, 0xD2, 0x57, 0x62, 0x73, 0xE2, 0xE6, 0xDD, 0xC6, 0x42, 0x56, 0x5D,
    0x20, 0x09, 0xA3, 0xBD, 0x7B, 0x16, 0xFE, 0x31, 0xC8, 0x47, 0xB4, 0xAA, 0x8B, 0xCE, 0xDF, 0xB9,
    0x62, 0xC6, 0xDD, 0xAC, 0x5C, 0x07, 0xE9, 0x20, 0x24, 0xC9, 0x76, 0x2F, 0xB0, 0x3A, 0xC7, 0xDF,
    0x91, 0xB3, 0xC7, 0xFD, 0x86, 0x7A, 0x0F, 0xCC, 0x2D, 0xBE, 0xF3, 0xBD, 0x66, 0x7A, 0xF0, 0x77,
    0x2A, 0xAB, 0x34, 0xBD, 0x07, 0x82, 0xC5, 0xD1, 0x76, 0x05, 0xD1, 0x76, 0xF7, 0x3D, 0x15, 0x8A,
    0xC5, 0xE2, 0xB8, 0x64, 0x0C, 0x6A, 0x14, 0xF1, 0xEF, 0x7D, 0x22, 0x2C, 0x27, 0xA6, 0x0B, 0x2A,
    0x2F, 0x19, 0x8F, 0xF0, 0x94, 0x7C, 0xF5, 0xA7, 0x6E, 0x05, 0x62, 0xD9, 0x87, 0x50, 0xA8, 0x4C,
    0xE7, 0xE9, 0x55, 0x7C, 0xB7, 0x6F, 0x35, 0x5C, 0x4D, 0x67, 0xE8, 0x7E, 0x3A, 0x86, 0x09, 0x83,
    0x59, 0x07, 0x01, 0xB9, 0xC2, 0x1E, 0xDF, 0x76, 0x8A, 0x1E, 0xEE, 0x17, 0x0C, 0xA4, 0x82, 0x46,
    0x50, 0xF1, 0x59, 0xB2, 0xF3, 0x6E, 0x45, 0xD9, 0x8E, 0x26, 0xD2, 0x58, 0x46, 0x18, 0x9F, 0xC5,
    0xB4, 0x5B, 0xAE, 0xD9, 0x95, 0x16, 0x68, 0x4A, 0x62, 0xDC, 0x1C, 0x38, 0x64, 0xB8, 0x53, 0xA6,
    0x9B, 0x0D, 0xC9, 0x5E, 0xE5, 0x60, 0xD9, 0x50, 0xF1, 0x5B, 0x4F, 0xDE, 0x5A, 0x94, 0xFC, 0xE0,
    0xE1, 0xA1, 0x62, 0x79, 0xA8, 0x38, 0x65, 0xB3, 0x18, 0xDA, 0x37, 0x00, 0x30, 0x0E, 0x7A, 0x8C,
    0xB5, 0x4F, 0xF2, 0xC3, 0x8B, 0x1C, 0xD6, 0x21, 0xF8, 0x9B, 0x12, 0x09, 0x85, 0xB3, 0xAC, 0x28,
    0xCE, 0xE6, 0xF1, 0x8C, 0x21, 0x75, 0x94, 0x94, 0x44, 0x63, 0x36, 0x2C, 0x88, 0x18, 0x48, 0xC3,
    0xB7, 0xEB, 0xA3, 0xCD, 0x52, 0xB9, 0x3A, 0xB4, 0x38, 0xE4, 0xE1, 0xE5, 0xE7, 0x2E, 0x35, 0x2B,
    0xC1, 0xA0, 0x93, 0xE6, 0x90, 0x91, 0xE6, 0x43, 0xD2, 0x1E, 0x14, 0xC5, 0xB1, 0xBB, 0xDE, 0x96,
    0x14, 0x2F, 0x62, 0xF4, 0x71, 0x4A, 0x25, 0x1E, 0xBA, 0xD0, 0xA0, 0xD9, 0x15, 0x5A, 0x9E, 0xA4,
    0x20, 0xAF, 0x79, 0xB6, 0xA1, 0xAC, 0x33, 0xAE, 0xF1, 0x2A, 0x19, 0xDF, 0x27, 0xED, 0x57, 0x12,
    0x18, 0x36, 0x25, 0x9D, 0x2E, 0x24, 0xA1, 0x22, 0x66, 0xB0, 0x41, 0x1A, 0x02, 0xE9, 0x5F, 0x92,
    0xF1, 0x0C, 0xB2, 0x70, 0xB2, 0x2D, 0x77, 0xD8, 0x50, 0x87, 0x0C, 0xBF, 0xAC, 0x05, 0x17, 0xA8,
    0xB1, 0x44, 0x17, 0xC6, 0xA8, 0x30, 0x08, 0x23, 0xE7, 0xD3, 0x77, 0x90, 0x2E, 0x07, 0xE4, 0xCF,
    0x10, 0x3B, 0xA3, 0x3A, 0x0D, 0xCE, 0x26, 0xDA, 0x97, 0x93, 0x18, 0x33, 0x22, 0x6C, 0xA0, 0x93,
    0xFD, 0x23, 0xF7, 0x47, 0xE6, 0xCF, 0x79, 0x7F, 0x59, 0x72, 0xFE, 0x80, 0xF3, 0x7D, 0xE3, 0xBB,
    0x64, 0x3E, 0xE0, 0xDA, 0x59, 0x35, 0x62, 0xBA, 0xB9, 0x38, 0x8E, 0xC4, 0xE4, 0x78, 0xBA, 0x0F,
    0x23, 0xEE, 0xE9, 0xF0, 0xD8, 0x59, 0xBA, 0xC8, 0xCA, 0xEC, 0x58, 0x2A, 0x8F, 0x8E, 0x33, 0x70,
    0xEF, 0x1E, 0xC8, 0x6C, 0xE2, 0xBE, 0x2F, 0x89, 0xF3, 0x16, 0x19, 0x18, 0x42, 0x58, 0xBB, 0x45,
    0x46, 0x93, 0xDF, 0x83, 0x6B, 0xAA, 0x53, 0x3D, 0xA7, 0x3E, 0x5B, 0xB4, 0xA6, 0x89, 0x50, 0xD7,
    0xAD, 0xCF, 0x56, 0xE2, 0x70, 0xF7, 0xEE, 0x09, 0x29, 0x2D, 0x1A, 0x30, 0x18, 0x7A, 0x83, 0x65,
    0xF6, 0xEE, 0x4F, 0x6F, 0x20, 0x65, 0x85, 0x53, 0xB1, 0x54, 0x8A, 0x2C, 0xBF, 0xC6, 0x05, 0xA3,
    0x75, 0x12, 0xE6, 0x6E, 0x9B, 0x5D, 0x96, 0x96, 0x77, 0xCB, 0x54, 0x53, 0x65, 0xCD, 0x57, 0x65,
    0xDD, 0xA5, 0xB2, 0xEE, 0xED, 0xCB, 0x51, 0xD8, 0xCA, 0xC1, 0x84, 0xE5, 0xAC, 0x05, 0xB1, 0xE7,
    0xB7, 0x36, 0x3E, 0x2E, 0x0A, 0x9F, 0x25, 0x0E, 0xB0, 0x3E, 0x49, 0x71, 0xE8, 0x72, 0x00, 0x64,
    0x4D, 0xC3, 0x1A, 0x9A, 0x70, 0xFE, 0xA1, 0x97, 0x0D, 0x7D, 0xD8, 0x44, 0xE4, 0xF4, 0x86, 0x44,
    0x68, 0x46, 0x14, 0xB2, 0x78, 0xB3, 0x12, 0x40, 0x88, 0xC3, 0xAC, 0xCD, 0x24, 0x62, 0x48, 0x52,
    0x23, 0x20, 0xD8, 0x4A, 0x76, 0x95, 0xA1, 0xCC, 0x5F, 0xB3, 0xBB, 0xA8, 0xDA, 0x55, 0x5A, 0x35,
    0x04, 0xFB, 0xA0, 0x60, 0x4F, 0xED, 0x0A, 0xF6, 0x24, 0x1D, 0x06, 0x05, 0x91, 0xA3, 0x2F, 0xEF,
    0x97, 0x4B, 0x21, 0xB2, 0xC8, 0x25, 0x4D, 0x8C, 0x72, 0x9E, 0x0B, 0x90, 0x35, 0xBF, 0x86, 0xFE,
    0x30, 0xCD, 0xFF, 0x4D, 0x91, 0x75, 0x8E, 0x08, 0x4E, 0x32, 0xC2, 0xC8, 0x4C, 0x73, 0x57, 0x43,
    0xCA, 0x95, 0x6C, 0xAC, 0x23, 0x1A, 0xA2, 0x0B, 0x97, 0x8D, 0x78, 0x4E, 0x1C, 0x89, 0xAF, 0x57,
    0xA3, 0xF8, 0xDA, 0xEF, 0xA4, 0x34, 0x71, 0x25, 0x50, 0x40, 0x19, 0x1C, 0xF2, 0x1A, 0xDF, 0x64,
    0x07, 0xDE, 0x80, 0xC4, 0x6B, 0x4E, 0x0F, 0x12, 0x2F, 0x85, 0x65, 0x53, 0xF2, 0x7C, 0x97, 0xDA,
    0x19, 0x38, 0xA0, 0xC0, 0x60, 0xF4, 0x5C, 0x32, 0xD8, 0x5C, 0xA5, 0xC1, 0xA5, 0x28, 0xFB, 0x8D,
    0xCD, 0xAB, 0x93, 0x04, 0x93, 0xDD, 0xB1, 0xF3, 0xE6, 0x6B, 0x0A, 0x46, 0x35, 0x29, 0x2F, 0x4A,
    0x60, 0x90, 0x9B, 0x63, 0x99, 0x9F, 0x95, 0x41, 0xEF, 0xEA, 0x28, 0xD9, 0x64, 0xD9, 0x87, 0x79,
    0x8E, 0xB8, 0xFC, 0xB9, 0xC7, 0xEF, 0xAC, 0x28, 0xC4, 0x3F, 0xD2, 0x28, 0x7F, 0xDC, 0xCB, 0x19,
    0xCE, 0x50, 0x15, 0x38, 0x86, 0x97, 0x76, 0x89, 0x34, 0x8D, 0xF9, 0x62, 0x33, 0x5F, 0xFA, 0xC5,
    0x1F, 0x73, 0xD5, 0xC1, 0x9C, 0xEB, 0x5E, 0x79, 0xE0, 0xF2, 0x45, 0x06, 0x8F, 0x8F, 0xBA, 0x51,
    0x4E, 0xB0, 0x6F, 0x1B, 0xCB, 0x18, 0x7A, 0xAC, 0xCE, 0x56, 0x8C, 0x8B, 0xA9, 0x37, 0xB7, 0xB7,
    0x54, 0xB2, 0x21, 0x38, 0x7B, 0xCB, 0x34, 0x31, 0x75, 0x8A, 0x26, 0x72, 0x13, 0x9B, 0x84, 0xE3,
    0xD0, 0x10, 0x7B, 0x0B, 0x28, 0xEE, 0x04, 0x64, 0x78, 0x02, 0x6E, 0x2C, 0x03, 0x7F, 0xBC, 0xEE,
    0x98, 0x79, 0x9C, 0xF7, 0x60, 0x66, 0xE6, 0x60, 0x48, 0x4A, 0xD5, 0x5D, 0x1E, 0x6F, 0x1F, 0x65,
    0x46, 0x26, 0x69, 0xE2, 0x30, 0xC6, 0xDC, 0xEF, 0xAD, 0x4B, 0xE7, 0x9D, 0xE1, 0xA4, 0x69, 0xC8,
    0x9E, 0xA5, 0x0C, 0x64, 0x66, 0xC2, 0x1C, 0xA7, 0x09, 0x6B, 0x76, 0xFD, 0x39, 0x76, 0xA5, 0x78,
    0x8C, 0xB0, 0xE3, 0x9F, 0x1C, 0xB6, 0xD5, 0xFB, 0x36, 0x50, 0x8F, 0xBA, 0xE3, 0xAF, 0xDA, 0x3B,
    0xA4, 0xBD, 0x29, 0x99, 0xFE, 0x5D, 0x8B, 0x60, 0x52, 0x15, 0x40, 0x58, 0x13, 0xD7, 0x45, 0x36,
    0x41, 0xC9, 0xFB, 0x81, 0x80, 0x03, 0x16, 0xD9, 0xAF, 0xB9, 0xD6, 0xEF, 0x6E, 0x75, 0x20, 0xB7,
    0x82, 0x1A, 0xE3, 0xBA, 0x94, 0xF6, 0x67, 0x64, 0xBE, 0xE6, 0x9A, 0x67, 0x37, 0x54, 0xB5, 0x33,
    0x9F, 0x71, 0xAC, 0xD7, 0x48, 0x5B, 0x4E, 0x0A, 0x7D, 0x77, 0x7E, 0xBE, 0x8F, 0x8C, 0x5F, 0x92,
    0xFE, 0x29, 0xD2, 0x7E, 0x40, 0xC6, 0xBF, 0x6F, 0xE0, 0xF9, 0x31, 0xF1, 0x48, 0xC7, 0x1C, 0x3A,
    0xA2, 0x34, 0x64, 0x40, 0xFB, 0x7A, 0xAE, 0xF5, 0x69, 0xC8, 0xDE, 0xAF, 0x6F, 0xB6, 0x54, 0xB8,
    0xC1, 0x87, 0x41, 0xE7, 0x4B, 0xA2, 0x10, 0xBD, 0x00, 0x87, 0xB7, 0xB3, 0xBC, 0xC4, 0x2F, 0xF7,
    0xD2, 0x31, 0x53, 0xA0, 0xE1, 0x45, 0x79, 0xCA, 0xBD, 0x4D, 0x5F, 0xED, 0x15, 0x65, 0x04, 0x9E,
    0xEE, 0x6D, 0x00, 0x29, 0x27, 0x60, 0xCA, 0xBC, 0xA2, 0x8C, 0xCB, 0x4E, 0xCF, 0x9C, 0xE9, 0x93,
    0xB8, 0xED, 0x8B, 0xAE, 0xF1, 0x9F, 0x4A, 0xFF, 0xA1, 0xDB, 0x73, 0x77, 0xC4, 0x08, 0xEF, 0x12,
    0x7D, 0x85, 0xE8, 0x0D, 0xA2, 0x2B, 0x5B, 0x28, 0xE1, 0x8A, 0x83, 0xD6, 0xEB, 0xEF, 0xAF, 0x3B,
    0x6E, 0xA1, 0xC4, 0xBA, 0xC4, 0x89, 0x38, 0x82, 0x56, 0x4E, 0xC5, 0x83, 0xF7, 0x95, 0x58, 0xB7,
    0x02, 0x5F, 0x63, 0xF8, 0xE6, 0x03, 0x0E, 0xE0, 0x5B, 0xCF, 0x30, 0x7C, 0x68, 0x0D, 0xC3, 0x5F,
    0xDE, 0xE1, 0xD2, 0xF1, 0x46, 0xF0, 0x6E, 0x6B, 0x65, 0xF6, 0x32, 0x97, 0x39, 0x4F, 0x19, 0x57,
    0x7D, 0x41, 0xF6, 0xBA, 0xBA, 0x4D, 0xE9, 0x38, 0xAE, 0x91, 0xC4, 0x7A, 0xF6, 0x44, 0xB4, 0xFA,
    0xF8, 0x8C, 0x08, 0xA2, 0xF5, 0xFB, 0x1F, 0x90, 0xD2, 0x31, 0x07, 0xD3, 0x75, 0xA9, 0xED, 0xF6,
    0xBF, 0x80, 0xD3, 0xE4, 0x0A, 0x4E, 0xB9, 0xE2, 0xA6, 0x4B, 0xC7, 0x4E, 0x14, 0x70, 0xB1, 0xE3,
    0xB0, 0x2B, 0x68, 0xA9, 0x1D, 0xAD, 0xCA, 0x6E, 0xB1, 0xCC, 0xB7, 0x1D, 0x00, 0x84, 0xCF, 0x59,
    0xD5, 0x4E, 0x9A, 0x68, 0x87, 0x4B, 0x93, 0xEB, 0xA0, 0xDC, 0xCB, 0x27, 0x0E, 0x7C, 0xE9, 0x21,
    0xAE, 0xA4, 0x5E, 0xE5, 0x2C, 0xF7, 0x2D, 0xF5, 0xC1, 0x60, 0x13, 0xAB, 0x41, 0x89, 0x25, 0x7B,
    0x85, 0x85, 0xEA, 0x9E, 0x76, 0xF4, 0xDC, 0xD9, 0x73, 0x73, 0x93, 0xBF, 0xFB, 0x2B, 0xBE, 0xFB,
    0x32, 0xDF, 0x5D, 0x77, 0xB7, 0x89, 0xF0, 0x25, 0xC9, 0xCC, 0x3B, 0x66, 0x73, 0xAB, 0x65, 0xDC,
    0x74, 0xA4, 0xCD, 0xAC, 0xCA, 0xAC, 0xC7, 0x6D, 0x25, 0xDE, 0x2A, 0xDC, 0x1D, 0x59, 0x08, 0x88,
    0x57, 0x93, 0xB3, 0x91, 0x14, 0x84, 0x51, 0x32, 0x1F, 0x19, 0x98, 0x98, 0xFD, 0xB1, 0xBD, 0xB5,
    0x9F, 0x95, 0x1D, 0x38, 0xB0, 0x26, 0x30, 0x27, 0x40, 0x72, 0xEE, 0xD9, 0x93, 0x49, 0x0A, 0xCD,
    0x96, 0x7A, 0xCF, 0x4B, 0x14, 0x6D, 0xF8, 0x61, 0xE8, 0xBC, 0x7D, 0xEA, 0xFD, 0xF4, 0x36, 0xF9,
    0xE6, 0x31, 0x80, 0xBF, 0x7E, 0x81, 0xE9, 0x5D, 0xDC, 0x14, 0xBD, 0x71, 0x8D, 0xBC, 0x98, 0x27,
    0x6A, 0x22, 0x54, 0x9A, 0xDD, 0x4C, 0x8D, 0x3C, 0x86, 0x91, 0x06, 0x8C, 0x12, 0x60, 0x3C, 0x3D,
    0x4A, 0xDA, 0x4F, 0x37, 0x09, 0x63, 0x4B, 0xB5, 0xFA, 0x38, 0xC5, 0xFE, 0x35, 0x46, 0x7D, 0xCD,
    0x8F, 0xC0, 0x74, 0x74, 0x55, 0x4F, 0x2C, 0x83, 0x30, 0x69, 0xFE, 0x61, 0x04, 0x03, 0xD7, 0xC0,
    0x46, 0xFB, 0xE1, 0xED, 0x59, 0xFF, 0x59, 0x17, 0xFC, 0xB6, 0xCC, 0x52, 0xE4, 0xA1, 0x81, 0xC3,
    0x98, 0x05, 0x0E, 0xF3, 0xEC, 0xEE, 0x0E, 0x61, 0x1B, 0x57, 0xC8, 0xF8, 0xB8, 0xCC, 0xF5, 0x7C,
    0xB6, 0x95, 0xFA, 0xEB, 0x6A, 0xB7, 0xA6, 0xA7, 0x6D, 0xAD, 0x27, 0x29, 0x29, 0xF0, 0xF5, 0xB5,
    0x8D, 0xF7, 0xC8, 0x1A, 0xF2, 0xA4, 0x3C, 0xA5, 0x7D, 0x9B, 0x99, 0x3D, 0xB7, 0x73, 0xCC, 0x46,
    0x87, 0x33, 0x78, 0xF2, 0x6D, 0x92, 0x6A, 0xB5, 0xA4, 0x10, 0xE9, 0x9D, 0x5F, 0x6E, 0x6A, 0x2F,
    0x1E, 0x31, 0xCE, 0xD9, 0xA4, 0xFA, 0xB4, 0xC3, 0x38, 0xD3, 0xC2, 0x0C, 0xA2, 0x47, 0xC1, 0xB3,
    0xEE, 0x35, 0x99, 0x9D, 0xC6, 0xBB, 0xC3, 0xF0, 0xE1, 0x43, 0xF5, 0x57, 0x31, 0x9C, 0x37, 0xDC,
    0x68, 0x78, 0xE5, 0x2E, 0x19, 0xDA, 0xEA, 0xFA, 0x5C, 0x12, 0x90, 0x77, 0x4F, 0xD3, 0x66, 0xE0,
    0x30, 0xEB, 0x17, 0x59, 0x7C, 0xC1, 0xF2, 0xA3, 0x0A, 0x32, 0xCA, 0x15, 0xAE, 0x4D, 0xD2, 0xB3,
    0x85, 0x31, 0xE9, 0xEF, 0xE0, 0xB1, 0x37, 0xE3, 0xD0, 0x36, 0x1D, 0xC3, 0x78, 0xD4, 0xE9, 0x12,
    0x87, 0x5D, 0x58, 0xC3, 0xDC, 0xD4, 0x86, 0xA5, 0x8D, 0x55, 0x93, 0x34, 0xC7, 0x52, 0x29, 0x67,
    0x78, 0xC1, 0x56, 0x7B, 0xD7, 0xD9, 0x39, 0x76, 0xBB, 0x6F, 0xEF, 0xDE, 0xEB, 0x2E, 0xFB, 0xD1,
    0x0E, 0x60, 0x62, 0xEF, 0xB4, 0x2A, 0x6B, 0x5C, 0x55, 0x07, 0x2B, 0x2E, 0x92, 0x5B, 0xDE, 0x36,
    0x70, 0x87, 0x87, 0xD3, 0x55, 0xAD, 0xE5, 0x23, 0x13, 0x4E, 0x67, 0x93, 0x87, 0x71, 0x20, 0xF7,
    0xBE, 0x2A, 0x16, 0x39, 0x0A, 0xA4, 0x7B, 0x5A, 0x01, 0xB6, 0xA5, 0xE6, 0xD2, 0x5E, 0x07, 0xEC,
    0xB5, 0x7B, 0x94, 0x82, 0xB4, 0x37, 0xB5, 0xA6, 0x62, 0xD3, 0xBD, 0xE6, 0xE8, 0x09, 0x60, 0x4A,
    0xE2, 0x8A, 0xFB, 0x89, 0x9E, 0x57, 0x9B, 0x21, 0xE6, 0xB2, 0x32, 0xAE, 0xFB, 0x71, 0x31, 0xA2,
    0xA7, 0xBE, 0x7B, 0x65, 0x83, 0xE5, 0x43, 0xAE, 0x7E, 0xD5, 0x8F, 0xF3, 0x82, 0xDD, 0x5D, 0x48,
    0x8F, 0x16, 0x2A, 0x6B, 0x0E, 0x45, 0x9A, 0x6F, 0xB6, 0xB3, 0x97, 0x54, 0x92, 0x2B, 0x39, 0xD9,
    0x69, 0xDE, 0xE6, 0x1A, 0xD2, 0xBC, 0xC2, 0x23, 0xD7, 0xB8, 0xF4, 0xF3, 0x09, 0xC5, 0x56, 0x30,
    0xE0, 0xF5, 0xA7, 0x56, 0xAD, 0xCE, 0x0A, 0x82, 0xAE, 0xFD, 0x2F, 0x74, 0xB6, 0xA0, 0x94, 0xAA,
    0xF9, 0xC6, 0xC8, 0xE2, 0x1C, 0x14, 0x09, 0xEE, 0xCC, 0x55, 0xA4, 0x6D, 0x7C, 0x0B, 0x0A, 0xE3,
    0x9C, 0x4F, 0x16, 0xD8, 0x76, 0x95, 0x17, 0x89, 0x13, 0x2A, 0xC5, 0x9E, 0x7F, 0xB2, 0xDB, 0x62,
    0x6F, 0x11, 0x36, 0x7B, 0x82, 0x37, 0xC0, 0xBA, 0x9F, 0xA3, 0xDF, 0x63, 0x5D, 0x70, 0x19, 0xAC,
    0x44, 0xA1, 0x3A, 0xDB, 0x4D, 0x7B, 0x21, 0x46, 0xCF, 0x5B, 0x80, 0x3F, 0x1C, 0xF0, 0xDF, 0x19,
    0xFC, 0xC1, 0x64, 0xCB, 0x35, 0x69, 0xF5, 0x64, 0x8D, 0xC3, 0xF8, 0x45, 0x52, 0x79, 0xD2, 0x7B,
    0x81, 0x92, 0xF7, 0xE6, 0xD5, 0xFA, 0xFB, 0x56, 0x35, 0x37, 0x5E, 0x8D, 0x72, 0x21, 0x93, 0xEE,
    0xE7, 0x89, 0xBE, 0xF6, 0x14, 0x65, 0x6F, 0xAE, 0xF2, 0x84, 0x52, 0x2D, 0x4A, 0xD4, 0xB4, 0xAF,
    0x11, 0x3D, 0x85, 0x1F, 0x5C, 0xFA, 0x0B, 0x45, 0x5F, 0x71, 0xB3, 0xA1, 0xB3, 0x20, 0xBF, 0x69,
    0x4A, 0x5F, 0x30, 0x17, 0x87, 0xDC, 0x45, 0xD0, 0x63, 0xD0, 0xCF, 0xE8, 0xA3, 0xD0, 0xEA, 0x41,
    0x18, 0x86, 0x47, 0xE8, 0xEF, 0x55, 0x11, 0x30, 0x7F, 0x1B, 0x40, 0x78, 0x63, 0x43, 0x06, 0x13,
    0x7A, 0xD5, 0xFD, 0x23, 0xB6, 0x86, 0xDA, 0x80, 0xAB, 0xFF, 0x83, 0xEB, 0xFE, 0x25, 0x5D, 0x8E,
    0x98, 0xDE, 0xF5, 0x1F, 0x8A, 0xD8, 0x95, 0xD5, 0xA2, 0x34, 0xE9, 0x64, 0x20, 0x19, 0x92, 0xE1,
    0xFB, 0x6F, 0xF1, 0x80, 0x47, 0xCD, 0x9B, 0x0D, 0x96, 0xCF, 0xE5, 0x8B, 0x03, 0x16, 0xA2, 0x44,
    0x8D, 0x97, 0x0F, 0xBF, 0x13, 0x90, 0xEC, 0x20, 0xB0, 0x9B, 0xF2, 0x67, 0x01, 0x08, 0xA5, 0x58,
    0x70, 0xD6, 0xAC, 0x28, 0xB8, 0x3F, 0x1C, 0xEF, 0xB1, 0xB2, 0x63, 0xBE, 0x5B, 0x4E, 0x39, 0xFE,
    0xDF, 0x43, 0x74, 0x35, 0xD4, 0xEC, 0x2D, 0xD7, 0x52, 0x7C, 0x5D, 0xFB, 0x9C, 0xE5, 0x1E, 0x8A,
    0xE1, 0xD8, 0xF1, 0x9F, 0x3F, 0x6C, 0x37, 0xC6, 0x23, 0xC4, 0x86, 0xD1, 0x7A, 0xA9, 0xB5, 0x4A,
    0x06, 0x13, 0x5D, 0x81, 0x50, 0xFF, 0x4F, 0xBD, 0x4F, 0xFF, 0x19, 0x88, 0x2A, 0x67, 0xC3, 0x16,
    0xFF, 0xCD, 0xC2, 0x3A, 0x1D, 0x04, 0x52, 0xFB, 0x79, 0xCF, 0xBF, 0x29, 0xB4, 0x5A, 0x37, 0x6F,
    0xC4, 0x7F, 0x6E, 0x71, 0xBA, 0x62, 0xD0, 0x76, 0xE1, 0x49, 0xBE, 0xCC, 0x08, 0xF4, 0x6A, 0x91,
    0xC3, 0xCA, 0x30, 0x5C, 0x25, 0xED, 0x2C, 0x19, 0xBF, 0x47, 0xDA, 0x37, 0x89, 0xFE, 0x55, 0xA4,
    0x71, 0x52, 0x22, 0xD2, 0x61, 0xD0, 0xD9, 0xEF, 0x58, 0xCE, 0x88, 0x3B, 0xE2, 0x0F, 0x78, 0x5F,
    0x72, 0x0B, 0x85, 0x81, 0xE2, 0x11, 0x77, 0xFC, 0xC4, 0x40, 0xD5, 0x76, 0x6D, 0x65, 0x29, 0x2E,
    0xD9, 0x5A, 0xB2, 0xAE, 0x38, 0x42, 0x1A, 0x32, 0x8D, 0xC7, 0x49, 0xFB, 0x06, 0xE9, 0xDF, 0x23,
    0xED, 0x8D, 0x67, 0x1F, 0x7C, 0x88, 0xE8, 0xDC, 0x7B, 0x97, 0xD8, 0x67, 0x46, 0xAB, 0x31, 0x11,
    0xFF, 0x44, 0xBA, 0xA6, 0xEE, 0x3D, 0xCA, 0xA7, 0x7B, 0x8F, 0xF6, 0x61, 0x4A, 0x01, 0x24, 0x2F,
    0xC6, 0xE1, 0x23, 0x74, 0xD0, 0x39, 0x82, 0x34, 0x74, 0x4C, 0xFE, 0x0D, 0x70, 0xEB, 0x74, 0x46,
    0xBB, 0x5F, 0x46, 0xE8, 0x18, 0xDD, 0xEF, 0xE6, 0x9D, 0x07, 0x69, 0x02, 0x66, 0x66, 0x9C, 0xE6,
    0x9B, 0xFB, 0x21, 0x08, 0x61, 0x3D, 0x4D, 0xF7, 0x3A, 0x9F, 0x74, 0x4E, 0xBB, 0x57, 0xB8, 0x0A,
    0xC6, 0xC3, 0xFD, 0x4D, 0xB4, 0x7F, 0x73, 0xC9, 0xF8, 0xFC, 0x09, 0x1A, 0xFA, 0x9B, 0xE7, 0xE8,
    0xE3, 0x7F, 0xF0, 0xC7, 0xF4, 0xF1, 0xD3, 0x5F, 0xA6, 0x03, 0xCF, 0x7F, 0x9D, 0xFA, 0x9F, 0x87,
    0x50, 0xDD, 0xAE, 0x9D, 0x5B, 0xA4, 0x81, 0xB7, 0x9F, 0xA3, 0xF1, 0xE3, 0x03, 0xF4, 0xD1, 0x73,
    0xE7, 0x68, 0xEC, 0xAB, 0x8F, 0x48, 0x93, 0xFD, 0x31, 0xB7, 0x90, 0x37, 0x4E, 0xB4, 0x02, 0x04,
    0xA4, 0x3D, 0xBD, 0xB1, 0xDD, 0xC0, 0x19, 0xD1, 0xFD, 0x3F, 0x27, 0xFA, 0x51, 0xCF, 0xC5, 0xE5,
    0x0F, 0xC0, 0xAE, 0x9B, 0x3D, 0x94, 0xCB, 0xAB, 0xF2, 0x11, 0x77, 0xAA, 0x4A, 0xD9, 0x4B, 0x01,
    0x2C, 0x90, 0xF5, 0xF6, 0xAD, 0x90, 0xDB, 0x0F, 0x6B, 0x52, 0x95, 0x47, 0x2C, 0x83, 0xFC, 0xC4,
    0xBE, 0x88, 0x8E, 0x54, 0xB2, 0xDD, 0xAA, 0xA1, 0x16, 0x75, 0xE5, 0x91, 0x52, 0x8E, 0xF2, 0x3D,
    0xF5, 0xF2, 0x75, 0x35, 0x1F, 0xBA, 0xD9, 0x2F, 0x8A, 0xB0, 0x36, 0x08, 0x0C, 0x2A, 0x71, 0x4D,
    0x97, 0x66, 0x35, 0xAF, 0xF2, 0xB0, 0x97, 0x87, 0xF1, 0x6E, 0x32, 0x04, 0x90, 0x34, 0x2A, 0x76,
    0xAD, 0x9A, 0xFC, 0x65, 0xEC, 0x83, 0xB3, 0x09, 0x67, 0x07, 0xF7, 0x44, 0x6F, 0xA8, 0x60, 0xFF,
    0xFF, 0xB4, 0x47, 0x39, 0x13, 0x15, 0x9A, 0xE7, 0xA3, 0x42, 0x73, 0xEE, 0xB6, 0x9B, 0xA8, 0xB7,
    0xBA, 0x53, 0x17, 0x34, 0xA5, 0xCC, 0x80, 0x52, 0x90, 0xAD, 0xF5, 0x6A, 0xC2, 0xEB, 0xED, 0xC1,
    0x89, 0x12, 0x3F, 0xFD, 0x05, 0xA1, 0xE7, 0x39, 0xA2, 0x3B, 0xEF, 0x75, 0xFC, 0x10, 0x55, 0xEF,
    0xA3, 0xC2, 0x7D, 0x54, 0xBC, 0x8F, 0x4A, 0x1F, 0xEA, 0xDA, 0xEB, 0x68, 0xC8, 0x72, 0x3F, 0x28,
    0x41, 0x9B, 0x58, 0x5A, 0xBB, 0xF9, 0xA9, 0x87, 0xD8, 0xFF, 0xFF, 0x00, 0x2D, 0x8E, 0x31, 0x4E,
    0xC3, 0x40, 0x10, 0x45, 0x3F, 0x1E, 0xA4, 0x95, 0xB0, 0x94, 0x49, 0x89, 0x44, 0x64, 0x53, 0x22,
    0xA4, 0xC8, 0x4D, 0x0A, 0x17, 0x88, 0xDD, 0x9E, 0x4B, 0xE4, 0x08, 0x29, 0xDD, 0x20, 0xF6, 0x08,
    0x3E, 0x42, 0xEA, 0x54, 0x5C, 0x20, 0xF2, 0x48, 0x29, 0x28, 0xF1, 0x11, 0x7C, 0x84, 0x29, 0x52,
    0x50, 0x2C, 0x5A, 0xC6, 0x21, 0xBF, 0xFA, 0x33, 0xF3, 0xBF, 0xE6, 0x65, 0xCD, 0xFA, 0x7C, 0x38,
    0xF4, 0x3E, 0x67, 0x85, 0xC9, 0xBC, 0x69, 0x6F, 0x63, 0xBE, 0x6E, 0x4C, 0x45, 0xAC, 0xD0, 0x62,
    0x87, 0x23, 0x06, 0x78, 0x9B, 0x6B, 0x78, 0xA9, 0x85, 0x84, 0x02, 0xA3, 0xBB, 0x24, 0x9A, 0xE0,
    0x85, 0x85, 0xA2, 0xC3, 0x1A, 0x5B, 0xCB, 0xEF, 0x2B, 0x17, 0xDB, 0x05, 0x76, 0x2B, 0x1C, 0x9B,
    0x30, 0x34, 0xE2, 0x59, 0xE6, 0x9E, 0x13, 0xFF, 0xAD, 0xF5, 0x97, 0x92, 0x28, 0x85, 0x91, 0x49,
    0xBA, 0xEA, 0xFA, 0xA2, 0x79, 0x1B, 0xED, 0xC4, 0x27, 0xA5, 0x38, 0xB9, 0x1B, 0x59, 0x97, 0x61,
    0x7B, 0x8F, 0xBB, 0xE8, 0x75, 0xF8, 0xC9, 0x29, 0xA7, 0x21, 0x7D, 0x9C, 0x1F, 0xFA, 0xE5, 0x9C,
    0x4C, 0x85, 0x96, 0x63, 0xA2, 0x33, 0x4F, 0x17, 0xF7, 0x5F, 0xEF, 0x0B, 0x71, 0x52, 0xE3, 0x15,
    0xEF, 0x06, 0xC8, 0x81, 0x04, 0xD3, 0x23, 0x5E, 0x0C, 0x94, 0xA3, 0x9B, 0x48, 0x4B, 0x61, 0x03,
    0xDB, 0xE0, 0x29, 0xCD, 0xB8, 0xDD, 0xAF, 0x7E, 0xB6, 0xAB, 0xDB, 0x3F, 0xBD, 0x59, 0xCD, 0x6F,
    0x1C, 0x49, 0x15, 0x7F, 0xDD, 0xE5, 0xB8, 0x48, 0xDA, 0x9E, 0xB6, 0xC4, 0x82, 0x12, 0xD9, 0x78,
    0x56, 0x22, 0x07, 0x1F, 0xC6, 0xE9, 0x41, 0xB2, 0x90, 0x37, 0x1A, 0xBB, 0x5B, 0x8B, 0xD8, 0x1C,
    0xF1, 0x81, 0xDB, 0x22, 0x91, 0xC3, 0x4A, 0xAC, 0x76, 0x85, 0xEC, 0x45, 0x46, 0x58, 0xCB, 0x64,
    0xA6, 0x21, 0x87, 0x1C, 0xF6, 0x80, 0x01, 0x89, 0x2B, 0x5E, 0x69, 0x0F, 0x2C, 0x8B, 0x14, 0x0B,
    0x59, 0x28, 0xAC, 0x4C, 0xA6, 0x96, 0xFC, 0x01, 0x34, 0x0A, 0x07, 0xA4, 0x20, 0xA5, 0x37, 0xBB,
    0x07, 0xC4, 0x22, 0xD2, 0x28, 0x23, 0xED, 0x78, 0x19, 0x4F, 0xF1, 0x7B, 0x55, 0x3D, 0x1F, 0x71,
    0xFC, 0x35, 0xB1, 0xB3, 0xDD, 0x53, 0x35, 0x5F, 0x55, 0xBF, 0x7A, 0xEF, 0x57, 0xEF, 0xBD, 0x7A,
    0x55, 0x4D, 0xEB, 0x45, 0x75, 0xEB, 0xAA, 0x97, 0x5C, 0x23, 0x5C, 0x78, 0x5F, 0xB8, 0x28, 0xD3,
    0x45, 0xEA, 0x5F, 0x61, 0xAB, 0xDE, 0xA2, 0x58, 0x24, 0x5F, 0xDC, 0xF8, 0x43, 0x16, 0xD0, 0x08,
    0x4D, 0x10, 0x95, 0x89, 0x56, 0xBA, 0xAF, 0x0A, 0x5A, 0xBC, 0x17, 0xF9, 0x3A, 0x72, 0x7E, 0x83,
    0xC6, 0x4E, 0x7A, 0x69, 0xE9, 0x7B, 0xC9, 0x0B, 0xDC, 0x6F, 0xC9, 0x53, 0xB7, 0xF8, 0x7D, 0x1F,
    0x38, 0x11, 0x8D, 0xAB, 0x82, 0x92, 0xC9, 0x02, 0xC0, 0xDC, 0xF8, 0x9C, 0xF2, 0x12, 0x91, 0x5E,
    0x62, 0xE0, 0xC1, 0x21, 0xF3, 0xFE, 0xE6, 0xF3, 0x20, 0x4E, 0x34, 0x92, 0xBC, 0xBC, 0x5E, 0x8B,
    0xD1, 0x7A, 0xC2, 0x2D, 0x7F, 0x75, 0x33, 0x48, 0x46, 0x1E, 0xEB, 0x37, 0x53, 0xFB, 0x65, 0x6D,
    0x04, 0xA0, 0xC9, 0x18, 0x74, 0x71, 0x06, 0xFE, 0x70, 0x5B, 0xE4, 0xB5, 0xA9, 0x30, 0x46, 0x33,
    0x44, 0xB3, 0x04, 0x89, 0xD3, 0x40, 0xC7, 0x7F, 0x24, 0xBA, 0x70, 0xB6, 0xD1, 0xA6, 0x08, 0xA2,
    0xC7, 0x42, 0x89, 0x04, 0xA5, 0x77, 0xBB, 0x7B, 0xEE, 0x0B, 0xE7, 0x6D, 0x4B, 0x8A, 0x06, 0x5B,
    0x75, 0xDB, 0x39, 0xB8, 0x49, 0x51, 0x42, 0x9A, 0x02, 0x87, 0x8A, 0xD1, 0xD7, 0xE8, 0x72, 0x14,
    0x44, 0xCF, 0xD3, 0x28, 0xF9, 0xE4, 0x47, 0x3E, 0xF5, 0x6F, 0x6F, 0xCF, 0xED, 0x50, 0x40, 0xDC,
    0x3A, 0x44, 0x6B, 0x87, 0x7C, 0x7A, 0xB2, 0xAD, 0xC4, 0x2D, 0x48, 0x44, 0xA2, 0x4D, 0xDB, 0x98,
    0x02, 0x02, 0x11, 0x6F, 0x13, 0xBD, 0x4F, 0x54, 0x23, 0x7A, 0x97, 0xA8, 0x11, 0x93, 0x4E, 0xDC,
    0x0F, 0x32, 0x41, 0x9B, 0x82, 0xE6, 0x44, 0xB2, 0xE6, 0xEA, 0x16, 0x35, 0x56, 0xCD, 0xFC, 0xA4,
    0x13, 0x9E, 0x0A, 0x75, 0x04, 0xD5, 0xF9, 0x62, 0xAE, 0x42, 0x94, 0xDF, 0xA3, 0x7C, 0x88, 0x52,
    0x47, 0x61, 0x7A, 0x2F, 0xA1, 0x34, 0x14, 0x39, 0x9F, 0x24, 0x24, 0xE2, 0x0C, 0x63, 0x6D, 0xA2,
    0xCC, 0x91, 0x48, 0xE7, 0xC9, 0xD5, 0x9A, 0x68, 0x19, 0x85, 0xD1, 0x28, 0x25, 0xE0, 0x11, 0x00,
    0xC9, 0xDB, 0xB5, 0xDC, 0x9E, 0x87, 0x09, 0x2C, 0xA0, 0xF4, 0xEF, 0xD2, 0x9E, 0x7B, 0x04, 0x43,
    0xBE, 0x4D, 0x6F, 0x42, 0xD8, 0x25, 0x7C, 0xAE, 0xEC, 0xD3, 0x76, 0x0A, 0xF7, 0x18, 0x8D, 0x93,
    0x9F, 0xB9, 0x19, 0x18, 0x50, 0x33, 0xD1, 0x74, 0x5C, 0x8C, 0x2F, 0x02, 0xDD, 0x8D, 0x46, 0x28,
    0x48, 0x42, 0x6A, 0xA4, 0x6F, 0x38, 0x19, 0x5D, 0x16, 0x18, 0x5B, 0xC0, 0x4C, 0x25, 0x66, 0x5F,
    0xFE, 0x8D, 0xCA, 0x42, 0xAB, 0x15, 0xFC, 0xC7, 0x7A, 0xAE, 0x90, 0xAB, 0x2A, 0x14, 0x44, 0xE1,
    0xCD, 0x5D, 0xC2, 0xE4, 0x92, 0xF3, 0xAE, 0x55, 0xD7, 0xE8, 0x4B, 0x6F, 0x70, 0x75, 0xB9, 0xF7,
    0xF5, 0x2A, 0x88, 0x86, 0xC1, 0xF9, 0x3A, 0x2E, 0x73, 0xB5, 0x42, 0xA2, 0xC9, 0xEA, 0x55, 0x09,
    0xA4, 0x8D, 0x43, 0x1D, 0x67, 0x9B, 0x82, 0x7F, 0x01, 0xC4, 0xD3, 0x1D, 0xB4, 0xFE, 0xAD, 0x9D,
    0xF4, 0xEC, 0xDC, 0x84, 0xDC, 0x90, 0xE9, 0x19, 0x02, 0x3B, 0x19, 0x35, 0xE9, 0x16, 0xCD, 0xD3,
    0xBC, 0xB3, 0x15, 0x66, 0xB5, 0x08, 0x58, 0x10, 0x4F, 0x4C, 0x90, 0x78, 0x87, 0xDC, 0x26, 0xB9,
    0x6C, 0xAF, 0x86, 0xB0, 0x8C, 0xBF, 0x86, 0x5A, 0xD5, 0x8A, 0xEA, 0x7C, 0x65, 0xA1, 0x62, 0xAE,
    0x52, 0x7E, 0x1D, 0xCD, 0x45, 0xD7, 0xB0, 0x05, 0x0B, 0xE0, 0xC5, 0x5C, 0x29, 0x38, 0x9F, 0xB0,
    0x15, 0xE0, 0x1D, 0x35, 0x0F, 0x8E, 0x54, 0x18, 0x39, 0x8D, 0xA8, 0xA8, 0x75, 0x1B, 0xB3, 0xD5,
    0x89, 0x06, 0xBC, 0x0D, 0x0D, 0xB8, 0x3B, 0x03, 0xB9, 0x49, 0xFE, 0x53, 0xB9, 0x5B, 0x45, 0x5D,
    0x00, 0x61, 0x00, 0x12, 0x00, 0x74, 0x34, 0x03, 0x04, 0x83, 0x08, 0x9B, 0x8C, 0x62, 0xAC, 0x27,
    0x1B, 0xFC, 0x71, 0x2F, 0x01, 0x7C, 0x25, 0x22, 0x33, 0xA3, 0x3C, 0xA1, 0x7A, 0xAF, 0x17, 0x9C,
    0xB0, 0x0B, 0x73, 0x71, 0x75, 0xBB, 0xBD, 0x66, 0x64, 0x91, 0xB1, 0xCC, 0x64, 0x7B, 0xEC, 0xDA,
    0x7C, 0xB1, 0xEC, 0xAF, 0x78, 0x6B, 0xD3, 0x61, 0xDB, 0xE7, 0x36, 0x67, 0x0B, 0x14, 0xD4, 0xC9,
    0x1F, 0xB7, 0x7A, 0x10, 0x9C, 0x01, 0x7E, 0xE2, 0x6A, 0xF2, 0x7E, 0x46, 0xB3, 0x1E, 0xCD, 0x79,
    0x54, 0xBB, 0xC2, 0x86, 0x38, 0xFA, 0x29, 0x84, 0x6B, 0xE7, 0xB6, 0x88, 0x68, 0x44, 0xB5, 0x6D,
    0xD0, 0x55, 0xB9, 0x38, 0x2C, 0x5D, 0x63, 0xDC, 0x37, 0x84, 0x43, 0xD1, 0xEC, 0xCC, 0x30, 0x4C,
    0x8D, 0x95, 0xC2, 0xC5, 0xD9, 0xA9, 0x03, 0x59, 0x71, 0xAF, 0xC7, 0xF2, 0xBE, 0x12, 0x77, 0xBA,
    0xC3, 0xC0, 0x7A, 0x3D, 0xA2, 0x02, 0xBB, 0x5E, 0xA8, 0x9B, 0xF5, 0x9F, 0x83, 0x10, 0xFE, 0x4B,
    0x30, 0x6F, 0xA3, 0xFF, 0x44, 0xB5, 0x58, 0x85, 0xF8, 0xB3, 0x33, 0xC3, 0x88, 0xCF, 0x4D, 0x45,
    0x8A, 0xEA, 0xCC, 0xDF, 0x51, 0x05, 0x0B, 0xA8, 0xA6, 0xA7, 0x86, 0xD0, 0x21, 0x76, 0xD3, 0x33,
    0xFF, 0x28, 0x2E, 0x4E, 0x1F, 0xA4, 0xC5, 0x73, 0x26, 0xCC, 0xBF, 0x16, 0x89, 0x7B, 0xCA, 0x3D,
    0x58, 0x91, 0xD1, 0x75, 0xF0, 0xA7, 0xD7, 0xA9, 0xA6, 0x75, 0x3A, 0x21, 0xE1, 0x3C, 0xC1, 0x0E,
    0xD1, 0xAE, 0x95, 0xCC, 0x8B, 0xD8, 0xAF, 0x88, 0xA6, 0x60, 0x8F, 0x33, 0x30, 0xC7, 0x19, 0xD8,
    0x09, 0x8F, 0xC6, 0xBF, 0xF9, 0x31, 0x5D, 0x15, 0x5A, 0x67, 0xD4, 0xB0, 0x73, 0x51, 0x6C, 0xF2,
    0x44, 0x68, 0x28, 0xB5, 0xBA, 0xAC, 0x37, 0xD0, 0x1F, 0x50, 0x14, 0xF0, 0x7F, 0xBB, 0x53, 0x2C,
    0xBD, 0x1F, 0x71, 0x44, 0xD4, 0x34, 0x26, 0xA9, 0x41, 0xE7, 0x7D, 0x18, 0xD7, 0x0C, 0xC3, 0x9B,
    0x49, 0x33, 0x1A, 0xF8, 0xB1, 0xAB, 0xD0, 0x80, 0x11, 0x74, 0xAB, 0x6B, 0xB1, 0xAF, 0xB2, 0xC8,
    0xFC, 0x93, 0x7C, 0x98, 0xB1, 0x39, 0xB1, 0x5F, 0x03, 0x35, 0xAF, 0x26, 0x77, 0x79, 0x48, 0x40,
    0xD5, 0x5B, 0x7D, 0x23, 0x9F, 0xE7, 0xCA, 0x44, 0xB9, 0xCA, 0x3E, 0x28, 0x4D, 0x46, 0xD1, 0x2C,
    0x71, 0xC0, 0xC1, 0x71, 0x19, 0x0D, 0x27, 0x77, 0x52, 0x46, 0xA9, 0x67, 0x40, 0x99, 0xCC, 0x0E,
    0x44, 0x39, 0x16, 0x51, 0x64, 0x35, 0x9A, 0xC9, 0x3F, 0x9F, 0x88, 0x28, 0x62, 0xA2, 0x28, 0x47,
    0x3B, 0x55, 0xA2, 0x86, 0xE6, 0x43, 0xF2, 0xB0, 0xCA, 0xEA, 0x79, 0x8A, 0x54, 0x50, 0x0F, 0xDC,
    0xA0, 0x77, 0xE1, 0xF3, 0xEB, 0xD9, 0x10, 0x75, 0x50, 0x7C, 0x7D, 0x5A, 0x7B, 0x3B, 0x0E, 0xD4,
    0xD1, 0x24, 0x8F, 0x99, 0xC5, 0xBC, 0x08, 0x99, 0xA1, 0x94, 0x82, 0x72, 0xE4, 0x24, 0x73, 0x0E,
    0x52, 0x00, 0xC5, 0xE3, 0x9E, 0x25, 0x13, 0x47, 0x6D, 0x89, 0x38, 0xF4, 0xB2, 0xFE, 0x18, 0x31,
    0xA5, 0x39, 0xA7, 0x05, 0x1C, 0x1D, 0x05, 0xBB, 0x45, 0x43, 0xDE, 0x8A, 0x89, 0xAA, 0x5B, 0x5D,
    0x21, 0x0E, 0xC7, 0xE5, 0x6B, 0x8E, 0x6C, 0x1C, 0x5E, 0x1B, 0x10, 0xFD, 0xB8, 0xE3, 0xD9, 0xF0,
    0xEE, 0x9B, 0x89, 0x95, 0x06, 0x1D, 0x89, 0x94, 0x7D, 0x39, 0xE6, 0x6B, 0x40, 0xF5, 0x8E, 0x9D,
    0x47, 0xDA, 0xAF, 0x31, 0xE6, 0xB3, 0xC3, 0xAF, 0x27, 0x1B, 0xE3, 0x2A, 0x11, 0xDD, 0xEE, 0x7A,
    0xDF, 0x50, 0x03, 0x1D, 0xDD, 0xF7, 0xD0, 0x71, 0xA9, 0xCF, 0x0B, 0x21, 0x9E, 0xA2, 0xFF, 0x5C,
    0x95, 0xFB, 0x6F, 0x56, 0xB8, 0xCE, 0x4A, 0x5C, 0xEF, 0x4C, 0x71, 0x16, 0xA2, 0xDB, 0x65, 0x98,
    0xD7, 0xCB, 0xCD, 0x15, 0xB3, 0xD2, 0x77, 0x6B, 0xCF, 0xC4, 0x0C, 0xCE, 0xCB, 0xC3, 0x9B, 0x6C,
    0x26, 0xBE, 0x66, 0xBB, 0x30, 0x79, 0xB6, 0xBD, 0xBE, 0x60, 0x84, 0x9A, 0x9B, 0x37, 0x04, 0x6F,
    0xCE, 0x99, 0xB7, 0x74, 0xD3, 0xBE, 0x35, 0x4D, 0x7A, 0xA3, 0xB5, 0x62, 0xE4, 0xC6, 0x5B, 0xCA,
    0x82, 0x52, 0xEF, 0xCD, 0xA3, 0x1E, 0x7A, 0x0E, 0x9F, 0xE3, 0x0F, 0x0E, 0xC0, 0x57, 0x81, 0xF2,
    0xFC, 0xB0, 0x80, 0xC9, 0xDF, 0x98, 0x82, 0xFA, 0x49, 0xC9, 0x83, 0xB6, 0x8B, 0xDF, 0xE0, 0xE9,
    0xD3, 0x54, 0x6B, 0x3C, 0x30, 0x06, 0xC0, 0x39, 0x4F, 0xC1, 0xE7, 0x26, 0x05, 0x6E, 0x52, 0x42,
    0x93, 0xF9, 0x45, 0xD3, 0x24, 0xAB, 0x35, 0x1E, 0x3E, 0x30, 0xEE, 0xBF, 0x44, 0xBD, 0x3C, 0x82,
    0xD3, 0x33, 0x0C, 0xB9, 0xCC, 0xB5, 0x37, 0xFE, 0x8C, 0x99, 0xB2, 0xE3, 0xE6, 0x99, 0x87, 0x1D,
    0x39, 0x1F, 0xBA, 0x37, 0xF6, 0xE7, 0xC4, 0xE9, 0x73, 0xBD, 0x85, 0xE0, 0x35, 0xF4, 0xC1, 0x82,
    0x0A, 0xE2, 0xEC, 0x92, 0x7A, 0x4C, 0x9E, 0x0F, 0x06, 0xA0, 0xE3, 0xCE, 0x82, 0xB4, 0x16, 0x1A,
    0x5A, 0xBF, 0xDD, 0x59, 0x86, 0x4F, 0x3A, 0x22, 0x81, 0x45, 0x93, 0xEF, 0x9B, 0x28, 0xE4, 0x57,
    0xC8, 0x7C, 0x6B, 0x22, 0x1C, 0x5A, 0xD2, 0xA9, 0x6C, 0xC3, 0xDF, 0x53, 0x59, 0xD1, 0x30, 0xE3,
    0xC5, 0x96, 0xE1, 0xB6, 0x1D, 0x6F, 0xFB, 0x69, 0xC6, 0x6B, 0x44, 0x79, 0x84, 0x2F, 0xFE, 0xAA,
    0xC5, 0x29, 0x7D, 0x95, 0x36, 0x33, 0xF8, 0xF1, 0x5D, 0x45, 0x6B, 0x88, 0xF1, 0x93, 0x19, 0x93,
    0x11, 0x5F, 0xF3, 0x6C, 0x20, 0x6F, 0x98, 0xE4, 0x8B, 0x5B, 0xDB, 0xE6, 0xA6, 0xBD, 0xED, 0x60,
    0x7A, 0xF0, 0xB2, 0x30, 0x69, 0x02, 0x15, 0xA6, 0x9D, 0x3B, 0x79, 0x6A, 0x4F, 0x6E, 0x8C, 0xA1,
    0x5B, 0x83, 0xE6, 0xB5, 0xFF, 0xF5, 0x79, 0x73, 0xFE, 0x4C, 0x05, 0x3C, 0x85, 0x49, 0xEA, 0x59,
    0x7C, 0xC8, 0x7D, 0xA6, 0xF7, 0x93, 0x68, 0xA8, 0x79, 0xEC, 0x03, 0x5A, 0xC4, 0xFD, 0x21, 0x9F,
    0x76, 0xC6, 0xAF, 0xF6, 0xD8, 0x6B, 0xF6, 0x3E, 0xF5, 0x2B, 0x43, 0xB2, 0x59, 0x28, 0x57, 0x99,
    0xC5, 0x79, 0xE6, 0xF0, 0x05, 0x66, 0x30, 0x54, 0x92, 0x17, 0x05, 0xE4, 0x0E, 0xE0, 0x2E, 0xDE,
    0xC9, 0x9C, 0x06, 0xC3, 0xB6, 0x68, 0xD4, 0x64, 0x12, 0xA7, 0x06, 0x1A, 0xB3, 0xAC, 0x6D, 0x06,
    0xDD, 0xB6, 0x5B, 0x01, 0xD5, 0xDD, 0x0F, 0x98, 0x5D, 0x85, 0xF9, 0xEA, 0x72, 0xE5, 0x98, 0xA8,
    0xC8, 0x7F, 0x50, 0x1A, 0x60, 0x94, 0x14, 0x46, 0x46, 0x8F, 0xD2, 0x90, 0xD3, 0x1E, 0xAC, 0xCE,
    0x55, 0x4E, 0xA0, 0x32, 0x6C, 0xD3, 0x5D, 0xF5, 0xBA, 0x21, 0x20, 0xA6, 0x3A, 0x72, 0x33, 0x3A,
    0x18, 0x34, 0x19, 0x0E, 0xB4, 0xCD, 0xA0, 0x0D, 0x05, 0xD0, 0xC7, 0x39, 0x15, 0x18, 0x20, 0xF3,
    0x80, 0x93, 0x31, 0xEC, 0x29, 0x71, 0x7A, 0x32, 0xD0, 0x03, 0x38, 0x95, 0xAC, 0x7E, 0x91, 0x17,
    0x7B, 0xEF, 0xF4, 0x38, 0x85, 0xDB, 0x88, 0xC4, 0x37, 0xA0, 0xD1, 0x89, 0x38, 0x75, 0x90, 0xDB,
    0x7A, 0xD0, 0xA9, 0xF8, 0x9E, 0x5D, 0x4B, 0xE7, 0x8D, 0x1F, 0xBE, 0x4A, 0xE1, 0x8D, 0x16, 0x15,
    0xE1, 0x81, 0x62, 0xD7, 0xCE, 0x9E, 0xCC, 0xB3, 0xE8, 0xB1, 0x81, 0xC2, 0xBE, 0x03, 0xB6, 0x5E,
    0x71, 0xB5, 0x6E, 0x22, 0x8D, 0xB1, 0x2B, 0xCA, 0xB7, 0xD9, 0x73, 0x23, 0x93, 0xA9, 0x56, 0xD1,
    0xB1, 0x08, 0xE1, 0xE4, 0x1D, 0x45, 0xEE, 0xC3, 0xC8, 0xE4, 0x3D, 0xAE, 0xDE, 0x25, 0x79, 0x65,
    0xB7, 0x97, 0xA5, 0x4F, 0xE5, 0x58, 0x7E, 0x34, 0x1A, 0x09, 0x3E, 0x36, 0x6A, 0xE4, 0xB9, 0xD0,
    0x99, 0xFC, 0x78, 0x09, 0x09, 0x3B, 0xC7, 0x08, 0x49, 0x79, 0x26, 0x98, 0xBA, 0xB1, 0xDB, 0x69,
    0x20, 0x89, 0xEC, 0x50, 0xFD, 0x33, 0xFC, 0xF1, 0x25, 0x40, 0x26, 0xBE, 0xCE, 0x8A, 0x51, 0x53,
    0xAA, 0x2D, 0x27, 0x43, 0x7E, 0x9F, 0x50, 0x9D, 0xE7, 0xA2, 0xFE, 0x13, 0x6D, 0x8F, 0x18, 0x6C,
    0x8A, 0x6C, 0xB9, 0xC9, 0xF3, 0xE6, 0xD3, 0xD6, 0x3A, 0x37, 0x15, 0x13, 0x35, 0xBB, 0x21, 0xF3,
    0xB4, 0x98, 0xE8, 0x6E, 0x29, 0xF8, 0x14, 0x6A, 0x96, 0x86, 0x63, 0xC7, 0x76, 0xAD, 0x9B, 0xA4,
    0x94, 0x8E, 0x43, 0x56, 0x77, 0xFB, 0x62, 0x8E, 0xBC, 0x66, 0x1F, 0x0F, 0x83, 0x26, 0x4A, 0x72,
    0x54, 0x76, 0xEE, 0x42, 0x47, 0x37, 0x6E, 0xF2, 0x59, 0xDB, 0x5A, 0x99, 0xDC, 0xBF, 0x22, 0x9E,
    0x3B, 0xBA, 0x8D, 0xF4, 0xBF, 0x56, 0xE2, 0x54, 0xBE, 0xBA, 0x18, 0x39, 0xCB, 0xCD, 0x22, 0x07,
    0x5B, 0xB0, 0xF4, 0xCE, 0xA1, 0xD1, 0xDB, 0xEC, 0x1C, 0xA0, 0x0A, 0x39, 0x9F, 0x65, 0x65, 0x90,
    0x9E, 0x61, 0x4D, 0x88, 0xCB, 0xBC, 0x30, 0x94, 0xD7, 0x48, 0x3C, 0x48, 0x17, 0x23, 0x57, 0x2B,
    0x86, 0xD2, 0x80, 0xFA, 0x85, 0xCE, 0x73, 0xBE, 0x76, 0x77, 0xCF, 0x30, 0x83, 0x81, 0x23, 0xF1,
    0x50, 0x09, 0x76, 0xB4, 0x0C, 0x2F, 0xA1, 0x33, 0xB7, 0xB3, 0xCA, 0xE7, 0x17, 0x1C, 0xEE, 0x55,
    0xFD, 0xE3, 0x27, 0x72, 0xF2, 0x11, 0x28, 0x81, 0x68, 0xAE, 0xBC, 0x3B, 0xF0, 0xC8, 0x64, 0x9C,
    0x12, 0xFF, 0x45, 0x25, 0x35, 0x48, 0x68, 0xD7, 0xEF, 0xD9, 0x43, 0xA1, 0x51, 0x4E, 0xD8, 0x6F,
    0x46, 0xE4, 0x9F, 0xCB, 0x85, 0x7C, 0x05, 0x9A, 0x62, 0xCA, 0x24, 0xA6, 0xB3, 0x80, 0x38, 0x34,
    0x86, 0xE9, 0x9C, 0x82, 0x3D, 0x15, 0xDC, 0x6C, 0x02, 0x6C, 0x96, 0xC5, 0xEE, 0x26, 0x74, 0xE7,
    0xB2, 0xB1, 0x6A, 0x8E, 0x14, 0x8B, 0x51, 0xF8, 0x49, 0xFF, 0x48, 0x71, 0x7F, 0xCC, 0x5B, 0xBC,
    0xA4, 0xC0, 0x94, 0x6E, 0xC6, 0x34, 0x2E, 0xFB, 0x98, 0x7E, 0x94, 0x4D, 0x78, 0xBA, 0x53, 0x76,
    0x1A, 0x9D, 0x23, 0x30, 0xDD, 0x2B, 0x91, 0xF7, 0x17, 0x25, 0xAF, 0x0F, 0xC1, 0x83, 0x73, 0x3D,
    0x96, 0xF7, 0xBA, 0x27, 0x4B, 0x47, 0xF0, 0x70, 0x36, 0x9F, 0x26, 0x3E, 0xD9, 0x2B, 0xE6, 0x9F,
    0xF3, 0x7D, 0x59, 0x89, 0xB3, 0x45, 0x44, 0xB3, 0x5B, 0x28, 0x5F, 0x81, 0xED, 0x6D, 0xB1, 0x0D,
    0x9A, 0x82, 0x65, 0x5E, 0xC6, 0x0D, 0x6C, 0xD1, 0xEA, 0xE6, 0x14, 0xD4, 0x9E, 0xA6, 0x56, 0x0E,
    0xA9, 0x5C, 0x55, 0x62, 0xF3, 0x45, 0xE5, 0xAD, 0xB3, 0x8D, 0x6E, 0x4C, 0xD1, 0xF3, 0x32, 0x9E,
    0xE2, 0xAD, 0xE4, 0x98, 0xAD, 0x16, 0xC8, 0xF9, 0x3E, 0xB6, 0xAE, 0xC8, 0x46, 0xA5, 0xEE, 0xBC,
    0x68, 0x9D, 0x6B, 0x9B, 0xBC, 0x16, 0xE9, 0x75, 0xBF, 0xC5, 0xD6, 0x04, 0xE7, 0x0D, 0x63, 0xB3,
    0x87, 0xBA, 0x6D, 0xF6, 0x59, 0xBD, 0x0D, 0xDA, 0x24, 0xFC, 0x80, 0x72, 0x03, 0x30, 0x7A, 0x48,
    0xC8, 0xD4, 0x48, 0x8D, 0xE7, 0x87, 0x89, 0x95, 0x21, 0x80, 0xD7, 0x78, 0xEC, 0x68, 0xB7, 0xED,
    0x11, 0x81, 0x0D, 0xB0, 0x89, 0x2D, 0x93, 0x7C, 0x18, 0x89, 0x40, 0xF9, 0x31, 0x67, 0x70, 0xE7,
    0x73, 0xA9, 0x17, 0xF2, 0x52, 0xB1, 0x66, 0x65, 0x9C, 0x64, 0x3A, 0x37, 0xEE, 0xC2, 0xC0, 0xDE,
    0xD5, 0xCB, 0x8B, 0x44, 0x6E, 0x06, 0x63, 0x46, 0x59, 0xB1, 0xC5, 0xA4, 0x3B, 0x9C, 0xEB, 0x70,
    0xA2, 0xC3, 0x59, 0x8E, 0x4D, 0x71, 0xF6, 0xC3, 0xAF, 0xEC, 0xC1, 0xF7, 0xF7, 0xC3, 0x8F, 0x80,
    0xCF, 0xAE, 0xD3, 0x5C, 0xE9, 0x8D, 0xF1, 0x24, 0xBE, 0x83, 0x76, 0x5E, 0x24, 0x23, 0x11, 0xE7,
    0xF7, 0xC0, 0x43, 0x08, 0x57, 0xD5, 0xA3, 0x1A, 0x9F, 0x56, 0xC7, 0x32, 0x16, 0x83, 0x77, 0xFF,
    0x81, 0x46, 0x12, 0x76, 0x6A, 0x35, 0xAC, 0x83, 0x08, 0x8C, 0x7E, 0x83, 0xA6, 0x78, 0x37, 0x9F,
    0xD1, 0x97, 0xB3, 0xA2, 0xCE, 0xC2, 0xCE, 0xFA, 0x6A, 0xF7, 0xC1, 0x4E, 0xD9, 0xF8, 0xE6, 0xBC,
    0x91, 0xBB, 0x42, 0xE6, 0xE9, 0x8C, 0x0B, 0xAB, 0x08, 0x38, 0x50, 0x81, 0xF6, 0x56, 0x46, 0x41,
    0xBA, 0x45, 0x5F, 0x57, 0x55, 0xFA, 0x41, 0x6B, 0x91, 0x56, 0x10, 0x1E, 0x56, 0x26, 0x3F, 0x55,
    0x73, 0x34, 0x18, 0x84, 0xFB, 0x85, 0xC9, 0x35, 0x0F, 0x78, 0xDC, 0x98, 0xFC, 0x8C, 0xC2, 0x26,
    0xAD, 0x6E, 0x53, 0x56, 0x81, 0x2F, 0xC8, 0x9D, 0x05, 0x58, 0x69, 0x15, 0x29, 0xD7, 0x59, 0x13,
    0xDC, 0xB4, 0x12, 0x1F, 0x29, 0xF1, 0xD3, 0xD4, 0xC3, 0xEA, 0x9D, 0xB6, 0x10, 0xCD, 0x6A, 0xCB,
    0xF7, 0x7B, 0x07, 0x69, 0xBB, 0x5D, 0x6B, 0x73, 0x1E, 0x23, 0x10, 0xF9, 0x28, 0x26, 0x45, 0x46,
    0x87, 0x91, 0x76, 0x0C, 0x0C, 0x10, 0x2F, 0xB3, 0xC3, 0x31, 0x1C, 0x95, 0x9F, 0x71, 0x1F, 0x70,
    0x06, 0x9E, 0xF2, 0xA1, 0x77, 0x3F, 0xD1, 0xDE, 0xE7, 0x24, 0x7C, 0xDF, 0xD3, 0xEE, 0x23, 0x8F,
    0xB7, 0xE7, 0x6C, 0xE6, 0xCA, 0xD4, 0x8B, 0xFB, 0x2D, 0xF2, 0xC4, 0x9F, 0x68, 0x5C, 0xFC, 0x9A,
    0x3C, 0xF9, 0x2D, 0x92, 0xF7, 0x25, 0xD6, 0x09, 0x11, 0x85, 0xFA, 0x7F, 0x54, 0xBF, 0xA1, 0xAD,
    0xA3, 0xBA, 0xE6, 0xBC, 0x05, 0x0E, 0xF1, 0x63, 0x45, 0x8F, 0x94, 0x7B, 0x17, 0x71, 0x02, 0xA4,
    0xC6, 0xF2, 0xBB, 0xC4, 0x21, 0x41, 0xB7, 0x83, 0x1B, 0xA9, 0x50, 0x5B, 0x22, 0x9D, 0xE3, 0x55,
    0xA7, 0x6E, 0x14, 0xBA, 0x30, 0xCC, 0x83, 0xA4, 0x13, 0x3C, 0x30, 0xCA, 0xED, 0x28, 0x31, 0xEE,
    0xEB, 0x64, 0xD6, 0x4B, 0x85, 0x3D, 0xBE, 0x3B, 0xCE, 0x43, 0x1D, 0x1A, 0xFE, 0xD9, 0xCD, 0x89,
    0x47, 0x34, 0xD1, 0x96, 0x10, 0x6E, 0xA9, 0x7F, 0x92, 0x3F, 0xBC, 0x14, 0x7C, 0xFD, 0x99, 0x33,
    0x98, 0x47, 0x9C, 0xC2, 0x7C, 0xA8, 0x1E, 0xDF, 0x0B, 0x15, 0xBB, 0xC7, 0x4B, 0xC8, 0x02, 0x11,
    0x7F, 0x27, 0x79, 0x2F, 0x56, 0xEF, 0xE6, 0x39, 0xC2, 0x23, 0xFF, 0x7E, 0xEC, 0xBD, 0x74, 0xD0,
    0x33, 0x04, 0xDA, 0xF3, 0xA8, 0xE1, 0xDC, 0x4B, 0x66, 0x2F, 0x97, 0xD2, 0x12, 0xEB, 0x8B, 0x12,
    0x19, 0x6B, 0x4D, 0x91, 0xAC, 0x60, 0xBE, 0x31, 0x63, 0x92, 0x0F, 0x35, 0x5A, 0x28, 0x97, 0xF8,
    0xA8, 0x55, 0x59, 0x4E, 0x7C, 0x7C, 0xAE, 0xC0, 0xF1, 0xB3, 0x35, 0xE2, 0x7D, 0x15, 0x96, 0xC3,
    0x73, 0xDF, 0x84, 0x35, 0xD5, 0xDB, 0xEC, 0x38, 0x4B, 0x76, 0x95, 0xAE, 0x72, 0xCB, 0x2A, 0x87,
    0x8C, 0x6D, 0x72, 0xF9, 0x79, 0x24, 0x2D, 0xF2, 0x0A, 0xEE, 0x73, 0x25, 0xE2, 0x7F, 0x43, 0x8C,
    0x0F, 0x50, 0xD1, 0x47, 0xBF, 0x43, 0xF5, 0xA3, 0xEF, 0x70, 0x8E, 0xC0, 0x39, 0xC8, 0x6D, 0x64,
    0x46, 0x41, 0xDB, 0x4F, 0x5D, 0x9D, 0x8A, 0xAC, 0xFB, 0x14, 0x92, 0x1F, 0xCA, 0xBD, 0x09, 0x3D,
    0x42, 0xE8, 0xBE, 0x84, 0x32, 0x62, 0x1E, 0x95, 0x16, 0x20, 0x86, 0x4F, 0xB2, 0x05, 0x26, 0x6A,
    0x50, 0xD3, 0x7F, 0x0B, 0x90, 0xFF, 0x31, 0xEB, 0x84, 0xF5, 0x5B, 0xF0, 0x29, 0xEE, 0xE0, 0x77,
    0xE4, 0x48, 0x0D, 0xA4, 0xD3, 0xB0, 0x36, 0xC6, 0x5B, 0xCC, 0x23, 0xFD, 0xFB, 0x88, 0x7D, 0xB7,
    0x21, 0xC8, 0xBA, 0xC9, 0xA1, 0xA4, 0xE2, 0x5D, 0x6B, 0x08, 0x05, 0x03, 0xE5, 0x29, 0x91, 0x22,
    0xCB, 0xCE, 0x50, 0xE6, 0x0B, 0x8A, 0x4A, 0xD3, 0x8A, 0x0A, 0x97, 0x15, 0xC9, 0x1F, 0x62, 0x52,
    0xFF, 0xAB, 0xC8, 0x4B, 0x13, 0x24, 0x27, 0x9D, 0xA0, 0x63, 0xD3, 0x25, 0xD6, 0x18, 0xFB, 0xC2,
    0xEA, 0x04, 0x55, 0x16, 0xB0, 0x53, 0x88, 0x2B, 0xC5, 0xB4, 0xE2, 0xB4, 0x4A, 0xB4, 0x58, 0x22,
    0xEF, 0x16, 0xF1, 0xA3, 0x39, 0x58, 0x3D, 0x28, 0x1A, 0xA3, 0xCA, 0xB4, 0xAB, 0x3B, 0x42, 0x1B,
    0xBF, 0x88, 0x48, 0x26, 0x9C, 0x04, 0x7A, 0x1B, 0xC0, 0x33, 0x67, 0x49, 0xE6, 0xF1, 0x0E, 0xEF,
    0x45, 0x4E, 0x28, 0x4E, 0x64, 0x13, 0x5F, 0x0F, 0x41, 0x54, 0x22, 0xE1, 0x95, 0xA9, 0xCD, 0x1B,
    0x9F, 0x5A, 0xD4, 0x13, 0x4B, 0xF5, 0x7F,
};

static const EpdGlyph notonaskh_12_regularGlyphs[] = {
    { 0, 0, 0, 0, 0, 0, 0 }, // U+0000
    { 0, 0, 0, 0, 0, 0, 0 }, // U+0001
    { 0, 0, 0, 0, 0, 0, 0 }, // U+0002
    { 0, 0, 0, 0, 0, 0, 0 }, // U+0003
    { 0, 0, 0, 0, 0, 0, 0 }, // U+0004
    { 0, 0, 0, 0, 0, 0, 0 }, // U+0005
    { 0, 0, 0, 0, 0, 0, 0 }, // U+0006
    { 0, 0, 0, 0, 0, 0, 0 }, // U+0007
    { 0, 0, 0, 0, 0, 0, 0 }, // U+0008
    { 0, 0, 0, 0, 0, 0, 0 }, // U+0009
    { 0, 0, 0, 0, 0, 0, 0 }, // U+000A
    { 0, 0, 0, 0, 0, 0, 0 }, // U+000B
    { 0, 0, 0, 0, 0, 0, 0 }, // U+000C
    { 0, 0, 0, 0, 0, 0, 0 }, // U+000D
    { 0, 0, 0, 0, 0, 0, 0 }, // U+000E
    { 0, 0, 0, 0, 0, 0, 0 }, // U+000F
    { 0, 0, 0, 0, 0, 0, 0 }, // U+0010
    { 0, 0, 0, 0, 0, 0, 0 }, // U+0011
    { 0, 0, 0, 0, 0, 0, 0 }, // U+0012
    { 0, 0, 0, 0, 0, 0, 0 }, // U+0013
    { 0, 0, 0, 0, 0, 0, 0 }, // U+0014
    { 0, 0, 0, 0, 0, 0, 0 }, // U+0015
    { 0, 0, 0, 0, 0, 0, 0 }, // U+0016
    { 0, 0, 0, 0, 0, 0, 0 }, // U+0017
    { 0, 0, 0, 0, 0, 0, 0 }, // U+0018
    { 0, 0, 0, 0, 0, 0, 0 }, // U+0019
    { 0, 0, 0, 0, 0, 0, 0 }, // U+001A
    { 0, 0, 0, 0, 0, 0, 0 }, // U+001B
    { 0, 0, 0, 0, 0, 0, 0 }, // U+001C
    { 0, 0, 0, 0, 0, 0, 0 }, // U+001D
    { 0, 0, 0, 0, 0, 0, 0 }, // U+001E
    { 0, 0, 0, 0, 0, 0, 0 }, // U+001F
    { 0, 0, 88, 0, 0, 0, 0 }, // U+0020
    { 4, 18, 82, 1, 16, 18, 0 }, // !
    { 8, 7, 163, 1, 18, 14, 18 }, // "
    { 14, 18, 224, 0, 18, 63, 32 }, // #
    { 12, 21, 224, 1, 19, 63, 95 }, // $
    { 21, 20, 358, 1, 19, 105, 158 }, // %
    { 19, 20, 297, 0, 19, 95, 263 }, // &
    { 4, 7, 88, 1, 18, 7, 358 }, // '
    { 7, 23, 138, 1, 19, 41, 365 }, // (
    { 8, 23, 138, 0, 19, 46, 406 }, // )
    { 11, 10, 200, 1, 19, 28, 452 }, // *
    { 12, 12, 224, 1, 15, 36, 480 }, // +
    { 5, 8, 100, 0, 4, 10, 516 }, // ,
    { 8, 3, 124, 0, 8, 6, 526 }, // -
    { 4, 4, 82, 1, 2, 4, 532 }, // .
    { 8, 23, 115, 0, 19, 46, 536 }, // /
    { 12, 20, 224, 1, 19, 60, 582 }, // 0
    { 11, 18, 224, 1, 18, 50, 642 }, // 1
    { 12, 19, 224, 1, 19, 57, 692 }, // 2
    { 12, 20, 224, 1, 19, 60, 749 }, // 3
    { 14, 18, 224, 0, 18, 63, 809 }, // 4
    { 12, 19, 224, 1, 18, 57, 872 }, // 5
    { 12, 20, 224, 1, 19, 60, 929 }, // 6
    { 12, 18, 224, 1, 18, 54, 989 }, // 7
    { 12, 20, 224, 1, 19, 60, 1043 }, // 8
    { 12, 20, 224, 1, 19, 60, 1103 }, // 9
    { 4, 13, 82, 1, 11, 13, 1163 }, // :
    { 5, 18, 114, 1, 14, 23, 1176 }, // ;
    { 12, 14, 224, 1, 16, 42, 1199 }, // <
    { 12, 8, 224, 1, 13, 24, 1241 }, // =
    { 12, 14, 224, 1, 16, 42, 1265 }, // >
    { 11, 20, 190, 0, 19, 55, 1307 }, // ?
    { 21, 22, 368, 1, 18, 116, 1362 }, // @
    { 18, 18, 282, 0, 18, 81, 1478 }, // A
    { 15, 18, 262, 0, 18, 68, 1559 }, // B
    { 14, 20, 246, 1, 19, 70, 1627 }, // C
    { 17, 18, 291, 0, 18, 77, 1697 }, // D
    { 15, 18, 249, 0, 18, 68, 1774 }, // E
    { 14, 18, 236, 0, 18, 63, 1842 }, // F
    { 17, 20, 286, 1, 19, 85, 1905 }, // G
    { 19, 18, 317, 0, 18, 86, 1990 }, // H
    { 9, 18, 147, 0, 18, 41, 2076 }, // I
    { 10, 24, 143, -1, 18, 60, 2117 }, // J
    { 18, 18, 280, 0, 18, 81, 2177 }, // K
    { 15, 18, 249, 0, 18, 68, 2258 }, // L
    { 23, 18, 375, 0, 18, 104, 2326 }, // M
    { 19, 18, 305, 0, 18, 86, 2430 }, // N
    { 17, 20, 297, 1, 19, 85, 2516 }, // O
    { 15, 18, 242, 0, 18, 68, 2601 }, // P
    { 17, 25, 297, 1, 19, 107, 2669 }, // Q
    { 17, 18, 262, 0, 18, 77, 2776 }, // R
    { 12, 20, 218, 1, 19, 60, 2853 }, // S
    { 15, 18, 245, 0, 18, 68, 2913 }, // T
    { 18, 19, 287, 0, 18, 86, 2981 }, // U
    { 17, 18, 270, 0, 18, 77, 3067 }, // V
    { 26, 18, 419, 0, 18, 117, 3144 }, // W
    { 17, 18, 264, 0, 18, 77, 3261 }, // X
    { 17, 18, 250, -1, 18, 77, 3338 }, // Y
    { 14, 18, 237, 0, 18, 63, 3415 }, // Z
    { 7, 23, 144, 2, 19, 41, 3478 }, // [
    { 8, 23, 115, 0, 19, 46, 3519 }, // <backslash>
    { 7, 23, 144, 0, 19, 41, 3565 }, // ]
    { 12, 12, 224, 1, 18, 36, 3606 }, // ^
    { 13, 2, 184, -1, -2, 7, 3642 }, // _
    { 5, 5, 110, 1, 20, 7, 3649 }, // `
    { 12, 15, 225, 1, 14, 45, 3656 }, // a
    { 14, 20, 246, 0, 19, 70, 3701 }, // b
    { 11, 15, 197, 1, 14, 42, 3771 }, // c
    { 14, 20, 246, 1, 19, 70, 3813 }, // d
    { 12, 15, 214, 1, 14, 45, 3883 }, // e
    { 11, 20, 148, 0, 20, 55, 3928 }, // f
    { 14, 21, 215, 0, 15, 74, 3983 }, // g
    { 16, 19, 254, 0, 19, 76, 4057 }, // h
    { 8, 19, 128, 0, 19, 38, 4133 }, // i
    { 7, 25, 120, -1, 19, 44, 4171 }, // j
    { 15, 19, 234, 0, 19, 72, 4215 }, // k
    { 8, 19, 124, 0, 19, 38, 4287 }, // l
    { 23, 14, 378, 0, 14, 81, 4325 }, // m
    { 16, 14, 258, 0, 14, 56, 4406 }, // n
    { 13, 15, 231, 1, 14, 49, 4462 }, // o
    { 14, 20, 246, 0, 14, 70, 4511 }, // p
    { 14, 20, 246, 1, 14, 70, 4581 }, // q
    { 12, 14, 188, 0, 14, 42, 4651 }, // r
    { 10, 15, 180, 1, 14, 38, 4693 }, // s
    { 9, 18, 141, 0, 17, 41, 4731 }, // t
    { 16, 15, 254, 0, 14, 60, 4772 }, // u
    { 15, 14, 232, 0, 14, 53, 4832 }, // v
    { 22, 14, 345, 0, 14, 77, 4885 }, // w
    { 15, 14, 231, 0, 14, 53, 4962 }, // x
    { 15, 20, 226, 0, 14, 75, 5015 }, // y
    { 11, 14, 204, 1, 14, 39, 5090 }, // z
    { 9, 23, 171, 1, 19, 52, 5129 }, // {
    { 2, 25, 224, 6, 19, 13, 5181 }, // |
    { 9, 23, 171, 1, 19, 52, 5194 }, // }
    { 12, 6, 224, 1, 12, 18, 5246 }, // ~
    { 0, 0, 0, 0, 0, 0, 5264 }, // U+007F
    { 0, 0, 0, 0, 0, 0, 0 }, // U+0080
    { 0, 0, 0, 0, 0, 0, 0 }, // U+0081
    { 0, 0, 0, 0, 0, 0, 0 }, // U+0082
    { 0, 0, 0, 0, 0, 0, 0 }, // U+0083
    { 0, 0, 0, 0, 0, 0, 0 }, // U+0084
    { 0, 0, 0, 0, 0, 0, 0 }, // U+0085
    { 0, 0, 0, 0, 0, 0, 0 }, // U+0086
    { 0, 0, 0, 0, 0, 0, 0 }, // U+0087
    { 0, 0, 0, 0, 0, 0, 0 }, // U+0088
    { 0, 0, 0, 0, 0, 0, 0 }, // U+0089
    { 0, 0, 0, 0, 0, 0, 0 }, // U+008A
    { 0, 0, 0, 0, 0, 0, 0 }, // U+008B
    { 0, 0, 0, 0, 0, 0, 0 }, // U+008C
    { 0, 0, 0, 0, 0, 0, 0 }, // U+008D
    { 0, 0, 0, 0, 0, 0, 0 }, // U+008E
    { 0, 0, 0, 0, 0, 0, 0 }, // U+008F
    { 0, 0, 0, 0, 0, 0, 0 }, // U+0090
    { 0, 0, 0, 0, 0, 0, 0 }, // U+0091
    { 0, 0, 0, 0, 0, 0, 0 }, // U+0092
    { 0, 0, 0, 0, 0, 0, 0 }, // U+0093
    { 0, 0, 0, 0, 0, 0, 0 }, // U+0094
    { 0, 0, 0, 0, 0, 0, 0 }, // U+0095
    { 0, 0, 0, 0, 0, 0, 0 }, // U+0096
    { 0, 0, 0, 0, 0, 0, 0 }, // U+0097
    { 0, 0, 0, 0, 0, 0, 0 }, // U+0098
    { 0, 0, 0, 0, 0, 0, 0 }, // U+0099
    { 0, 0, 0, 0, 0, 0, 0 }, // U+009A
    { 0, 0, 0, 0, 0, 0, 0 }, // U+009B
    { 0, 0, 0, 0, 0, 0, 0 }, // U+009C
    { 0, 0, 0, 0, 0, 0, 0 }, // U+009D
    { 0, 0, 0, 0, 0, 0, 0 }, // U+009E
    { 0, 0, 0, 0, 0, 0, 0 }, // U+009F
    { 0, 0, 88, 0, 0, 0, 0 }, // U+00A0
    { 4, 17, 133, 4, 15, 17, 0 }, // U+00A1
    { 12, 18, 224, 1, 18, 54, 17 }, // U+00A2
    { 13, 20, 224, 1, 19, 65, 71 }, // U+00A3
    { 14, 18, 224, 0, 18, 63, 136 }, // U+00A5
    { 12, 22, 218, 1, 19, 66, 199 }, // U+00A7
    { 8, 4, 231, 3, 19, 8, 265 }, // U+00A8
    { 19, 20, 338, 1, 19, 95, 273 }, // U+00A9
    { 10, 9, 153, 0, 18, 23, 368 }, // U+00AA
    { 9, 9, 166, 1, 11, 21, 391 }, // U+00AB
    { 0, 0, 0, 0, 0, 0, 412 }, // U+00AD
    { 19, 20, 338, 1, 19, 95, 412 }, // U+00AE
    { 13, 2, 184, -1, 21, 7, 507 }, // U+00AF
    { 8, 9, 160, 1, 19, 18, 514 }, // U+00B0
    { 5, 5, 110, 1, 20, 7, 532 }, // U+00B4
    { 14, 22, 247, 1, 19, 77, 539 }, // U+00B6
    { 4, 4, 100, 1, 11, 4, 616 }, // U+00B7
    { 6, 7, 133, 1, 1, 11, 620 }, // U+00B8
    { 10, 9, 159, 0, 18, 23, 631 }, // U+00BA
    { 9, 8, 166, 0, 10, 18, 654 }, // U+00BB
    { 12, 19, 190, 0, 14, 57, 672 }, // U+00BF
    { 18, 24, 282, 0, 24, 108, 729 }, // U+00C0
    { 18, 24, 282, 0, 24, 108, 837 }, // U+00C1
    { 18, 24, 282, 0, 24, 108, 945 }, // U+00C2
    { 18, 23, 282, 0, 23, 104, 1053 }, // U+00C3
    { 18, 23, 282, 0, 23, 104, 1157 }, // U+00C4
    { 18, 23, 282, 0, 23, 104, 1261 }, // U+00C5
    { 23, 18, 380, 0, 18, 104, 1365 }, // U+00C6
    { 14, 25, 246, 1, 19, 88, 1469 }, // U+00C7
    { 15, 24, 249, 0, 24, 90, 1557 }, // U+00C8
    { 15, 24, 249, 0, 24, 90, 1647 }, // U+00C9
    { 15, 24, 249, 0, 24, 90, 1737 }, // U+00CA
    { 15, 23, 249, 0, 23, 87, 1827 }, // U+00CB
    { 9, 24, 147, 0, 24, 54, 1914 }, // U+00CC
    { 9, 24, 147, 0, 24, 54, 1968 }, // U+00CD
    { 9, 24, 147, 0, 24, 54, 2022 }, // U+00CE
    { 9, 23, 147, 0, 23, 52, 2076 }, // U+00CF
    { 17, 18, 291, 0, 18, 77, 2128 }, // U+00D0
    { 19, 23, 305, 0, 23, 110, 2205 }, // U+00D1
    { 17, 25, 297, 1, 24, 107, 2315 }, // U+00D2
    { 17, 25, 297, 1, 24, 107, 2422 }, // U+00D3
    { 17, 25, 297, 1, 24, 107, 2529 }, // U+00D4
    { 17, 24, 297, 1, 23, 102, 2636 }, // U+00D5
    { 17, 24, 297, 1, 23, 102, 2738 }, // U+00D6
    { 12, 12, 224, 1, 15, 36, 2840 }, // U+00D7
    { 17, 20, 297, 1, 19, 85, 2876 }, // U+00D8
    { 18, 25, 287, 0, 24, 113, 2961 }, // U+00D9
    { 18, 25, 287, 0, 24, 113, 3074 }, // U+00DA
    { 18, 25, 287, 0, 24, 113, 3187 }, // U+00DB
    { 18, 24, 287, 0, 23, 108, 3300 }, // U+00DC
    { 17, 24, 250, -1, 24, 102, 3408 }, // U+00DD
    { 15, 18, 242, 0, 18, 68, 3510 }, // U+00DE
    { 16, 21, 259, 0, 20, 84, 3578 }, // U+00DF
    { 12, 21, 225, 1, 20, 63, 3662 }, // U+00E0
    { 12, 21, 225, 1, 20, 63, 3725 }, // U+00E1
    { 12, 21, 225, 1, 20, 63, 3788 }, // U+00E2
    { 12, 20, 225, 1, 19, 60, 3851 }, // U+00E3
    { 12, 20, 225, 1, 19, 60, 3911 }, // U+00E4
    { 12, 22, 225, 1, 21, 66, 3971 }, // U+00E5
    { 19, 15, 336, 1, 14, 72, 4037 }, // U+00E6
    { 11, 20, 197, 1, 14, 55, 4109 }, // U+00E7
    { 12, 21, 214, 1, 20, 63, 4164 }, // U+00E8
    { 12, 21, 214, 1, 20, 63, 4227 }, // U+00E9
    { 12, 21, 214, 1, 20, 63, 4290 }, // U+00EA
    { 12, 20, 214, 1, 19, 60, 4353 }, // U+00EB
    { 8, 20, 128, 0, 20, 40, 4413 }, // U+00EC
    { 8, 20, 128, 0, 20, 40, 4453 }, // U+00ED
    { 8, 20, 128, 0, 20, 40, 4493 }, // U+00EE
    { 8, 19, 128, 0, 19, 38, 4533 }, // U+00EF
    { 13, 21, 231, 1, 20, 69, 4571 }, // U+00F0
    { 16, 19, 258, 0, 19, 76, 4640 }, // U+00F1
    { 13, 21, 231, 1, 20, 69, 4716 }, // U+00F2
    { 13, 21, 231, 1, 20, 69, 4785 }, // U+00F3
    { 13, 21, 231, 1, 20, 69, 4854 }, // U+00F4
    { 13, 20, 231, 1, 19, 65, 4923 }, // U+00F5
    { 13, 20, 231, 1, 19, 65, 4988 }, // U+00F6
    { 12, 14, 224, 1, 16, 42, 5053 }, // U+00F7
    { 13, 16, 231, 1, 15, 52, 5095 }, // U+00F8
    { 16, 21, 254, 0, 20, 84, 5147 }, // U+00F9
    { 16, 21, 254, 0, 20, 84, 5231 }, // U+00FA
    { 16, 21, 254, 0, 20, 84, 5315 }, // U+00FB
    { 16, 20, 254, 0, 19, 80, 5399 }, // U+00FC
    { 15, 26, 226, 0, 20, 98, 5479 }, // U+00FD
    { 14, 25, 246, 0, 19, 88, 5577 }, // U+00FE
    { 15, 25, 226, 0, 19, 94, 5665 }, // U+00FF
    { 18, 21, 282, 0, 21, 95, 0 }, // U+0100
    { 12, 18, 225, 1, 17, 54, 95 }, // U+0101
    { 18, 23, 282, 0, 23, 104, 149 }, // U+0102
    { 12, 20, 225, 1, 19, 60, 253 }, // U+0103
    { 18, 24, 282, 0, 18, 108, 313 }, // U+0104
    { 12, 20, 225, 1, 14, 60, 421 }, // U+0105
    { 14, 25, 246, 1, 24, 88, 481 }, // U+0106
    { 11, 21, 197, 1, 20, 58, 569 }, // U+0107
    { 14, 24, 246, 1, 23, 84, 627 }, // U+010A
    { 11, 20, 197, 1, 19, 55, 711 }, // U+010B
    { 14, 25, 246, 1, 24, 88, 766 }, // U+010C
    { 11, 21, 197, 1, 20, 58, 854 }, // U+010D
    { 17, 24, 291, 0, 24, 102, 912 }, // U+010E
    { 16, 20, 246, 1, 19, 80, 1014 }, // U+010F
    { 17, 18, 291, 0, 18, 77, 1094 }, // U+0110
    { 14, 20, 246, 1, 19, 70, 1171 }, // U+0111
    { 15, 21, 249, 0, 21, 79, 1241 }, // U+0112
    { 12, 18, 214, 1, 17, 54, 1320 }, // U+0113
    { 15, 23, 249, 0, 23, 87, 1374 }, // U+0116
    { 12, 20, 214, 1, 19, 60, 1461 }, // U+0117
    { 15, 24, 249, 0, 18, 90, 1521 }, // U+0118
    { 12, 20, 214, 1, 14, 60, 1611 }, // U+0119
    { 15, 24, 249, 0, 24, 90, 1671 }, // U+011A
    { 12, 21, 214, 1, 20, 63, 1761 }, // U+011B
    { 17, 24, 286, 1, 23, 102, 1824 }, // U+011E
    { 14, 25, 215, 0, 19, 88, 1926 }, // U+011F
    { 17, 24, 286, 1, 23, 102, 2014 }, // U+0120
    { 14, 25, 215, 0, 19, 88, 2116 }, // U+0121
    { 17, 25, 286, 1, 19, 107, 2204 }, // U+0122
    { 14, 26, 215, 0, 20, 91, 2311 }, // U+0123
    { 19, 18, 317, 0, 18, 86, 2402 }, // U+0126
    { 16, 19, 254, 0, 19, 76, 2488 }, // U+0127
    { 9, 21, 147, 0, 21, 48, 2564 }, // U+012A
    { 8, 17, 128, 0, 17, 34, 2612 }, // U+012B
    { 9, 24, 147, 0, 18, 54, 2646 }, // U+012E
    { 8, 25, 128, 0, 19, 50, 2700 }, // U+012F
    { 9, 23, 147, 0, 23, 52, 2750 }, // U+0130
    { 8, 14, 128, 0, 14, 28, 2802 }, // U+0131
    { 18, 24, 280, 0, 18, 108, 2830 }, // U+0136
    { 15, 25, 234, 0, 19, 94, 2938 }, // U+0137
    { 15, 24, 249, 0, 24, 90, 3032 }, // U+0139
    { 8, 25, 124, 0, 25, 50, 3122 }, // U+013A
    { 15, 24, 249, 0, 18, 90, 3172 }, // U+013B
    { 8, 25, 124, 0, 19, 50, 3262 }, // U+013C
    { 15, 18, 249, 0, 18, 68, 3312 }, // U+013D
    { 10, 19, 124, 0, 19, 48, 3380 }, // U+013E
    { 15, 18, 249, 0, 18, 68, 3428 }, // U+0141
    { 8, 19, 130, 0, 19, 38, 3496 }, // U+0142
    { 19, 24, 305, 0, 24, 114, 3534 }, // U+0143
    { 16, 20, 258, 0, 20, 80, 3648 }, // U+0144
    { 19, 24, 305, 0, 18, 114, 3728 }, // U+0145
    { 16, 20, 258, 0, 14, 80, 3842 }, // U+0146
    { 19, 24, 305, 0, 24, 114, 3922 }, // U+0147
    { 16, 20, 258, 0, 20, 80, 4036 }, // U+0148
    { 17, 25, 297, 1, 24, 107, 4116 }, // U+0150
    { 13, 21, 231, 1, 20, 69, 4223 }, // U+0151
    { 22, 20, 384, 1, 19, 110, 4292 }, // U+0152
    { 21, 15, 362, 1, 14, 79, 4402 }, // U+0153
    { 17, 24, 262, 0, 24, 102, 4481 }, // U+0154
    { 12, 20, 188, 0, 20, 60, 4583 }, // U+0155
    { 17, 24, 262, 0, 24, 102, 4643 }, // U+0158
    { 12, 20, 188, 0, 20, 60, 4745 }, // U+0159
    { 12, 25, 218, 1, 24, 75, 4805 }, // U+015A
    { 10, 21, 180, 1, 20, 53, 4880 }, // U+015B
    { 12, 25, 218, 1, 19, 75, 4933 }, // U+015E
    { 10, 20, 180, 1, 14, 50, 5008 }, // U+015F
    { 12, 25, 218, 1, 24, 75, 5058 }, // U+0160
    { 10, 21, 180, 1, 20, 53, 5133 }, // U+0161
    { 15, 24, 245, 0, 24, 90, 5186 }, // U+0164
    { 10, 20, 141, 0, 19, 50, 5276 }, // U+0165
    { 18, 22, 287, 0, 21, 99, 5326 }, // U+016A
    { 16, 18, 254, 0, 17, 72, 5425 }, // U+016B
    { 18, 26, 287, 0, 25, 117, 5497 }, // U+016E
    { 16, 22, 254, 0, 21, 88, 5614 }, // U+016F
    { 18, 25, 287, 0, 24, 113, 5702 }, // U+0170
    { 16, 21, 254, 0, 20, 84, 5815 }, // U+0171
    { 18, 24, 290, 0, 18, 108, 5899 }, // U+0172
    { 16, 20, 254, 0, 14, 80, 6007 }, // U+0173
    { 26, 24, 419, 0, 24, 156, 6087 }, // U+0174
    { 22, 20, 345, 0, 20, 110, 6243 }, // U+0175
    { 17, 24, 250, -1, 24, 102, 6353 }, // U+0176
    { 15, 26, 226, 0, 20, 98, 6455 }, // U+0177
    { 17, 23, 250, -1, 23, 98, 6553 }, // U+0178
    { 14, 24, 237, 0, 24, 84, 6651 }, // U+0179
    { 11, 20, 204, 1, 20, 55, 6735 }, // U+017A
    { 14, 23, 237, 0, 23, 81, 6790 }, // U+017B
    { 11, 19, 204, 1, 19, 53, 6871 }, // U+017C
    { 14, 24, 237, 0, 24, 84, 6924 }, // U+017D
    { 11, 20, 204, 1, 20, 55, 7008 }, // U+017E
    { 12, 25, 218, 1, 19, 75, 0 }, // U+0218
    { 10, 20, 180, 1, 14, 50, 75 }, // U+0219
    { 15, 24, 245, 0, 18, 90, 125 }, // U+021A
    { 9, 23, 141, 0, 17, 52, 215 }, // U+021B
    { 6, 5, 0, -11, 20, 8, 0 }, // U+0300
    { 6, 5, 0, -8, 20, 8, 8 }, // U+0301
    { 8, 5, 0, -11, 20, 10, 16 }, // U+0302
    { 10, 4, 0, -13, 19, 10, 26 }, // U+0303
    { 8, 2, 0, -4, 17, 4, 36 }, // U+0304
    { 8, 4, 0, -4, 19, 8, 40 }, // U+0306
    { 4, 4, 0, -2, 19, 4, 48 }, // U+0307
    { 8, 4, 0, -4, 19, 8, 52 }, // U+0308
    { 6, 7, 0, -3, 21, 11, 60 }, // U+030A
    { 10, 5, 0, -4, 20, 13, 71 }, // U+030B
    { 8, 5, 0, -11, 20, 10, 84 }, // U+030C
    { 4, 5, 0, -2, -1, 5, 94 }, // U+0326
    { 6, 7, 0, -3, 1, 11, 99 }, // U+0327
    { 6, 6, 0, -3, 0, 9, 110 }, // U+0328
    { 0, 0, 0, 0, 0, 0, 119 }, // U+034F
    { 28, 7, 455, 0, 6, 49, 0 }, // U+0600
    { 41, 8, 658, 0, 2, 82, 49 }, // U+0601
    { 30, 7, 493, 1, 6, 53, 131 }, // U+0602
    { 27, 8, 433, 0, 5, 54, 184 }, // U+0603
    { 57, 16, 929, 1, 12, 228, 238 }, // U+0604
    { 25, 4, 400, 0, 23, 25, 466 }, // U+0605
    { 15, 18, 215, -1, 17, 68, 491 }, // U+0606
    { 15, 19, 215, -1, 18, 72, 559 }, // U+0607
    { 23, 18, 397, 1, 11, 104, 631 }, // U+0608
    { 14, 15, 221, 0, 13, 53, 735 }, // U+0609
    { 18, 15, 289, 0, 13, 68, 788 }, // U+060A
    { 11, 25, 168, -1, 17, 69, 856 }, // U+060B
    { 4, 8, 85, 1, 6, 8, 925 }, // U+060C
    { 5, 8, 120, 1, 4, 10, 933 }, // U+060D
    { 20, 8, 342, 1, 8, 40, 943 }, // U+060E
    { 15, 22, 259, 0, 14, 83, 983 }, // U+060F
    { 5, 6, 0, 0, 24, 8, 1066 }, // U+0610
    { 6, 6, 0, 0, 24, 9, 1074 }, // U+0611
    { 7, 6, 0, 0, 24, 11, 1083 }, // U+0612
    { 7, 7, 0, 0, 25, 13, 1094 }, // U+0613
    { 9, 4, 0, 0, 22, 9, 1107 }, // U+0614
    { 6, 6, 0, 0, 32, 9, 1116 }, // U+0615
    { 10, 8, 0, 0, 34, 20, 1125 }, // U+0616
    { 4, 8, 0, 0, 34, 8, 1145 }, // U+0617
    { 4, 3, 0, 0, 21, 3, 1153 }, // U+0618
    { 4, 5, 0, 0, 23, 5, 1156 }, // U+0619
    { 5, 3, 0, -1, -1, 4, 1161 }, // U+061A
    { 4, 13, 85, 1, 11, 13, 1165 }, // U+061B
    { 0, 0, 0, 0, 0, 0, 1178 }, // U+061C
    { 10, 15, 173, 0, 14, 38, 1178 }, // U+061D
    { 7, 7, 142, 1, 5, 13, 1216 }, // U+061E
    { 9, 17, 170, 1, 15, 39, 1229 }, // U+061F
    { 12, 16, 217, 1, 9, 48, 1268 }, // U+0620
    { 10, 8, 175, 1, 7, 20, 1316 }, // U+0621
    { 8, 21, 95, -1, 21, 42, 1336 }, // U+0622
    { 5, 23, 95, 0, 23, 29, 1378 }, // U+0623
    { 11, 20, 187, 0, 14, 55, 1407 }, // U+0624
    { 5, 23, 95, 1, 17, 29, 1462 }, // U+0625
    { 14, 16, 247, 1, 9, 56, 1491 }, // U+0626
    { 4, 17, 95, 1, 17, 17, 1547 }, // U+0627
    { 18, 17, 309, 1, 11, 77, 1564 }, // U+0628
    { 8, 16, 163, 1, 16, 32, 1641 }, // U+0629
    { 18, 12, 309, 1, 12, 54, 1673 }, // U+062A
    { 18, 13, 309, 1, 13, 59, 1727 }, // U+062B
    { 15, 18, 254, 1, 10, 68, 1786 }, // U+062C
    { 15, 18, 254, 1, 10, 68, 1854 }, // U+062D
    { 15, 23, 254, 1, 15, 87, 1922 }, // U+062E
    { 10, 10, 166, 0, 10, 25, 2009 }, // U+062F
    { 10, 16, 166, 0, 16, 40, 2034 }, // U+0630
    { 10, 15, 154, -1, 9, 38, 2074 }, // U+0631
    { 10, 20, 154, -1, 14, 50, 2112 }, // U+0632
    { 24, 16, 405, 1, 9, 96, 2162 }, // U+0633
    { 24, 20, 405, 1, 13, 120, 2258 }, // U+0634
    { 26, 16, 438, 1, 9, 104, 2378 }, // U+0635
    { 26, 23, 438, 1, 16, 150, 2482 }, // U+0636
    { 17, 17, 308, 1, 17, 73, 2632 }, // U+0637
    { 17, 17, 308, 1, 17, 73, 2705 }, // U+0638
    { 15, 20, 242, 1, 12, 75, 2778 }, // U+0639
    { 15, 26, 242, 1, 18, 98, 2853 }, // U+063A
    { 17, 18, 289, 1, 18, 77, 2951 }, // U+063B
    { 17, 24, 289, 1, 17, 102, 3028 }, // U+063C
    { 14, 16, 247, 1, 9, 56, 3130 }, // U+063D
    { 15, 16, 247, 0, 9, 60, 3186 }, // U+063E
    { 15, 16, 247, 0, 9, 60, 3246 }, // U+063F
    { 7, 2, 84, -1, 2, 4, 3306 }, // U+0640
    { 19, 18, 339, 1, 18, 86, 3310 }, // U+0641
    { 14, 21, 259, 1, 14, 74, 3396 }, // U+0642
    { 13, 17, 223, 0, 17, 56, 3470 }, // U+0643
    { 13, 24, 238, 1, 17, 78, 3526 }, // U+0644
    { 11, 17, 196, 1, 9, 47, 3604 }, // U+0645
    { 13, 17, 234, 1, 10, 56, 3651 }, // U+0646
    { 15, 12, 252, 0, 11, 45, 3707 }, // U+0647
    { 11, 15, 187, 0, 9, 42, 3752 }, // U+0648
    { 14, 16, 247, 1, 9, 56, 3794 }, // U+0649
    { 14, 21, 247, 1, 9, 74, 3850 }, // U+064A
    { 6, 6, 0, 0, 24, 9, 3924 }, // U+064B
    { 7, 6, 0, 0, 24, 11, 3933 }, // U+064C
    { 6, 6, 0, 0, 0, 9, 3944 }, // U+064D
    { 6, 4, 0, 0, 22, 6, 3953 }, // U+064E
    { 5, 6, 0, 0, 24, 8, 3959 }, // U+064F
    { 6, 4, 0, 0, -1, 6, 3967 }, // U+0650
    { 5, 5, 0, 0, 23, 7, 3973 }, // U+0651
    { 4, 5, 0, 0, 22, 5, 3980 }, // U+0652
    { 8, 3, 0, -1, 21, 6, 3985 }, // U+0653
    { 5, 6, 0, -1, 24, 8, 3991 }, // U+0654
    { 5, 6, 0, -1, 0, 8, 3999 }, // U+0655
    { 3, 8, 0, -1, 1, 6, 4007 }, // U+0656
    { 6, 6, 0, -1, 24, 9, 4013 }, // U+0657
    { 6, 5, 0, -1, 23, 8, 4022 }, // U+0658
    { 7, 3, 0, -1, 21, 6, 4030 }, // U+0659
    { 5, 6, 0, 0, 24, 8, 4036 }, // U+065A
    { 5, 5, 0, 0, 23, 7, 4044 }, // U+065B
    { 4, 5, 0, 0, 0, 5, 4051 }, // U+065C
    { 6, 6, 0, -1, 24, 9, 4056 }, // U+065D
    { 6, 6, 0, -1, 24, 9, 4065 }, // U+065E
    { 7, 6, 0, -1, 0, 11, 4074 }, // U+065F
    { 5, 5, 126, 1, 8, 7, 4085 }, // U+0660
    { 5, 15, 126, 1, 15, 19, 4092 }, // U+0661
    { 9, 15, 165, 1, 15, 34, 4111 }, // U+0662
    { 11, 15, 191, 1, 15, 42, 4145 }, // U+0663
    { 9, 16, 168, 1, 15, 36, 4187 }, // U+0664
    { 8, 12, 153, 1, 13, 24, 4223 }, // U+0665
    { 10, 16, 178, 0, 15, 40, 4247 }, // U+0666
    { 11, 15, 174, 0, 15, 42, 4287 }, // U+0667
    { 11, 15, 174, 0, 15, 42, 4329 }, // U+0668
    { 9, 16, 173, 1, 15, 36, 4371 }, // U+0669
    { 10, 15, 160, 0, 13, 38, 4407 }, // U+066A
    { 6, 11, 89, -1, 5, 17, 4445 }, // U+066B
    { 6, 11, 89, 0, 15, 17, 4462 }, // U+066C
    { 10, 10, 160, 0, 11, 25, 4479 }, // U+066D
    { 18, 11, 309, 1, 11, 50, 4504 }, // U+066E
    { 14, 16, 259, 1, 9, 56, 4554 }, // U+066F
    { 3, 8, 0, -1, 26, 6, 4610 }, // U+0670
    { 7, 23, 95, -1, 23, 41, 4616 }, // U+0671
    { 7, 23, 95, -1, 23, 41, 4657 }, // U+0672
    { 6, 24, 95, 0, 17, 36, 4698 }, // U+0673
    { 10, 8, 175, 1, 13, 20, 4734 }, // U+0674
    { 16, 17, 270, 1, 17, 68, 4754 }, // U+0675
    { 23, 19, 362, 0, 13, 110, 4822 }, // U+0676
    { 23, 21, 362, 0, 15, 121, 4932 }, // U+0677
    { 25, 20, 422, 1, 13, 125, 5053 }, // U+0678
    { 18, 14, 309, 1, 14, 63, 5178 }, // U+0679
    { 18, 14, 309, 1, 14, 63, 5241 }, // U+067A
    { 18, 19, 309, 1, 11, 86, 5304 }, // U+067B
    { 18, 14, 309, 1, 12, 63, 5390 }, // U+067C
    { 18, 13, 309, 1, 13, 59, 5453 }, // U+067D
    { 18, 18, 309, 1, 11, 81, 5512 }, // U+067E
    { 18, 13, 309, 1, 13, 59, 5593 }, // U+067F
    { 18, 18, 309, 1, 11, 81, 5652 }, // U+0680
    { 15, 24, 254, 1, 16, 90, 5733 }, // U+0681
    { 15, 25, 254, 1, 17, 94, 5823 }, // U+0682
    { 15, 18, 254, 1, 10, 68, 5917 }, // U+0683
    { 15, 18, 254, 1, 10, 68, 5985 }, // U+0684
    { 15, 24, 254, 1, 16, 90, 6053 }, // U+0685
    { 15, 18, 254, 1, 10, 68, 6143 }, // U+0686
    { 15, 18, 254, 1, 10, 68, 6211 }, // U+0687
    { 10, 17, 166, 0, 17, 43, 6279 }, // U+0688
    { 10, 13, 166, 0, 10, 33, 6322 }, // U+0689
    { 10, 16, 166, 0, 10, 40, 6355 }, // U+068A
    { 10, 23, 166, 0, 17, 58, 6395 }, // U+068B
    { 10, 15, 166, 0, 15, 38, 6453 }, // U+068C
    { 10, 15, 166, 0, 10, 38, 6491 }, // U+068D
    { 10, 16, 166, 0, 16, 40, 6529 }, // U+068E
    { 10, 16, 166, 0, 16, 40, 6569 }, // U+068F
    { 10, 16, 166, 0, 16, 40, 6609 }, // U+0690
    { 10, 21, 154, -1, 15, 53, 6649 }, // U+0691
    { 10, 21, 154, -1, 15, 53, 6702 }, // U+0692
    { 10, 16, 154, -1, 9, 40, 6755 }, // U+0693
    { 10, 19, 154, -1, 9, 48, 6795 }, // U+0694
    { 10, 20, 154, -1, 9, 50, 6843 }, // U+0695
    { 10, 19, 154, -1, 9, 48, 6893 }, // U+0696
    { 10, 20, 154, -1, 14, 50, 6941 }, // U+0697
    { 10, 21, 154, -1, 15, 53, 6991 }, // U+0698
    { 10, 21, 154, -1, 15, 53, 7044 }, // U+0699
    { 24, 20, 405, 1, 13, 120, 7097 }, // U+069A
    { 24, 16, 405, 1, 9, 96, 7217 }, // U+069B
    { 24, 20, 405, 1, 13, 120, 7313 }, // U+069C
    { 26, 16, 438, 1, 9, 104, 7433 }, // U+069D
    { 26, 23, 438, 1, 16, 150, 7537 }, // U+069E
    { 17, 17, 308, 1, 17, 73, 7687 }, // U+069F
    { 15, 26, 242, 1, 18, 98, 7760 }, // U+06A0
    { 19, 13, 339, 1, 13, 62, 7858 }, // U+06A1
    { 19, 18, 339, 1, 13, 86, 7920 }, // U+06A2
    { 19, 23, 339, 1, 18, 110, 8006 }, // U+06A3
    { 19, 18, 339, 1, 18, 86, 8116 }, // U+06A4
    { 19, 19, 339, 1, 13, 91, 8202 }, // U+06A5
    { 19, 18, 339, 1, 18, 86, 8293 }, // U+06A6
    { 14, 21, 259, 1, 14, 74, 8379 }, // U+06A7
    { 14, 22, 259, 1, 15, 77, 8453 }, // U+06A8
    { 17, 17, 289, 1, 17, 73, 8530 }, // U+06A9
    { 25, 13, 406, 0, 13, 82, 8603 }, // U+06AA
    { 17, 17, 289, 1, 17, 73, 8685 }, // U+06AB
    { 13, 17, 223, 0, 17, 56, 8758 }, // U+06AC
    { 13, 17, 223, 0, 17, 56, 8814 }, // U+06AD
    { 13, 24, 223, 0, 17, 78, 8870 }, // U+06AE
    { 17, 19, 289, 1, 19, 81, 8948 }, // U+06AF
    { 17, 19, 289, 1, 19, 81, 9029 }, // U+06B0
    { 17, 20, 289, 1, 20, 85, 9110 }, // U+06B1
    { 17, 25, 289, 1, 19, 107, 9195 }, // U+06B2
    { 17, 27, 289, 1, 19, 115, 9302 }, // U+06B3
    { 17, 21, 289, 1, 21, 90, 9417 }, // U+06B4
    { 13, 30, 238, 1, 23, 98, 9507 }, // U+06B5
    { 13, 29, 238, 1, 22, 95, 9605 }, // U+06B6
    { 14, 30, 238, 1, 23, 105, 9700 }, // U+06B7
    { 13, 30, 238, 1, 17, 98, 9805 }, // U+06B8
    { 13, 22, 234, 1, 10, 72, 9903 }, // U+06B9
    { 13, 13, 234, 1, 6, 43, 9975 }, // U+06BA
    { 13, 18, 234, 1, 11, 59, 10018 }, // U+06BB
    { 13, 19, 234, 1, 10, 62, 10077 }, // U+06BC
    { 13, 18, 234, 1, 11, 59, 10139 }, // U+06BD
    { 15, 12, 252, 0, 11, 45, 10198 }, // U+06BE
    { 15, 23, 254, 1, 15, 87, 10243 }, // U+06BF
    { 8, 16, 163, 1, 16, 32, 10330 }, // U+06C0
    { 8, 11, 163, 1, 11, 22, 10362 }, // U+06C1
    { 8, 16, 163, 1, 16, 32, 10384 }, // U+06C2
    { 8, 16, 163, 1, 16, 32, 10416 }, // U+06C3
    { 11, 15, 187, 0, 9, 42, 10448 }, // U+06C4
    { 11, 15, 187, 0, 9, 42, 10490 }, // U+06C5
    { 11, 21, 187, 0, 15, 58, 10532 }, // U+06C6
    { 11, 21, 187, 0, 15, 58, 10590 }, // U+06C7
    { 11, 27, 187, 0, 21, 75, 10648 }, // U+06C8
    { 11, 20, 187, 0, 14, 55, 10723 }, // U+06C9
    { 11, 20, 187, 0, 14, 55, 10778 }, // U+06CA
    { 11, 21, 187, 0, 15, 58, 10833 }, // U+06CB
    { 14, 16, 247, 1, 9, 56, 10891 }, // U+06CC
    { 17, 16, 247, -2, 9, 68, 10947 }, // U+06CD
    { 15, 16, 247, 0, 9, 60, 11015 }, // U+06CE
    { 11, 20, 187, 0, 14, 55, 11075 }, // U+06CF
    { 14, 23, 247, 1, 9, 81, 11130 }, // U+06D0
    { 14, 22, 247, 1, 9, 77, 11211 }, // U+06D1
    { 18, 8, 309, 1, 8, 36, 11288 }, // U+06D2
    { 18, 14, 309, 1, 14, 63, 11324 }, // U+06D3
    { 6, 2, 97, 0, 2, 3, 11387 }, // U+06D4
    { 8, 11, 163, 1, 11, 22, 11390 }, // U+06D5
    { 13, 9, 0, 0, 35, 30, 11412 }, // U+06D6
    { 9, 9, 0, 0, 35, 21, 11442 }, // U+06D7
    { 6, 5, 0, 0, 31, 8, 11463 }, // U+06D8
    { 5, 7, 0, 0, 33, 9, 11471 }, // U+06D9
    { 6, 7, 0, 0, 33, 11, 11480 }, // U+06DA
    { 5, 5, 0, 0, 31, 7, 11491 }, // U+06DB
    { 9, 6, 0, 0, 32, 14, 11498 }, // U+06DC
    { 29, 34, 504, 1, 27, 247, 11512 }, // U+06DD
    { 23, 23, 368, 0, 18, 133, 11759 }, // U+06DE
    { 4, 5, 0, -1, 23, 5, 11892 }, // U+06DF
    { 4, 6, 0, -1, 24, 6, 11897 }, // U+06E0
    { 6, 5, 0, -1, 23, 8, 11903 }, // U+06E1
    { 5, 7, 0, -1, 25, 9, 11911 }, // U+06E2
    { 9, 6, 0, 0, -1, 14, 11920 }, // U+06E3
    { 8, 3, 0, -1, 21, 6, 11934 }, // U+06E4
    { 5, 6, 82, 0, 5, 8, 11940 }, // U+06E5
    { 8, 3, 118, 0, 3, 6, 11948 }, // U+06E6
    { 7, 3, 0, 0, 22, 6, 11954 }, // U+06E7
    { 5, 6, 0, 0, 32, 8, 11960 }, // U+06E8
    { 13, 18, 204, 0, 16, 59, 11968 }, // U+06E9
    { 4, 4, 0, 0, -1, 4, 12027 }, // U+06EA
    { 4, 4, 0, 0, 22, 4, 12031 }, // U+06EB
    { 4, 5, 0, 0, 23, 5, 12035 }, // U+06EC
    { 5, 7, 0, -1, 0, 9, 12040 }, // U+06ED
    { 10, 16, 166, 0, 16, 40, 12049 }, // U+06EE
    { 10, 20, 154, -1, 14, 50, 12089 }, // U+06EF
    { 5, 5, 126, 1, 8, 7, 12139 }, // U+06F0
    { 5, 15, 126, 1, 15, 19, 12146 }, // U+06F1
    { 9, 15, 165, 1, 15, 34, 12165 }, // U+06F2
    { 11, 15, 191, 1, 15, 42, 12199 }, // U+06F3
    { 10, 15, 186, 1, 15, 38, 12241 }, // U+06F4
    { 10, 15, 182, 1, 15, 38, 12279 }, // U+06F5
    { 10, 15, 178, 1, 15, 38, 12317 }, // U+06F6
    { 11, 15, 174, 0, 15, 42, 12355 }, // U+06F7
    { 11, 15, 174, 0, 15, 42, 12397 }, // U+06F8
    { 9, 16, 173, 1, 15, 36, 12439 }, // U+06F9
    { 24, 20, 405, 1, 13, 120, 12475 }, // U+06FA
    { 26, 23, 438, 1, 16, 150, 12595 }, // U+06FB
    { 15, 26, 242, 1, 18, 98, 12745 }, // U+06FC
    { 10, 14, 175, 1, 7, 35, 12843 }, // U+06FD
    { 11, 17, 196, 1, 9, 47, 12878 }, // U+06FE
    { 15, 18, 252, 0, 17, 68, 12925 }, // U+06FF
    { 0, 0, 44, 0, 0, 0, 0 }, // U+2009
    { 0, 0, 0, 0, 0, 0, 0 }, // U+200B
    { 0, 0, 0, 0, 0, 0, 0 }, // U+200C
    { 0, 0, 0, 0, 0, 0, 0 }, // U+200D
    { 0, 0, 0, 0, 0, 0, 0 }, // U+200E
    { 0, 0, 0, 0, 0, 0, 0 }, // U+200F
    { 7, 2, 129, 1, 2, 4, 0 }, // U+2010
    { 14, 3, 200, -1, 8, 11, 4 }, // U+2013
    { 27, 3, 400, -1, 8, 21, 15 }, // U+2014
    { 5, 8, 100, 1, 18, 10, 36 }, // U+2018
    { 5, 8, 100, 0, 18, 10, 46 }, // U+2019
    { 5, 8, 100, 0, 4, 10, 56 }, // U+201A
    { 10, 8, 180, 1, 18, 20, 66 }, // U+201C
    { 10, 8, 180, 0, 18, 20, 86 }, // U+201D
    { 10, 8, 180, 0, 4, 20, 106 }, // U+201E
    { 7, 8, 145, 1, 13, 14, 126 }, // U+2022
    { 18, 5, 343, 2, 4, 23, 140 }, // U+2026
    { 0, 0, 0, 0, 0, 0, 163 }, // U+202A
    { 0, 0, 0, 0, 0, 0, 163 }, // U+202B
    { 0, 0, 0, 0, 0, 0, 163 }, // U+202C
    { 0, 0, 0, 0, 0, 0, 163 }, // U+202D
    { 0, 0, 0, 0, 0, 0, 163 }, // U+202E
    { 0, 0, 44, 0, 0, 0, 163 }, // U+202F
    { 6, 10, 133, 1, 12, 15, 163 }, // U+2039
    { 6, 10, 133, 1, 12, 15, 178 }, // U+203A
    { 4, 13, 85, 1, 9, 13, 193 }, // U+204F
    { 0, 0, 0, 0, 0, 0, 206 }, // U+2060
    { 0, 0, 0, 0, 0, 0, 206 }, // U+2061
    { 0, 0, 0, 0, 0, 0, 206 }, // U+2062
    { 0, 0, 0, 0, 0, 0, 206 }, // U+2063
    { 0, 0, 0, 0, 0, 0, 206 }, // U+2064
    { 0, 0, 0, 0, 0, 0, 206 }, // U+2066
    { 0, 0, 0, 0, 0, 0, 206 }, // U+2067
    { 0, 0, 0, 0, 0, 0, 206 }, // U+2068
    { 0, 0, 0, 0, 0, 0, 206 }, // U+2069
    { 0, 0, 0, 0, 0, 0, 206 }, // U+206A
    { 0, 0, 0, 0, 0, 0, 206 }, // U+206B
    { 0, 0, 0, 0, 0, 0, 206 }, // U+206C
    { 0, 0, 0, 0, 0, 0, 206 }, // U+206D
    { 0, 0, 0, 0, 0, 0, 206 }, // U+206E
    { 0, 0, 0, 0, 0, 0, 206 }, // U+206F
    { 6, 6, 88, 0, 24, 9, 0 }, // U+FE70
    { 7, 12, 84, -1, 12, 21, 9 }, // U+FE71
    { 7, 6, 88, 0, 24, 11, 30 }, // U+FE72
    { 9, 9, 138, 1, 2, 21, 41 }, // U+FE73
    { 6, 6, 88, 0, 0, 9, 62 }, // U+FE74
    { 6, 4, 88, 0, 22, 6, 71 }, // U+FE76
    { 7, 10, 84, -1, 10, 18, 77 }, // U+FE77
    { 6, 6, 88, 0, 24, 9, 95 }, // U+FE78
    { 7, 12, 84, -1, 12, 21, 104 }, // U+FE79
    { 6, 4, 88, 0, -1, 6, 125 }, // U+FE7A
    { 7, 8, 84, -1, 2, 14, 131 }, // U+FE7B
    { 6, 5, 88, 0, 23, 8, 145 }, // U+FE7C
    { 7, 11, 84, -1, 11, 20, 153 }, // U+FE7D
    { 4, 5, 88, 1, 22, 5, 173 }, // U+FE7E
    { 7, 10, 84, -1, 10, 18, 178 }, // U+FE7F
    { 10, 8, 175, 1, 7, 20, 196 }, // U+FE80
    { 8, 21, 95, -1, 21, 42, 216 }, // U+FE81
    { 8, 21, 101, -1, 21, 42, 258 }, // U+FE82
    { 5, 23, 95, 0, 23, 29, 300 }, // U+FE83
    { 7, 23, 101, 0, 23, 41, 329 }, // U+FE84
    { 11, 20, 187, 0, 14, 55, 370 }, // U+FE85
    { 13, 21, 187, 0, 15, 69, 425 }, // U+FE86
    { 5, 23, 95, 1, 17, 29, 494 }, // U+FE87
    { 6, 23, 101, 1, 17, 35, 523 }, // U+FE88
    { 14, 16, 247, 1, 9, 56, 558 }, // U+FE89
    { 17, 15, 275, 1, 8, 64, 614 }, // U+FE8A
    { 7, 15, 110, -1, 15, 27, 678 }, // U+FE8B
    { 9, 12, 117, -1, 12, 27, 705 }, // U+FE8C
    { 4, 17, 95, 1, 17, 17, 732 }, // U+FE8D
    { 6, 17, 101, 1, 17, 26, 749 }, // U+FE8E
    { 18, 17, 309, 1, 11, 77, 775 }, // U+FE8F
    { 20, 13, 327, 1, 7, 65, 852 }, // U+FE90
    { 7, 16, 110, -1, 10, 28, 917 }, // U+FE91
    { 9, 12, 117, -1, 6, 27, 945 }, // U+FE92
    { 8, 16, 163, 1, 16, 32, 972 }, // U+FE93
    { 11, 16, 181, 1, 16, 44, 1004 }, // U+FE94
    { 18, 12, 309, 1, 12, 54, 1048 }, // U+FE95
    { 20, 12, 327, 1, 12, 60, 1102 }, // U+FE96
    { 8, 15, 110, -1, 15, 30, 1162 }, // U+FE97
    { 11, 12, 144, -1, 12, 33, 1192 }, // U+FE98
    { 18, 13, 309, 1, 13, 59, 1225 }, // U+FE99
    { 20, 13, 327, 1, 13, 65, 1284 }, // U+FE9A
    { 8, 16, 110, -1, 16, 32, 1349 }, // U+FE9B
    { 11, 13, 144, -1, 13, 36, 1381 }, // U+FE9C
    { 15, 18, 254, 1, 10, 68, 1417 }, // U+FE9D
    { 17, 17, 266, 1, 9, 73, 1485 }, // U+FE9E
    { 17, 14, 254, -1, 9, 60, 1558 }, // U+FE9F
    { 19, 14, 266, -1, 9, 67, 1618 }, // U+FEA0
    { 15, 18, 254, 1, 10, 68, 1685 }, // U+FEA1
    { 17, 17, 266, 1, 9, 73, 1753 }, // U+FEA2
    { 17, 9, 254, -1, 9, 39, 1826 }, // U+FEA3
    { 19, 9, 266, -1, 9, 43, 1865 }, // U+FEA4
    { 15, 23, 254, 1, 15, 87, 1908 }, // U+FEA5
    { 17, 23, 266, 1, 15, 98, 1995 }, // U+FEA6
    { 17, 15, 254, -1, 15, 64, 2093 }, // U+FEA7
    { 19, 15, 266, -1, 15, 72, 2157 }, // U+FEA8
    { 10, 10, 166, 0, 10, 25, 2229 }, // U+FEA9
    { 13, 10, 190, 0, 10, 33, 2254 }, // U+FEAA
    { 10, 16, 166, 0, 16, 40, 2287 }, // U+FEAB
    { 13, 16, 190, 0, 16, 52, 2327 }, // U+FEAC
    { 10, 15, 154, -1, 9, 38, 2379 }, // U+FEAD
    { 12, 15, 162, -1, 9, 45, 2417 }, // U+FEAE
    { 10, 20, 154, -1, 14, 50, 2462 }, // U+FEAF
    { 12, 20, 162, -1, 14, 60, 2512 }, // U+FEB0
    { 24, 16, 405, 1, 9, 96, 2572 }, // U+FEB1
    { 25, 14, 407, 1, 7, 88, 2668 }, // U+FEB2
    { 17, 9, 263, -1, 9, 39, 2756 }, // U+FEB3
    { 18, 7, 265, -1, 7, 32, 2795 }, // U+FEB4
    { 24, 20, 405, 1, 13, 120, 2827 }, // U+FEB5
    { 25, 20, 407, 1, 13, 125, 2947 }, // U+FEB6
    { 17, 13, 263, -1, 13, 56, 3072 }, // U+FEB7
    { 18, 13, 265, -1, 13, 59, 3128 }, // U+FEB8
    { 26, 16, 438, 1, 9, 104, 3187 }, // U+FEB9
    { 27, 16, 440, 1, 9, 108, 3291 }, // U+FEBA
    { 19, 9, 314, -1, 9, 43, 3399 }, // U+FEBB
    { 21, 9, 311, -1, 9, 48, 3442 }, // U+FEBC
    { 26, 23, 438, 1, 16, 150, 3490 }, // U+FEBD
    { 27, 23, 440, 1, 16, 156, 3640 }, // U+FEBE
    { 19, 16, 314, -1, 16, 76, 3796 }, // U+FEBF
    { 21, 16, 311, -1, 16, 84, 3872 }, // U+FEC0
    { 17, 17, 308, 1, 17, 73, 3956 }, // U+FEC1
    { 19, 17, 310, 1, 17, 81, 4029 }, // U+FEC2
    { 17, 17, 264, -1, 17, 73, 4110 }, // U+FEC3
    { 18, 17, 252, -1, 17, 77, 4183 }, // U+FEC4
    { 17, 17, 308, 1, 17, 73, 4260 }, // U+FEC5
    { 19, 17, 310, 1, 17, 81, 4333 }, // U+FEC6
    { 17, 17, 264, -1, 17, 73, 4414 }, // U+FEC7
    { 18, 17, 252, -1, 17, 77, 4487 }, // U+FEC8
    { 15, 20, 242, 1, 12, 75, 4564 }, // U+FEC9
    { 13, 18, 191, 1, 10, 59, 4639 }, // U+FECA
    { 13, 10, 202, -1, 10, 33, 4698 }, // U+FECB
    { 12, 10, 166, -1, 10, 30, 4731 }, // U+FECC
    { 15, 26, 242, 1, 18, 98, 4761 }, // U+FECD
    { 13, 23, 191, 1, 15, 75, 4859 }, // U+FECE
    { 13, 15, 202, -1, 15, 49, 4934 }, // U+FECF
    { 12, 15, 166, -1, 15, 45, 4983 }, // U+FED0
    { 19, 18, 339, 1, 18, 86, 5028 }, // U+FED1
    { 20, 15, 327, 1, 15, 75, 5114 }, // U+FED2
    { 11, 17, 168, -1, 17, 47, 5189 }, // U+FED3
    { 12, 15, 155, -1, 15, 45, 5236 }, // U+FED4
    { 14, 21, 259, 1, 14, 74, 5281 }, // U+FED5
    { 16, 21, 257, 1, 14, 84, 5355 }, // U+FED6
    { 11, 17, 168, -1, 17, 47, 5439 }, // U+FED7
    { 12, 15, 155, -1, 15, 45, 5486 }, // U+FED8
    { 13, 17, 223, 0, 17, 56, 5531 }, // U+FED9
    { 18, 17, 294, 1, 17, 77, 5587 }, // U+FEDA
    { 11, 17, 166, -1, 17, 47, 5664 }, // U+FEDB
    { 13, 17, 184, -1, 17, 56, 5711 }, // U+FEDC
    { 13, 24, 238, 1, 17, 78, 5767 }, // U+FEDD
    { 15, 24, 236, 1, 17, 90, 5845 }, // U+FEDE
    { 5, 17, 85, -1, 17, 22, 5935 }, // U+FEDF
    { 8, 17, 98, -1, 17, 34, 5957 }, // U+FEE0
    { 11, 17, 196, 1, 9, 47, 5991 }, // U+FEE1
    { 13, 17, 211, 1, 9, 56, 6038 }, // U+FEE2
    { 12, 9, 182, -1, 9, 27, 6094 }, // U+FEE3
    { 12, 9, 165, -1, 9, 27, 6121 }, // U+FEE4
    { 13, 17, 234, 1, 10, 56, 6148 }, // U+FEE5
    { 15, 17, 234, 1, 10, 64, 6204 }, // U+FEE6
    { 7, 15, 110, -1, 15, 27, 6268 }, // U+FEE7
    { 9, 12, 117, -1, 12, 27, 6295 }, // U+FEE8
    { 8, 11, 163, 1, 11, 22, 6322 }, // U+FEE9
    { 11, 11, 181, 1, 11, 31, 6344 }, // U+FEEA
    { 13, 12, 203, -1, 11, 39, 6375 }, // U+FEEB
    { 11, 17, 152, -1, 11, 47, 6414 }, // U+FEEC
    { 11, 15, 187, 0, 9, 42, 6461 }, // U+FEED
    { 13, 15, 187, 0, 9, 49, 6503 }, // U+FEEE
    { 14, 16, 247, 1, 9, 56, 6552 }, // U+FEEF
    { 17, 10, 275, 1, 3, 43, 6608 }, // U+FEF0
    { 14, 21, 247, 1, 9, 74, 6651 }, // U+FEF1
    { 17, 15, 275, 1, 3, 64, 6725 }, // U+FEF2
    { 9, 16, 137, -1, 10, 36, 6789 }, // U+FEF3
    { 11, 12, 144, -1, 6, 33, 6825 }, // U+FEF4
    { 15, 18, 207, -3, 18, 68, 6858 }, // U+FEF5
    { 18, 17, 244, -2, 17, 77, 6926 }, // U+FEF6
    { 13, 20, 207, -1, 20, 65, 7003 }, // U+FEF7
    { 16, 20, 244, 0, 20, 80, 7068 }, // U+FEF8
    { 12, 25, 207, 0, 18, 75, 7148 }, // U+FEF9
    { 16, 24, 244, 0, 17, 96, 7223 }, // U+FEFA
    { 12, 18, 207, 0, 18, 54, 7319 }, // U+FEFB
    { 16, 17, 244, 0, 17, 68, 7373 }, // U+FEFC
};

static const EpdUnicodeInterval notonaskh_12_regularIntervals[] = {
    { 0x0, 0xA3, 0x0 },
    { 0xA5, 0xA5, 0xA4 },
    { 0xA7, 0xAB, 0xA5 },
    { 0xAD, 0xB0, 0xAA },
    { 0xB4, 0xB4, 0xAE },
    { 0xB6, 0xB8, 0xAF },
    { 0xBA, 0xBB, 0xB2 },
    { 0xBF, 0x107, 0xB4 },
    { 0x10A, 0x113, 0xFD },
    { 0x116, 0x11B, 0x107 },
    { 0x11E, 0x123, 0x10D },
    { 0x126, 0x127, 0x113 },
    { 0x12A, 0x12B, 0x115 },
    { 0x12E, 0x131, 0x117 },
    { 0x136, 0x137, 0x11B },
    { 0x139, 0x13E, 0x11D },
    { 0x141, 0x148, 0x123 },
    { 0x150, 0x155, 0x12B },
    { 0x158, 0x15B, 0x131 },
    { 0x15E, 0x161, 0x135 },
    { 0x164, 0x165, 0x139 },
    { 0x16A, 0x16B, 0x13B },
    { 0x16E, 0x17E, 0x13D },
    { 0x218, 0x21B, 0x14E },
    { 0x300, 0x304, 0x152 },
    { 0x306, 0x308, 0x157 },
    { 0x30A, 0x30C, 0x15A },
    { 0x326, 0x328, 0x15D },
    { 0x34F, 0x34F, 0x160 },
    { 0x600, 0x6FF, 0x161 },
    { 0x2009, 0x2009, 0x261 },
    { 0x200B, 0x2010, 0x262 },
    { 0x2013, 0x2014, 0x268 },
    { 0x2018, 0x201A, 0x26A },
    { 0x201C, 0x201E, 0x26D },
    { 0x2022, 0x2022, 0x270 },
    { 0x2026, 0x2026, 0x271 },
    { 0x202A, 0x202F, 0x272 },
    { 0x2039, 0x203A, 0x278 },
    { 0x204F, 0x204F, 0x27A },
    { 0x2060, 0x2064, 0x27B },
    { 0x2066, 0x206F, 0x280 },
    { 0xFE70, 0xFE74, 0x28A },
    { 0xFE76, 0xFEFC, 0x28F },
};

static const EpdFontGroup notonaskh_12_regularGroups[] = {
    { 0, 2928, 5770, 128, 0 },
    { 2928, 2145, 6337, 117, 128 },
    { 5073, 2477, 7716, 89, 245 },
    { 7550, 198, 300, 4, 334 },
    { 7748, 136, 136, 15, 338 },
    { 7884, 4320, 14572, 256, 353 },
    { 12204, 208, 251, 41, 609 },
    { 12412, 2763, 8248, 140, 650 },
};

static const EpdKernClassEntry notonaskh_12_regularKernLeftClasses[] = {
    { 0x0022, 1 }, // "
    { 0x0026, 2 }, // &
    { 0x0027, 1 }, // '
    { 0x002A, 3 }, // *
    { 0x002C, 4 }, // ,
    { 0x0040, 5 }, // @
    { 0x0041, 6 }, // A
    { 0x0042, 7 }, // B
    { 0x0044, 8 }, // D
    { 0x0045, 9 }, // E
    { 0x0046, 10 }, // F
    { 0x0047, 11 }, // G
    { 0x004B, 12 }, // K
    { 0x004C, 13 }, // L
    { 0x004E, 14 }, // N
    { 0x004F, 8 }, // O
    { 0x0050, 3 }, // P
    { 0x0051, 8 }, // Q
    { 0x0052, 15 }, // R
    { 0x0053, 16 }, // S
    { 0x0054, 17 }, // T
    { 0x0055, 18 }, // U
    { 0x0056, 19 }, // V
    { 0x0057, 20 }, // W
    { 0x0058, 21 }, // X
    { 0x0059, 22 }, // Y
    { 0x0061, 23 }, // a
    { 0x0062, 24 }, // b
    { 0x0065, 25 }, // e
    { 0x0066, 26 }, // f
    { 0x0067, 27 }, // g
    { 0x0068, 23 }, // h
    { 0x006B, 28 }, // k
    { 0x006D, 23 }, // m
    { 0x006E, 23 }, // n
    { 0x006F, 24 }, // o
    { 0x0070, 24 }, // p
    { 0x0072, 29 }, // r
    { 0x0073, 30 }, // s
    { 0x0076, 31 }, // v
    { 0x0077, 32 }, // w
    { 0x0079, 33 }, // y
    { 0x00A1, 34 }, // U+00A1
    { 0x00BF, 35 }, // U+00BF
    { 0x00C0, 36 }, // U+00C0
    { 0x00C1, 36 }, // U+00C1
    { 0x00C2, 36 }, // U+00C2
    { 0x00C3, 36 }, // U+00C3
    { 0x00C4, 36 }, // U+00C4
    { 0x00C5, 36 }, // U+00C5
    { 0x00C6, 9 }, // U+00C6
    { 0x00C8, 9 }, // U+00C8
    { 0x00C9, 9 }, // U+00C9
    { 0x00CA, 9 }, // U+00CA
    { 0x00CB, 9 }, // U+00CB
    { 0x00D0, 8 }, // U+00D0
    { 0x00D1, 14 }, // U+00D1
    { 0x00D2, 8 }, // U+00D2
    { 0x00D3, 8 }, // U+00D3
    { 0x00D4, 8 }, // U+00D4
    { 0x00D5, 8 }, // U+00D5
    { 0x00D6, 8 }, // U+00D6
    { 0x00D8, 8 }, // U+00D8
    { 0x00D9, 18 }, // U+00D9
    { 0x00DA, 18 }, // U+00DA
    { 0x00DB, 18 }, // U+00DB
    { 0x00DC, 18 }, // U+00DC
    { 0x00DD, 22 }, // U+00DD
    { 0x00DE, 8 }, // U+00DE
    { 0x00DF, 24 }, // U+00DF
    { 0x00E0, 23 }, // U+00E0
    { 0x00E1, 23 }, // U+00E1
    { 0x00E2, 23 }, // U+00E2
    { 0x00E3, 23 }, // U+00E3
    { 0x00E4, 23 }, // U+00E4
    { 0x00E5, 23 }, // U+00E5
    { 0x00E6, 25 }, // U+00E6
    { 0x00E8, 25 }, // U+00E8
    { 0x00E9, 25 }, // U+00E9
    { 0x00EA, 25 }, // U+00EA
    { 0x00EB, 25 }, // U+00EB
    { 0x00F0, 24 }, // U+00F0
    { 0x00F1, 23 }, // U+00F1
    { 0x00F2, 24 }, // U+00F2
    { 0x00F3, 24 }, // U+00F3
    { 0x00F4, 24 }, // U+00F4
    { 0x00F5, 24 }, // U+00F5
    { 0x00F6, 24 }, // U+00F6
    { 0x00F8, 24 }, // U+00F8
    { 0x00FD, 33 }, // U+00FD
    { 0x00FE, 24 }, // U+00FE
    { 0x00FF, 33 }, // U+00FF
    { 0x0100, 6 }, // U+0100
    { 0x0102, 36 }, // U+0102
    { 0x0104, 36 }, // U+0104
    { 0x010E, 8 }, // U+010E
    { 0x010F, 37 }, // U+010F
    { 0x0110, 8 }, // U+0110
    { 0x0112, 9 }, // U+0112
    { 0x0113, 25 }, // U+0113
    { 0x0116, 9 }, // U+0116
    { 0x0117, 25 }, // U+0117
    { 0x0118, 9 }, // U+0118
    { 0x0119, 25 }, // U+0119
    { 0x011A, 9 }, // U+011A
    { 0x011B, 25 }, // U+011B
    { 0x011E, 11 }, // U+011E
    { 0x0120, 11 }, // U+0120
    { 0x0122, 11 }, // U+0122
    { 0x0127, 23 }, // U+0127
    { 0x0136, 12 }, // U+0136
    { 0x0137, 28 }, // U+0137
    { 0x0139, 13 }, // U+0139
    { 0x013B, 13 }, // U+013B
    { 0x013E, 37 }, // U+013E
    { 0x0141, 13 }, // U+0141
    { 0x0143, 14 }, // U+0143
    { 0x0144, 23 }, // U+0144
    { 0x0145, 14 }, // U+0145
    { 0x0146, 23 }, // U+0146
    { 0x0147, 14 }, // U+0147
    { 0x0148, 23 }, // U+0148
    { 0x0150, 8 }, // U+0150
    { 0x0151, 24 }, // U+0151
    { 0x0152, 9 }, // U+0152
    { 0x0153, 25 }, // U+0153
    { 0x0154, 15 }, // U+0154
    { 0x0155, 29 }, // U+0155
    { 0x0158, 15 }, // U+0158
    { 0x0159, 29 }, // U+0159
    { 0x015A, 16 }, // U+015A
    { 0x015B, 30 }, // U+015B
    { 0x015E, 16 }, // U+015E
    { 0x015F, 30 }, // U+015F
    { 0x0160, 16 }, // U+0160
    { 0x0161, 30 }, // U+0161
    { 0x0164, 17 }, // U+0164
    { 0x0165, 38 }, // U+0165
    { 0x016A, 18 }, // U+016A
    { 0x016E, 18 }, // U+016E
    { 0x0170, 18 }, // U+0170
    { 0x0172, 18 }, // U+0172
    { 0x0174, 20 }, // U+0174
    { 0x0175, 32 }, // U+0175
    { 0x0176, 22 }, // U+0176
    { 0x0177, 33 }, // U+0177
    { 0x0178, 22 }, // U+0178
    { 0x0218, 16 }, // U+0218
    { 0x0219, 30 }, // U+0219
    { 0x021A, 17 }, // U+021A
    { 0x2018, 39 }, // U+2018
    { 0x2019, 40 }, // U+2019
    { 0x201A, 4 }, // U+201A
    { 0x201C, 39 }, // U+201C
    { 0x201D, 40 }, // U+201D
    { 0x201E, 4 }, // U+201E
    { 0x2026, 4 }, // U+2026
};

static const EpdKernClassEntry notonaskh_12_regularKernRightClasses[] = {
    { 0x0022, 1 }, // "
    { 0x0026, 2 }, // &
    { 0x0027, 1 }, // '
    { 0x0029, 3 }, // )
    { 0x002A, 4 }, // *
    { 0x002C, 5 }, // ,
    { 0x003F, 6 }, // ?
    { 0x0040, 7 }, // @
    { 0x0041, 8 }, // A
    { 0x0042, 9 }, // B
    { 0x0043, 10 }, // C
    { 0x0044, 9 }, // D
    { 0x0045, 9 }, // E
    { 0x0046, 9 }, // F
    { 0x0047, 10 }, // G
    { 0x0048, 9 }, // H
    { 0x0049, 9 }, // I
    { 0x004A, 11 }, // J
    { 0x004B, 9 }, // K
    { 0x004C, 9 }, // L
    { 0x004D, 9 }, // M
    { 0x004E, 9 }, // N
    { 0x004F, 10 }, // O
    { 0x0050, 9 }, // P
    { 0x0051, 10 }, // Q
    { 0x0052, 9 }, // R
    { 0x0053, 12 }, // S
    { 0x0054, 13 }, // T
    { 0x0055, 14 }, // U
    { 0x0056, 15 }, // V
    { 0x0057, 16 }, // W
    { 0x0058, 17 }, // X
    { 0x0059, 18 }, // Y
    { 0x005A, 19 }, // Z
    { 0x005D, 3 }, // ]
    { 0x0061, 20 }, // a
    { 0x0062, 21 }, // b
    { 0x0063, 22 }, // c
    { 0x0064, 22 }, // d
    { 0x0065, 22 }, // e
    { 0x0067, 23 }, // g
    { 0x0068, 21 }, // h
    { 0x006B, 21 }, // k
    { 0x006C, 21 }, // l
    { 0x006F, 22 }, // o
    { 0x0071, 22 }, // q
    { 0x0073, 24 }, // s
    { 0x0075, 25 }, // u
    { 0x0076, 26 }, // v
    { 0x0077, 27 }, // w
    { 0x0079, 28 }, // y
    { 0x007A, 29 }, // z
    { 0x007D, 3 }, // }
    { 0x00B7, 30 }, // U+00B7
    { 0x00C0, 8 }, // U+00C0
    { 0x00C1, 8 }, // U+00C1
    { 0x00C2, 8 }, // U+00C2
    { 0x00C3, 8 }, // U+00C3
    { 0x00C4, 8 }, // U+00C4
    { 0x00C5, 8 }, // U+00C5
    { 0x00C6, 31 }, // U+00C6
    { 0x00C7, 10 }, // U+00C7
    { 0x00C8, 9 }, // U+00C8
    { 0x00C9, 9 }, // U+00C9
    { 0x00CA, 9 }, // U+00CA
    { 0x00CB, 9 }, // U+00CB
    { 0x00CC, 9 }, // U+00CC
    { 0x00CD, 9 }, // U+00CD
    { 0x00CE, 9 }, // U+00CE
    { 0x00CF, 9 }, // U+00CF
    { 0x00D0, 9 }, // U+00D0
    { 0x00D1, 9 }, // U+00D1
    { 0x00D2, 10 }, // U+00D2
    { 0x00D3, 10 }, // U+00D3
    { 0x00D4, 10 }, // U+00D4
    { 0x00D5, 10 }, // U+00D5
    { 0x00D6, 10 }, // U+00D6
    { 0x00D8, 10 }, // U+00D8
    { 0x00D9, 14 }, // U+00D9
    { 0x00DA, 14 }, // U+00DA
    { 0x00DB, 14 }, // U+00DB
    { 0x00DC, 14 }, // U+00DC
    { 0x00DD, 18 }, // U+00DD
    { 0x00DE, 9 }, // U+00DE
    { 0x00E0, 20 }, // U+00E0
    { 0x00E1, 20 }, // U+00E1
    { 0x00E2, 20 }, // U+00E2
    { 0x00E3, 20 }, // U+00E3
    { 0x00E4, 20 }, // U+00E4
    { 0x00E5, 20 }, // U+00E5
    { 0x00E6, 20 }, // U+00E6
    { 0x00E7, 22 }, // U+00E7
    { 0x00E8, 22 }, // U+00E8
    { 0x00E9, 22 }, // U+00E9
    { 0x00EA, 22 }, // U+00EA
    { 0x00EB, 22 }, // U+00EB
    { 0x00EC, 32 }, // U+00EC
    { 0x00EE, 32 }, // U+00EE
    { 0x00EF, 32 }, // U+00EF
    { 0x00F0, 22 }, // U+00F0
    { 0x00F2, 22 }, // U+00F2
    { 0x00F3, 22 }, // U+00F3
    { 0x00F4, 22 }, // U+00F4
    { 0x00F5, 22 }, // U+00F5
    { 0x00F6, 22 }, // U+00F6
    { 0x00F8, 22 }, // U+00F8
    { 0x00F9, 25 }, // U+00F9
    { 0x00FA, 25 }, // U+00FA
    { 0x00FB, 25 }, // U+00FB
    { 0x00FC, 25 }, // U+00FC
    { 0x00FD, 28 }, // U+00FD
    { 0x00FE, 21 }, // U+00FE
    { 0x00FF, 28 }, // U+00FF
    { 0x0100, 8 }, // U+0100
    { 0x0101, 20 }, // U+0101
    { 0x0102, 8 }, // U+0102
    { 0x0103, 20 }, // U+0103
    { 0x0104, 8 }, // U+0104
    { 0x0105, 20 }, // U+0105
    { 0x0106, 10 }, // U+0106
    { 0x0107, 22 }, // U+0107
    { 0x010A, 10 }, // U+010A
    { 0x010B, 22 }, // U+010B
    { 0x010C, 10 }, // U+010C
    { 0x010D, 22 }, // U+010D
    { 0x010E, 9 }, // U+010E
    { 0x010F, 22 }, // U+010F
    { 0x0110, 9 }, // U+0110
    { 0x0111, 22 }, // U+0111
    { 0x0112, 9 }, // U+0112
    { 0x0113, 22 }, // U+0113
    { 0x0116, 9 }, // U+0116
    { 0x0117, 22 }, // U+0117
    { 0x0118, 9 }, // U+0118
    { 0x0119, 22 }, // U+0119
    { 0x011A, 9 }, // U+011A
    { 0x011B, 22 }, // U+011B
    { 0x011E, 10 }, // U+011E
    { 0x011F, 22 }, // U+011F
    { 0x0120, 10 }, // U+0120
    { 0x0121, 22 }, // U+0121
    { 0x0122, 10 }, // U+0122
    { 0x0123, 22 }, // U+0123
    { 0x0126, 9 }, // U+0126
    { 0x0127, 21 }, // U+0127
    { 0x012A, 9 }, // U+012A
    { 0x012B, 32 }, // U+012B
    { 0x012E, 9 }, // U+012E
    { 0x0130, 9 }, // U+0130
    { 0x0136, 9 }, // U+0136
    { 0x0137, 21 }, // U+0137
    { 0x0139, 9 }, // U+0139
    { 0x013A, 21 }, // U+013A
    { 0x013B, 9 }, // U+013B
    { 0x013C, 21 }, // U+013C
    { 0x013D, 9 }, // U+013D
    { 0x013E, 21 }, // U+013E
    { 0x0141, 9 }, // U+0141
    { 0x0142, 21 }, // U+0142
    { 0x0143, 9 }, // U+0143
    { 0x0145, 9 }, // U+0145
    { 0x0147, 9 }, // U+0147
    { 0x0150, 10 }, // U+0150
    { 0x0151, 22 }, // U+0151
    { 0x0152, 10 }, // U+0152
    { 0x0153, 22 }, // U+0153
    { 0x0154, 9 }, // U+0154
    { 0x0158, 9 }, // U+0158
    { 0x015A, 12 }, // U+015A
    { 0x015B, 24 }, // U+015B
    { 0x015E, 12 }, // U+015E
    { 0x015F, 24 }, // U+015F
    { 0x0160, 12 }, // U+0160
    { 0x0161, 24 }, // U+0161
    { 0x0164, 13 }, // U+0164
    { 0x016A, 14 }, // U+016A
    { 0x016B, 25 }, // U+016B
    { 0x016E, 14 }, // U+016E
    { 0x016F, 25 }, // U+016F
    { 0x0170, 14 }, // U+0170
    { 0x0171, 25 }, // U+0171
    { 0x0172, 14 }, // U+0172
    { 0x0173, 25 }, // U+0173
    { 0x0174, 16 }, // U+0174
    { 0x0175, 27 }, // U+0175
    { 0x0176, 18 }, // U+0176
    { 0x0177, 28 }, // U+0177
    { 0x0178, 18 }, // U+0178
    { 0x0179, 19 }, // U+0179
    { 0x017A, 29 }, // U+017A
    { 0x017B, 19 }, // U+017B
    { 0x017C, 29 }, // U+017C
    { 0x017D, 19 }, // U+017D
    { 0x017E, 29 }, // U+017E
    { 0x0218, 12 }, // U+0218
    { 0x0219, 24 }, // U+0219
    { 0x021A, 13 }, // U+021A
    { 0x2018, 33 }, // U+2018
    { 0x2019, 4 }, // U+2019
    { 0x201A, 34 }, // U+201A
    { 0x201C, 33 }, // U+201C
    { 0x201D, 4 }, // U+201D
    { 0x201E, 34 }, // U+201E
    { 0x2026, 34 }, // U+2026
    { 0x2039, 35 }, // U+2039
    { 0x203A, 35 }, // U+203A
};

static const int8_t notonaskh_12_regularKernMatrix[] = {
       0,    0,    0,    0,    0,    0,    0,  -32,    0,    0,    0,    0,    0,    0,    0,    0,    0,    0,    0,    0,    0,   -8,  -24,    0,    0,    0,    0,    0,    0,    0,  -48,    0,    0,    0,    0,
       0,    0,    0,    0,    0,  -12,    0,    0,    0,    0,    0,    0,  -12,    0,  -16,  -16,    0,  -12,    0,    0,    0,    0,    0,    0,    0,    0,    0,    0,    0,    0,    0,    0,    0,    0,    0,
       0,   -4,    0,    0,  -48,    0,    0,  -20,    0,    0,    0,    0,    0,    0,    0,    0,    0,    0,    0,    0,    0,    0,    0,    0,    0,    0,    0,    0,    0,    0,  -32,    0,    0,  -48,    0,
       0,    0,    0,    0,    0,  -36,    0,    0,    0,   -8,    0,    0,  -36,   -8,  -44,  -36,    0,  -32,    0,    0,    0,    0,    0,    0,    0,  -28,  -24,  -20,    0,    0,    0,    0,    0,    0,    0,
       0,    0,    0,    0,    0,    0,    0,  -12,    0,    0,    0,    0,    0,    0,    0,    0,    0,   -4,    0,    0,    0,    0,    0,    0,    0,    0,    0,    0,    0,    0,    0,    0,    0,    0,    0,
     -32,    0,    0,  -28,    0,  -24,    0,    0,    0,   -8,    0,    0,  -24,   -8,  -32,  -28,    0,  -28,    0,    0,    0,   -8,   -8,    0,   -8,  -24,  -12,  -20,    0,    0,    0,    0,  -28,    0,    0,
       0,    0,    0,   -8,    0,   -8,    0,   -8,    0,    0,    0,    0,   -8,    0,  -16,  -12,   -8,  -16,   -8,    0,    0,    0,    0,    0,    0,    0,   -4,   -8,    0,    0,  -12,    0,    0,    0,    0,
       0,    0,    0,    0,   -8,   -8,    0,   -8,    0,    0,    0,    0,   -8,    0,   -8,   -8,   -8,  -12,    0,    0,    0,    0,    0,    0,    0,    0,    0,    0,    0,    0,  -20,    0,    0,   -8,    0,
       0,    0,    0,    0,    0,    0,    0,    0,    0,    0,    0,    0,    0,    0,   -8,   -8,    0,   -8,    0,    0,    0,    0,    0,    0,    0,    0,    0,    0,    0,    0,    0,    0,    0,    0,    0,
       0,   -8,    0,    0,  -48,    0,  -16,  -28,    0,    0,    0,    0,    0,    0,    0,    0,    0,    0,    0,  -16,    0,  -16,  -16,    0,    0,    0,    0,    0,    0,    0,  -44,    0,    0,  -48,    0,
       0,    0,    0,    0,    0,   -8,    0,    0,    0,    0,    0,    0,   -8,    0,   -8,   -8,    0,   -8,    0,    0,    0,    0,    0,    0,    0,    0,    0,    0,    0,    0,   -8,    0,    0,    0,    0,
       0,    0,    0,    0,    0,    0,    0,    0,    0,   -8,    0,    0,    0,    0,    0,    0,    0,    0,    0,    0,    0,   -8,   -8,    0,   -8,    0,  -12,  -12,    0,    0,    0,    0,    0,    0,    0,
     -24,    0,    0,  -32,    0,  -28,    0,    0,    0,    0,    0,    0,  -28,    0,  -20,  -20,    0,  -24,    0,    0,    0,    0,    0,    0,    0,   -8,   -4,  -12,    0,   -8,    0,    0,  -32,    0,    0,
       0,    0,    0,    0,    0,    0,    0,    0,    0,    0,    0,    0,    0,    0,    0,    0,    0,    0,    0,    0,    0,    0,    0,    0,    0,    0,    0,    0,    0,    0,    0,    0,    0,    0,   -4,
       0,    0,    0,   -8,    0,   -8,    0,    0,    0,   -8,    0,    0,   -8,   -4,  -12,  -12,    0,  -12,    0,    0,    0,    0,    0,    0,    0,   -4,   -4,   -8,    0,    0,    0,    0,    0,    0,    0,
       0,    0,    0,    0,    0,   -8,    0,   -8,    0,    0,    0,    0,   -8,    0,   -8,   -8,   -8,   -8,    0,    0,    0,    0,    0,    0,    0,    0,   -4,   -8,    0,    0,   -8,    0,    0,    0,    0,
       0,   -4,    0,    0,  -36,    0,  -12,  -24,    0,   -8,    0,    0,    0,    0,    0,    0,    0,    0,    0,  -12,    0,  -20,  -20,   -2,    0,    0,    0,    0,    0,    0,  -32,    0,    0,  -36,    0,
       0,    0,    0,    0,   -8,    0,   -4,   -8,    0,    0,    0,    0,    0,    0,    0,    0,    0,    0,    0,    0,    0,    0,    0,    0,    0,    0,    0,    0,    0,    0,  -16,    0,    0,   -8,    0,
       0,  -12,    0,    0,  -44,    0,  -20,  -32,    0,   -8,    0,    0,    0,    0,    0,    0,    0,    0,    0,  -24,    0,  -24,  -24,  -16,    0,    0,    0,    0,    0,    0,  -52,    0,    0,  -44,    0,
       0,    0,    0,    0,  -36,    0,  -20,  -28,    0,   -8,    0,    0,    0,    0,    0,    0,    0,    0,    0,  -28,    0,  -24,  -24,  -20,    0,    0,    0,    0,  -12,    0,  -52,    0,    0,  -36,    0,
       0,    0,    0,    0,    0,    0,    0,    0,    0,   -8,    0,   -4,    0,    0,    0,    0,    0,    0,    0,    0,    0,    0,    0,    0,    0,    0,  -12,  -20,    0,    0,    0,    0,    0,    0,    0,
       0,   -4,    0,    0,  -32,    0,  -16,  -28,    0,  -12,    0,   -8,    0,    0,    0,    0,    0,    0,    0,  -24,    0,  -28,  -28,  -24,    0,    0,    0,    0,   -8,    0,  -36,    0,    0,  -32,    0,
     -16,    0,    0,    0,    0,    0,    0,    0,    0,    0,    0,    0,    0,    0,    0,    0,    0,    0,    0,    0,    0,    0,    0,    0,    0,    0,    0,   -8,    0,    0,    0,    0,    0,    0,    0,
       0,    0,    0,    0,    0,    0,    0,    0,    0,    0,    0,    0,    0,    0,  -24,  -24,    0,  -28,    0,    0,    0,    0,    0,    0,    0,    0,    0,   -8,    0,    0,    0,    0,    0,    0,    0,
       0,    0,    0,    0,    0,    0,    0,    0,    0,    0,    0,    0,    0,    0,  -24,  -24,    0,  -24,    0,    0,    0,    0,    0,    0,    0,    0,    0,    0,    0,    0,    0,    0,    0,    0,    0,
      32,    0,   36,   32,    0,    0,    0,    0,    0,    0,    0,    0,    0,    0,    0,    0,    0,    0,    0,    0,    0,    0,    0,    0,    0,    0,    0,    0,    0,    0,    0,   16,    0,    0,    0,
       0,    0,    0,    0,    0,    0,    0,    0,    0,    0,    0,    0,    0,    0,    0,   -8,    0,    0,    0,    0,    0,    0,    0,    0,    0,    0,    0,    0,    0,    0,    0,    0,    0,    0,    0,
       0,    0,    0,    0,    0,    0,    0,    0,    0,    0,    0,    0,    0,    0,    0,    0,    0,    0,    0,    0,    0,   -8,   -8,    0,    0,    0,    0,    0,    0,    0,    0,    0,    0,    0,    0,
       0,    0,    0,   12,  -52,    0,    0,    0,    0,    0,    0,    0,    0,    0,    0,    0,    0,    0,    0,   -8,    0,    0,    0,    0,    0,    0,    0,    0,    0,    0,    0,    0,    0,  -52,    0,
       0,    0,    0,    0,    0,    0,    0,    0,    0,    0,    0,    0,    0,    0,    0,    0,    0,  -24,    0,    0,    0,    0,    0,    0,    0,    0,    0,    0,    0,    0,    0,    0,    0,    0,    0,
       0,    0,    0,    0,  -20,    0,    0,  -24,    0,    0,    0,    0,    0,    0,    0,    0,    0,    0,    0,    0,    0,    0,    0,    0,    0,    0,    0,    0,    0,    0,    0,    0,    0,  -28,    0,
       0,    0,    0,    0,  -28,    0,    0,  -12,    0,    0,    0,    0,    0,    0,    0,    0,    0,    0,    0,    0,    0,    0,    0,    0,    0,    0,    0,    0,    0,    0,    0,    0,    0,  -28,    0,
       0,    0,    0,    0,  -36,    0,    0,  -20,    0,    0,    0,    0,    0,    0,    0,    0,    0,    0,    0,    0,    0,   -4,   -4,    0,    0,    0,    0,    0,    0,    0,    0,    0,    0,  -36,    0,
       0,    0,    0,    0,    0,    0,    0,    0,    0,    0,    0,    0,    0,    0,  -12,   -8,    0,  -12,    0,    0,    0,    0,    0,    0,    0,    0,    0,    0,    0,    0,    0,    0,    0,    0,    0,
       0,    0,    0,    0,    0,   -8,    0,    0,    0,    0,    0,    0,   -8,    0,  -20,  -20,    0,  -20,    0,    0,    0,    0,    0,    0,    0,    0,    0,    0,    0,    0,    0,    0,    0,    0,    0,
     -32,    0,    0,  -28,    0,  -24,    0,    0,    0,   -8,    0,    0,  -24,   -8,  -32,  -28,    0,  -28,    0,    0,    0,   -8,   -8,    0,   -8,  -20,  -12,  -20,    0,    0,    0,    0,  -28,    0,    0,
       0,    0,   24,   16,    0,   32,    0,    0,   20,    0,   24,    0,   20,   28,   32,   28,   28,   40,   16,    0,   36,    0,    0,    0,    0,    0,    0,    0,    0,    0,    0,    0,    0,    0,    0,
       0,    0,    0,    0,    0,    0,    0,    0,    0,    0,    0,    0,    0,    0,    0,    0,    0,    0,    0,    0,   16,    0,    0,    0,    0,    0,    0,    0,    0,    0,    0,    0,    0,    0,    0,
       0,    0,    0,    0,    0,    0,    0,  -28,    0,    0,    0,    0,    0,    0,    0,    0,    0,    0,    0,    0,    0,    0,    0,    0,    0,    0,    0,    0,    0,    0,  -56,    0,    0,    0,    0,
       0,    0,    0,    0,    0,    0,    0,  -40,    0,   -8,    0,    0,    0,    0,    0,    0,    0,    0,    0,  -12,    0,  -16,  -16,  -20,    0,    0,    0,    0,    0,    0,    0,    0,    0,    0,    0,
};

static constexpr EpdFontData notonaskh_12_regular = {
    notonaskh_12_regularBitmaps,
    notonaskh_12_regularGlyphs,
    notonaskh_12_regularIntervals,
    44,
    43,
    27,
    -16,
    true,
    notonaskh_12_regularGroups,
    8,
    nullptr,
    notonaskh_12_regularKernLeftClasses,
    notonaskh_12_regularKernRightClasses,
    notonaskh_12_regularKernMatrix,
    157,
    206,
    40,
    35,
    nullptr,
    0,
};
