/**
 * generated by fontconvert.py
 * name: notonaskh_10_regular
 * size: 10
 * mode: 2-bit  compressed: true
 * Command used: fontconvert.py notonaskh_10_regular 10 ../builtinFonts/source/NotoNaskhArabic/NotoNaskhArabic-Regular.ttf --additional-intervals 0x0600,0x06FF --additional-intervals 0xFE70,0xFEFC --font-include-intervals 0:0x0000,0x024F --font-include-intervals 0:0x0300,0x036F --font-include-intervals 0:0x2000,0x206F --font-include-intervals 0:0x0600,0x06FF --font-include-intervals 0:0xFE70,0xFEFC --2bit --compress --pnum --darken-aa
 */
#pragma once
#include "EpdFontData.h"

static const uint8_t notonaskh_10_regularBitmaps[11907] = {
    0xA5, 0x57, 0xCD, 0x8F, 0x1C, 0x47, 0x15, 0x7F, 0xDD, 0x65, 0xA7, 0x65, 0x6A, 0x77, 0x6B, 0x0F,
    0x89, 0x38, 0x78, 0x71, 0x73, 0x30, 0x52, 0x0E, 0xBB, 0xD3, 0x3E, 0x2C, 0x30, 0xC2, 0x33, 0xD3,
    0x65, 0xAF, 0x22, 0x1F, 0xB1, 0x10, 0xE6, 0xC2, 0xC5, 0x67, 0x10, 0x8A, 0x21, 0x46, 0xDA, 0xC3,
    0xAC, 0xA7, 0x6C, 0x1F, 0x38, 0x70, 0xF1, 0x9F, 0xE0, 0x03, 0x27, 0x7C, 0xC8, 0x20, 0xAD, 0xC4,
    0x20, 0x26, 0x99, 0x5A, 0xFB, 0xE0, 0x43, 0x10, 0x94, 0xE3, 0x98, 0x48, 0xE4, 0x40, 0x09, 0x83,
    0x40, 0xF2, 0x81, 0x26, 0x69, 0xC9, 0x43, 0xD2, 0x33, 0xCD, 0xEF, 0x55, 0xCF, 0x66, 0x1D, 0xAF,
    0xD7, 0x20, 0xD1, 0x55, 0xAF, 0xB7, 0xA6, 0xBB, 0xEA, 0xF5, 0xFB, 0xF8, 0xBD, 0x8F, 0x3D, 0xD6,
    0x6E, 0x77, 0xD6, 0x71, 0xAD, 0xAD, 0x1D, 0xA3, 0x8D, 0x0D, 0x2A, 0xCB, 0xB2, 0x18, 0xE2, 0xBA,
    0x72, 0x85, 0x88, 0x6E, 0x0F, 0xC9, 0x7B, 0x72, 0x9E, 0xAC, 0xCB, 0xEA, 0xEA, 0xE4, 0x93, 0x7F,
    0x88, 0x1B, 0x56, 0x6C, 0x19, 0x21, 0xF4, 0x0F, 0xEF, 0xFC, 0x62, 0x50, 0x97, 0x2B, 0x92, 0x96,
    0x57, 0x68, 0x69, 0x99, 0xD6, 0x96, 0x88, 0x6E, 0x11, 0x79, 0x52, 0x35, 0x75, 0x3E, 0xB2, 0xFD,
    0x87, 0xB6, 0xFF, 0x80, 0xBA, 0x8E, 0x52, 0x4F, 0x62, 0x46, 0x54, 0x1B, 0xFA, 0xD0, 0x0E, 0x1F,
    0xDA, 0xE2, 0xA1, 0x1D, 0x7D, 0x64, 0xB3, 0x39, 0x91, 0x0B, 0x13, 0x47, 0xF8, 0x92, 0x25, 0x4E,
    0x6E, 0xAC, 0x47, 0x96, 0x3A, 0xA7, 0x84, 0xA1, 0x8E, 0x4A, 0x08, 0xB7, 0x15, 0xBE, 0xAD, 0xE1,
    0x76, 0xAA, 0x3D, 0xD1, 0x1B, 0xEB, 0x3F, 0x79, 0x68, 0x55, 0xF9, 0x78, 0xCF, 0x53, 0x74, 0x6F,
    0xAF, 0x20, 0x71, 0xD3, 0x16, 0x94, 0x08, 0xAC, 0x56, 0x04, 0x9E, 0xAD, 0xC5, 0xEF, 0x5B, 0x6A,
    0x53, 0xAD, 0xC1, 0xED, 0x58, 0xE0, 0x19, 0xD5, 0x96, 0xF8, 0xB5, 0x34, 0x0D, 0x25, 0x7C, 0xE8,
    0x89, 0xA5, 0x68, 0x26, 0xA6, 0x72, 0x2E, 0x5C, 0x2B, 0xBD, 0xA0, 0x3B, 0xC9, 0x87, 0xD4, 0x8F,
    0xE6, 0xD4, 0xA7, 0x1D, 0xEA, 0x50, 0x4E, 0xD9, 0xB9, 0xCF, 0xAC, 0xAC, 0x6F, 0xCC, 0x68, 0x95,
    0x60, 0x07, 0xD8, 0x80, 0xE8, 0xB2, 0xB0, 0x8A, 0x36, 0xF0, 0x76, 0x4C, 0x23, 0x9A, 0x62, 0x94,
    0xE1, 0x3E, 0xC2, 0x99, 0x0E, 0xB5, 0x48, 0x51, 0xEC, 0x68, 0xF5, 0x32, 0xD6, 0x8A, 0x84, 0x15,
    0x2E, 0xF6, 0x51, 0x11, 0x15, 0x14, 0x06, 0xAF, 0x62, 0x2F, 0x6C, 0x02, 0x0E, 0x1D, 0xBA, 0x48,
    0x34, 0xA4, 0xD5, 0xA1, 0xEE, 0xBE, 0x65, 0x4F, 0xD6, 0xE6, 0x95, 0x39, 0xE5, 0x77, 0xDC, 0xE9,
    0xA1, 0xC1, 0x46, 0xBE, 0xFC, 0xC1, 0xAC, 0x6B, 0xF7, 0xEC, 0x4F, 0x5C, 0x5F, 0x61, 0xD1, 0x08,
    0xA6, 0xA6, 0xAB, 0xF8, 0xF5, 0x83, 0xDB, 0x13, 0x3E, 0xB3, 0xD1, 0x25, 0xBA, 0x02, 0x96, 0xF0,
    0x4D, 0x64, 0x63, 0x23, 0xB4, 0xC0, 0x8E, 0x15, 0xEC, 0x59, 0xA2, 0x75, 0x58, 0x62, 0x73, 0xF1,
    0xD2, 0x30, 0x83, 0xB8, 0xD6, 0xF2, 0x26, 0xA4, 0x28, 0x5A, 0x54, 0x74, 0x69, 0xDA, 0xA5, 0x11,
    0xF4, 0xD9, 0x9F, 0x23, 0x3C, 0xC1, 0xF3, 0x94, 0x0A, 0x79, 0xD3, 0xC5, 0xC1, 0x82, 0x50, 0x32,
    0x29, 0xE9, 0x5A, 0x49, 0xDB, 0x25, 0xAF, 0x8F, 0x9C, 0x53, 0xCA, 0x61, 0x65, 0xA2, 0x74, 0x46,
    0x5D, 0xA5, 0x47, 0xD2, 0x5E, 0x4D, 0x2C, 0x49, 0x4C, 0x0D, 0x73, 0x40, 0x67, 0xDA, 0xA5, 0xC8,
    0x51, 0x62, 0x20, 0xD7, 0xAD, 0x36, 0x39, 0x68, 0xC6, 0xCA, 0x85, 0xFD, 0x3B, 0xCA, 0x8C, 0x92,
    0xB0, 0x1F, 0x53, 0x51, 0x34, 0x26, 0x01, 0x54, 0xA4, 0xF0, 0x99, 0x23, 0xE1, 0x57, 0x85, 0x2F,
    0x84, 0x9D, 0x2A, 0x93, 0xCF, 0x1A, 0x80, 0x60, 0x8F, 0xA5, 0xB3, 0x96, 0x7E, 0x6D, 0x01, 0x24,
    0xF1, 0x33, 0x9B, 0x24, 0x76, 0x39, 0xB1, 0x9D, 0xC4, 0xFE, 0xF4, 0xFB, 0x1F, 0x4C, 0xEA, 0x19,
    0x35, 0x7C, 0xB0, 0x6D, 0x52, 0x65, 0xB5, 0xCE, 0x6B, 0xB3, 0x19, 0x9B, 0x33, 0x44, 0xCD, 0xCC,
    0xA7, 0xF4, 0xB5, 0x37, 0x03, 0x13, 0xB1, 0x98, 0x5E, 0xDA, 0x32, 0xA3, 0xBC, 0x6A, 0xE0, 0xC7,
    0xF6, 0x51, 0x5B, 0x76, 0x23, 0xB6, 0x10, 0xB9, 0x4F, 0x70, 0x2E, 0x7D, 0x3A, 0xA7, 0xB9, 0xB4,
    0x53, 0xE1, 0xA6, 0xB1, 0x1F, 0xC5, 0xBE, 0x1F, 0xFB, 0x8E, 0xB0, 0xA9, 0xB4, 0xC9, 0x9C, 0xF7,
    0x4F, 0x6A, 0x0F, 0x45, 0x9C, 0xB0, 0x56, 0xEC, 0x2B, 0x0B, 0xB0, 0x6E, 0x04, 0x95, 0xB7, 0x89,
    0x5D, 0x5A, 0x50, 0xEC, 0x17, 0x5F, 0x0B, 0xFC, 0x8D, 0x3A, 0xEF, 0x5B, 0xC1, 0xFE, 0x19, 0x15,
    0xEA, 0x86, 0x4B, 0x6A, 0x1D, 0xC1, 0x29, 0x3F, 0xF7, 0xAD, 0xA8, 0x0C, 0x5E, 0xE8, 0xC3, 0x11,
    0x69, 0x54, 0x24, 0x88, 0x94, 0xD5, 0xA0, 0x71, 0x45, 0xBD, 0x94, 0x46, 0xD2, 0x94, 0xC2, 0x86,
    0xE9, 0x20, 0xCC, 0x8E, 0x72, 0xD9, 0x67, 0x2E, 0xDA, 0x0A, 0x7C, 0x13, 0xBB, 0xAA, 0xE8, 0x6A,
    0x8B, 0xB5, 0x8B, 0x88, 0x5E, 0xED, 0xAE, 0x05, 0x55, 0x18, 0x16, 0x3B, 0x3B, 0xAF, 0x87, 0x75,
    0xFB, 0x9D, 0xDE, 0xD2, 0x3A, 0x23, 0x48, 0xB3, 0x55, 0x33, 0x1D, 0x97, 0xB8, 0x01, 0xC8, 0x7C,
    0xC7, 0x1A, 0xA8, 0xA2, 0xC4, 0xF1, 0x5B, 0xA2, 0xC6, 0x2F, 0xCD, 0x85, 0xF5, 0x6B, 0x97, 0xB4,
    0x0E, 0x76, 0xC8, 0x4C, 0xD8, 0x99, 0x2D, 0x38, 0x44, 0x53, 0x4A, 0x0D, 0x3F, 0x0F, 0x28, 0x09,
    0x7E, 0x97, 0x7A, 0x5B, 0xD8, 0xD3, 0x8D, 0xAA, 0xB0, 0x70, 0x4A, 0x54, 0x85, 0xD0, 0xB6, 0x61,
    0x12, 0x03, 0x40, 0x20, 0xF2, 0x02, 0x90, 0xE9, 0x95, 0x1A, 0x11, 0x9F, 0x5F, 0x82, 0xC4, 0x05,
    0x8C, 0x06, 0x60, 0x08, 0xAD, 0xE2, 0xF9, 0x5D, 0xBB, 0xAE, 0xB6, 0xF6, 0x6C, 0x67, 0x43, 0x5C,
    0xB7, 0x57, 0x3B, 0xC9, 0x75, 0x3B, 0xDC, 0x96, 0xE7, 0xEC, 0x70, 0xA4, 0x62, 0x5B, 0x8C, 0x94,
    0xD0, 0xC3, 0x7E, 0x26, 0x69, 0x37, 0xFB, 0xA4, 0xA2, 0x76, 0xA4, 0x2F, 0xB2, 0x91, 0x89, 0x4D,
    0x7E, 0x99, 0x44, 0x79, 0x12, 0x5F, 0x1A, 0xFC, 0x9B, 0xED, 0x05, 0x89, 0x00, 0x11, 0x46, 0x10,
    0x7D, 0x0B, 0x1F, 0xFB, 0x3A, 0x9C, 0x30, 0x84, 0xE4, 0x1E, 0xC2, 0xDA, 0x3E, 0xC5, 0xB6, 0x4B,
    0xA2, 0xAE, 0x29, 0xC1, 0x41, 0x0C, 0xB3, 0x0C, 0x59, 0x37, 0x48, 0xBA, 0xDA, 0xE6, 0xD3, 0xBC,
    0xF6, 0x24, 0xF7, 0xC6, 0x30, 0x68, 0x0F, 0x94, 0x2D, 0xA8, 0x4B, 0xC9, 0x1F, 0xA7, 0x94, 0xD4,
    0x08, 0x05, 0xDB, 0x22, 0x8E, 0x61, 0x90, 0x5E, 0x10, 0x4E, 0x5F, 0x03, 0xF6, 0xCB, 0x26, 0xD1,
    0x14, 0xD2, 0x55, 0x19, 0x75, 0x3A, 0x74, 0x7A, 0x1C, 0xB4, 0x9F, 0xEE, 0x4F, 0xAC, 0xF1, 0x04,
    0x1E, 0xC9, 0x68, 0x49, 0xFD, 0x6D, 0x1C, 0xD7, 0x05, 0x92, 0x53, 0xF3, 0xB9, 0x77, 0x99, 0x9D,
    0x49, 0x2C, 0xA7, 0x07, 0xE1, 0x13, 0x1B, 0x17, 0x0D, 0x45, 0xC5, 0xC1, 0x9A, 0x9F, 0x87, 0xF4,
    0x61, 0xA4, 0x1D, 0x84, 0xCF, 0xE5, 0x80, 0xBA, 0xB4, 0x3F, 0xC2, 0xD9, 0x65, 0xD0, 0x09, 0xC6,
    0x7C, 0x43, 0x8F, 0x2E, 0x42, 0xD4, 0xE2, 0xE0, 0x77, 0x20, 0x01, 0x4A, 0xB0, 0x5F, 0xE1, 0x5C,
    0xCD, 0x67, 0x71, 0x34, 0xC4, 0xCD, 0x89, 0x26, 0x5C, 0x78, 0xD6, 0x45, 0xF2, 0x48, 0x1F, 0xFC,
    0x0C, 0x3E, 0x5C, 0x04, 0x1D, 0x4D, 0xA6, 0xB0, 0xD0, 0x00, 0x2E, 0x55, 0xD0, 0xE1, 0x04, 0x47,
    0x06, 0xAB, 0xC3, 0x8A, 0x2D, 0xA8, 0xF6, 0x15, 0x40, 0x31, 0x0E, 0xEF, 0x15, 0x94, 0x84, 0x5D,
    0x5C, 0x0A, 0x83, 0x20, 0x48, 0x00, 0xC9, 0xBC, 0x4A, 0x6B, 0xE9, 0x44, 0xD9, 0x28, 0xF5, 0x0C,
    0x3D, 0xFA, 0x1E, 0x70, 0x5E, 0x17, 0x87, 0x9E, 0x83, 0x24, 0x14, 0xE7, 0x73, 0x79, 0x25, 0x1D,
    0x84, 0x7F, 0xC1, 0x90, 0x36, 0xAF, 0x54, 0x1D, 0x97, 0x51, 0xF1, 0xB2, 0x11, 0xFB, 0xE0, 0xA1,
    0x2A, 0x83, 0x6F, 0xD8, 0xCC, 0x2B, 0x50, 0xAD, 0x0D, 0x82, 0x89, 0xEE, 0x42, 0xCD, 0xF7, 0x34,
    0x25, 0x7F, 0xC6, 0xDF, 0xA7, 0xF8, 0xFD, 0x00, 0x5E, 0xB6, 0xEC, 0xFD, 0x1C, 0x94, 0xC2, 0xD4,
    0xD2, 0xE7, 0x55, 0x5C, 0x71, 0x72, 0x90, 0x8E, 0x9E, 0x33, 0xE9, 0x8B, 0x28, 0x3E, 0x6C, 0x6A,
    0xD4, 0xC1, 0x4A, 0x16, 0x94, 0xBA, 0x04, 0x29, 0xD2, 0x26, 0x7D, 0xFA, 0xA6, 0x4D, 0x3A, 0x48,
    0x5E, 0x49, 0x8B, 0xFE, 0x6E, 0x93, 0x94, 0xEE, 0xDB, 0x44, 0x9D, 0xC7, 0x4D, 0xDE, 0xBC, 0x60,
    0x13, 0x71, 0x1F, 0x67, 0xC5, 0x9F, 0x70, 0x8B, 0x67, 0xCC, 0xA5, 0x82, 0x92, 0x7A, 0x0A, 0x3D,
    0xFD, 0x95, 0xBC, 0xCA, 0xAD, 0x9A, 0x49, 0x14, 0x95, 0xA4, 0x20, 0x97, 0x54, 0xA0, 0x1E, 0x28,
    0x05, 0x29, 0xEB, 0x12, 0xE1, 0x5D, 0x12, 0x17, 0x0E, 0x47, 0x40, 0x5D, 0x50, 0x06, 0x52, 0x4E,
    0x6A, 0xE1, 0xF2, 0x22, 0x76, 0x0D, 0x3A, 0x21, 0x8B, 0x1B, 0x87, 0x52, 0x85, 0x22, 0x65, 0x58,
    0xD1, 0x29, 0x62, 0x15, 0xE4, 0x9E, 0xA1, 0x60, 0x00, 0x7E, 0xDF, 0x0A, 0xE1, 0xB1, 0x43, 0x8C,
    0x55, 0xAE, 0xA4, 0x79, 0xED, 0xE4, 0x1E, 0x24, 0xEA, 0x22, 0x2A, 0xF6, 0x27, 0xD6, 0xE3, 0xA4,
    0xF6, 0xC9, 0x07, 0x2F, 0x42, 0xCD, 0xFF, 0xF5, 0xC1, 0x94, 0xA3, 0x58, 0x87, 0x54, 0x8D, 0xE0,
    0x06, 0x37, 0x8E, 0x32, 0x87, 0x70, 0xA9, 0x9E, 0x8B, 0xCE, 0x5E, 0x38, 0x9D, 0x3C, 0xF1, 0x20,
    0x08, 0x70, 0x8F, 0xA1, 0x5F, 0x2E, 0xFC, 0xD8, 0xC3, 0xF1, 0xD4, 0xE4, 0xEC, 0x00, 0x70, 0x9B,
    0xA3, 0x34, 0x99, 0x5D, 0x64, 0xD0, 0x98, 0x41, 0xFB, 0x0E, 0x34, 0x02, 0x3F, 0x88, 0x3A, 0xD1,
    0x9C, 0x2F, 0x84, 0xF3, 0xC2, 0x71, 0xA9, 0x91, 0xA1, 0xD4, 0x68, 0xA4, 0xF6, 0x5A, 0xEF, 0xF6,
    0x4E, 0xEA, 0x61, 0x4F, 0xE8, 0xDB, 0xBD, 0x58, 0x53, 0x0F, 0x4C, 0xFE, 0x1B, 0x21, 0x91, 0x0A,
    0xA8, 0x3D, 0x29, 0xB3, 0xA9, 0x42, 0xC4, 0x2A, 0xF3, 0x3F, 0x11, 0xA0, 0x86, 0xAA, 0x5D, 0xA6,
    0x21, 0xD0, 0x38, 0x60, 0xEA, 0x22, 0x2F, 0x32, 0xCD, 0x20, 0x82, 0x17, 0x8D, 0x84, 0x1A, 0x2B,
    0x30, 0xD4, 0x1A, 0x92, 0xE7, 0x3A, 0x12, 0x66, 0x1B, 0x55, 0x05, 0x0D, 0xC9, 0x14, 0x5A, 0xF5,
    0xE1, 0xDA, 0x2E, 0x4C, 0x94, 0xD9, 0x85, 0xC9, 0xF8, 0xAC, 0xA4, 0x89, 0xCF, 0x8C, 0xD2, 0x61,
    0x58, 0x36, 0x6A, 0x16, 0x60, 0x7F, 0xD6, 0x81, 0x83, 0xFD, 0x06, 0x78, 0x08, 0xFF, 0x63, 0x70,
    0x89, 0x8B, 0x61, 0xB1, 0x09, 0x5E, 0xBE, 0x1C, 0xA2, 0x88, 0xDB, 0x3E, 0xF8, 0xFD, 0xC6, 0x76,
    0x90, 0x32, 0xAF, 0x19, 0xE6, 0x99, 0x6B, 0xE6, 0x9A, 0x73, 0x9E, 0xE7, 0x88, 0x86, 0x45, 0x8A,
    0x89, 0x4D, 0x83, 0xD1, 0xC1, 0x81, 0x25, 0x28, 0xB1, 0xF7, 0xDD, 0xB0, 0xA7, 0xF9, 0x7A, 0x8E,
    0xF5, 0x5B, 0x78, 0xF6, 0x00, 0x69, 0xDE, 0x56, 0xE8, 0x42, 0xBA, 0x48, 0x19, 0x39, 0xD5, 0xB6,
    0xF6, 0x48, 0xAE, 0x85, 0xE2, 0x0C, 0xE7, 0x12, 0x1D, 0x17, 0xA8, 0x91, 0x25, 0xAA, 0xD4, 0x18,
    0x9A, 0x74, 0xC1, 0x27, 0x75, 0x4D, 0xCA, 0x96, 0xE6, 0x8B, 0xC4, 0xCF, 0x26, 0x15, 0x1C, 0x5F,
    0x75, 0xA9, 0x6A, 0x47, 0xE5, 0x26, 0x8A, 0x07, 0x37, 0x00, 0x86, 0xBF, 0xB8, 0xC3, 0x79, 0x27,
    0x0E, 0x05, 0x45, 0xD9, 0x13, 0xA9, 0x5E, 0xE9, 0xD1, 0xA9, 0x41, 0x3D, 0xAB, 0xCD, 0x94, 0x8A,
    0x97, 0x8E, 0x19, 0x4D, 0x0C, 0x37, 0x56, 0x43, 0x74, 0x04, 0x9B, 0xF4, 0x3A, 0xAD, 0xA1, 0x51,
    0x5A, 0x81, 0xB0, 0x09, 0x09, 0x12, 0x26, 0x46, 0x13, 0x45, 0xCD, 0xEB, 0xAF, 0x0E, 0x9C, 0xF0,
    0x2F, 0x1F, 0x5F, 0xF6, 0x00, 0x91, 0xE3, 0x22, 0x06, 0x90, 0x8A, 0x75, 0x92, 0xCB, 0xB4, 0xAC,
    0x68, 0x5D, 0xD0, 0xA6, 0xB0, 0xC3, 0xC8, 0xDE, 0xA2, 0x5B, 0xAF, 0x5D, 0xBA, 0x18, 0xE4, 0x47,
    0x57, 0x68, 0x48, 0x47, 0x17, 0x09, 0x3D, 0x6F, 0x47, 0xE9, 0x0E, 0xF4, 0x93, 0x26, 0x7A, 0xDB,
    0xE4, 0x6F, 0x1B, 0x40, 0xAE, 0xC0, 0x54, 0x66, 0x7A, 0xD6, 0xE6, 0x8F, 0x19, 0xAB, 0x93, 0x60,
    0x4F, 0xD5, 0xCC, 0x37, 0xB4, 0x1A, 0x14, 0x08, 0x24, 0x65, 0xD0, 0x5A, 0xB5, 0xC2, 0xCC, 0xF8,
    0x6E, 0x5A, 0xCA, 0x76, 0x95, 0xAF, 0x26, 0x79, 0x01, 0xCC, 0x80, 0x73, 0x5A, 0x33, 0xE7, 0x91,
    0xD4, 0x4D, 0x4F, 0x56, 0x2C, 0x3A, 0x33, 0x4E, 0xD7, 0xF9, 0x05, 0xAD, 0xE6, 0x4D, 0xA5, 0xF6,
    0x6C, 0xB1, 0x98, 0x67, 0xF4, 0x1D, 0x9F, 0xCE, 0x7D, 0x57, 0xFA, 0x91, 0xF0, 0x65, 0xCC, 0xB3,
    0x88, 0x17, 0x8B, 0xB1, 0xF0, 0xBD, 0xB4, 0x50, 0xD3, 0x19, 0x02, 0x01, 0x9C, 0x9B, 0xD8, 0x41,
    0x9B, 0x86, 0x06, 0x64, 0x7E, 0xC7, 0xCE, 0x7F, 0x69, 0xF6, 0x39, 0xEB, 0xFC, 0x82, 0x91, 0xF3,
    0xCF, 0x1B, 0x06, 0x23, 0xEE, 0xD9, 0xE4, 0xBA, 0x0E, 0xCA, 0xD1, 0x60, 0x46, 0xCD, 0xE2, 0xF0,
    0x54, 0xDC, 0x9F, 0x11, 0x7D, 0x77, 0x5B, 0xD6, 0x95, 0x42, 0x59, 0x15, 0x8B, 0xA9, 0xA4, 0x41,
    0x63, 0xB5, 0x12, 0xBA, 0x28, 0x85, 0x84, 0x53, 0x17, 0x1D, 0x2A, 0x77, 0x69, 0x77, 0x97, 0x86,
    0xDD, 0xD8, 0xAB, 0x5A, 0x4F, 0xE8, 0x20, 0x37, 0x04, 0x7A, 0x03, 0x16, 0x1A, 0xA0, 0x87, 0x40,
    0x2A, 0x51, 0x06, 0x69, 0x44, 0x1F, 0x41, 0xA6, 0x0B, 0xFC, 0xE6, 0x46, 0x6A, 0x14, 0x81, 0x20,
    0xEB, 0xC0, 0x20, 0xB2, 0xBE, 0x30, 0x94, 0x9D, 0x94, 0x31, 0xB7, 0xEE, 0xA1, 0x5D, 0xC9, 0x9C,
    0x78, 0xF1, 0x08, 0x71, 0x7D, 0x8D, 0x0E, 0x49, 0xC2, 0xB4, 0x35, 0x23, 0x75, 0x0E, 0xD2, 0xA0,
    0x31, 0x53, 0xDF, 0xC6, 0xEF, 0x2E, 0xAB, 0x01, 0xFA, 0x03, 0x54, 0xDE, 0x72, 0xA4, 0xCE, 0xE3,
    0x9D, 0xA9, 0x58, 0x12, 0x9C, 0x4F, 0xB5, 0x3A, 0x6A, 0x18, 0xE4, 0xC0, 0xE3, 0xFA, 0x55, 0xCA,
    0x07, 0x1F, 0xA3, 0x63, 0xF4, 0x35, 0x57, 0xBB, 0xAE, 0x70, 0xD2, 0x74, 0x50, 0xCF, 0x8E, 0xBA,
    0x01, 0x0E, 0x71, 0x31, 0x28, 0xF2, 0x1B, 0x15, 0xCE, 0xD2, 0x60, 0x50, 0x92, 0xF2, 0x63, 0x04,
    0x4C, 0x07, 0x16, 0x67, 0xEA, 0x1E, 0x22, 0x85, 0x14, 0x89, 0x03, 0x96, 0x5D, 0x0C, 0xF0, 0x08,
    0x8B, 0x0E, 0x17, 0xF5, 0xB4, 0xA4, 0x02, 0x81, 0x82, 0x3B, 0xD6, 0xFD, 0xD8, 0x21, 0xCB, 0xCB,
    0x3A, 0xD8, 0xEC, 0xB8, 0x06, 0xD8, 0x5E, 0x02, 0x45, 0x06, 0xEA, 0xB9, 0x7D, 0xDC, 0x1A, 0xA8,
    0x19, 0x60, 0x59, 0xCD, 0xBA, 0xB2, 0x38, 0x02, 0x63, 0x5E, 0x7D, 0xEA, 0xE9, 0xFC, 0x02, 0x90,
    0xDC, 0x1F, 0x22, 0xF9, 0x1E, 0xA7, 0x41, 0xEE, 0xD4, 0x63, 0x2F, 0xF7, 0x0C, 0xFF, 0x0B, 0x71,
    0x08, 0x39, 0x03, 0x20, 0x2F, 0x60, 0xB2, 0x83, 0xC2, 0xF2, 0x25, 0xCE, 0xBB, 0x8B, 0x7F, 0x2E,
    0x73, 0x4E, 0x1B, 0x9B, 0x89, 0xC1, 0xF3, 0x34, 0xE4, 0x70, 0x11, 0xDA, 0xBC, 0x49, 0xA5, 0xE8,
    0xB9, 0xA1, 0x93, 0x45, 0xC7, 0x3F, 0x39, 0x5F, 0x1D, 0x8D, 0x19, 0xBD, 0x28, 0x5B, 0x0F, 0x66,
    0x28, 0x4A, 0x03, 0xBB, 0x0F, 0xF2, 0x07, 0x75, 0x46, 0x6D, 0x45, 0x67, 0x94, 0x1E, 0x4A, 0xEB,
    0xC4, 0x9E, 0x15, 0x7F, 0x31, 0xD1, 0x27, 0x9A, 0x9E, 0x22, 0x1B, 0x86, 0x68, 0x0B, 0xBB, 0xEC,
    0x30, 0x43, 0x8B, 0x3F, 0x15, 0x26, 0x8D, 0x2A, 0x41, 0x4A, 0x8C, 0x25, 0xA9, 0x9B, 0x2D, 0xE4,
    0xE1, 0xFB, 0x6A, 0x89, 0xC4, 0xEF, 0xF1, 0xFF, 0xAC, 0xF8, 0x9D, 0x1C, 0x51, 0x5C, 0x41, 0x69,
    0x6C, 0xE3, 0x7F, 0x15, 0xE2, 0xD0, 0x1B, 0x0F, 0x1E, 0xCF, 0x94, 0xF5, 0xE2, 0x7D, 0x1B, 0x3D,
    0x0D, 0x65, 0x0A, 0xFA, 0xFD, 0x93, 0x62, 0xF4, 0x08, 0xB1, 0x4F, 0x69, 0x5A, 0xBF, 0xC7, 0xAE,
    0xA8, 0xEF, 0xCE, 0x33, 0xDA, 0x56, 0x74, 0x05, 0x32, 0x24, 0x41, 0x86, 0xF8, 0xB1, 0x21, 0xC8,
    0xF0, 0xDB, 0xB0, 0xBF, 0x13, 0x26, 0xD7, 0x09, 0xEE, 0xEB, 0x07, 0xA1, 0x47, 0x47, 0xF9, 0x6C,
    0x4B, 0x7B, 0x46, 0x85, 0x0D, 0x63, 0x7E, 0x85, 0x3C, 0xC0, 0xFF, 0x72, 0xE9, 0xDB, 0xF9, 0x25,
    0x8F, 0x5E, 0x14, 0x62, 0x3A, 0xF4, 0x3C, 0x9F, 0x87, 0x43, 0x86, 0xAE, 0x15, 0x7D, 0xDC, 0x41,
    0x80, 0x58, 0xF1, 0x57, 0x1A, 0x39, 0xFF, 0x82, 0x6B, 0xC6, 0xAD, 0x21, 0x50, 0xDB, 0x0C, 0x69,
    0x84, 0x8B, 0xB8, 0x77, 0x31, 0xFB, 0x4F, 0x94, 0x7E, 0x13, 0xE9, 0xE2, 0x18, 0xB2, 0x85, 0xF1,
    0xBF, 0xFA, 0x97, 0xF5, 0xB9, 0xD5, 0xC7, 0xE9, 0x3F, 0xAD, 0x58, 0x4D, 0x6F, 0xE3, 0xC6, 0x19,
    0x7E, 0x48, 0xCA, 0xE5, 0x06, 0x63, 0x6B, 0x74, 0xD8, 0x9C, 0x62, 0x5B, 0x3E, 0xF8, 0xA8, 0x98,
    0x46, 0xAB, 0x00, 0x44, 0x4A, 0x99, 0x93, 0x00, 0x45, 0xAE, 0x3E, 0x24, 0xE7, 0xE4, 0xD0, 0x63,
    0x0B, 0x08, 0x85, 0x0F, 0x3E, 0xA8, 0xD5, 0x2C, 0x52, 0xA0, 0x87, 0x16, 0x49, 0xFE, 0x41, 0x72,
    0x2B, 0xD2, 0x16, 0xB5, 0x02, 0xEC, 0xC1, 0x40, 0x95, 0x68, 0x9C, 0x4B, 0x0E, 0xBD, 0x70, 0x11,
    0xEC, 0x9D, 0xD9, 0x45, 0x2E, 0x01, 0x8A, 0x9D, 0xA4, 0x2C, 0xC2, 0x83, 0x2C, 0xF6, 0x19, 0x52,
    0xEA, 0x6E, 0x9B, 0xDD, 0x54, 0xB5, 0x6A, 0xCE, 0x4B, 0x91, 0xC3, 0x79, 0x3F, 0xE6, 0xFD, 0x1E,
    0x77, 0x46, 0x31, 0x0E, 0xFA, 0xFD, 0x7E, 0x1C, 0xC7, 0x49, 0x92, 0x74, 0x70, 0x0C, 0x9C, 0x41,
    0x54, 0x3A, 0xFA, 0x51, 0x96, 0xFC, 0xD0, 0x24, 0xC7, 0x18, 0xAD, 0x06, 0x9F, 0x07, 0xC7, 0xE8,
    0x7E, 0x64, 0xC2, 0x4A, 0xBB, 0x65, 0x1C, 0x40, 0x58, 0xA9, 0x6E, 0x68, 0x92, 0xC0, 0x24, 0x9E,
    0x4A, 0x80, 0x17, 0x81, 0x7D, 0xA0, 0xBA, 0x86, 0x50, 0x08, 0x35, 0x02, 0x8D, 0x10, 0x68, 0xAB,
    0x4E, 0xBA, 0x98, 0x7C, 0x39, 0xCB, 0xB8, 0xBE, 0xFA, 0x74, 0x91, 0xE2, 0x52, 0x62, 0x22, 0x75,
    0x16, 0x5E, 0x99, 0xE0, 0x73, 0xED, 0x7D, 0x0B, 0x2C, 0x20, 0x2B, 0x8B, 0x84, 0xF7, 0x7C, 0xEB,
    0xE3, 0x53, 0x3E, 0x60, 0x44, 0xCA, 0x26, 0x2C, 0xB1, 0xFF, 0x26, 0x12, 0xA1, 0x92, 0x00, 0x03,
    0xA0, 0xAB, 0x91, 0x96, 0x18, 0x56, 0xEA, 0x4C, 0x9A, 0x41, 0x90, 0x45, 0xF7, 0xB2, 0x70, 0x61,
    0x30, 0x53, 0x10, 0xBA, 0x15, 0x98, 0x38, 0xD0, 0x49, 0xA0, 0xBA, 0x0B, 0x78, 0xA7, 0xB8, 0x7D,
    0x9B, 0x7B, 0x49, 0x9C, 0x7C, 0x98, 0x5D, 0x23, 0xCC, 0x5F, 0x30, 0x94, 0xCA, 0xC6, 0xD1, 0x3C,
    0x1E, 0xDE, 0xED, 0xED, 0x5A, 0x8B, 0x9D, 0x2F, 0x72, 0xB4, 0xEF, 0x11, 0xDC, 0x6F, 0xCE, 0xF7,
    0x61, 0xB1, 0xBD, 0x1B, 0xA7, 0x65, 0xBC, 0xEF, 0x29, 0x1B, 0x66, 0xC2, 0x38, 0x3C, 0x78, 0xE4,
    0x69, 0x7B, 0x31, 0x92, 0x68, 0x9A, 0x24, 0xA3, 0x51, 0xFA, 0x67, 0xA0, 0x85, 0xDE, 0xD9, 0x30,
    0xFB, 0xC8, 0x7C, 0x6D, 0xEE, 0xE6, 0x83, 0x4B, 0xE0, 0x3B, 0x3C, 0x2A, 0x1B, 0x0F, 0x93, 0x64,
    0xD7, 0x26, 0xBD, 0x9D, 0x3C, 0x49, 0xDA, 0x59, 0x6A, 0xDB, 0xF9, 0x80, 0x90, 0xDC, 0xDD, 0x71,
    0xF3, 0x71, 0xD5, 0x3D, 0x77, 0xEB, 0x9E, 0xE4, 0xC1, 0xBF, 0xB4, 0x9A, 0x37, 0xBF, 0x59, 0x61,
    0xF3, 0x7E, 0xDE, 0x2F, 0x6C, 0x4A, 0x6D, 0x09, 0x2D, 0xA9, 0x8B, 0x0E, 0xCD, 0x51, 0x45, 0xD7,
    0x97, 0xE9, 0x7C, 0xF8, 0xAF, 0x11, 0xCD, 0x87, 0x62, 0x3E, 0x44, 0xEF, 0x99, 0xC3, 0x9B, 0xFF,
    0x0A, 0xAF, 0x3F, 0x7F, 0x3E, 0xA7, 0x88, 0xBB, 0xE8, 0xAA, 0x40, 0x0B, 0x4D, 0x25, 0x17, 0xD4,
    0xCA, 0xFE, 0xF9, 0x7E, 0xBC, 0x9F, 0x24, 0xB2, 0x00, 0x3A, 0x6A, 0x70, 0x29, 0x7B, 0xE1, 0x8E,
    0xD8, 0x6E, 0xF7, 0xE2, 0x09, 0xD9, 0x77, 0x80, 0x12, 0xA0, 0x28, 0x3F, 0xAD, 0xA5, 0xA1, 0x85,
    0x87, 0xC0, 0x84, 0x9B, 0x43, 0x17, 0xCE, 0x02, 0x54, 0x69, 0xE2, 0x53, 0xCD, 0xE6, 0x48, 0xD0,
    0x0B, 0x00, 0xA7, 0x00, 0xA7, 0x66, 0x89, 0x66, 0x23, 0xB4, 0x3A, 0xA4, 0xA1, 0xD6, 0x08, 0x2F,
    0xE7, 0xC0, 0x4B, 0x96, 0xE8, 0x64, 0x94, 0x73, 0xA1, 0x19, 0xC1, 0x37, 0x03, 0x04, 0x55, 0x45,
    0x9F, 0x90, 0xEE, 0xD2, 0x3B, 0x10, 0xE6, 0x45, 0x88, 0xAC, 0x32, 0xB4, 0x2B, 0xB8, 0xCE, 0x27,
    0x0E, 0x7D, 0x06, 0x5B, 0x1B, 0xD2, 0x92, 0xA4, 0x11, 0x51, 0x81, 0x67, 0xDC, 0x94, 0xEA, 0x6C,
    0x46, 0xAB, 0xE3, 0xBC, 0x76, 0x1B, 0xDE, 0x5F, 0x29, 0x22, 0x4E, 0x37, 0xA3, 0x75, 0x70, 0x40,
    0x05, 0x93, 0xCE, 0x64, 0xD2, 0x38, 0xCE, 0x26, 0xB4, 0x9C, 0x8E, 0x52, 0xE2, 0x1C, 0xD3, 0x44,
    0xFD, 0x49, 0xB3, 0xDF, 0x9B, 0xD2, 0x0A, 0x2B, 0x86, 0x1F, 0x1E, 0x79, 0x16, 0xFE, 0x23, 0x5A,
    0x3D, 0x88, 0x78, 0x13, 0x11, 0x19, 0x6C, 0xBB, 0x5B, 0x1C, 0xBD, 0xA1, 0x70, 0x1C, 0x31, 0xEA,
    0x73, 0xBE, 0x7A, 0x24, 0x42, 0x23, 0xF1, 0x29, 0x44, 0x84, 0x5B, 0x6D, 0xDE, 0x7A, 0x47, 0x48,
    0x91, 0x54, 0x57, 0x55, 0xED, 0xC5, 0x5E, 0x65, 0x45, 0x36, 0x8F, 0xC0, 0x00, 0x3C, 0x9C, 0xD6,
    0xDE, 0x54, 0xAE, 0x06, 0x9F, 0xA7, 0xB5, 0x23, 0x45, 0xD8, 0x96, 0x5F, 0x4E, 0x7D, 0x72, 0x65,
    0xC6, 0xE8, 0x2A, 0x67, 0x74, 0xA1, 0x99, 0x06, 0x28, 0x41, 0xE3, 0x55, 0xBB, 0xA8, 0xBD, 0x20,
    0x75, 0xA9, 0xC4, 0xFC, 0x1C, 0xA1, 0xD9, 0x21, 0x3C, 0x47, 0x40, 0x03, 0xF7, 0x4F, 0x29, 0xB4,
    0x7D, 0xFC, 0x5E, 0x43, 0x40, 0x08, 0xB9, 0x5E, 0x12, 0xCF, 0x09, 0x59, 0x87, 0x10, 0xF3, 0x0F,
    0x5C, 0xDC, 0x6E, 0x46, 0xCB, 0xE9, 0x61, 0x4C, 0x5A, 0x5F, 0x64, 0xB5, 0x47, 0x6D, 0x44, 0x4B,
    0x6B, 0xF8, 0x0F, 0x72, 0x78, 0xF7, 0xB2, 0x65, 0xEC, 0xDF, 0x9C, 0xD6, 0x80, 0x81, 0xC9, 0x3C,
    0xAB, 0xD2, 0xB9, 0xC8, 0x38, 0xFF, 0x94, 0x4B, 0x98, 0x74, 0x8E, 0xD2, 0xB3, 0x81, 0xF6, 0xF0,
    0xFD, 0xAB, 0x48, 0xD3, 0x26, 0xE7, 0x9D, 0xD6, 0xF7, 0xAF, 0x3A, 0x3C, 0x1C, 0x8D, 0xE2, 0x18,
    0xFF, 0x85, 0x56, 0x5A, 0xE5, 0x10, 0x57, 0x9F, 0x50, 0x56, 0xA9, 0x29, 0x33, 0x67, 0x83, 0x3C,
    0x34, 0xBE, 0x7D, 0xE1, 0xBE, 0x6F, 0xD3, 0xEA, 0x15, 0xEB, 0x9E, 0x1B, 0x70, 0xF3, 0xEE, 0xBB,
    0xD4, 0xC2, 0x8C, 0xB9, 0xA7, 0xA2, 0xB6, 0x15, 0xD2, 0xCF, 0x80, 0x5F, 0x2C, 0xF8, 0x70, 0x1B,
    0xA9, 0x91, 0xD7, 0x22, 0xF7, 0x6C, 0x68, 0x91, 0x85, 0x73, 0xC2, 0x09, 0xA1, 0x4B, 0x90, 0x26,
    0x0B, 0x83, 0x3C, 0x0B, 0x7D, 0x9B, 0x85, 0x98, 0x13, 0x06, 0x84, 0x88, 0x20, 0x33, 0xA1, 0x02,
    0x66, 0x5E, 0x3F, 0x83, 0xF3, 0xA7, 0x11, 0x61, 0xAF, 0xF1, 0x27, 0x8F, 0x72, 0xC9, 0x6C, 0x8A,
    0x23, 0xB8, 0xCC, 0x2A, 0xF5, 0x94, 0x12, 0x96, 0x08, 0x1C, 0x64, 0x4F, 0x80, 0x71, 0xF3, 0xEE,
    0xFB, 0x51, 0x1D, 0x2B, 0xBF, 0x84, 0xF3, 0xD4, 0x5A, 0xAE, 0x80, 0x91, 0x15, 0x3E, 0xF6, 0xA9,
    0x8D, 0xE9, 0x39, 0xBF, 0x4A, 0x69, 0xD8, 0xAF, 0x1B, 0xBF, 0xDA, 0x98, 0x1E, 0x13, 0x94, 0x7F,
    0xDD, 0x47, 0xD0, 0xE5, 0xBB, 0xA7, 0x36, 0xA7, 0x47, 0x5F, 0xF5, 0xBE, 0xE1, 0x73, 0x9E, 0xD7,
    0xBE, 0xBA, 0x29, 0xBD, 0x03, 0xE8, 0x38, 0x30, 0x6D, 0x89, 0x60, 0xEE, 0x62, 0x3D, 0x60, 0xAA,
    0xDE, 0x47, 0x12, 0xEA, 0x03, 0x8F, 0x3A, 0xFD, 0x01, 0xC9, 0xFF, 0x6D, 0x49, 0x9E, 0xF9, 0x04,
    0x8F, 0xF4, 0xD4, 0xFB, 0xCC, 0x94, 0xC1, 0xDB, 0xA6, 0x0C, 0x49, 0x76, 0x87, 0xD0, 0x23, 0xF4,
    0x49, 0x7E, 0x42, 0xF2, 0x74, 0x99, 0x54, 0x37, 0xE4, 0x5D, 0xF7, 0xB0, 0xDB, 0x5A, 0x16, 0xA3,
    0xAE, 0x6B, 0x4B, 0x98, 0x58, 0xA1, 0x30, 0x2B, 0xA2, 0x52, 0xD2, 0xBD, 0xA4, 0x5E, 0x0B, 0xE8,
    0x82, 0x81, 0x0A, 0x0A, 0x12, 0x98, 0x95, 0xCB, 0xCA, 0xEC, 0x7E, 0x97, 0x45, 0x89, 0xEF, 0x1B,
    0xD3, 0x73, 0x31, 0x2C, 0xA9, 0x8A, 0xE4, 0x9C, 0xC5, 0xB6, 0xB5, 0x39, 0xBD, 0xC3, 0x43, 0xB8,
    0x3C, 0x0B, 0x17, 0x91, 0xC0, 0xFF, 0x69, 0xBF, 0x94, 0x2F, 0x30, 0xF5, 0x7B, 0x5A, 0xA6, 0x56,
    0xBA, 0xE0, 0xCD, 0x42, 0xE5, 0x5B, 0xFA, 0x7C, 0xC1, 0xBC, 0x3C, 0x25, 0xAF, 0x01, 0x8B, 0x4E,
    0x77, 0x59, 0x70, 0x5C, 0x8A, 0x7D, 0x12, 0xDC, 0xDC, 0x6C, 0xCE, 0x04, 0xC1, 0xEA, 0xE2, 0x36,
    0x1C, 0x56, 0x79, 0x78, 0x35, 0x0F, 0xCD, 0x49, 0x68, 0xA2, 0x7A, 0x1C, 0x85, 0x66, 0x10, 0xDE,
    0x2F, 0xD9, 0x46, 0xF2, 0x2B, 0xDB, 0x20, 0xAE, 0x04, 0x9B, 0xC3, 0x80, 0x95, 0xCA, 0x79, 0x8D,
    0xD0, 0xAC, 0x4B, 0xF4, 0x9C, 0xF1, 0xDB, 0x0B, 0x88, 0x77, 0xB1, 0x04, 0x76, 0x79, 0xBF, 0x29,
    0x20, 0xEE, 0x70, 0x4E, 0x47, 0x4A, 0xFC, 0x5A, 0x68, 0xF1, 0xBB, 0x50, 0xCB, 0x77, 0x84, 0x9A,
    0xFD, 0x76, 0x51, 0x6F, 0x5E, 0x2A, 0xC7, 0xCD, 0xCB, 0x5C, 0x1B, 0xC3, 0x1E, 0x30, 0x5A, 0x20,
    0x91, 0x2A, 0x11, 0xAE, 0xB2, 0x78, 0x17, 0x3A, 0xBD, 0xD0, 0xA5, 0xD0, 0x96, 0x43, 0xEA, 0xF2,
    0xC7, 0x26, 0x7D, 0xE8, 0x32, 0x03, 0x1D, 0xCD, 0x65, 0x07, 0xEB, 0x7C, 0x65, 0x4D, 0x14, 0x9F,
    0x09, 0x99, 0x5E, 0xBB, 0x87, 0x96, 0xB7, 0x2E, 0x8A, 0x6B, 0x23, 0x1F, 0xEA, 0x97, 0x2A, 0x97,
    0xCC, 0xD6, 0x44, 0xB9, 0x75, 0x0B, 0x51, 0x84, 0xF6, 0x5E, 0x1D, 0x73, 0x6B, 0x0A, 0x56, 0x42,
    0xEC, 0xA2, 0xCD, 0x1A, 0xF2, 0x27, 0x78, 0x1F, 0xAC, 0x2D, 0xDB, 0xE9, 0x96, 0x8A, 0x16, 0x33,
    0x9B, 0xC8, 0x7C, 0x94, 0x08, 0xF6, 0x08, 0xC2, 0x9C, 0x78, 0x17, 0x5F, 0x7D, 0x92, 0x5E, 0x7C,
    0xF5, 0x21, 0x57, 0xC3, 0xD2, 0x3E, 0x74, 0x81, 0x56, 0x79, 0x52, 0xFC, 0x2C, 0xB5, 0xE3, 0x82,
    0x9B, 0x76, 0xA4, 0xBB, 0x95, 0x23, 0x7D, 0x29, 0x54, 0x51, 0xF7, 0x6D, 0xB6, 0xBE, 0x97, 0xB5,
    0x32, 0xD3, 0xD7, 0x94, 0xA4, 0x41, 0xF2, 0xBA, 0xD4, 0x37, 0x9D, 0x7C, 0xE1, 0x6C, 0xE3, 0x5C,
    0x2A, 0x5F, 0xDA, 0x86, 0x0B, 0x06, 0x52, 0x5F, 0x86, 0xA6, 0x08, 0xCC, 0xE2, 0x8F, 0x66, 0xF1,
    0x07, 0xBD, 0x42, 0x57, 0xE9, 0x6B, 0x5A, 0x34, 0xF6, 0x3C, 0xAA, 0xD1, 0x57, 0xB6, 0x59, 0x07,
    0xA5, 0xB1, 0x4D, 0x7B, 0x65, 0x9B, 0x75, 0x50, 0x1A, 0x45, 0xEF, 0xAD, 0x14, 0xBD, 0x0E, 0x8A,
    0x4B, 0x4F, 0xA2, 0x8E, 0x96, 0xB1, 0x66, 0xD5, 0xFA, 0xB7, 0x4B, 0x9A, 0x59, 0x81, 0xC2, 0xCF,
    0x03, 0xD5, 0x7A, 0xE6, 0x77, 0xA9, 0xA3, 0xEC, 0xCC, 0xBA, 0xB6, 0xF4, 0xE9, 0xDF, 0xDF, 0x7A,
    0xAB, 0x28, 0x9A, 0x06, 0xF1, 0xE9, 0xDF, 0xDB, 0x9E, 0x12, 0x8F, 0x5C, 0x2F, 0x15, 0xBC, 0xEF,
    0x02, 0xCE, 0xFB, 0xBD, 0xE9, 0x5E, 0x64, 0x09, 0xA3, 0xC7, 0xB7, 0x85, 0xC7, 0xB3, 0x8D, 0x2D,
    0x38, 0x3C, 0xBE, 0x66, 0x03, 0x96, 0xD5, 0x46, 0x97, 0x64, 0xE6, 0x2D, 0x62, 0x04, 0x6F, 0x36,
    0x65, 0x01, 0x5B, 0x0A, 0xE3, 0x31, 0xCD, 0x92, 0x4F, 0x69, 0x70, 0x17, 0x72, 0x0E, 0x06, 0xDF,
    0x01, 0x69, 0x4E, 0x30, 0xB6, 0x2C, 0xC0, 0xBA, 0x36, 0x9F, 0x5D, 0x99, 0x8F, 0xD6, 0x0F, 0xCC,
    0xA5, 0x9F, 0x93, 0x1F, 0x99, 0xAD, 0x58, 0xDA, 0x51, 0xCD, 0x52, 0x54, 0x35, 0xCB, 0xE6, 0xC4,
    0x70, 0xB6, 0x32, 0xDF, 0x1A, 0x28, 0x5E, 0xE1, 0xCA, 0x82, 0x6C, 0xAF, 0xCC, 0xB7, 0x0E, 0x0A,
    0xF9, 0x3C, 0xD0, 0x71, 0xE5, 0x8A, 0xCB, 0x9A, 0x28, 0x5B, 0xCF, 0x41, 0x4A, 0xB4, 0xDB, 0x2B,
    0x8B, 0xAF, 0xB3, 0x97, 0xF7, 0xEA, 0xA4, 0x98, 0x2F, 0x8F, 0x7B, 0x55, 0x95, 0x2D, 0x9F, 0x9A,
    0x79, 0xDE, 0x4F, 0x33, 0x59, 0x99, 0x24, 0x34, 0x97, 0x32, 0x2F, 0xF6, 0x6C, 0xD1, 0xB7, 0x76,
    0x62, 0xFF, 0x61, 0xEC, 0xB7, 0x77, 0xEC, 0xD8, 0xCF, 0x98, 0xF8, 0xD2, 0xCA, 0x9D, 0xA4, 0x7C,
    0x17, 0x71, 0xC5, 0xB2, 0x4C, 0xB5, 0x96, 0x67, 0xC7, 0x57, 0xB9, 0x65, 0x1E, 0x9D, 0x9F, 0x09,
    0xAE, 0xC6, 0xDE, 0xBB, 0x66, 0x05, 0x1D, 0x9B, 0x1A, 0xE1, 0x3F, 0xBA, 0xDA, 0x1B, 0xD1, 0x48,
    0x97, 0xDD, 0xEC, 0x03, 0xE6, 0x4B, 0x75, 0x7A, 0x33, 0x1A, 0xAE, 0x8B, 0xFD, 0xE6, 0x71, 0x17,
    0x7B, 0x23, 0x1A, 0xCC, 0xD7, 0x3C, 0x3A, 0xF6, 0x6A, 0xFF, 0xAC, 0xFF, 0x37, 0x10, 0xE1, 0x5C,
    0x62, 0x28, 0x15, 0xEB, 0x7B, 0x16, 0x5C, 0x19, 0xFF, 0xA1, 0xC6, 0xDF, 0x15, 0xFE, 0x02, 0x9C,
    0x34, 0x87, 0x4F, 0x56, 0x3A, 0xE7, 0x86, 0x61, 0x86, 0x31, 0xAB, 0x7B, 0x7D, 0x74, 0x90, 0xCD,
    0xF8, 0x89, 0x92, 0x63, 0xCB, 0xDE, 0x41, 0xEA, 0x81, 0x54, 0x47, 0xF5, 0x88, 0xDC, 0x5D, 0x1F,
    0x49, 0x33, 0x90, 0xF9, 0xDC, 0x7D, 0x7D, 0x65, 0xB5, 0x58, 0x63, 0x66, 0xE1, 0xDD, 0xD1, 0xC1,
    0xE7, 0x99, 0xFF, 0xA9, 0x59, 0x5A, 0xF5, 0x7F, 0xE4, 0xFE, 0x4F, 0xAD, 0x58, 0xBF, 0x8F, 0xDC,
    0xC6, 0x15, 0x7E, 0xE4, 0x48, 0xA2, 0xE5, 0xF1, 0xDD, 0x5C, 0xE1, 0x42, 0x86, 0x75, 0x62, 0x0A,
    0x35, 0x81, 0xCF, 0x47, 0x15, 0xB2, 0xB1, 0xB0, 0x77, 0x97, 0x23, 0xBB, 0x50, 0xE9, 0x45, 0x10,
    0xBB, 0x0B, 0xE2, 0xC2, 0x65, 0x82, 0x38, 0x80, 0x0A, 0x01, 0x5E, 0x79, 0x07, 0xF0, 0x1F, 0x60,
    0x35, 0xEE, 0x5D, 0xCB, 0x85, 0xB6, 0xB8, 0x62, 0x0D, 0x6F, 0xB2, 0x73, 0x4E, 0xE1, 0xC2, 0x41,
    0x42, 0xC3, 0x50, 0x6D, 0x3A, 0x17, 0x37, 0x76, 0x33, 0x40, 0x88, 0x88, 0x56, 0x78, 0xCB, 0x7C,
    0x6F, 0xC8, 0xD3, 0x9D, 0x7E, 0x5C, 0x6E, 0xF7, 0x36, 0x4B, 0x3E, 0x2E, 0x7F, 0xCD, 0x7C, 0x6F,
    0xE6, 0xBD, 0xF7, 0xBD, 0x37, 0x24, 0xC2, 0xAF, 0x2E, 0xC8, 0xFF, 0xA4, 0x26, 0x52, 0x96, 0x28,
    0x86, 0xBC, 0x96, 0x13, 0xBD, 0xE2, 0x88, 0xC6, 0x78, 0x96, 0x4F, 0x88, 0xEC, 0x90, 0x42, 0xDB,
    0x23, 0x51, 0xD7, 0x14, 0x91, 0xE2, 0xCD, 0xAC, 0x91, 0xB4, 0x2F, 0x93, 0xCC, 0x6A, 0x9B, 0x96,
    0x68, 0x9D, 0xD4, 0xDC, 0x47, 0x30, 0xA0, 0x64, 0x4E, 0x5D, 0xA5, 0xBB, 0xD2, 0x90, 0x34, 0xC1,
    0x5D, 0x93, 0xDE, 0x35, 0xA5, 0x34, 0x0E, 0xBB, 0x32, 0xE5, 0xEB, 0x36, 0xDD, 0x73, 0xFC, 0xDE,
    0xE0, 0x17, 0x44, 0x3B, 0x63, 0xA2, 0x14, 0x38, 0x67, 0x57, 0xC3, 0x7E, 0x26, 0xA0, 0xF5, 0x4B,
    0x24, 0x2B, 0x74, 0xBA, 0x30, 0xFC, 0x4A, 0x43, 0x15, 0x86, 0x68, 0x1D, 0x9D, 0x5C, 0x82, 0xC4,
    0x03, 0x74, 0xE6, 0x16, 0x82, 0xDD, 0x24, 0xEA, 0x60, 0xD0, 0x44, 0xB7, 0x34, 0x25, 0x96, 0x44,
    0x4E, 0x91, 0xE5, 0x7E, 0xCE, 0x50, 0x50, 0x3B, 0x99, 0x55, 0x09, 0x75, 0xBB, 0x74, 0x79, 0x4A,
    0x84, 0x91, 0x94, 0x07, 0x3B, 0xCE, 0x71, 0xA7, 0x87, 0xE9, 0xA5, 0xE7, 0xD4, 0x0F, 0xD3, 0xB0,
    0x76, 0x78, 0x9F, 0xFA, 0x44, 0x43, 0x28, 0x4B, 0xA4, 0x79, 0xC4, 0x71, 0xCD, 0xD0, 0x13, 0xA9,
    0x31, 0x00, 0xEC, 0xCE, 0x1F, 0x4B, 0xFF, 0x4A, 0x7A, 0x5D, 0xAB, 0xB9, 0x37, 0x2E, 0x80, 0xE2,
    0x46, 0xED, 0xE5, 0xE1, 0x1C, 0x05, 0xCE, 0xC3, 0xD1, 0xA2, 0x70, 0x81, 0xCD, 0xE9, 0xBE, 0xA5,
    0x94, 0xE8, 0x85, 0xA5, 0xE1, 0xD6, 0x24, 0x45, 0x53, 0x12, 0xE8, 0xF4, 0xF6, 0xC2, 0xA3, 0xCB,
    0xE0, 0x4A, 0x1F, 0xC0, 0x96, 0x09, 0x4C, 0x73, 0x1E, 0x0F, 0xEA, 0x9C, 0xE4, 0xEE, 0x9F, 0x31,
    0xC1, 0xCA, 0x44, 0x56, 0x58, 0x48, 0x1E, 0xD9, 0xD0, 0x35, 0x12, 0xB8, 0xC3, 0x73, 0xBE, 0xCF,
    0xCF, 0x95, 0x91, 0x76, 0x84, 0x76, 0xE8, 0x3B, 0xDE, 0x83, 0x71, 0xF6, 0x0C, 0x85, 0x7B, 0x44,
    0xE1, 0xF7, 0x14, 0xFC, 0x2A, 0xA7, 0x78, 0x9E, 0x53, 0x4F, 0xE6, 0x34, 0x81, 0xD1, 0x8A, 0xB0,
    0x11, 0x17, 0x1E, 0x9E, 0x4F, 0x71, 0xBF, 0x1F, 0x3B, 0x52, 0xE5, 0x3E, 0xDB, 0xE4, 0x58, 0xFC,
    0x17, 0xEF, 0x85, 0x2E, 0xAD, 0xAF, 0x9D, 0x80, 0x9F, 0xB3, 0x6F, 0xBC, 0x53, 0x50, 0xBD, 0x4F,
    0x61, 0x2E, 0xFF, 0x9D, 0xA7, 0x77, 0x73, 0x00, 0x94, 0x22, 0x07, 0x14, 0x50, 0x0B, 0xBF, 0xE3,
    0x0E, 0x10, 0x63, 0x00, 0x6A, 0x3F, 0x03, 0x3C, 0x77, 0xFC, 0x4B, 0xD1, 0x4A, 0xDA, 0xDF, 0x03,
    0x7A, 0x0D, 0x72, 0x9E, 0x7D, 0xAC, 0x91, 0x7B, 0x03, 0x8A, 0xF0, 0xCE, 0xC3, 0x6B, 0x2F, 0x02,
    0x12, 0xE1, 0x7D, 0x85, 0x76, 0x3E, 0x7E, 0xE3, 0x83, 0x28, 0xC6, 0xC4, 0xF6, 0x94, 0x99, 0x44,
    0xB6, 0x10, 0x76, 0xFE, 0x99, 0x9D, 0xDF, 0x31, 0x07, 0xD3, 0xAE, 0xD3, 0xEB, 0x46, 0x36, 0xD3,
    0xCE, 0x11, 0x90, 0x50, 0xEB, 0x56, 0x2B, 0x62, 0xE7, 0x14, 0x1E, 0x71, 0xB2, 0x45, 0xE0, 0x57,
    0x1B, 0x2A, 0x3C, 0x26, 0xC4, 0x03, 0xC1, 0xF2, 0x03, 0xAE, 0xE7, 0x8B, 0xC1, 0xEE, 0x78, 0x1D,
    0xB1, 0xA3, 0x8F, 0x6D, 0xF4, 0x90, 0x11, 0x3B, 0x3A, 0x7B, 0x3A, 0x5C, 0x7D, 0x25, 0x95, 0xD6,
    0xD6, 0x49, 0x0E, 0x0F, 0xFD, 0x7E, 0x21, 0x03, 0x68, 0xD0, 0xE8, 0xB8, 0xA5, 0xD1, 0x73, 0xB8,
    0x9E, 0x95, 0x60, 0xA9, 0x11, 0x22, 0x5D, 0x21, 0xAA, 0xCE, 0x73, 0x8C, 0x70, 0x80, 0x71, 0xB3,
    0x56, 0xEA, 0xBC, 0xA2, 0x44, 0x4F, 0xFD, 0x73, 0x05, 0xDB, 0x29, 0xBC, 0x1F, 0x23, 0x44, 0xD1,
    0x5D, 0x00, 0x26, 0x0E, 0x48, 0x5E, 0x27, 0x31, 0x67, 0x2A, 0xA5, 0x5F, 0xDF, 0x94, 0x75, 0xA5,
    0x22, 0xBB, 0x2D, 0xDA, 0x5D, 0x49, 0x13, 0xCD, 0xD9, 0xD6, 0xD8, 0x55, 0x9D, 0xC9, 0xDA, 0x75,
    0xA9, 0xD8, 0xA1, 0x9D, 0x1D, 0x1A, 0xF7, 0xC2, 0x5C, 0xD5, 0xBA, 0xA1, 0x55, 0x84, 0x60, 0xD4,
    0xF8, 0xE4, 0xAA, 0xEA, 0xF0, 0x64, 0x97, 0xDE, 0x52, 0x74, 0x2A, 0x75, 0xFE, 0x1F, 0x2A, 0xF8,
    0x21, 0xE1, 0x7F, 0x0D, 0xF2, 0x0C, 0xE4, 0x22, 0x51, 0x97, 0xE8, 0x26, 0xD1, 0xBB, 0xA7, 0x51,
    0x29, 0xAD, 0xE2, 0x5A, 0x66, 0xA2, 0x60, 0x12, 0x7A, 0xE9, 0xC7, 0x3B, 0x3F, 0x27, 0x3F, 0x7E,
    0xF6, 0xC0, 0x13, 0xD2, 0xBD, 0x77, 0x5C, 0x54, 0xD7, 0x2D, 0x39, 0x3D, 0x2A, 0x12, 0x44, 0xC1,
    0xED, 0x66, 0x1C, 0x9E, 0xD0, 0xE6, 0xB7, 0x9F, 0x60, 0x54, 0xD0, 0x4E, 0xB1, 0x66, 0x7F, 0xC8,
    0x48, 0x3D, 0x28, 0x90, 0xCB, 0x86, 0xB8, 0xEE, 0x3E, 0x5D, 0x4C, 0x8F, 0x66, 0x2E, 0x85, 0x59,
    0x46, 0xE0, 0xDB, 0xB4, 0x92, 0x19, 0xBC, 0xEE, 0x29, 0x9B, 0xB4, 0x29, 0x9E, 0x37, 0x34, 0x32,
    0x32, 0x20, 0xA4, 0x47, 0x36, 0x65, 0x67, 0xC5, 0xFF, 0x6E, 0x2B, 0x8C, 0x02, 0x21, 0xA8, 0x41,
    0xE4, 0xA4, 0x06, 0xED, 0xD1, 0xF1, 0xFD, 0x44, 0x7A, 0x93, 0xB6, 0x28, 0x19, 0x48, 0x27, 0x98,
    0x1E, 0xCD, 0xC9, 0x5A, 0x1D, 0xA7, 0x4F, 0x82, 0xD4, 0xC2, 0x14, 0xBB, 0x8E, 0x48, 0xEA, 0x40,
    0x10, 0x61, 0x5F, 0x5A, 0x8A, 0xBE, 0xD6, 0x14, 0x7D, 0x87, 0xFF, 0xFB, 0xB8, 0xFE, 0xA6, 0xC4,
    0xFD, 0x29, 0x24, 0x85, 0xC4, 0xA0, 0x59, 0x99, 0xA7, 0x55, 0x58, 0x79, 0xF5, 0x18, 0x5A, 0xB2,
    0x90, 0x4F, 0x1B, 0x07, 0x33, 0xAC, 0x8E, 0xCA, 0x9B, 0xFB, 0xA4, 0xAE, 0x81, 0xDA, 0xDF, 0xB4,
    0xA4, 0xDE, 0xC2, 0x75, 0x8F, 0x4D, 0x0B, 0xF9, 0xBB, 0xC1, 0x3D, 0xCC, 0xFE, 0x1B, 0x78, 0x66,
    0x2A, 0x9E, 0x61, 0x7A, 0xC8, 0x89, 0x5B, 0xE4, 0x73, 0x3D, 0x21, 0x3A, 0xBD, 0xC7, 0xB9, 0x86,
    0x6B, 0xD8, 0x9F, 0x78, 0x34, 0x32, 0xA3, 0xC7, 0x98, 0xE0, 0x69, 0x12, 0x3E, 0xC1, 0x10, 0x81,
    0x13, 0x99, 0x44, 0x86, 0x9C, 0x41, 0x4B, 0x75, 0xDC, 0x66, 0x6A, 0xB7, 0x0A, 0x86, 0xFF, 0xA9,
    0x23, 0xE3, 0xB8, 0x4C, 0x27, 0xE2, 0xF1, 0x04, 0x2A, 0x44, 0xC8, 0x05, 0x8C, 0x6E, 0x0B, 0xC8,
    0x5D, 0xF4, 0x78, 0x05, 0xB2, 0xB1, 0x14, 0xF2, 0x6C, 0x3D, 0xFE, 0x8D, 0xFA, 0x9D, 0x1A, 0x2C,
    0x35, 0xAA, 0xAF, 0x20, 0x88, 0x85, 0x28, 0x6F, 0x6A, 0xB9, 0x0F, 0x8E, 0xE9, 0xFB, 0x31, 0xFF,
    0x99, 0xC8, 0x3C, 0x36, 0xA3, 0x87, 0x9E, 0x34, 0x6A, 0xCA, 0x09, 0x2E, 0x2C, 0x5A, 0x33, 0xA5,
    0x56, 0xED, 0xCB, 0x1C, 0xF1, 0xE7, 0x28, 0x8B, 0x2A, 0x48, 0x1F, 0x12, 0x43, 0x94, 0xCD, 0x22,
    0x91, 0x67, 0x51, 0xE8, 0xB2, 0x88, 0x2A, 0x48, 0x0F, 0x92, 0x40, 0x54, 0x26, 0xB5, 0xC8, 0x52,
    0x17, 0x66, 0x48, 0xDA, 0x8D, 0x72, 0x3C, 0x8B, 0xA8, 0x9E, 0xE8, 0xAC, 0xA6, 0xD1, 0x08, 0x31,
    0x9A, 0x4F, 0xA1, 0x4F, 0x17, 0x0E, 0xC7, 0xD2, 0x7B, 0x42, 0x94, 0xED, 0xD3, 0xC8, 0xA5, 0x76,
    0x25, 0x6C, 0x5F, 0x0A, 0x64, 0x6D, 0x5A, 0x83, 0x67, 0x87, 0xCB, 0xE3, 0x3F, 0xE1, 0x01, 0xCF,
    0xF3, 0x3F, 0xF8, 0x4F, 0x81, 0xF5, 0x04, 0x8C, 0x1D, 0xDC, 0x5E, 0x6D, 0x7E, 0x1E, 0x2B, 0xD6,
    0x96, 0xD6, 0xAF, 0x07, 0x5B, 0x4D, 0x60, 0xAB, 0xEF, 0x31, 0xCE, 0x6B, 0xA8, 0x80, 0x51, 0x6C,
    0xA9, 0x6C, 0x8A, 0x6C, 0xAC, 0x88, 0xD9, 0x8E, 0x63, 0xBD, 0xC4, 0x04, 0x40, 0xB2, 0x23, 0xE2,
    0x39, 0x80, 0x9F, 0x6F, 0xFB, 0x92, 0xFE, 0x56, 0x53, 0x31, 0xC1, 0x3E, 0xE1, 0x5E, 0x16, 0x7D,
    0x6D, 0xD4, 0x3A, 0x9D, 0x39, 0xE3, 0xF3, 0x2E, 0xEA, 0x4D, 0x61, 0x27, 0x28, 0xB2, 0x02, 0x57,
    0x90, 0x73, 0xC4, 0x47, 0x9C, 0x0F, 0xC3, 0xAC, 0x07, 0x3A, 0x6A, 0x23, 0xC4, 0x97, 0xD1, 0x75,
    0x9D, 0x01, 0xF8, 0x5C, 0xB6, 0x0D, 0xEF, 0x81, 0xD3, 0x0F, 0xE9, 0xF6, 0x94, 0xFD, 0xA8, 0x6C,
    0x0E, 0xB7, 0xDE, 0xC6, 0x61, 0x54, 0x1F, 0x5C, 0x0E, 0x39, 0xF1, 0x0C, 0x39, 0x7B, 0x0C, 0xE9,
    0x0A, 0xB7, 0x78, 0x5F, 0x99, 0x21, 0xAA, 0x48, 0xF4, 0xE2, 0x8B, 0x6C, 0x60, 0x7B, 0xF4, 0x78,
    0x1F, 0xF8, 0x95, 0xA2, 0x49, 0x58, 0x48, 0x53, 0x70, 0x0A, 0x28, 0xE8, 0xC1, 0x5D, 0x30, 0xDB,
    0x83, 0x3B, 0x7C, 0x09, 0x2F, 0xE5, 0xC3, 0x30, 0x84, 0xCF, 0xF6, 0xA2, 0xB9, 0xD4, 0x72, 0xDE,
    0xD4, 0xC0, 0xBA, 0x31, 0x3A, 0x73, 0x16, 0x56, 0x1A, 0xB4, 0xC1, 0xC5, 0x48, 0x86, 0x2A, 0xB4,
    0xC2, 0xB0, 0xFB, 0x90, 0xA4, 0x95, 0xBE, 0x9F, 0x86, 0xE8, 0x27, 0x2C, 0x3F, 0x7E, 0x02, 0x45,
    0xFE, 0x85, 0x8B, 0x92, 0xA2, 0xA5, 0xC8, 0x3E, 0x0C, 0x10, 0x1B, 0x90, 0xB1, 0xC3, 0x6C, 0xB2,
    0xB2, 0xCE, 0xF7, 0x7B, 0x96, 0x46, 0x69, 0xA6, 0xF6, 0x72, 0xB9, 0x0B, 0xFA, 0x24, 0xBF, 0xC4,
    0x39, 0xDC, 0xB1, 0x8C, 0x42, 0xFC, 0x84, 0xBB, 0x5C, 0x08, 0x99, 0xA6, 0x10, 0xBA, 0xB0, 0x1A,
    0xF6, 0xC5, 0xA6, 0x10, 0x72, 0x5C, 0x08, 0x2D, 0x82, 0xCD, 0xCB, 0xA1, 0x49, 0xBB, 0x1C, 0x6A,
    0xAA, 0xA6, 0x1D, 0x61, 0x8B, 0x90, 0xF3, 0xFB, 0x9F, 0xA0, 0x09, 0x14, 0x41, 0x55, 0x3E, 0xD3,
    0xFC, 0xB6, 0xC8, 0x72, 0x91, 0x39, 0xF8, 0x86, 0x34, 0x69, 0x53, 0xAA, 0x1F, 0x59, 0x4A, 0x91,
    0x2F, 0xBA, 0xBA, 0xF0, 0xA2, 0x67, 0xF9, 0x36, 0xD7, 0xE1, 0xFB, 0x7E, 0x40, 0xD2, 0x5C, 0x8D,
    0x0C, 0xEE, 0xC7, 0x4D, 0x13, 0x5A, 0x0E, 0x05, 0x1E, 0x1F, 0x14, 0xBE, 0x6A, 0x98, 0x60, 0xA9,
    0xB8, 0x10, 0x4A, 0xF0, 0xB0, 0xC9, 0x4D, 0x6E, 0xB2, 0xF6, 0xEC, 0x61, 0x65, 0xB8, 0xEC, 0x00,
    0xB1, 0x9A, 0x92, 0x07, 0xAB, 0xA9, 0x05, 0x07, 0xD8, 0x14, 0xB5, 0x87, 0xB6, 0x9C, 0xD5, 0xB5,
    0xDE, 0xE9, 0xBF, 0xA8, 0xC7, 0x7D, 0xA1, 0x3F, 0xED, 0x87, 0x9A, 0xDB, 0x9E, 0x28, 0x68, 0x2B,
    0x10, 0x98, 0xA8, 0x84, 0x36, 0xC5, 0x56, 0xB4, 0xA1, 0x68, 0x56, 0x29, 0x7A, 0x6C, 0xD3, 0x51,
    0xD5, 0xC6, 0x52, 0xDA, 0x9C, 0xCC, 0x8A, 0xA4, 0x54, 0x58, 0x0F, 0x29, 0xB3, 0x90, 0xC0, 0x23,
    0x84, 0x16, 0x45, 0xEC, 0xAB, 0x3C, 0x9F, 0x5D, 0xA9, 0x45, 0x6D, 0x7F, 0xB3, 0x37, 0xAA, 0xE3,
    0xCB, 0x22, 0xDD, 0x92, 0xC5, 0x37, 0x30, 0x51, 0x3D, 0x6A, 0x69, 0x0F, 0x23, 0xEF, 0xBE, 0x8F,
    0xE4, 0x7D, 0x15, 0xD5, 0x3D, 0x6C, 0x75, 0xCE, 0xAC, 0xAE, 0xD3, 0x08, 0xF2, 0x2D, 0xBA, 0xDF,
    0x85, 0xFC, 0x07, 0xB3, 0xFA, 0xCB, 0xD3, 0xEA, 0xF6, 0xB1, 0xA6, 0x18, 0x61, 0xD9, 0x05, 0x0D,
    0x6F, 0x0C, 0x56, 0xD7, 0xAB, 0xA5, 0xD1, 0xE0, 0x1F, 0x70, 0xB6, 0x6B, 0xA7, 0xD3, 0x69, 0x56,
    0x26, 0x15, 0x74, 0xC8, 0xA4, 0x09, 0xED, 0x89, 0x62, 0x43, 0x5E, 0x07, 0x9B, 0x46, 0x07, 0xD8,
    0x3B, 0x7A, 0xE2, 0x33, 0xCA, 0x29, 0x74, 0x18, 0xB7, 0xA9, 0x8E, 0xE5, 0x9F, 0x18, 0xD7, 0x3E,
    0x35, 0x2B, 0x10, 0x64, 0x17, 0x9F, 0x0C, 0x6F, 0xF8, 0x4E, 0xF5, 0x06, 0x17, 0xB6, 0x92, 0x66,
    0x79, 0x62, 0xDA, 0x82, 0xC2, 0x72, 0x12, 0x48, 0x7C, 0xE1, 0xF8, 0x7A, 0x76, 0x11, 0x1D, 0xBC,
    0x9A, 0x6F, 0x61, 0xDD, 0xFD, 0x47, 0xD7, 0xC1, 0x3A, 0x74, 0xEC, 0x60, 0x7F, 0x97, 0x17, 0xE8,
    0xBD, 0xB0, 0x43, 0x74, 0xF1, 0xB9, 0xED, 0xC2, 0xAB, 0x3E, 0x34, 0x3D, 0x5E, 0xEA, 0xE9, 0xC4,
    0x2F, 0xF8, 0x62, 0xC3, 0x8B, 0x5F, 0xE6, 0x5B, 0xBF, 0x92, 0xF0, 0x25, 0x65, 0xF4, 0x16, 0xE7,
    0xFC, 0xD6, 0x13, 0xA9, 0xB6, 0xE3, 0xC4, 0x25, 0x54, 0x0A, 0x13, 0x07, 0x95, 0x20, 0x25, 0xA6,
    0xA8, 0x93, 0x3E, 0xDA, 0x06, 0xE6, 0x57, 0xEA, 0x39, 0x12, 0x7F, 0x53, 0xC0, 0xFD, 0xAB, 0x9C,
    0xA0, 0x29, 0x93, 0x5D, 0xC9, 0x07, 0xFE, 0xAA, 0xD0, 0x7C, 0x99, 0xC2, 0x7F, 0x07, 0xF8, 0x83,
    0xE7, 0x29, 0x2D, 0x53, 0xA7, 0x78, 0xEE, 0xB2, 0x48, 0x87, 0x0E, 0x53, 0x56, 0x60, 0x11, 0x32,
    0x45, 0x7D, 0xD9, 0x83, 0xA7, 0xC6, 0x59, 0xF3, 0xBE, 0x34, 0x8F, 0x0A, 0xDF, 0xE3, 0x59, 0xEE,
    0xF3, 0x4A, 0x35, 0xFC, 0xD6, 0x06, 0x9E, 0xB9, 0xEA, 0x2F, 0xE7, 0x09, 0xDD, 0x54, 0xC8, 0x3D,
    0x7A, 0x1C, 0xD9, 0x4C, 0xEC, 0xDA, 0x70, 0xCF, 0xD0, 0xBF, 0x34, 0x7D, 0xE1, 0xDF, 0xEC, 0xFA,
    0xBD, 0xC3, 0xBC, 0x1F, 0x65, 0x34, 0x42, 0x8B, 0xCB, 0x28, 0x61, 0x87, 0x70, 0x94, 0x4E, 0xA7,
    0x89, 0xD3, 0x55, 0x54, 0x01, 0x7F, 0x2B, 0x5F, 0x51, 0x6C, 0x20, 0x3D, 0x54, 0x3D, 0xAA, 0x3A,
    0x41, 0x71, 0x55, 0xE4, 0xFE, 0xBE, 0x61, 0xC2, 0xB8, 0xC5, 0x33, 0x19, 0x3A, 0xFE, 0xFC, 0xA1,
    0xEC, 0xF9, 0x58, 0xAF, 0xF7, 0xE9, 0xD2, 0x08, 0x2B, 0x6A, 0xB4, 0x7A, 0x19, 0xA6, 0x6C, 0xC9,
    0x17, 0xA9, 0xA5, 0x23, 0xED, 0x15, 0xE5, 0x35, 0x9E, 0xB2, 0xAE, 0xCD, 0xA7, 0x34, 0xA5, 0x3F,
    0x4D, 0xDF, 0xCE, 0xF9, 0xD3, 0xCB, 0xA6, 0xA7, 0x9F, 0xCD, 0xE6, 0xE5, 0x65, 0x80, 0x6E, 0xF8,
    0x4F, 0x52, 0x37, 0x0E, 0x48, 0xE9, 0x24, 0x20, 0x4E, 0x7A, 0xF7, 0x7D, 0x87, 0x17, 0x96, 0x03,
    0x8A, 0x84, 0x09, 0xBF, 0xF3, 0x58, 0xEF, 0x2D, 0x04, 0xF4, 0x5F, 0x85, 0x8D, 0xB1, 0x11, 0xC2,
    0x30, 0x0C, 0x45, 0x1F, 0x56, 0x91, 0x3B, 0x52, 0x78, 0x00, 0x8A, 0xB0, 0x00, 0x5D, 0xCA, 0xE0,
    0x68, 0x04, 0x46, 0xF2, 0x28, 0x8C, 0x40, 0x91, 0x96, 0x8B, 0x47, 0xF0, 0x08, 0x1E, 0x81, 0x82,
    0x22, 0x45, 0x42, 0x50, 0x28, 0xA1, 0x40, 0xBA, 0xD7, 0xFC, 0xD3, 0xD3, 0x07, 0xFC, 0x8B, 0xB3,
    0x8F, 0x83, 0xA4, 0xA7, 0x63, 0x82, 0x3B, 0xF4, 0x99, 0x7A, 0x81, 0x51, 0xF1, 0x09, 0xC9, 0x45,
    0xF2, 0x43, 0xD2, 0x54, 0xC7, 0xDE, 0x42, 0x65, 0x57, 0x70, 0x19, 0x49, 0x38, 0xE0, 0xB2, 0xE9,
    0x9D, 0xA7, 0xDB, 0x13, 0xA0, 0x29, 0x88, 0xDD, 0xF4, 0x50, 0xC7, 0xB6, 0x8A, 0x96, 0x37, 0x3F,
    0xCA, 0xB8, 0xAE, 0x3A, 0x84, 0x83, 0xDE, 0x82, 0xE8, 0x35, 0x38, 0xDD, 0xBC, 0xBF, 0xD8, 0x47,
    0x59, 0x0B, 0x9F, 0x39, 0x19, 0x9D, 0xD1, 0x1A, 0x47, 0xCB, 0xA9, 0xF0, 0x8C, 0xB3, 0xE7, 0x6B,
    0xB5, 0x9A, 0xB1, 0x5A, 0x49, 0x12, 0x1D, 0x6F, 0xFB, 0xC1, 0x60, 0xC3, 0xC0, 0xCF, 0xC0, 0xC8,
    0xC0, 0xDF, 0x20, 0xCF, 0x60, 0xC1, 0x20, 0xC0, 0xC0, 0x7E, 0x81, 0xFF, 0x83, 0x8D, 0x85, 0x00,
    0x0B, 0x2B, 0x03, 0x83, 0xFD, 0x61, 0x86, 0xA2, 0x7F, 0x0C, 0x0C, 0x22, 0x0C, 0x40, 0xE6, 0x1F,
    0x06, 0x86, 0x06, 0x85, 0x0F, 0x1F, 0xEA, 0x2F, 0xB0, 0x32, 0xD8, 0xD8, 0x68, 0x88, 0x88, 0xD8,
    0x00, 0x81, 0x7E, 0x43, 0xC1, 0x85, 0x0D, 0x0F, 0xAA, 0x2E, 0x70, 0x39, 0x70, 0x9F, 0x6F, 0xE0,
    0x97, 0x07, 0x4A, 0x30, 0x28, 0x08, 0x30, 0x98, 0xE8, 0xC8, 0x7D, 0xE0, 0x7E, 0xC0, 0xE4, 0xA0,
    0x63, 0x63, 0x92, 0xC0, 0xC0, 0xC0, 0xC7, 0xC0, 0x7D, 0x80, 0xE9, 0x80, 0xF0, 0x01, 0x7B, 0x07,
    0x3E, 0xA0, 0x45, 0x15, 0x0C, 0xB6, 0x0E, 0xF2, 0x07, 0x00, 0xBD, 0x5A, 0x6F, 0x6C, 0x1C, 0x57,
    0x11, 0xFF, 0xED, 0xEE, 0xD5, 0x6B, 0x7B, 0xEF, 0xBC, 0x2E, 0x72, 0x91, 0x9B, 0x9C, 0x7D, 0x07,
    0x32, 0xD5, 0x25, 0x3D, 0xE7, 0x56, 0xE5, 0xDA, 0x3A, 0xE9, 0xD9, 0xF7, 0x4A, 0xFB, 0x29, 0x7C,
    0xF1, 0x17, 0x17, 0x54, 0x04, 0xB5, 0x50, 0xD4, 0x12, 0xA8, 0x9A, 0x93, 0x62, 0x81, 0x5B, 0x39,
    0xF1, 0x2A, 0x85, 0x82, 0xA0, 0xA0, 0xFB, 0x90, 0x0A, 0x54, 0x24, 0x38, 0x55, 0xE1, 0x03, 0xA9,
    0xD4, 0xDC, 0x07, 0xD3, 0x58, 0x25, 0xC9, 0xAD, 0xA0, 0x12, 0x42, 0xAD, 0xCA, 0x95, 0x7E, 0x08,
    0x12, 0xA8, 0x2C, 0xA4, 0x6A, 0x8B, 0x13, 0x60, 0xD5, 0xBA, 0xE5, 0x48, 0xCF, 0xB7, 0xCC, 0xBC,
    0xDD, 0xB3, 0x1D, 0xC7, 0x7F, 0xEE, 0x62, 0x97, 0x77, 0xBB, 0x7B, 0x7B, 0x7B, 0xF3, 0xE6, 0xCD,
    0xCC, 0x9B, 0x99, 0x37, 0x33, 0x6F, 0x01, 0x6A, 0x49, 0xBE, 0xA8, 0x2E, 0x5F, 0x75, 0xD1, 0x4B,
    0xD7, 0x58, 0x24, 0xEF, 0x53, 0xAB, 0x77, 0x9F, 0xA6, 0x56, 0x42, 0x8E, 0xFF, 0x81, 0x51, 0xB5,
    0x1A, 0xA6, 0x00, 0x76, 0xFB, 0xEE, 0x57, 0x5F, 0xA9, 0xF8, 0x0B, 0xBE, 0xEF, 0x3A, 0x47, 0xEF,
    0x73, 0x2B, 0xBE, 0x5F, 0x54, 0xC5, 0x18, 0x84, 0x04, 0x42, 0x1A, 0x61, 0xEB, 0x0A, 0xBE, 0x66,
    0x6D, 0xF9, 0xF5, 0x47, 0x47, 0x7E, 0xBD, 0xCE, 0xBF, 0x1E, 0x40, 0x85, 0xB1, 0xFB, 0xD8, 0xE5,
    0xFB, 0x57, 0x4F, 0x9F, 0x92, 0x7F, 0xE8, 0xFC, 0xBF, 0x92, 0xF0, 0x78, 0x9C, 0x42, 0xE1, 0xF0,
    0xC4, 0xC4, 0x91, 0xB7, 0x5D, 0xA2, 0xE1, 0x23, 0xDF, 0x51, 0x26, 0x26, 0xEE, 0xEB, 0xC3, 0x06,
    0xCD, 0x5A, 0xB9, 0xED, 0x9C, 0x5B, 0xB9, 0x4F, 0x8F, 0x34, 0xEF, 0xA6, 0x91, 0xCD, 0x35, 0xEF,
    0x7D, 0xFB, 0xF1, 0x26, 0x75, 0xEA, 0xEF, 0x7C, 0xBF, 0x16, 0xDE, 0x6B, 0x38, 0xF2, 0x54, 0x79,
    0xF9, 0x9E, 0xDA, 0xC2, 0x33, 0x13, 0xC4, 0xF6, 0x33, 0x1A, 0xD3, 0x1A, 0x50, 0xEA, 0xFB, 0x8B,
    0x4C, 0xDE, 0x04, 0xB7, 0x07, 0xCE, 0xD4, 0x57, 0x11, 0x10, 0x59, 0xBE, 0x4B, 0x14, 0x49, 0x34,
    0xF6, 0xAF, 0xFD, 0xAB, 0x95, 0x1A, 0xC4, 0x2E, 0xFF, 0xBF, 0xF4, 0xA8, 0x57, 0x58, 0x77, 0x3B,
    0xD9, 0x7D, 0x22, 0xDE, 0x89, 0x68, 0x14, 0xDD, 0x9D, 0x84, 0xFE, 0x16, 0xCD, 0x9E, 0x55, 0x1C,
    0x0F, 0xAF, 0xBB, 0x38, 0xEA, 0xE0, 0x6E, 0x1B, 0x19, 0xA0, 0x87, 0x88, 0x6F, 0xF2, 0x13, 0x47,
    0xD6, 0x42, 0x3C, 0x8D, 0x68, 0x27, 0xBA, 0x6F, 0x85, 0x66, 0x6E, 0x01, 0x0F, 0x9E, 0x2D, 0x90,
    0xD4, 0x8E, 0xF3, 0xC5, 0xB7, 0xCB, 0x50, 0x9F, 0x74, 0xB2, 0xD0, 0x14, 0xD7, 0x82, 0x26, 0x3E,
    0xF4, 0xF4, 0x27, 0x7D, 0xDF, 0xCE, 0x0B, 0x22, 0xFF, 0xAC, 0x40, 0x81, 0x1E, 0xA1, 0x04, 0xCD,
    0xD1, 0x1C, 0x28, 0x1F, 0x54, 0x58, 0x22, 0x2C, 0x83, 0x5D, 0x42, 0xF2, 0xD1, 0x1F, 0xC5, 0x58,
    0x1A, 0xA3, 0x59, 0x44, 0x48, 0x18, 0x55, 0xA8, 0x0E, 0x43, 0x1B, 0xA9, 0x6C, 0x6C, 0xEC, 0x7C,
    0x3A, 0x9D, 0xCB, 0x2E, 0xB3, 0x4B, 0x70, 0x0C, 0xC8, 0x90, 0x12, 0x94, 0x60, 0x19, 0x98, 0xA1,
    0x19, 0xBC, 0x4C, 0xF0, 0x75, 0xEA, 0x30, 0x97, 0x6D, 0x92, 0x28, 0xA0, 0x10, 0x6D, 0x52, 0xBB,
    0x70, 0x0A, 0xDA, 0x12, 0xF4, 0x04, 0xBA, 0x0C, 0xD1, 0xA5, 0xD9, 0x86, 0xEF, 0xA8, 0x1F, 0x3A,
    0xD0, 0xED, 0xDB, 0x7D, 0xE4, 0xDD, 0xE6, 0x84, 0x16, 0xE4, 0x35, 0x38, 0x88, 0xBD, 0x58, 0x7C,
    0x24, 0x37, 0xCA, 0xD2, 0xB7, 0x35, 0xD1, 0x43, 0xEA, 0x65, 0xC9, 0x49, 0x57, 0x8B, 0x2C, 0x72,
    0x9E, 0x95, 0x91, 0x19, 0xBA, 0x14, 0xA3, 0x50, 0x50, 0x8A, 0x22, 0x81, 0xD9, 0x17, 0x2A, 0x75,
    0x24, 0x48, 0x27, 0xE5, 0x74, 0xD6, 0x60, 0xFE, 0x0B, 0x71, 0xA9, 0x95, 0x19, 0xC5, 0x33, 0xFD,
    0xAA, 0xD6, 0x80, 0xE2, 0x82, 0xA6, 0x56, 0x57, 0x4A, 0x5D, 0x89, 0xA5, 0xE8, 0xF1, 0x87, 0xBA,
    0x5D, 0xCD, 0x10, 0x9A, 0x69, 0x0F, 0xEC, 0xF1, 0x6B, 0x56, 0x9E, 0x98, 0x41, 0xCF, 0xDF, 0x1B,
    0x36, 0x62, 0x24, 0x29, 0x1F, 0x52, 0x79, 0xED, 0x46, 0x71, 0xA8, 0xF7, 0x3B, 0x8E, 0x42, 0xD4,
    0x0C, 0x8E, 0x3F, 0x97, 0x6C, 0x24, 0x4F, 0x14, 0x15, 0x01, 0xF1, 0x7C, 0xBD, 0xAF, 0x97, 0x6D,
    0x27, 0x89, 0xBD, 0xF6, 0x4B, 0x52, 0xFB, 0x55, 0x47, 0xB5, 0xF9, 0x73, 0x18, 0x0B, 0xBF, 0x64,
    0xDA, 0x3B, 0x3B, 0x3B, 0x49, 0xBB, 0xE7, 0x84, 0x75, 0x6A, 0x4A, 0x60, 0x77, 0x16, 0x5D, 0xC4,
    0xCA, 0x18, 0x89, 0x70, 0x78, 0x74, 0x85, 0x43, 0x3A, 0xF2, 0x24, 0x38, 0x9B, 0xE5, 0x47, 0xDA,
    0xA7, 0x1D, 0x84, 0xFA, 0x57, 0x9A, 0x98, 0x50, 0x1D, 0x6D, 0xB6, 0x8B, 0xE1, 0xB9, 0x51, 0xD2,
    0x6D, 0xDD, 0xCD, 0xD4, 0xA6, 0x53, 0x55, 0x12, 0xF7, 0x79, 0x64, 0x84, 0xEE, 0x68, 0xB6, 0x4A,
    0x83, 0x9A, 0xF4, 0x51, 0x02, 0xF3, 0x74, 0x90, 0x71, 0x49, 0xDF, 0x59, 0xD2, 0x8E, 0x9C, 0x15,
    0x5F, 0x3E, 0x91, 0x33, 0x3E, 0x51, 0xC1, 0xEC, 0x22, 0x3A, 0x04, 0xF4, 0x6A, 0xC2, 0xCB, 0x26,
    0x2D, 0x8C, 0x55, 0x66, 0x97, 0xD8, 0xF2, 0x66, 0xBD, 0x7B, 0x05, 0xAB, 0xBD, 0x61, 0xEB, 0xB6,
    0x4E, 0x34, 0xAC, 0xF9, 0xD0, 0x3F, 0x9D, 0x63, 0x56, 0x3E, 0x19, 0xDD, 0x37, 0x18, 0x8F, 0x85,
    0x8D, 0x54, 0x99, 0x1C, 0xC6, 0x22, 0x4D, 0x08, 0x50, 0x93, 0xD7, 0x3A, 0x34, 0x1F, 0x9A, 0x01,
    0x9A, 0xD2, 0x6E, 0xD5, 0xD1, 0x69, 0x56, 0x1B, 0x92, 0x1F, 0x03, 0x07, 0x88, 0xD6, 0x45, 0x39,
    0xAF, 0xF3, 0xD3, 0x85, 0x6C, 0xD8, 0x2C, 0xAB, 0xEF, 0x5C, 0x75, 0x46, 0x4E, 0x10, 0xEA, 0x7D,
    0x5A, 0x7D, 0xC6, 0x44, 0x29, 0x8E, 0x63, 0x29, 0x14, 0xF7, 0x60, 0x32, 0x51, 0x2B, 0x75, 0xD4,
    0x4B, 0x88, 0x96, 0x31, 0x7D, 0xEC, 0x1B, 0x6E, 0xA6, 0xC1, 0x33, 0x7D, 0x6D, 0xE7, 0x50, 0xAD,
    0x58, 0x5F, 0xBC, 0x71, 0x3A, 0x4B, 0x40, 0xB9, 0xCC, 0x23, 0x40, 0xF5, 0xF2, 0x97, 0x7D, 0xD2,
    0xAA, 0xB7, 0x56, 0xEC, 0xD3, 0x64, 0x35, 0x69, 0xDA, 0x4A, 0x7A, 0x7E, 0x94, 0x94, 0x4B, 0x81,
    0x56, 0xD5, 0x16, 0xBB, 0x67, 0xA2, 0xC3, 0xA9, 0x9E, 0x54, 0x34, 0x51, 0x37, 0x3C, 0xD6, 0x51,
    0xBC, 0xEF, 0xF0, 0xB9, 0x39, 0x56, 0x36, 0xBB, 0x41, 0x3A, 0x1F, 0x26, 0xD8, 0xF7, 0x36, 0x87,
    0xCD, 0xBF, 0x45, 0xBE, 0xE3, 0x5D, 0x91, 0xAF, 0xA3, 0x31, 0xAE, 0xB9, 0x4C, 0x07, 0xA9, 0xA1,
    0x65, 0xC2, 0x4A, 0xF0, 0x94, 0x93, 0x71, 0x0C, 0xD0, 0x94, 0xF9, 0x0D, 0xC5, 0x77, 0xD7, 0x87,
    0x6C, 0x1E, 0xAB, 0x21, 0x99, 0x89, 0x1C, 0xD0, 0x74, 0x68, 0x6D, 0x75, 0x2C, 0x90, 0x6A, 0xE4,
    0x30, 0x4C, 0x50, 0xC6, 0xF1, 0xF3, 0x79, 0x72, 0x51, 0xAA, 0x4B, 0x1E, 0x5F, 0xAC, 0xF3, 0x0F,
    0x90, 0x6A, 0xFE, 0x06, 0x2B, 0x80, 0x81, 0x81, 0xBD, 0xF5, 0x8C, 0x2B, 0xB5, 0x6C, 0x91, 0xDD,
    0xCC, 0xA6, 0x10, 0x41, 0x1B, 0xE2, 0x0B, 0x39, 0xE1, 0xDE, 0x28, 0x11, 0xEB, 0xA6, 0xC9, 0xFC,
    0xBC, 0x1C, 0x11, 0xD7, 0xF0, 0xEB, 0x93, 0x98, 0xBD, 0x5C, 0x2B, 0x31, 0x81, 0xF2, 0x52, 0xE6,
    0x79, 0x3C, 0x76, 0x84, 0xE4, 0x49, 0x53, 0x1D, 0x9A, 0x35, 0xB5, 0xBE, 0x90, 0x55, 0xE0, 0x22,
    0x91, 0xA8, 0xBE, 0xC3, 0x74, 0x8A, 0xED, 0x22, 0xC5, 0xB8, 0xB4, 0x93, 0x25, 0xBE, 0x8E, 0x1D,
    0x21, 0x94, 0xBD, 0x1E, 0x79, 0x42, 0x5C, 0x22, 0xAB, 0x05, 0x3E, 0x42, 0x82, 0x9E, 0xF8, 0x97,
    0x97, 0x40, 0xC8, 0x48, 0x62, 0x12, 0x51, 0x78, 0x95, 0xF8, 0x02, 0x84, 0x01, 0xC6, 0x15, 0x94,
    0x41, 0xCB, 0xAD, 0xBA, 0x5E, 0xD3, 0x76, 0x7C, 0xC4, 0x52, 0xE0, 0xEE, 0x97, 0xCF, 0x72, 0x78,
    0x16, 0x3A, 0x68, 0xD2, 0x67, 0x5D, 0xDC, 0xF5, 0x61, 0x0D, 0x79, 0x91, 0x23, 0x5A, 0xE2, 0x43,
    0x05, 0xCC, 0x65, 0x1A, 0x15, 0x57, 0xF5, 0x1B, 0xAB, 0xFA, 0x91, 0x31, 0x78, 0x83, 0x2D, 0xF7,
    0xEB, 0x20, 0x3A, 0x13, 0x35, 0x29, 0x75, 0xF6, 0xCB, 0x98, 0x23, 0xC2, 0xC7, 0x8E, 0xD8, 0x48,
    0x2C, 0x05, 0x4B, 0x36, 0x2D, 0x45, 0xE8, 0x0F, 0xE7, 0x3B, 0x29, 0xF5, 0x82, 0x9F, 0x29, 0xA4,
    0x76, 0x3E, 0x94, 0x8A, 0xBB, 0xBC, 0xB4, 0xEB, 0x36, 0xD0, 0x54, 0x8F, 0x9D, 0xC0, 0x49, 0x9E,
    0x71, 0x1C, 0xA3, 0x06, 0xFD, 0xA8, 0xD8, 0x30, 0xC8, 0xC3, 0xB0, 0x28, 0x87, 0x59, 0x58, 0xE4,
    0xF7, 0x14, 0xD6, 0xE1, 0x7D, 0x2C, 0x78, 0x14, 0xC9, 0x0D, 0x95, 0x29, 0xA8, 0xC9, 0x3F, 0xDF,
    0x80, 0x19, 0xF8, 0x05, 0x9A, 0x92, 0x1B, 0xEA, 0x17, 0xAC, 0x7E, 0x26, 0x4D, 0x72, 0xF7, 0x49,
    0xF0, 0x22, 0x82, 0x66, 0xC8, 0x53, 0x4F, 0x6B, 0xF5, 0x51, 0x13, 0x8F, 0xC4, 0x25, 0xAD, 0x1B,
    0xF8, 0xB0, 0xD0, 0x64, 0xA9, 0x93, 0x8F, 0x6F, 0x5E, 0x72, 0xF0, 0xAB, 0x8B, 0xA4, 0x0D, 0xDD,
    0xF4, 0xA8, 0x5B, 0xA0, 0x5F, 0x6F, 0x20, 0xA5, 0x54, 0xA8, 0xB7, 0x46, 0x2B, 0xD5, 0x20, 0x12,
    0x0F, 0xD6, 0x88, 0x5B, 0x9B, 0x97, 0x4B, 0xD9, 0x6E, 0xA2, 0x7E, 0x26, 0xAD, 0x09, 0x77, 0xBE,
    0xE1, 0x60, 0xBA, 0xC5, 0x7E, 0x7B, 0x8B, 0xF9, 0xA6, 0xA8, 0x9C, 0x30, 0xBC, 0x0A, 0x9B, 0x4E,
    0xCF, 0x4D, 0x62, 0x35, 0x45, 0xAC, 0x58, 0x03, 0xE3, 0x18, 0x79, 0xAC, 0x84, 0x44, 0xA3, 0x84,
    0x8E, 0x83, 0xB4, 0xCA, 0x9C, 0x27, 0xFF, 0x55, 0x23, 0xA7, 0x21, 0x59, 0x1B, 0xF1, 0x30, 0x23,
    0x91, 0x98, 0x55, 0x64, 0x3C, 0x58, 0x33, 0x98, 0xCC, 0xA1, 0x30, 0x80, 0x7C, 0x63, 0x32, 0xF1,
    0x66, 0x09, 0x31, 0xC9, 0xE2, 0xD4, 0xD8, 0x97, 0xDC, 0x8C, 0x2F, 0x94, 0x62, 0xA0, 0x9D, 0x9E,
    0x3C, 0x5C, 0x79, 0x25, 0x2D, 0x2E, 0x28, 0xD5, 0x02, 0x0A, 0x96, 0x52, 0xCC, 0x4A, 0x8F, 0x34,
    0x54, 0x39, 0xB3, 0x58, 0x21, 0x5D, 0x57, 0x1C, 0x8E, 0x19, 0x54, 0x19, 0x66, 0xD0, 0xBD, 0x52,
    0x95, 0x0B, 0x96, 0x2B, 0x8F, 0xB2, 0x3C, 0x38, 0x0A, 0x98, 0x84, 0x55, 0x92, 0x07, 0x21, 0x22,
    0x5B, 0x08, 0x05, 0x29, 0x78, 0xFE, 0x06, 0x6B, 0x18, 0x1A, 0x65, 0xF7, 0xDE, 0x4D, 0xA1, 0x43,
    0x83, 0x19, 0x2E, 0xCA, 0xE1, 0x83, 0x9E, 0xC1, 0x11, 0x34, 0x0A, 0x3E, 0x78, 0xB2, 0x38, 0xAE,
    0x0D, 0xA8, 0xF2, 0x26, 0x51, 0x58, 0x07, 0x2D, 0x42, 0xDF, 0xCE, 0x21, 0x00, 0x87, 0x7B, 0xBF,
    0xA9, 0x43, 0x39, 0xF1, 0x1A, 0xF0, 0xC6, 0x0F, 0xE8, 0xB7, 0x8E, 0x97, 0xFC, 0x77, 0x90, 0x79,
    0xBB, 0xB1, 0x1C, 0xF2, 0xB5, 0xB0, 0xE6, 0x35, 0xE1, 0xEA, 0xA1, 0x6B, 0xDE, 0x42, 0x39, 0x5A,
    0x83, 0x8C, 0xC0, 0x18, 0x85, 0x19, 0x97, 0x2E, 0x01, 0x17, 0xF0, 0x53, 0x31, 0x4F, 0x02, 0x51,
    0xD1, 0x65, 0x3F, 0xEF, 0x8C, 0xC9, 0x68, 0x70, 0x17, 0x2E, 0x63, 0x3E, 0x88, 0x08, 0x68, 0x79,
    0x16, 0x88, 0xE2, 0x36, 0x5A, 0x01, 0xA7, 0xA5, 0xB2, 0x06, 0x4F, 0xD4, 0x47, 0x1A, 0xE3, 0x98,
    0xFB, 0x5E, 0x8D, 0xA0, 0xF3, 0xB5, 0x9B, 0x6D, 0xB9, 0xC0, 0xCB, 0x0B, 0x2C, 0x6A, 0x6C, 0x72,
    0x86, 0x98, 0x21, 0x02, 0xD2, 0x14, 0xC0, 0x4E, 0xDA, 0x79, 0x1A, 0x32, 0x53, 0x65, 0xCC, 0x97,
    0x70, 0x80, 0xFC, 0x43, 0x04, 0xD9, 0x73, 0xAF, 0xE1, 0x50, 0xBD, 0x9E, 0x4C, 0xE1, 0x4E, 0xCC,
    0xB0, 0x69, 0x12, 0xEA, 0x94, 0x63, 0x88, 0x03, 0x42, 0x11, 0xAA, 0x6D, 0xD8, 0xDD, 0x22, 0xC3,
    0xEA, 0x36, 0x36, 0x3B, 0x80, 0xE4, 0x74, 0x2E, 0x37, 0x68, 0x1A, 0x86, 0xAE, 0x69, 0x5A, 0xB2,
    0x73, 0x3A, 0x3A, 0x9A, 0xCB, 0x2F, 0x26, 0x8A, 0xBC, 0x6E, 0x18, 0xD0, 0xE5, 0xDA, 0xA1, 0x21,
    0xF9, 0x29, 0x31, 0x75, 0x87, 0x3D, 0x3A, 0x2B, 0xF2, 0x3E, 0x12, 0x36, 0x4B, 0xC0, 0x64, 0x4A,
    0xE9, 0x7F, 0x19, 0x10, 0x85, 0x41, 0xB9, 0x6E, 0x67, 0xC8, 0x63, 0x94, 0x89, 0xE5, 0xBC, 0x30,
    0x28, 0x3A, 0x8B, 0x93, 0x90, 0x32, 0x75, 0x36, 0x61, 0xA5, 0xAA, 0x7B, 0x3D, 0xF3, 0xFD, 0x69,
    0x2B, 0xCA, 0x9F, 0x6C, 0x2E, 0xEF, 0x51, 0x34, 0x85, 0x03, 0xF3, 0xB3, 0x35, 0xE5, 0x6B, 0xD4,
    0x85, 0x3F, 0x39, 0xE2, 0x25, 0x4D, 0x94, 0x9A, 0x9C, 0x95, 0xF4, 0x42, 0x78, 0xAA, 0x33, 0xAF,
    0xD9, 0x39, 0x03, 0xC3, 0x3D, 0xE8, 0x89, 0xC1, 0x48, 0x43, 0x9F, 0x86, 0x46, 0xC1, 0x73, 0xA0,
    0x2B, 0x44, 0xBD, 0xCD, 0xCA, 0x49, 0x8B, 0x2A, 0x3D, 0xD4, 0xA7, 0xD0, 0x33, 0x82, 0x18, 0x61,
    0x18, 0xC4, 0x88, 0x89, 0x29, 0xC3, 0x26, 0x27, 0x3E, 0xCE, 0x1E, 0xDC, 0xAC, 0x66, 0x3C, 0xAB,
    0x3C, 0x62, 0xD1, 0x88, 0x1E, 0x69, 0x37, 0x8F, 0x13, 0xA7, 0x51, 0x38, 0x4A, 0x88, 0xF4, 0x47,
    0xC7, 0xD2, 0xA3, 0x59, 0x0A, 0x90, 0xAB, 0xAA, 0xA3, 0x09, 0x23, 0x15, 0x1B, 0x4B, 0xA7, 0xB3,
    0x32, 0x2D, 0x32, 0x29, 0x78, 0x03, 0xAD, 0x00, 0xBA, 0x30, 0x71, 0x4C, 0xAE, 0x10, 0x86, 0x18,
    0xA5, 0x09, 0x22, 0x50, 0xFA, 0xD4, 0x10, 0xE6, 0x2E, 0xB6, 0xEA, 0xE4, 0x97, 0xCC, 0x45, 0xC3,
    0xEB, 0x29, 0x44, 0x22, 0xAD, 0xC6, 0x3C, 0x2D, 0x1A, 0x6A, 0x73, 0x9E, 0x35, 0x37, 0x53, 0xFA,
    0x84, 0x1D, 0x24, 0x3E, 0x1B, 0x47, 0x80, 0x14, 0x79, 0xDB, 0xFA, 0x78, 0xA6, 0xAA, 0x6C, 0x0A,
    0x15, 0x25, 0xD7, 0x39, 0x48, 0xFC, 0xC7, 0xD6, 0x7C, 0xA2, 0xF4, 0xE1, 0xC9, 0xEC, 0x41, 0x4C,
    0x54, 0x44, 0x64, 0x4D, 0x04, 0xCA, 0x8B, 0xDD, 0xBC, 0xCC, 0xD3, 0xC8, 0x64, 0xC9, 0x54, 0xB3,
    0x7A, 0x1D, 0xD9, 0x18, 0xE9, 0x18, 0x75, 0xCA, 0x9A, 0x67, 0xEC, 0x6C, 0xC2, 0x17, 0xD9, 0x3D,
    0xD2, 0x77, 0xC8, 0xD3, 0x5A, 0x49, 0xFA, 0x64, 0x58, 0x57, 0x61, 0xEA, 0xAB, 0xA4, 0x80, 0xE4,
    0x45, 0xC8, 0x82, 0xAE, 0xD6, 0x34, 0x5F, 0xF1, 0x3D, 0xCD, 0xD0, 0x8A, 0x6C, 0x99, 0xE4, 0x25,
    0x39, 0x35, 0x21, 0xEB, 0x24, 0x6B, 0x69, 0x30, 0xA8, 0x16, 0x98, 0x01, 0xD8, 0x4A, 0xB1, 0xDA,
    0x4E, 0x73, 0xCB, 0xC9, 0x6B, 0x8A, 0x31, 0x5B, 0x3B, 0x87, 0x59, 0xBA, 0x20, 0x16, 0x81, 0x4C,
    0x38, 0x63, 0x72, 0x2E, 0xA3, 0xD2, 0xE0, 0x89, 0x3F, 0xB2, 0x79, 0xE2, 0x90, 0x14, 0x93, 0x78,
    0x44, 0x3C, 0x8C, 0xAD, 0xB8, 0xF1, 0x6F, 0x76, 0x01, 0xEC, 0x55, 0x3B, 0xEA, 0xD2, 0xB7, 0x46,
    0xE5, 0x9A, 0xCD, 0x92, 0x22, 0x77, 0xB0, 0x36, 0x30, 0xE0, 0x88, 0xE9, 0x33, 0x2C, 0x15, 0x22,
    0xE8, 0x38, 0x85, 0xA6, 0xB7, 0x6E, 0xA2, 0x28, 0x4C, 0x02, 0x2F, 0x7A, 0x9D, 0x21, 0x25, 0x83,
    0xA4, 0x58, 0x91, 0x2D, 0x83, 0xE9, 0xCD, 0x95, 0x2F, 0x12, 0x06, 0xDB, 0x9C, 0xF6, 0x77, 0x84,
    0xF7, 0x61, 0xFA, 0xD7, 0x52, 0x68, 0xCD, 0x59, 0x28, 0x2F, 0x6B, 0x4A, 0x08, 0xFF, 0x4B, 0xB1,
    0x33, 0x74, 0x05, 0xB6, 0x04, 0x3C, 0x41, 0x60, 0xFB, 0xED, 0x15, 0xBA, 0x6E, 0xA6, 0xF3, 0x6C,
    0xF8, 0xFD, 0x2D, 0xE1, 0xD2, 0xF7, 0xF6, 0xC7, 0x61, 0x27, 0x79, 0x0F, 0xD1, 0xDE, 0x47, 0xB4,
    0x8F, 0x39, 0xCB, 0x31, 0xC3, 0x8C, 0x5C, 0x99, 0x8E, 0xF1, 0x12, 0xD5, 0x46, 0xC8, 0xDE, 0x2B,
    0x75, 0x72, 0x48, 0xC6, 0x42, 0xB9, 0xF6, 0xC2, 0xFD, 0xF5, 0x20, 0x85, 0xF5, 0x7E, 0xD5, 0x7A,
    0xCF, 0xD9, 0x02, 0x32, 0x82, 0xF8, 0x20, 0xAC, 0x4E, 0x58, 0x5D, 0x9C, 0xAB, 0x5C, 0x43, 0x4F,
    0x44, 0x92, 0x71, 0xD1, 0x56, 0x2E, 0x51, 0xEE, 0xBB, 0x4D, 0x62, 0x6C, 0xEB, 0x6C, 0xD5, 0x7A,
    0xDC, 0x5E, 0x33, 0xC4, 0x3A, 0x90, 0x37, 0xC3, 0xBA, 0xC7, 0xB6, 0xF8, 0xEA, 0xAC, 0x86, 0xA4,
    0x75, 0x66, 0x5C, 0xA9, 0xEB, 0x57, 0x64, 0xD0, 0x71, 0x7D, 0xFE, 0xB2, 0xE6, 0x89, 0x56, 0xE0,
    0x24, 0x75, 0x1D, 0x38, 0xA1, 0x56, 0xB5, 0x2A, 0xC4, 0x16, 0xD8, 0x42, 0x28, 0x8E, 0xFD, 0xCC,
    0x20, 0xC4, 0xDF, 0x72, 0x44, 0x0A, 0x58, 0x03, 0x58, 0x5B, 0x71, 0x3B, 0x1E, 0x35, 0xD3, 0xEB,
    0xF6, 0xEA, 0x33, 0x73, 0xDD, 0x27, 0x95, 0xEA, 0x7A, 0x39, 0x98, 0xD2, 0x6B, 0x14, 0x94, 0x5E,
    0x7D, 0x4A, 0xE9, 0x5D, 0xA7, 0x9F, 0x8D, 0x97, 0x71, 0x41, 0x5D, 0xC0, 0xA1, 0xCD, 0xF2, 0x30,
    0xED, 0x69, 0xE5, 0x5D, 0x0A, 0x76, 0x7A, 0x37, 0xCD, 0xD5, 0xD6, 0xFB, 0x67, 0x51, 0xF9, 0x13,
    0xE5, 0x23, 0x1B, 0xF6, 0xA2, 0x30, 0x5C, 0x18, 0x42, 0xD9, 0x24, 0x07, 0x8C, 0x3B, 0x3D, 0xB4,
    0x42, 0xAC, 0xCE, 0x12, 0xB5, 0x57, 0xF4, 0xDF, 0xAE, 0x8B, 0x23, 0xA2, 0x3F, 0x64, 0xFC, 0x50,
    0xD9, 0x98, 0xC2, 0x24, 0xE5, 0x06, 0x5F, 0xD1, 0x5E, 0xDB, 0x84, 0x87, 0x08, 0x85, 0x4C, 0xF7,
    0xAB, 0x57, 0x48, 0x39, 0xB7, 0xC8, 0x48, 0xE5, 0xC4, 0xCD, 0xB4, 0x9D, 0x9B, 0xE6, 0x38, 0x07,
    0xCB, 0xAD, 0x49, 0x23, 0xDB, 0xC1, 0xA2, 0x30, 0x96, 0xFF, 0x38, 0x84, 0x65, 0x81, 0xB1, 0xA4,
    0x19, 0x4B, 0x64, 0xBB, 0x19, 0xEE, 0x86, 0x48, 0x6F, 0x30, 0xDF, 0x14, 0x8C, 0x6F, 0xBF, 0xC7,
    0xBC, 0xCE, 0x57, 0xD7, 0x66, 0xB8, 0x91, 0x55, 0xB9, 0xED, 0x45, 0xB6, 0x23, 0x76, 0x00, 0x1F,
    0x77, 0x86, 0x4B, 0x2B, 0x93, 0x47, 0xF6, 0xEF, 0xDD, 0xE5, 0xA0, 0xFC, 0xA2, 0xD3, 0x4A, 0xA6,
    0xAA, 0x86, 0x99, 0xCE, 0x00, 0xC1, 0x0E, 0x97, 0x03, 0xB2, 0x77, 0x24, 0xD3, 0x6C, 0x23, 0x5F,
    0x6A, 0x03, 0x56, 0x04, 0x05, 0x77, 0x75, 0x55, 0x1A, 0x79, 0xC3, 0x79, 0xDA, 0x1A, 0x5C, 0x4A,
    0x88, 0x2B, 0x46, 0x60, 0xC3, 0x85, 0x40, 0x12, 0x1F, 0x0B, 0x0F, 0x84, 0xD8, 0x20, 0x18, 0xFD,
    0x27, 0x68, 0x96, 0x77, 0x11, 0xA1, 0xE7, 0x31, 0x37, 0xF8, 0xEE, 0x71, 0xDB, 0xC2, 0xA7, 0x70,
    0x1C, 0xCC, 0x87, 0xD2, 0x4E, 0x24, 0xAB, 0xCA, 0xDA, 0xC2, 0x1E, 0x0F, 0x39, 0xAF, 0x9D, 0x44,
    0xF5, 0x46, 0xAB, 0x00, 0x32, 0x42, 0x53, 0xE4, 0x06, 0x80, 0xE1, 0x36, 0x33, 0xC6, 0x20, 0x32,
    0xA5, 0xF0, 0x62, 0xE2, 0x34, 0xE1, 0xCE, 0xFB, 0x3E, 0xA9, 0x57, 0xC7, 0x2F, 0x44, 0x22, 0xDC,
    0x51, 0xF0, 0x4F, 0x57, 0x48, 0x9F, 0x66, 0x7D, 0xBF, 0x71, 0x72, 0xCD, 0xC8, 0x3E, 0x8D, 0x7C,
    0x94, 0x46, 0xDE, 0xD7, 0xC2, 0xC8, 0x9C, 0x5A, 0x2B, 0x9E, 0xA7, 0xB8, 0x5B, 0xA5, 0xD6, 0x41,
    0x12, 0x5E, 0xA4, 0xC3, 0xD5, 0xA6, 0x5B, 0x80, 0x6C, 0x25, 0x5D, 0x67, 0xA6, 0xA1, 0xFE, 0x01,
    0xCA, 0xDB, 0x68, 0xA6, 0x27, 0xAC, 0x69, 0x06, 0x69, 0xD9, 0x85, 0x71, 0x18, 0x7F, 0x76, 0x31,
    0x4A, 0xFC, 0xEC, 0x6E, 0xAB, 0x9E, 0xB2, 0x4E, 0xFF, 0x76, 0xE4, 0x21, 0x95, 0x5C, 0x20, 0xBD,
    0xD3, 0x34, 0xB4, 0x5B, 0x13, 0x42, 0x50, 0x13, 0x32, 0x73, 0xD8, 0x19, 0xB9, 0xB0, 0x31, 0x57,
    0x83, 0x90, 0x95, 0xF3, 0xD0, 0xD5, 0x75, 0xA6, 0x18, 0xBB, 0x34, 0xE6, 0xF9, 0xF3, 0xDB, 0xA2,
    0x39, 0x66, 0xC1, 0x28, 0xB2, 0x87, 0x50, 0xB0, 0xAD, 0x3A, 0x4C, 0xE0, 0x66, 0x34, 0xE9, 0xB1,
    0xB6, 0x83, 0x87, 0x22, 0x7E, 0x42, 0x12, 0x9B, 0xC2, 0xE0, 0x14, 0xBB, 0x94, 0x6D, 0xA1, 0xDA,
    0x46, 0xDF, 0x4E, 0x18, 0xC7, 0xA4, 0x2F, 0xF3, 0xDA, 0x2C, 0x1C, 0x09, 0x06, 0x63, 0xE7, 0x2B,
    0x82, 0x14, 0x60, 0x33, 0x60, 0xE2, 0x55, 0x95, 0x1B, 0x26, 0xFA, 0x15, 0xCA, 0xEE, 0xB6, 0x2E,
    0x49, 0xB5, 0x42, 0x83, 0xE6, 0x41, 0x2B, 0xC8, 0x7D, 0x18, 0x9B, 0x41, 0xB4, 0x47, 0x61, 0x3C,
    0x0A, 0x05, 0x3B, 0x5C, 0xEF, 0xDA, 0x62, 0xDF, 0x61, 0xFD, 0x88, 0xFE, 0x26, 0x4A, 0xA5, 0x87,
    0x48, 0x37, 0x87, 0x08, 0x89, 0x29, 0xCC, 0xEA, 0x1E, 0xCF, 0x9A, 0x2B, 0x8D, 0x94, 0xAC, 0x59,
    0x2F, 0xE3, 0x5C, 0xFF, 0x64, 0x33, 0xE8, 0xCD, 0x36, 0x6F, 0x36, 0x2B, 0xC6, 0x99, 0xFF, 0x44,
    0xA5, 0x86, 0x84, 0xBB, 0x71, 0xCD, 0xEE, 0x49, 0xA1, 0x56, 0xD8, 0x76, 0x96, 0xC1, 0xB4, 0xA7,
    0x81, 0x77, 0xA5, 0xE4, 0x7A, 0x5B, 0xAE, 0xF4, 0xE5, 0x64, 0xED, 0x20, 0xB5, 0x6A, 0x43, 0xBA,
    0xC5, 0xFA, 0xE0, 0xEA, 0xFD, 0xCE, 0xE4, 0x75, 0xDB, 0x07, 0xAD, 0x20, 0x29, 0xF0, 0x2E, 0x1C,
    0x5E, 0x6D, 0xA7, 0x4B, 0x04, 0xDA, 0xCF, 0xA1, 0xFF, 0xA8, 0x65, 0x78, 0x22, 0x6C, 0x0E, 0xEA,
    0xCF, 0x20, 0x43, 0xF1, 0x8F, 0xA3, 0xF4, 0xC9, 0x3A, 0x0C, 0xD3, 0x0B, 0x54, 0xAC, 0x10, 0x06,
    0x81, 0xA7, 0x68, 0x65, 0x9F, 0x75, 0xF3, 0xF6, 0x6E, 0xEF, 0x45, 0x1B, 0x96, 0xEA, 0x28, 0xAE,
    0xF2, 0xC1, 0x19, 0x9B, 0xE7, 0x89, 0x6B, 0xDF, 0xCD, 0x7A, 0x7A, 0xD6, 0xF1, 0xB1, 0xEF, 0x3E,
    0x07, 0x26, 0xE5, 0x1C, 0x91, 0x16, 0xEB, 0xE9, 0x8B, 0xF2, 0xC0, 0x4E, 0x33, 0x53, 0x95, 0x85,
    0x1E, 0xBB, 0xB9, 0xAE, 0xB6, 0x25, 0x05, 0xF2, 0x3E, 0x8F, 0xAD, 0xF2, 0x3E, 0x91, 0xA0, 0x24,
    0xC6, 0xDA, 0x3D, 0x16, 0x88, 0xA4, 0xAF, 0x72, 0xB5, 0x52, 0xBB, 0xDD, 0xF7, 0x79, 0xEB, 0x59,
    0x86, 0x89, 0x5C, 0x68, 0xD1, 0xAB, 0xE1, 0x7B, 0x16, 0x9B, 0xC0, 0xEF, 0x15, 0xB3, 0xEB, 0xD8,
    0x93, 0x22, 0x43, 0x27, 0x3E, 0xD4, 0xB2, 0x9A, 0x4A, 0x1E, 0x7E, 0xD6, 0x5E, 0x90, 0x75, 0x40,
    0x25, 0xA2, 0xF6, 0xA9, 0x69, 0x75, 0x8F, 0x7A, 0xEB, 0xE1, 0x53, 0xFC, 0x84, 0x2B, 0xCB, 0x3D,
    0xF6, 0x94, 0x7C, 0xC1, 0xE2, 0xE5, 0x54, 0x74, 0x3F, 0x7D, 0x5F, 0x20, 0x23, 0xFD, 0x36, 0xEE,
    0xC7, 0xD7, 0x65, 0x8A, 0x37, 0xB1, 0x40, 0xA3, 0x2B, 0xFD, 0xDA, 0xB9, 0x13, 0x6C, 0x34, 0x72,
    0x9F, 0x5E, 0x46, 0x47, 0x2C, 0x39, 0x75, 0x29, 0x4F, 0xAC, 0x0D, 0xC7, 0x79, 0x8B, 0xFE, 0x6F,
    0x1F, 0xFD, 0xFB, 0xBB, 0x42, 0x7B, 0x13, 0x38, 0x5B, 0x35, 0x17, 0x79, 0xB2, 0x79, 0xC5, 0x42,
    0x5D, 0xC6, 0x4F, 0xD3, 0x32, 0x41, 0xCE, 0xC9, 0xC8, 0x62, 0x40, 0x8E, 0xD5, 0x23, 0x5F, 0xC8,
    0x30, 0x57, 0x5F, 0x65, 0x41, 0xDF, 0x94, 0x91, 0x56, 0x8F, 0xF4, 0x44, 0xC3, 0x41, 0x2F, 0x19,
    0x66, 0x9D, 0x4B, 0x90, 0x24, 0x3A, 0xEA, 0x06, 0xE9, 0x46, 0xC2, 0xD3, 0x5E, 0xB1, 0xEF, 0xBD,
    0x44, 0x49, 0x43, 0xA5, 0x61, 0x90, 0x8B, 0x8B, 0x8F, 0xCC, 0x13, 0x51, 0x0D, 0xF9, 0x1E, 0x8A,
    0xEE, 0x36, 0x97, 0xE8, 0xE5, 0xD7, 0x43, 0xE8, 0xBF, 0xEF, 0x13, 0xA5, 0xFC, 0x3A, 0x8A, 0xD6,
    0x8F, 0xE7, 0xA0, 0x4D, 0x62, 0x2F, 0xBF, 0x1F, 0x60, 0xC8, 0xFA, 0xB3, 0xBD, 0x1B, 0x57, 0xD4,
    0xD2, 0x51, 0xE5, 0x29, 0x35, 0xF5, 0x59, 0xFC, 0x5E, 0x25, 0xF7, 0x76, 0x48, 0x75, 0xB8, 0x24,
    0x2D, 0x68, 0xC9, 0x32, 0xA1, 0x59, 0xB8, 0x03, 0xDA, 0x0B, 0xA7, 0x2F, 0x43, 0xF9, 0xC2, 0x8F,
    0x27, 0x08, 0xD7, 0x5F, 0x42, 0x9B, 0xEE, 0xDB, 0xB3, 0x3F, 0x82, 0xFD, 0x9F, 0xDE, 0xDF, 0x97,
    0xC0, 0xED, 0xA4, 0x80, 0x7D, 0xE8, 0xDF, 0x95, 0xE9, 0x4D, 0xF6, 0x5E, 0x2B, 0x29, 0x2E, 0xBE,
    0xE7, 0x1E, 0xCE, 0x7F, 0x79, 0x88, 0x33, 0x90, 0x27, 0x48, 0x69, 0x26, 0xB1, 0x50, 0xC4, 0x6D,
    0x9F, 0x3B, 0x51, 0x0F, 0x13, 0x21, 0xF5, 0x8B, 0xB8, 0xE9, 0x59, 0x7C, 0xF2, 0xB4, 0x7D, 0xB8,
    0x6B, 0xF2, 0xB6, 0x83, 0x93, 0xDD, 0x07, 0xED, 0xEE, 0x83, 0x62, 0xE5, 0x38, 0x2D, 0xBA, 0x1F,
    0xB4, 0xEF, 0x9C, 0x28, 0xDD, 0x32, 0x31, 0x8E, 0x43, 0x14, 0x5B, 0xD2, 0xC9, 0x65, 0xF9, 0x70,
    0xA8, 0xAA, 0xEA, 0x69, 0x23, 0xEB, 0x16, 0x1E, 0x0A, 0xE4, 0x30, 0x5E, 0xDD, 0x74, 0x1B, 0x77,
    0x27, 0x4B, 0xF7, 0xC9, 0x73, 0x98, 0xFE, 0x07, 0x46, 0x1D, 0x30, 0xCC, 0xD2, 0x46, 0xE5, 0x7D,
    0xF9, 0xFA, 0x83, 0x0B, 0x6D, 0x11, 0xC6, 0x0C, 0xA2, 0x09, 0xA4, 0x0C, 0x58, 0x9A, 0xB0, 0x54,
    0xDB, 0x3A, 0x61, 0x67, 0x2F, 0x89, 0x8C, 0x0F, 0xF3, 0x18, 0x0C, 0x3B, 0xEF, 0x15, 0x7A, 0xCB,
    0x98, 0x1F, 0xCC, 0x93, 0xE3, 0x37, 0xEC, 0x01, 0xB9, 0x23, 0x60, 0xFF, 0x7F, 0x2A, 0xFA, 0x3B,
    0xB0, 0x29, 0xBD, 0x71, 0x35, 0xE1, 0xE3, 0xD8, 0x40, 0x36, 0x65, 0x7A, 0x6D, 0x5E, 0xBF, 0x65,
    0x7D, 0x43, 0x1B, 0xB2, 0x64, 0x66, 0x43, 0x64, 0xAC, 0xC9, 0xC8, 0xF5, 0x69, 0xF2, 0xDA, 0x77,
    0x4A, 0x14, 0xF9, 0x12, 0x0C, 0xBF, 0x22, 0xB3, 0xC1, 0x4E, 0x5D, 0x11, 0xA5, 0xB7, 0x50, 0x3E,
    0x89, 0x82, 0x58, 0xB5, 0x53, 0xC7, 0xA9, 0x15, 0xFB, 0xAE, 0x47, 0x56, 0x71, 0xDF, 0x62, 0x7C,
    0xF2, 0x3F, 0x1D, 0x8D, 0x31, 0x0E, 0x82, 0x40, 0x10, 0x45, 0x9F, 0xC6, 0x84, 0x04, 0x04, 0x1A,
    0x2D, 0x34, 0x59, 0x68, 0x2D, 0x14, 0x1A, 0x8B, 0x2D, 0xD0, 0xF5, 0x08, 0x16, 0xD2, 0x7B, 0x04,
    0x0A, 0xCA, 0x35, 0xF1, 0x48, 0x14, 0x16, 0x16, 0x26, 0x70, 0x04, 0x8F, 0xC0, 0x11, 0x28, 0x28,
    0x51, 0xDC, 0xF5, 0x4D, 0xF5, 0xDF, 0xFC, 0xCC, 0xA8, 0x56, 0x75, 0xCB, 0xFC, 0xA2, 0xC6, 0x2F,
    0xB0, 0xCC, 0x0D, 0x67, 0x35, 0x1A, 0x3A, 0xFE, 0xB8, 0xB2, 0xEA, 0x07, 0x9D, 0xA0, 0x88, 0xF1,
    0x10, 0x14, 0xC6, 0x09, 0x93, 0x52, 0x93, 0x7C, 0x4A, 0xDB, 0x70, 0xA5, 0xAC, 0x8A, 0xFE, 0x31,
    0x7C, 0xB4, 0x4E, 0x22, 0x94, 0x69, 0x86, 0x78, 0x0E, 0xC2, 0xA7, 0xD8, 0xDB, 0x13, 0x42, 0x58,
    0x99, 0xC6, 0x56, 0xFA, 0x01, 0xA5, 0xB4, 0x72, 0x45, 0xDD, 0x8C, 0xAD, 0x9D, 0xBA, 0x59, 0xB3,
    0x99, 0xDE, 0x37, 0x37, 0xE7, 0xFD, 0xCA, 0x9C, 0x46, 0xDB, 0xED, 0xF4, 0xE4, 0x11, 0xA1, 0x79,
    0x92, 0x11, 0xE0, 0x30, 0xE1, 0x8A, 0x64, 0x47, 0x48, 0x78, 0x0F, 0x8D, 0xB3, 0x7F, 0x67, 0x87,
    0x2D, 0x2C, 0x8E, 0x99, 0x9C, 0xBB, 0xFC, 0x00, 0xB5, 0x58, 0x4F, 0x68, 0x24, 0x59, 0x19, 0xFF,
    0x55, 0xD5, 0x98, 0x4A, 0xA6, 0x3A, 0xA9, 0x76, 0xC9, 0x41, 0x34, 0x49, 0xE5, 0x30, 0x48, 0xEF,
    0x4C, 0x67, 0xAA, 0x0F, 0xED, 0xD2, 0x48, 0xA7, 0xAB, 0x74, 0x41, 0x61, 0x17, 0x21, 0x27, 0x11,
    0x64, 0xB5, 0x4F, 0xC2, 0xB2, 0x30, 0xD3, 0x87, 0x1C, 0x82, 0x74, 0x92, 0x42, 0x8F, 0xBA, 0x6B,
    0x6E, 0x5E, 0x04, 0x1B, 0x5C, 0x11, 0xBC, 0x4C, 0x8B, 0x83, 0xF6, 0x61, 0x66, 0xFB, 0xC9, 0x1E,
    0x17, 0xDC, 0x12, 0x16, 0xF6, 0xB2, 0x48, 0x89, 0x83, 0x0E, 0xCC, 0xC2, 0x16, 0xDA, 0x2C, 0x3D,
    0x6E, 0xA7, 0x9F, 0xBF, 0xF7, 0xAA, 0xBA, 0x93, 0x49, 0x32, 0x49, 0x67, 0x46, 0x5F, 0xD5, 0xAB,
    0xAE, 0x7E, 0xF5, 0x7D, 0xDF, 0xFB, 0xBE, 0xF7, 0xBE, 0xBF, 0xCF, 0x0C, 0xF7, 0xF0, 0x73, 0xB1,
    0x0B, 0xC0, 0x88, 0xFC, 0xF0, 0xCB, 0xF1, 0x4D, 0x14, 0x91, 0xB5, 0xEB, 0x07, 0x41, 0x62, 0x62,
    0x21, 0xFA, 0xA3, 0x68, 0xE8, 0xB1, 0x26, 0x3A, 0xBC, 0xBA, 0xD8, 0xFD, 0x8E, 0x3F, 0x9A, 0x3B,
    0x00, 0x9C, 0xF0, 0x87, 0xD1, 0xA6, 0x86, 0xB4, 0xA3, 0x5D, 0xFD, 0x6B, 0x9C, 0xC0, 0xBE, 0x8A,
    0x2F, 0xC1, 0x0D, 0xCB, 0x1C, 0xB3, 0xB1, 0x18, 0x3A, 0x62, 0xF5, 0x89, 0xAF, 0x13, 0xBC, 0xEC,
    0x7D, 0x82, 0x6D, 0x84, 0x8B, 0xD1, 0x1D, 0x05, 0x17, 0xBD, 0x10, 0xDD, 0x10, 0x57, 0x8E, 0xC3,
    0xEF, 0xFC, 0xF4, 0x5E, 0x51, 0x4D, 0x3B, 0x2F, 0xDC, 0xC8, 0x98, 0x0E, 0xDB, 0xB1, 0x97, 0x56,
    0xD7, 0x2B, 0x68, 0xF4, 0xF7, 0x0F, 0xDF, 0xE6, 0xD8, 0x7E, 0xFA, 0xB5, 0x10, 0xB0, 0xE0, 0x44,
    0x76, 0x64, 0xC3, 0x0A, 0x4F, 0x5C, 0xFC, 0x32, 0x81, 0x31, 0xE1, 0x90, 0x31, 0xC2, 0x1C, 0x5D,
    0x84, 0x30, 0x43, 0x73, 0x80, 0xDE, 0x7C, 0xA3, 0x12, 0xAC, 0x17, 0x6E, 0xAE, 0xAD, 0x2C, 0xE6,
    0xAD, 0x50, 0x98, 0x47, 0x03, 0x15, 0x04, 0x58, 0xC7, 0x3C, 0xCA, 0x58, 0xE1, 0x55, 0x98, 0x5E,
    0x8B, 0xBC, 0x16, 0xE0, 0xC4, 0x66, 0xC2, 0xCF, 0x18, 0x70, 0x2D, 0x81, 0xA1, 0x7E, 0x8E, 0x60,
    0x49, 0x58, 0x0E, 0x16, 0xAC, 0xE8, 0xAA, 0x29, 0x6C, 0x29, 0xCC, 0x71, 0xC4, 0x79, 0x38, 0xF5,
    0x57, 0xEF, 0xC3, 0x1F, 0x68, 0x31, 0xEE, 0xC2, 0xF8, 0x00, 0xE6, 0x07, 0x1A, 0xE5, 0x40, 0xA3,
    0x7C, 0x02, 0xDB, 0x56, 0x28, 0x8E, 0x41, 0x94, 0xC4, 0xE8, 0xA7, 0x27, 0x50, 0x2A, 0xBD, 0x9D,
    0x56, 0x35, 0x6F, 0x95, 0xCA, 0xF2, 0xBD, 0xB8, 0x7D, 0xB0, 0xCE, 0xAD, 0x69, 0xF1, 0xAA, 0x4C,
    0xAF, 0x2A, 0xAF, 0x6B, 0xF0, 0x43, 0x27, 0xFA, 0x1C, 0x7C, 0xFE, 0xF7, 0xF9, 0x4F, 0xB7, 0xD1,
    0xB2, 0x35, 0x6A, 0xBB, 0xE8, 0xAC, 0x60, 0xB7, 0x84, 0x83, 0x17, 0xD1, 0xF4, 0x86, 0x9D, 0xB9,
    0x51, 0x07, 0x85, 0x2E, 0x76, 0x76, 0xDF, 0x48, 0xFC, 0x31, 0xCC, 0x03, 0x2C, 0x13, 0xB0, 0xCD,
    0xDE, 0x61, 0xDF, 0xD5, 0xBF, 0xFD, 0x83, 0x26, 0x64, 0xDA, 0x21, 0x9D, 0x0E, 0xAC, 0xA8, 0x0B,
    0x3B, 0x6C, 0x7C, 0xFB, 0x1D, 0x78, 0x32, 0x81, 0xC1, 0x85, 0x37, 0xB8, 0xC1, 0x8B, 0xB0, 0xC5,
    0x02, 0xB7, 0xCE, 0x10, 0x46, 0x8C, 0x04, 0x29, 0x3A, 0x3E, 0x95, 0x07, 0x91, 0x15, 0xCF, 0xC1,
    0x4A, 0xE6, 0x94, 0x0E, 0xC5, 0xA6, 0xF0, 0x0F, 0x37, 0xF7, 0x9E, 0x14, 0xE0, 0x3C, 0xDE, 0x73,
    0x0D, 0x50, 0x2A, 0x92, 0x6E, 0xB1, 0x93, 0x9F, 0x6E, 0x57, 0xAD, 0x00, 0xCC, 0x34, 0x78, 0x24,
    0x23, 0x47, 0x3E, 0xC0, 0xB4, 0xB9, 0xEC, 0x5E, 0xF6, 0xBA, 0x85, 0x8C, 0xF9, 0x22, 0x69, 0x93,
    0xB4, 0x02, 0x07, 0xE1, 0x65, 0x48, 0x04, 0x2F, 0xA7, 0xAA, 0xB5, 0x48, 0x4F, 0xA1, 0x1F, 0xFA,
    0xEF, 0x49, 0xE6, 0xD9, 0x2C, 0x61, 0x0B, 0x1C, 0x63, 0x9E, 0xEF, 0xA1, 0x19, 0x5B, 0x31, 0x42,
    0x14, 0xCB, 0xBD, 0xCD, 0x96, 0xC2, 0xB4, 0x62, 0x6B, 0x70, 0xB5, 0x5D, 0xD8, 0x28, 0x2D, 0x95,
    0x0A, 0xDE, 0xC8, 0x49, 0x39, 0x6F, 0xB9, 0x87, 0x7A, 0x4B, 0x13, 0xE0, 0xBA, 0x6F, 0x83, 0x6A,
    0xE5, 0x6E, 0xA3, 0x5A, 0x45, 0xAB, 0x86, 0x7E, 0x0F, 0xDE, 0x27, 0x11, 0x1C, 0x92, 0xA5, 0x22,
    0xFE, 0x5B, 0xA8, 0x7E, 0x81, 0x84, 0x84, 0xC3, 0xEF, 0x63, 0x3E, 0xFE, 0x25, 0x30, 0x93, 0x84,
    0xC5, 0xF2, 0xA0, 0xDE, 0x3D, 0x43, 0xA0, 0x2B, 0xB0, 0x6F, 0xC1, 0x79, 0x2D, 0x93, 0x16, 0x54,
    0x5E, 0x94, 0x14, 0x7B, 0xBE, 0x8C, 0x82, 0x9F, 0x08, 0xEA, 0x36, 0xB0, 0xC6, 0xFE, 0x03, 0xA1,
    0x66, 0x3A, 0x9F, 0xA7, 0xF9, 0xC9, 0x92, 0xE3, 0x25, 0xC5, 0xD3, 0x1F, 0x66, 0x63, 0x8C, 0x6B,
    0x25, 0x16, 0xEF, 0x6E, 0xB4, 0xAE, 0x9C, 0x66, 0x8D, 0xE6, 0x4D, 0x4D, 0xFF, 0x1E, 0xEC, 0x37,
    0x27, 0x1B, 0xFA, 0x24, 0x77, 0xC1, 0x03, 0xF4, 0xE5, 0xC3, 0x30, 0x18, 0x61, 0xBC, 0x65, 0x25,
    0x6A, 0xEA, 0x15, 0xF2, 0xE4, 0xA2, 0xE2, 0x51, 0x65, 0xA8, 0x31, 0x58, 0xE5, 0x4E, 0xCA, 0xB1,
    0x21, 0x93, 0x2F, 0x2A, 0x2B, 0xA7, 0xA9, 0xFC, 0xBA, 0xFF, 0x90, 0x1A, 0x31, 0x02, 0xC6, 0x82,
    0x3A, 0x1B, 0xD3, 0x4C, 0xF7, 0xA3, 0x12, 0xBC, 0xB8, 0x52, 0x27, 0xA2, 0xEA, 0x84, 0xDB, 0xE0,
    0x92, 0xB8, 0x72, 0x08, 0x53, 0x66, 0x6A, 0x61, 0x8D, 0x14, 0x15, 0xBE, 0x5B, 0xCA, 0xD6, 0xFA,
    0x31, 0xEC, 0xFF, 0x44, 0x37, 0x64, 0x88, 0x40, 0x2B, 0x9A, 0x72, 0x1C, 0xDC, 0x06, 0x2B, 0xCE,
    0xF7, 0x84, 0xAF, 0x87, 0x13, 0xF8, 0xC7, 0x39, 0xFC, 0x38, 0xBC, 0x21, 0x5F, 0x7D, 0x18, 0x3C,
    0x30, 0x0E, 0x4F, 0xC2, 0x9F, 0x2D, 0xC1, 0xE4, 0xBE, 0x94, 0x04, 0xC8, 0xB8, 0xBF, 0xBC, 0x04,
    0x17, 0x71, 0x0C, 0xD4, 0xF5, 0xAD, 0xDB, 0xEC, 0x0C, 0x23, 0xC7, 0x9C, 0xA0, 0x3E, 0x8F, 0x00,
    0x5A, 0xAB, 0xDC, 0x23, 0xBB, 0xBE, 0x48, 0xA0, 0x53, 0xF0, 0xE7, 0x0B, 0xD8, 0xC2, 0x0E, 0xB9,
    0xDC, 0x20, 0x86, 0xB3, 0x77, 0x3F, 0x18, 0x2A, 0x0C, 0x4A, 0x52, 0xD3, 0xAC, 0x6F, 0x68, 0x42,
    0x4E, 0xB8, 0xD7, 0x4F, 0x83, 0xE1, 0x80, 0x86, 0x9E, 0xD0, 0xA9, 0x87, 0x67, 0x20, 0x85, 0x30,
    0x12, 0xF0, 0x5B, 0xAE, 0x05, 0x4F, 0x23, 0xA0, 0x14, 0x38, 0x47, 0xD3, 0x31, 0xC6, 0xC1, 0xEA,
    0xF5, 0x91, 0x9F, 0x64, 0xD6, 0x57, 0x3A, 0x8E, 0x41, 0x6E, 0x13, 0x58, 0xA9, 0x7A, 0x59, 0xC5,
    0xF5, 0x11, 0xFC, 0x24, 0xB7, 0xD1, 0x01, 0xAD, 0x02, 0xE7, 0x13, 0x1A, 0x20, 0x87, 0x99, 0x99,
    0x28, 0x26, 0x9E, 0x49, 0xF3, 0x5D, 0x2C, 0x10, 0x25, 0x29, 0x97, 0x49, 0xA6, 0xCE, 0x0D, 0x1E,
    0xCB, 0x51, 0x13, 0xFB, 0x8F, 0x86, 0x1D, 0xB5, 0x3B, 0xFA, 0xD1, 0x55, 0x1E, 0x78, 0xF7, 0x36,
    0x4D, 0x9C, 0xE1, 0x01, 0x2A, 0x40, 0x64, 0x4D, 0x45, 0xE8, 0x62, 0xA1, 0xA4, 0x3C, 0x74, 0xB9,
    0xAA, 0xBC, 0x45, 0x55, 0xB9, 0xBC, 0x31, 0x8D, 0x9D, 0x04, 0xE4, 0x7B, 0x91, 0x46, 0xCE, 0x48,
    0x64, 0x34, 0x32, 0x22, 0x19, 0x95, 0x23, 0x32, 0xAA, 0x71, 0xF8, 0x05, 0xF6, 0xDF, 0xC5, 0x86,
    0x88, 0x13, 0x6A, 0x4A, 0xC7, 0x7F, 0x24, 0x93, 0x86, 0xD4, 0xE0, 0x5C, 0xE3, 0x2E, 0xC7, 0xFF,
    0x22, 0xAC, 0xE8, 0x5D, 0xC1, 0xF1, 0x61, 0x43, 0x8E, 0x55, 0x74, 0x5A, 0x9E, 0x28, 0x1D, 0x3E,
    0x54, 0x86, 0xF6, 0x4F, 0xB5, 0x17, 0xE1, 0xF3, 0x0A, 0xB5, 0x3C, 0x55, 0xE5, 0x8C, 0x6C, 0x4E,
    0x37, 0xDF, 0xE8, 0xFF, 0x91, 0xC8, 0x54, 0x4E, 0xEA, 0x0F, 0xAE, 0x52, 0x0A, 0xB7, 0x7E, 0x81,
    0xF8, 0xA7, 0x60, 0x71, 0xCE, 0x92, 0x64, 0xEE, 0xD7, 0xD1, 0x86, 0xDC, 0xB8, 0x4D, 0xA8, 0x62,
    0x6A, 0x91, 0xC6, 0xDF, 0x85, 0x49, 0x32, 0x9F, 0xC1, 0xE3, 0x88, 0x7C, 0x74, 0x08, 0xC5, 0x6B,
    0x82, 0x59, 0xB7, 0x67, 0x16, 0x9A, 0x32, 0x55, 0x34, 0xFF, 0x36, 0x98, 0x8D, 0xA6, 0x4A, 0x8E,
    0x3C, 0x9A, 0xDE, 0xFD, 0x77, 0xE8, 0x1F, 0x5D, 0xE3, 0x3D, 0xD8, 0xD6, 0x47, 0xD8, 0x08, 0xE4,
    0x9D, 0x61, 0xFD, 0xB6, 0xB2, 0x5C, 0xF5, 0x5D, 0x03, 0x28, 0x08, 0x05, 0x02, 0x05, 0x03, 0x02,
    0xDD, 0x04, 0xA1, 0x64, 0x4C, 0xB0, 0x1F, 0x25, 0x53, 0xE5, 0xA9, 0x1F, 0x7B, 0x3E, 0xD1, 0xFE,
    0x1F, 0xAB, 0xF1, 0xFC, 0x33, 0x5E, 0x6E, 0xAD, 0x54, 0x4B, 0x71, 0xCC, 0xC4, 0x67, 0x58, 0xBF,
    0x29, 0xD2, 0x13, 0x58, 0x98, 0x79, 0x61, 0x3B, 0xC7, 0xE6, 0x4C, 0x35, 0x77, 0x59, 0x6F, 0x31,
    0x8D, 0xAB, 0xEC, 0x27, 0x78, 0xE9, 0xD3, 0x21, 0x82, 0xB0, 0xCE, 0x05, 0x58, 0xB9, 0xD6, 0xC2,
    0x5D, 0x7F, 0xDC, 0x4F, 0x4C, 0x39, 0xCE, 0xF2, 0xC5, 0x63, 0xF3, 0xEA, 0x47, 0x77, 0xFA, 0x50,
    0xD8, 0x1A, 0x5D, 0xE3, 0x6B, 0x02, 0x8A, 0x02, 0xAE, 0xA9, 0x34, 0x81, 0x34, 0x64, 0x48, 0x22,
    0x4E, 0xC4, 0x6C, 0x97, 0xD5, 0x81, 0xCA, 0xBC, 0xD8, 0xA3, 0xA3, 0x6E, 0x8A, 0xD7, 0x61, 0xBE,
    0x2B, 0x23, 0xE3, 0xFD, 0x6F, 0xC6, 0xCC, 0x93, 0x53, 0x5E, 0x89, 0x29, 0x3C, 0xE1, 0x73, 0xE6,
    0x20, 0x4B, 0xAC, 0x2F, 0x89, 0x27, 0x07, 0xC4, 0xEB, 0x1D, 0x49, 0xCB, 0xEC, 0x31, 0x5D, 0x7B,
    0x26, 0x69, 0x55, 0xDE, 0xA9, 0x50, 0x9F, 0x55, 0xDA, 0x22, 0xB9, 0xDE, 0x21, 0xB7, 0x3D, 0xF6,
    0xE2, 0x25, 0xA5, 0x6D, 0x13, 0xBE, 0x3D, 0xB3, 0xB4, 0x73, 0xB9, 0xEA, 0xD4, 0x74, 0x54, 0x63,
    0xFD, 0x41, 0xCD, 0x6C, 0xDC, 0x8E, 0xE0, 0x51, 0x67, 0x55, 0xA6, 0xBB, 0xC4, 0xB1, 0x2F, 0xE4,
    0xC1, 0x61, 0x3D, 0x0B, 0x28, 0x1C, 0x33, 0x18, 0x51, 0x25, 0x8C, 0x7E, 0x02, 0x67, 0x80, 0xFD,
    0x43, 0xF4, 0xD6, 0x50, 0x5E, 0x82, 0x5B, 0x56, 0x31, 0xD9, 0x92, 0xD1, 0x92, 0x1F, 0x97, 0x26,
    0x69, 0x01, 0x4B, 0x3E, 0x57, 0xA6, 0x26, 0x03, 0xF4, 0x7D, 0x86, 0xF4, 0xD0, 0x56, 0xB5, 0x8B,
    0xBA, 0xED, 0xA4, 0x7D, 0x43, 0x0E, 0x83, 0xC7, 0x60, 0x14, 0x76, 0x65, 0xE4, 0x59, 0xC2, 0x79,
    0x59, 0x98, 0x74, 0xB1, 0x63, 0x26, 0x78, 0x49, 0xF0, 0xAA, 0x5E, 0x48, 0xC5, 0x81, 0x92, 0x6A,
    0x12, 0xA6, 0x9E, 0x97, 0x5B, 0x9D, 0xC0, 0x6B, 0x8D, 0xD0, 0xED, 0x12, 0xCC, 0x33, 0x1D, 0xED,
    0xE9, 0x3B, 0x2B, 0x5B, 0x9F, 0x22, 0x8B, 0xFA, 0x7A, 0x57, 0x47, 0x60, 0x0D, 0x76, 0x9E, 0x68,
    0x99, 0x62, 0xDA, 0xE2, 0xC8, 0x18, 0x6D, 0xF2, 0xE7, 0x52, 0xB8, 0x92, 0xCA, 0x45, 0x57, 0xB7,
    0x50, 0xBB, 0xD5, 0x81, 0x37, 0xEE, 0x60, 0xEE, 0x15, 0x92, 0xBC, 0xCF, 0xA4, 0x79, 0xC8, 0xE4,
    0x2A, 0xC4, 0x11, 0xF2, 0x91, 0x20, 0x39, 0x81, 0x34, 0xB3, 0xE6, 0x2D, 0xD4, 0xCB, 0xCA, 0x8F,
    0x14, 0xF8, 0xA8, 0xAE, 0x90, 0x21, 0x16, 0x8A, 0x44, 0x1F, 0x33, 0xE7, 0x7E, 0xDC, 0x0F, 0x33,
    0x2D, 0x35, 0x32, 0x26, 0xDE, 0x56, 0xE9, 0x91, 0xED, 0x61, 0xC1, 0x09, 0x55, 0x89, 0xC9, 0x92,
    0xF4, 0x53, 0xC1, 0x15, 0xBF, 0x21, 0x91, 0x15, 0xE2, 0x4A, 0x9F, 0x33, 0xC8, 0x9E, 0x82, 0x74,
    0x7E, 0x86, 0x25, 0x1B, 0x05, 0x0B, 0xEE, 0x2D, 0x8A, 0x72, 0x10, 0xDC, 0xD1, 0x40, 0xB5, 0x14,
    0x6D, 0xFD, 0xE2, 0xC6, 0xF0, 0x53, 0x54, 0xDA, 0x68, 0xD6, 0xD1, 0x5A, 0xA5, 0x5E, 0x36, 0xBD,
    0xBF, 0x76, 0xB0, 0xA8, 0xAB, 0xC9, 0xED, 0xC6, 0x77, 0x13, 0x5F, 0x86, 0x46, 0xEE, 0xC6, 0x88,
    0x93, 0x23, 0x65, 0xBB, 0x4B, 0x54, 0x34, 0x38, 0x56, 0xD9, 0x61, 0x71, 0xC5, 0x28, 0x4D, 0x74,
    0x7A, 0xA0, 0xA8, 0x49, 0x96, 0x48, 0x81, 0x82, 0x14, 0x68, 0x46, 0xDB, 0x20, 0x11, 0x4E, 0x1C,
    0xEA, 0xDA, 0x98, 0xC1, 0xD7, 0xB9, 0x09, 0x77, 0x65, 0x06, 0x41, 0x58, 0xE7, 0x7C, 0x1F, 0xCE,
    0x9B, 0x7A, 0xA6, 0xA7, 0x0A, 0xD2, 0x99, 0x48, 0x9B, 0xE8, 0x27, 0x5D, 0x70, 0xCB, 0x88, 0x59,
    0x8A, 0x56, 0x8C, 0x83, 0xAA, 0xCE, 0xE9, 0xAE, 0xF5, 0xEF, 0x0C, 0xFA, 0x2A, 0xB9, 0x35, 0xD5,
    0x62, 0xE7, 0xDD, 0x9A, 0xF4, 0x10, 0xAB, 0xEC, 0x35, 0x55, 0x9C, 0x5B, 0xE1, 0x56, 0xC9, 0x0A,
    0x59, 0x19, 0x87, 0x5D, 0x98, 0x61, 0xF0, 0x5B, 0x39, 0xF4, 0xE4, 0x83, 0x7B, 0x2A, 0x76, 0x3B,
    0x31, 0x64, 0xE8, 0x26, 0x68, 0x68, 0x1D, 0x0E, 0x84, 0xAA, 0x04, 0x55, 0xDC, 0x70, 0x35, 0x11,
    0x07, 0xFE, 0x61, 0xB6, 0xF0, 0xEB, 0x6A, 0x33, 0xFB, 0x91, 0xA3, 0x3C, 0x8D, 0xFA, 0xEE, 0x9D,
    0x86, 0xA4, 0xC2, 0x25, 0xF7, 0x60, 0xF0, 0x83, 0x50, 0x55, 0x05, 0x9F, 0x7C, 0x67, 0x09, 0x85,
    0x58, 0x4B, 0x90, 0x68, 0xBF, 0xA3, 0x8B, 0x2E, 0x54, 0x9A, 0xA8, 0x74, 0xF4, 0x4D, 0xA1, 0x18,
    0x54, 0xB2, 0xAA, 0xFE, 0x2C, 0xDC, 0xE4, 0x14, 0x6E, 0xA3, 0x89, 0xE0, 0x34, 0xAE, 0xA9, 0x53,
    0x4F, 0x47, 0x9F, 0x9A, 0x1C, 0x3B, 0x33, 0x81, 0x8F, 0x5D, 0x7D, 0x96, 0xE2, 0xE4, 0xE7, 0x29,
    0xC7, 0xBF, 0xFA, 0x83, 0x46, 0x8F, 0x99, 0x8A, 0x93, 0x60, 0x6D, 0x88, 0x6B, 0x9B, 0x4A, 0x94,
    0xAB, 0xDC, 0x9E, 0x31, 0xF7, 0x0E, 0x07, 0x7A, 0xF9, 0xB3, 0x19, 0xB3, 0x3B, 0x6F, 0xBB, 0xEA,
    0xCC, 0xC4, 0xFB, 0x30, 0x0C, 0x5E, 0x8E, 0x7E, 0xF3, 0x63, 0xF1, 0x2B, 0x39, 0xE8, 0xF4, 0x7B,
    0x53, 0xB0, 0xAC, 0xEA, 0xA8, 0x4E, 0x81, 0x7D, 0xE6, 0xF7, 0x42, 0x45, 0xD7, 0x3F, 0xC5, 0xB6,
    0x48, 0x02, 0x99, 0xD4, 0x74, 0x00, 0xC5, 0x3D, 0x98, 0x87, 0xB0, 0xDE, 0x87, 0xE3, 0xC0, 0xB5,
    0x44, 0xF0, 0x59, 0xDA, 0xE8, 0x2B, 0x9F, 0x4C, 0x1B, 0x50, 0xA9, 0x54, 0x58, 0x9C, 0x6C, 0x39,
    0x03, 0x71, 0xEB, 0x8C, 0x75, 0x3A, 0x03, 0xF2, 0xB0, 0x89, 0xBD, 0xB3, 0x20, 0xF3, 0xE3, 0x81,
    0x33, 0x8E, 0x0E, 0xAC, 0x38, 0xB7, 0xD6, 0xE9, 0xD1, 0x01, 0xCB, 0x9C, 0xD0, 0x8D, 0x5F, 0x4C,
    0x2B, 0x77, 0x3B, 0xB5, 0x4E, 0x65, 0x3F, 0xF5, 0xC5, 0xB9, 0x87, 0x03, 0xDA, 0x6A, 0xC7, 0xB0,
    0xA5, 0x58, 0x5A, 0x4A, 0x0A, 0x85, 0xD4, 0x5D, 0xA9, 0xD9, 0xC3, 0x9A, 0x3F, 0xDE, 0x0E, 0x6E,
    0xA7, 0x2A, 0xD1, 0x28, 0x68, 0xF5, 0x38, 0x84, 0xF1, 0x67, 0x58, 0x6F, 0xC1, 0x5E, 0x82, 0x53,
    0x60, 0x5C, 0x89, 0x02, 0x19, 0xFB, 0x4E, 0xE8, 0x7C, 0x5D, 0x58, 0xFF, 0x88, 0x20, 0xB3, 0x8C,
    0x75, 0xB6, 0xA3, 0xA8, 0xE2, 0x4C, 0xC7, 0x4F, 0x13, 0x72, 0xA3, 0xBC, 0x1E, 0xA4, 0xEF, 0x7C,
    0xCA, 0x29, 0x12, 0x2E, 0x38, 0x35, 0xBA, 0x04, 0x25, 0x5A, 0xFE, 0xE6, 0xC4, 0xF2, 0x2F, 0xA2,
    0x4A, 0x81, 0xAD, 0x5F, 0xD2, 0x56, 0xDF, 0xC2, 0x24, 0xA3, 0xAF, 0x71, 0xA1, 0xD4, 0xA9, 0x5D,
    0xC1, 0x1F, 0x06, 0xDA, 0x8F, 0xB8, 0x75, 0x7A, 0xFF, 0x53, 0xC7, 0x1F, 0x98, 0x9C, 0x8F, 0x7C,
    0x2B, 0x8F, 0x3F, 0xFB, 0x69, 0xF9, 0x1B, 0x2A, 0x6C, 0x97, 0xED, 0xA8, 0x6C, 0xA5, 0x2B, 0xC6,
    0xA8, 0x00, 0xAF, 0xA0, 0x92, 0x25, 0xD0, 0x6B, 0xEF, 0xC0, 0xF8, 0x08, 0xF6, 0x2B, 0x74, 0x5A,
    0x08, 0x74, 0xBE, 0x17, 0x0C, 0x8D, 0xF0, 0xF3, 0x51, 0x16, 0x87, 0xAD, 0xD0, 0x8A, 0xEC, 0xD8,
    0x8E, 0xCC, 0x94, 0xD1, 0xAC, 0xEE, 0x44, 0x58, 0x74, 0x05, 0x9C, 0x25, 0x86, 0xA2, 0xD7, 0x68,
    0x77, 0x8F, 0xD9, 0x53, 0xC1, 0x72, 0x6C, 0x68, 0xC9, 0xB0, 0x3D, 0x0F, 0x6C, 0x2A, 0x2D, 0xA1,
    0x8F, 0xE8, 0x36, 0xB5, 0x23, 0x5A, 0x43, 0xD7, 0x15, 0x2D, 0x3B, 0xAD, 0xA0, 0x5D, 0x81, 0xDB,
    0x52, 0x55, 0x1C, 0xB5, 0xD1, 0x6E, 0x61, 0xB5, 0x04, 0x39, 0x82, 0x1C, 0x2C, 0x6B, 0x1D, 0xD7,
    0x96, 0xCF, 0xDF, 0x65, 0x5A, 0x53, 0x4D, 0x57, 0x3D, 0x55, 0xF6, 0x5D, 0x72, 0xE6, 0xB3, 0x5B,
    0x82, 0xC1, 0x2B, 0x66, 0xED, 0xDC, 0xFD, 0x18, 0xF8, 0x0A, 0x79, 0xF6, 0x7E, 0x01, 0xC5, 0xBE,
    0x39, 0x76, 0xA3, 0x60, 0x90, 0x69, 0xAD, 0xA9, 0x63, 0xA3, 0x29, 0x76, 0x4C, 0x11, 0x18, 0x4C,
    0x12, 0x84, 0x62, 0x6B, 0x53, 0xC0, 0x8D, 0x54, 0x14, 0x5E, 0x15, 0xD8, 0xEE, 0x58, 0x32, 0xB5,
    0xA4, 0x9A, 0x87, 0x3E, 0x90, 0xC3, 0x5C, 0x32, 0x37, 0x3B, 0x28, 0xD2, 0x95, 0xD2, 0xB3, 0x4D,
    0x6B, 0x30, 0x26, 0x29, 0x0D, 0x2F, 0x20, 0xFB, 0x5D, 0xC8, 0x77, 0xEA, 0x12, 0xEC, 0x3C, 0xDB,
    0xE4, 0xFF, 0x05,
};

static const EpdGlyph notonaskh_10_regularGlyphs[] = {
    { 0, 0, 0, 0, 0, 0, 0 }, // U+0000
    { 0, 0, 0, 0, 0, 0, 0 }, // U+0001
    { 0, 0, 0, 0, 0, 0, 0 }, // U+0002
    { 0, 0, 0, 0, 0, 0, 0 }, // U+0003
    { 0, 0, 0, 0, 0, 0, 0 }, // U+0004
    { 0, 0, 0, 0, 0, 0, 0 }, // U+0005
    { 0, 0, 0, 0, 0, 0, 0 }, // U+0006
    { 0, 0, 0, 0, 0, 0, 0 }, // U+0007
    { 0, 0, 0, 0, 0, 0, 0 }, // U+0008
    { 0, 0, 0, 0, 0, 0, 0 }, // U+0009
    { 0, 0, 0, 0, 0, 0, 0 }, // U+000A
    { 0, 0, 0, 0, 0, 0, 0 }, // U+000B
    { 0, 0, 0, 0, 0, 0, 0 }, // U+000C
    { 0, 0, 0, 0, 0, 0, 0 }, // U+000D
    { 0, 0, 0, 0, 0, 0, 0 }, // U+000E
    { 0, 0, 0, 0, 0, 0, 0 }, // U+000F
    { 0, 0, 0, 0, 0, 0, 0 }, // U+0010
    { 0, 0, 0, 0, 0, 0, 0 }, // U+0011
    { 0, 0, 0, 0, 0, 0, 0 }, // U+0012
    { 0, 0, 0, 0, 0, 0, 0 }, // U+0013
    { 0, 0, 0, 0, 0, 0, 0 }, // U+0014
    { 0, 0, 0, 0, 0, 0, 0 }, // U+0015
    { 0, 0, 0, 0, 0, 0, 0 }, // U+0016
    { 0, 0, 0, 0, 0, 0, 0 }, // U+0017
    { 0, 0, 0, 0, 0, 0, 0 }, // U+0018
    { 0, 0, 0, 0, 0, 0, 0 }, // U+0019
    { 0, 0, 0, 0, 0, 0, 0 }, // U+001A
    { 0, 0, 0, 0, 0, 0, 0 }, // U+001B
    { 0, 0, 0, 0, 0, 0, 0 }, // U+001C
    { 0, 0, 0, 0, 0, 0, 0 }, // U+001D
    { 0, 0, 0, 0, 0, 0, 0 }, // U+001E
    { 0, 0, 0, 0, 0, 0, 0 }, // U+001F
    { 0, 0, 74, 0, 0, 0, 0 }, // U+0020
    { 4, 15, 69, 0, 13, 15, 0 }, // !
    { 7, 6, 136, 1, 15, 11, 15 }, // "
    { 12, 15, 186, 0, 15, 45, 26 }, // #
    { 10, 18, 186, 1, 16, 45, 71 }, // $
    { 18, 17, 299, 0, 16, 77, 116 }, // %
    { 16, 17, 247, 0, 16, 68, 193 }, // &
    { 3, 6, 73, 1, 15, 5, 261 }, // '
    { 6, 19, 115, 1, 16, 29, 266 }, // (
    { 7, 19, 115, 0, 16, 34, 295 }, // )
    { 10, 9, 167, 0, 16, 23, 329 }, // *
    { 10, 10, 186, 1, 12, 25, 352 }, // +
    { 5, 7, 83, 0, 3, 9, 377 }, // ,
    { 6, 3, 103, 0, 7, 5, 386 }, // -
    { 4, 4, 69, 0, 2, 4, 391 }, // .
    { 6, 19, 96, 0, 16, 29, 395 }, // /
    { 11, 17, 186, 0, 16, 47, 424 }, // 0
    { 9, 15, 186, 1, 15, 34, 471 }, // 1
    { 10, 16, 186, 1, 16, 40, 505 }, // 2
    { 10, 17, 186, 1, 16, 43, 545 }, // 3
    { 12, 15, 186, 0, 15, 45, 588 }, // 4
    { 10, 16, 186, 1, 15, 40, 633 }, // 5
    { 10, 17, 186, 1, 16, 43, 673 }, // 6
    { 10, 15, 186, 1, 15, 38, 716 }, // 7
    { 11, 17, 186, 0, 16, 47, 754 }, // 8
    { 10, 17, 186, 1, 16, 43, 801 }, // 9
    { 4, 11, 69, 0, 9, 11, 844 }, // :
    { 4, 16, 95, 1, 12, 16, 855 }, // ;
    { 10, 11, 186, 1, 13, 28, 871 }, // <
    { 10, 7, 186, 1, 11, 18, 899 }, // =
    { 10, 11, 186, 1, 13, 28, 917 }, // >
    { 10, 17, 158, 0, 16, 43, 945 }, // ?
    { 18, 18, 307, 1, 15, 81, 988 }, // @
    { 15, 15, 235, 0, 15, 57, 1069 }, // A
    { 13, 15, 218, 0, 15, 49, 1126 }, // B
    { 12, 17, 205, 1, 16, 51, 1175 }, // C
    { 14, 15, 242, 0, 15, 53, 1226 }, // D
    { 13, 15, 208, 0, 15, 49, 1279 }, // E
    { 12, 15, 197, 0, 15, 45, 1328 }, // F
    { 14, 17, 238, 1, 16, 60, 1373 }, // G
    { 16, 15, 264, 0, 15, 60, 1433 }, // H
    { 7, 15, 122, 0, 15, 27, 1493 }, // I
    { 8, 20, 119, -1, 15, 40, 1520 }, // J
    { 15, 15, 233, 0, 15, 57, 1560 }, // K
    { 13, 15, 208, 0, 15, 49, 1617 }, // L
    { 19, 15, 313, 0, 15, 72, 1666 }, // M
    { 16, 15, 254, 0, 15, 60, 1738 }, // N
    { 14, 17, 247, 1, 16, 60, 1798 }, // O
    { 12, 15, 201, 0, 15, 45, 1858 }, // P
    { 14, 21, 247, 1, 16, 74, 1903 }, // Q
    { 14, 15, 219, 0, 15, 53, 1977 }, // R
    { 10, 17, 181, 1, 16, 43, 2030 }, // S
    { 13, 15, 204, 0, 15, 49, 2073 }, // T
    { 15, 16, 239, 0, 15, 60, 2122 }, // U
    { 15, 15, 225, 0, 15, 57, 2182 }, // V
    { 22, 15, 349, 0, 15, 83, 2239 }, // W
    { 14, 15, 220, 0, 15, 53, 2322 }, // X
    { 15, 15, 208, -1, 15, 57, 2375 }, // Y
    { 12, 15, 197, 0, 15, 45, 2432 }, // Z
    { 5, 19, 120, 2, 16, 24, 2477 }, // [
    { 6, 19, 96, 0, 16, 29, 2501 }, // <backslash>
    { 6, 19, 120, 0, 16, 29, 2530 }, // ]
    { 10, 10, 186, 1, 15, 25, 2559 }, // ^
    { 11, 2, 153, -1, -1, 6, 2584 }, // _
    { 5, 4, 91, 0, 16, 5, 2590 }, // `
    { 10, 13, 188, 1, 12, 33, 2595 }, // a
    { 12, 17, 205, 0, 16, 51, 2628 }, // b
    { 9, 13, 164, 1, 12, 30, 2679 }, // c
    { 12, 17, 205, 1, 16, 51, 2709 }, // d
    { 10, 13, 178, 1, 12, 33, 2760 }, // e
    { 10, 17, 123, 0, 17, 43, 2793 }, // f
    { 11, 17, 179, 0, 12, 47, 2836 }, // g
    { 13, 16, 212, 0, 16, 52, 2883 }, // h
    { 7, 16, 107, 0, 16, 28, 2935 }, // i
    { 6, 21, 100, -1, 16, 32, 2963 }, // j
    { 13, 16, 195, 0, 16, 52, 2995 }, // k
    { 7, 16, 103, 0, 16, 28, 3047 }, // l
    { 20, 12, 315, 0, 12, 60, 3075 }, // m
    { 13, 12, 215, 0, 12, 39, 3135 }, // n
    { 10, 13, 192, 1, 12, 33, 3174 }, // o
    { 12, 17, 205, 0, 12, 51, 3207 }, // p
    { 12, 17, 205, 1, 12, 51, 3258 }, // q
    { 10, 12, 157, 0, 12, 30, 3309 }, // r
    { 9, 13, 150, 0, 12, 30, 3339 }, // s
    { 7, 15, 117, 0, 14, 27, 3369 }, // t
    { 13, 13, 212, 0, 12, 43, 3396 }, // u
    { 12, 12, 193, 0, 12, 36, 3439 }, // v
    { 18, 12, 287, 0, 12, 54, 3475 }, // w
    { 12, 12, 193, 0, 12, 36, 3529 }, // x
    { 12, 17, 188, 0, 12, 51, 3565 }, // y
    { 10, 12, 170, 0, 12, 30, 3616 }, // z
    { 7, 19, 143, 1, 16, 34, 3646 }, // {
    { 2, 21, 186, 5, 16, 11, 3680 }, // |
    { 7, 19, 143, 1, 16, 34, 3691 }, // }
    { 10, 5, 186, 1, 10, 13, 3725 }, // ~
    { 0, 0, 0, 0, 0, 0, 3738 }, // U+007F
    { 0, 0, 0, 0, 0, 0, 0 }, // U+0080
    { 0, 0, 0, 0, 0, 0, 0 }, // U+0081
    { 0, 0, 0, 0, 0, 0, 0 }, // U+0082
    { 0, 0, 0, 0, 0, 0, 0 }, // U+0083
    { 0, 0, 0, 0, 0, 0, 0 }, // U+0084
    { 0, 0, 0, 0, 0, 0, 0 }, // U+0085
    { 0, 0, 0, 0, 0, 0, 0 }, // U+0086
    { 0, 0, 0, 0, 0, 0, 0 }, // U+0087
    { 0, 0, 0, 0, 0, 0, 0 }, // U+0088
    { 0, 0, 0, 0, 0, 0, 0 }, // U+0089
    { 0, 0, 0, 0, 0, 0, 0 }, // U+008A
    { 0, 0, 0, 0, 0, 0, 0 }, // U+008B
    { 0, 0, 0, 0, 0, 0, 0 }, // U+008C
    { 0, 0, 0, 0, 0, 0, 0 }, // U+008D
    { 0, 0, 0, 0, 0, 0, 0 }, // U+008E
    { 0, 0, 0, 0, 0, 0, 0 }, // U+008F
    { 0, 0, 0, 0, 0, 0, 0 }, // U+0090
    { 0, 0, 0, 0, 0, 0, 0 }, // U+0091
    { 0, 0, 0, 0, 0, 0, 0 }, // U+0092
    { 0, 0, 0, 0, 0, 0, 0 }, // U+0093
    { 0, 0, 0, 0, 0, 0, 0 }, // U+0094
    { 0, 0, 0, 0, 0, 0, 0 }, // U+0095
    { 0, 0, 0, 0, 0, 0, 0 }, // U+0096
    { 0, 0, 0, 0, 0, 0, 0 }, // U+0097
    { 0, 0, 0, 0, 0, 0, 0 }, // U+0098
    { 0, 0, 0, 0, 0, 0, 0 }, // U+0099
    { 0, 0, 0, 0, 0, 0, 0 }, // U+009A
    { 0, 0, 0, 0, 0, 0, 0 }, // U+009B
    { 0, 0, 0, 0, 0, 0, 0 }, // U+009C
    { 0, 0, 0, 0, 0, 0, 0 }, // U+009D
    { 0, 0, 0, 0, 0, 0, 0 }, // U+009E
    { 0, 0, 0, 0, 0, 0, 0 }, // U+009F
    { 0, 0, 74, 0, 0, 0, 0 }, // U+00A0
    { 3, 15, 111, 3, 13, 12, 0 }, // U+00A1
    { 10, 15, 186, 1, 15, 38, 12 }, // U+00A2
    { 11, 17, 186, 1, 16, 47, 50 }, // U+00A3
    { 12, 15, 186, 0, 15, 45, 97 }, // U+00A5
    { 10, 19, 181, 1, 16, 48, 142 }, // U+00A7
    { 8, 3, 192, 2, 16, 6, 190 }, // U+00A8
    { 16, 17, 282, 1, 16, 68, 196 }, // U+00A9
    { 8, 8, 127, 0, 15, 16, 264 }, // U+00AA
    { 7, 8, 138, 1, 9, 14, 280 }, // U+00AB
    { 0, 0, 0, 0, 0, 0, 294 }, // U+00AD
    { 16, 17, 282, 1, 16, 68, 294 }, // U+00AE
    { 11, 3, 153, -1, 18, 9, 362 }, // U+00AF
    { 7, 8, 133, 1, 16, 14, 371 }, // U+00B0
    { 5, 4, 91, 0, 16, 5, 385 }, // U+00B4
    { 12, 19, 206, 0, 16, 57, 390 }, // U+00B6
    { 3, 3, 83, 1, 9, 3, 447 }, // U+00B7
    { 5, 6, 111, 1, 1, 8, 450 }, // U+00B8
    { 8, 8, 132, 0, 15, 16, 458 }, // U+00BA
    { 8, 8, 138, 0, 9, 16, 474 }, // U+00BB
    { 10, 16, 158, 0, 12, 40, 490 }, // U+00BF
    { 15, 19, 235, 0, 19, 72, 530 }, // U+00C0
    { 15, 19, 235, 0, 19, 72, 602 }, // U+00C1
    { 15, 19, 235, 0, 19, 72, 674 }, // U+00C2
    { 15, 19, 235, 0, 19, 72, 746 }, // U+00C3
    { 15, 19, 235, 0, 19, 72, 818 }, // U+00C4
    { 15, 19, 235, 0, 19, 72, 890 }, // U+00C5
    { 19, 15, 317, 0, 15, 72, 962 }, // U+00C6
    { 12, 21, 205, 1, 16, 63, 1034 }, // U+00C7
    { 13, 19, 208, 0, 19, 62, 1097 }, // U+00C8
    { 13, 19, 208, 0, 19, 62, 1159 }, // U+00C9
    { 13, 19, 208, 0, 19, 62, 1221 }, // U+00CA
    { 13, 19, 208, 0, 19, 62, 1283 }, // U+00CB
    { 7, 19, 122, 0, 19, 34, 1345 }, // U+00CC
    { 7, 19, 122, 0, 19, 34, 1379 }, // U+00CD
    { 7, 19, 122, 0, 19, 34, 1413 }, // U+00CE
    { 7, 19, 122, 0, 19, 34, 1447 }, // U+00CF
    { 14, 15, 242, 0, 15, 53, 1481 }, // U+00D0
    { 16, 19, 254, 0, 19, 76, 1534 }, // U+00D1
    { 14, 20, 247, 1, 19, 70, 1610 }, // U+00D2
    { 14, 20, 247, 1, 19, 70, 1680 }, // U+00D3
    { 14, 20, 247, 1, 19, 70, 1750 }, // U+00D4
    { 14, 20, 247, 1, 19, 70, 1820 }, // U+00D5
    { 14, 20, 247, 1, 19, 70, 1890 }, // U+00D6
    { 10, 9, 186, 1, 12, 23, 1960 }, // U+00D7
    { 14, 17, 247, 1, 16, 60, 1983 }, // U+00D8
    { 15, 20, 239, 0, 19, 75, 2043 }, // U+00D9
    { 15, 20, 239, 0, 19, 75, 2118 }, // U+00DA
    { 15, 20, 239, 0, 19, 75, 2193 }, // U+00DB
    { 15, 20, 239, 0, 19, 75, 2268 }, // U+00DC
    { 15, 19, 208, -1, 19, 72, 2343 }, // U+00DD
    { 12, 15, 201, 0, 15, 45, 2415 }, // U+00DE
    { 13, 17, 216, 0, 16, 56, 2460 }, // U+00DF
    { 10, 17, 188, 1, 16, 43, 2516 }, // U+00E0
    { 10, 17, 188, 1, 16, 43, 2559 }, // U+00E1
    { 10, 17, 188, 1, 16, 43, 2602 }, // U+00E2
    { 10, 17, 188, 1, 16, 43, 2645 }, // U+00E3
    { 10, 17, 188, 1, 16, 43, 2688 }, // U+00E4
    { 10, 18, 188, 1, 17, 45, 2731 }, // U+00E5
    { 16, 13, 280, 1, 12, 52, 2776 }, // U+00E6
    { 9, 17, 164, 1, 12, 39, 2828 }, // U+00E7
    { 10, 17, 178, 1, 16, 43, 2867 }, // U+00E8
    { 10, 17, 178, 1, 16, 43, 2910 }, // U+00E9
    { 10, 17, 178, 1, 16, 43, 2953 }, // U+00EA
    { 10, 17, 178, 1, 16, 43, 2996 }, // U+00EB
    { 7, 16, 107, 0, 16, 28, 3039 }, // U+00EC
    { 7, 16, 107, 0, 16, 28, 3067 }, // U+00ED
    { 7, 16, 107, 0, 16, 28, 3095 }, // U+00EE
    { 7, 16, 107, 0, 16, 28, 3123 }, // U+00EF
    { 10, 17, 192, 1, 16, 43, 3151 }, // U+00F0
    { 13, 16, 215, 0, 16, 52, 3194 }, // U+00F1
    { 10, 17, 192, 1, 16, 43, 3246 }, // U+00F2
    { 10, 17, 192, 1, 16, 43, 3289 }, // U+00F3
    { 10, 17, 192, 1, 16, 43, 3332 }, // U+00F4
    { 10, 17, 192, 1, 16, 43, 3375 }, // U+00F5
    { 10, 17, 192, 1, 16, 43, 3418 }, // U+00F6
    { 10, 11, 186, 1, 13, 28, 3461 }, // U+00F7
    { 10, 13, 192, 1, 12, 33, 3489 }, // U+00F8
    { 13, 17, 212, 0, 16, 56, 3522 }, // U+00F9
    { 13, 17, 212, 0, 16, 56, 3578 }, // U+00FA
    { 13, 17, 212, 0, 16, 56, 3634 }, // U+00FB
    { 13, 17, 212, 0, 16, 56, 3690 }, // U+00FC
    { 12, 21, 188, 0, 16, 63, 3746 }, // U+00FD
    { 12, 21, 205, 0, 16, 63, 3809 }, // U+00FE
    { 12, 21, 188, 0, 16, 63, 3872 }, // U+00FF
    { 15, 18, 235, 0, 18, 68, 0 }, // U+0100
    { 10, 16, 188, 1, 15, 40, 68 }, // U+0101
    { 15, 19, 235, 0, 19, 72, 108 }, // U+0102
    { 10, 17, 188, 1, 16, 43, 180 }, // U+0103
    { 15, 20, 235, 0, 15, 75, 223 }, // U+0104
    { 10, 17, 188, 1, 12, 43, 298 }, // U+0105
    { 12, 20, 205, 1, 19, 60, 341 }, // U+0106
    { 9, 17, 164, 1, 16, 39, 401 }, // U+0107
    { 12, 20, 205, 1, 19, 60, 440 }, // U+010A
    { 9, 17, 164, 1, 16, 39, 500 }, // U+010B
    { 12, 20, 205, 1, 19, 60, 539 }, // U+010C
    { 9, 17, 164, 1, 16, 39, 599 }, // U+010D
    { 14, 19, 242, 0, 19, 67, 638 }, // U+010E
    { 14, 17, 205, 1, 16, 60, 705 }, // U+010F
    { 14, 15, 242, 0, 15, 53, 765 }, // U+0110
    { 12, 17, 205, 1, 16, 51, 818 }, // U+0111
    { 13, 18, 208, 0, 18, 59, 869 }, // U+0112
    { 10, 16, 178, 1, 15, 40, 928 }, // U+0113
    { 13, 19, 208, 0, 19, 62, 968 }, // U+0116
    { 10, 17, 178, 1, 16, 43, 1030 }, // U+0117
    { 13, 20, 208, 0, 15, 65, 1073 }, // U+0118
    { 10, 17, 178, 1, 12, 43, 1138 }, // U+0119
    { 13, 19, 208, 0, 19, 62, 1181 }, // U+011A
    { 10, 17, 178, 1, 16, 43, 1243 }, // U+011B
    { 14, 20, 238, 1, 19, 70, 1286 }, // U+011E
    { 11, 21, 179, 0, 16, 58, 1356 }, // U+011F
    { 14, 20, 238, 1, 19, 70, 1414 }, // U+0120
    { 11, 21, 179, 0, 16, 58, 1484 }, // U+0121
    { 14, 21, 238, 1, 16, 74, 1542 }, // U+0122
    { 11, 21, 179, 0, 16, 58, 1616 }, // U+0123
    { 16, 15, 264, 0, 15, 60, 1674 }, // U+0126
    { 13, 16, 212, 0, 16, 52, 1734 }, // U+0127
    { 7, 18, 122, 0, 18, 32, 1786 }, // U+012A
    { 7, 15, 107, 0, 15, 27, 1818 }, // U+012B
    { 7, 20, 122, 0, 15, 35, 1845 }, // U+012E
    { 7, 21, 107, 0, 16, 37, 1880 }, // U+012F
    { 7, 19, 122, 0, 19, 34, 1917 }, // U+0130
    { 7, 12, 107, 0, 12, 21, 1951 }, // U+0131
    { 15, 20, 233, 0, 15, 75, 1972 }, // U+0136
    { 13, 21, 195, 0, 16, 69, 2047 }, // U+0137
    { 13, 19, 208, 0, 19, 62, 2116 }, // U+0139
    { 7, 20, 103, 0, 20, 35, 2178 }, // U+013A
    { 13, 20, 208, 0, 15, 65, 2213 }, // U+013B
    { 7, 21, 103, 0, 16, 37, 2278 }, // U+013C
    { 13, 15, 208, 0, 15, 49, 2315 }, // U+013D
    { 8, 16, 103, 0, 16, 32, 2364 }, // U+013E
    { 13, 15, 208, 0, 15, 49, 2396 }, // U+0141
    { 7, 16, 108, 0, 16, 28, 2445 }, // U+0142
    { 16, 19, 254, 0, 19, 76, 2473 }, // U+0143
    { 13, 16, 215, 0, 16, 52, 2549 }, // U+0144
    { 16, 20, 254, 0, 15, 80, 2601 }, // U+0145
    { 13, 17, 215, 0, 12, 56, 2681 }, // U+0146
    { 16, 19, 254, 0, 19, 76, 2737 }, // U+0147
    { 13, 16, 215, 0, 16, 52, 2813 }, // U+0148
    { 14, 20, 247, 1, 19, 70, 2865 }, // U+0150
    { 10, 17, 192, 1, 16, 43, 2935 }, // U+0151
    { 19, 17, 320, 1, 16, 81, 2978 }, // U+0152
    { 17, 13, 302, 1, 12, 56, 3059 }, // U+0153
    { 14, 19, 219, 0, 19, 67, 3115 }, // U+0154
    { 10, 16, 157, 0, 16, 40, 3182 }, // U+0155
    { 14, 19, 219, 0, 19, 67, 3222 }, // U+0158
    { 10, 16, 157, 0, 16, 40, 3289 }, // U+0159
    { 10, 20, 181, 1, 19, 50, 3329 }, // U+015A
    { 9, 17, 150, 0, 16, 39, 3379 }, // U+015B
    { 10, 21, 181, 1, 16, 53, 3418 }, // U+015E
    { 9, 17, 150, 0, 12, 39, 3471 }, // U+015F
    { 10, 20, 181, 1, 19, 50, 3510 }, // U+0160
    { 9, 17, 150, 0, 16, 39, 3560 }, // U+0161
    { 13, 19, 204, 0, 19, 62, 3599 }, // U+0164
    { 8, 17, 117, 0, 16, 34, 3661 }, // U+0165
    { 15, 19, 239, 0, 18, 72, 3695 }, // U+016A
    { 13, 16, 212, 0, 15, 52, 3767 }, // U+016B
    { 15, 21, 239, 0, 20, 79, 3819 }, // U+016E
    { 13, 18, 212, 0, 17, 59, 3898 }, // U+016F
    { 15, 20, 239, 0, 19, 75, 3957 }, // U+0170
    { 13, 17, 212, 0, 16, 56, 4032 }, // U+0171
    { 15, 20, 242, 0, 15, 75, 4088 }, // U+0172
    { 13, 17, 212, 0, 12, 56, 4163 }, // U+0173
    { 22, 19, 349, 0, 19, 105, 4219 }, // U+0174
    { 18, 16, 287, 0, 16, 72, 4324 }, // U+0175
    { 15, 19, 208, -1, 19, 72, 4396 }, // U+0176
    { 12, 21, 188, 0, 16, 63, 4468 }, // U+0177
    { 15, 19, 208, -1, 19, 72, 4531 }, // U+0178
    { 12, 19, 197, 0, 19, 57, 4603 }, // U+0179
    { 10, 16, 170, 0, 16, 40, 4660 }, // U+017A
    { 12, 19, 197, 0, 19, 57, 4700 }, // U+017B
    { 10, 16, 170, 0, 16, 40, 4757 }, // U+017C
    { 12, 19, 197, 0, 19, 57, 4797 }, // U+017D
    { 10, 16, 170, 0, 16, 40, 4854 }, // U+017E
    { 10, 21, 181, 1, 16, 53, 0 }, // U+0218
    { 9, 17, 150, 0, 12, 39, 53 }, // U+0219
    { 13, 20, 204, 0, 15, 65, 92 }, // U+021A
    { 7, 19, 117, 0, 14, 34, 157 }, // U+021B
    { 5, 4, 0, -9, 16, 5, 0 }, // U+0300
    { 5, 4, 0, -7, 16, 5, 5 }, // U+0301
    { 8, 4, 0, -10, 16, 8, 10 }, // U+0302
    { 9, 4, 0, -11, 16, 9, 18 }, // U+0303
    { 8, 3, 0, -4, 15, 6, 27 }, // U+0304
    { 6, 4, 0, -3, 16, 6, 33 }, // U+0306
    { 4, 3, 0, -2, 16, 3, 39 }, // U+0307
    { 8, 3, 0, -4, 16, 6, 42 }, // U+0308
    { 6, 5, 0, -3, 17, 8, 48 }, // U+030A
    { 9, 4, 0, -4, 16, 9, 56 }, // U+030B
    { 7, 4, 0, -10, 16, 7, 65 }, // U+030C
    { 4, 4, 0, -2, -1, 4, 72 }, // U+0326
    { 6, 6, 0, -3, 1, 9, 76 }, // U+0327
    { 6, 5, 0, -3, 0, 8, 85 }, // U+0328
    { 0, 0, 0, 0, 0, 0, 93 }, // U+034F
    { 24, 6, 379, 0, 5, 36, 0 }, // U+0600
    { 34, 6, 548, 0, 1, 51, 36 }, // U+0601
    { 25, 6, 411, 1, 5, 38, 87 }, // U+0602
    { 22, 6, 361, 0, 4, 33, 125 }, // U+0603
    { 47, 13, 774, 1, 10, 153, 158 }, // U+0604
    { 21, 4, 333, 0, 20, 21, 311 }, // U+0605
    { 12, 16, 179, -1, 15, 48, 332 }, // U+0606
    { 12, 16, 179, -1, 15, 48, 380 }, // U+0607
    { 19, 15, 331, 1, 9, 72, 428 }, // U+0608
    { 12, 13, 184, 0, 11, 39, 500 }, // U+0609
    { 15, 13, 241, 0, 11, 49, 539 }, // U+060A
    { 9, 21, 140, -1, 14, 48, 588 }, // U+060B
    { 4, 7, 71, 0, 5, 7, 636 }, // U+060C
    { 5, 8, 100, 0, 4, 10, 643 }, // U+060D
    { 17, 7, 285, 1, 7, 30, 653 }, // U+060E
    { 12, 19, 216, 0, 12, 57, 683 }, // U+060F
    { 4, 5, 0, 0, 20, 5, 740 }, // U+0610
    { 5, 5, 0, 0, 20, 7, 745 }, // U+0611
    { 6, 5, 0, 0, 20, 8, 752 }, // U+0612
    { 6, 6, 0, 0, 21, 9, 760 }, // U+0613
    { 8, 3, 0, 0, 18, 6, 769 }, // U+0614
    { 5, 6, 0, 0, 27, 8, 775 }, // U+0615
    { 8, 8, 0, 0, 29, 16, 783 }, // U+0616
    { 3, 7, 0, 0, 28, 6, 799 }, // U+0617
    { 3, 3, 0, 0, 18, 3, 805 }, // U+0618
    { 3, 4, 0, 0, 19, 3, 808 }, // U+0619
    { 4, 3, 0, -1, 0, 3, 811 }, // U+061A
    { 4, 12, 71, 0, 10, 12, 814 }, // U+061B
    { 0, 0, 0, 0, 0, 0, 826 }, // U+061C
    { 9, 12, 144, 0, 11, 27, 826 }, // U+061D
    { 7, 7, 119, 0, 5, 13, 853 }, // U+061E
    { 7, 14, 142, 1, 12, 25, 866 }, // U+061F
    { 10, 14, 181, 1, 8, 35, 891 }, // U+0620
    { 8, 7, 146, 1, 6, 14, 926 }, // U+0621
    { 7, 18, 79, -1, 18, 32, 940 }, // U+0622
    { 4, 19, 79, 0, 19, 19, 972 }, // U+0623
    { 9, 17, 156, 0, 12, 39, 991 }, // U+0624
    { 4, 19, 79, 1, 14, 19, 1030 }, // U+0625
    { 12, 14, 206, 1, 8, 42, 1049 }, // U+0626
    { 3, 14, 79, 1, 14, 11, 1091 }, // U+0627
    { 15, 14, 257, 1, 9, 53, 1102 }, // U+0628
    { 8, 13, 136, 0, 13, 26, 1155 }, // U+0629
    { 15, 10, 257, 1, 10, 38, 1181 }, // U+062A
    { 15, 11, 257, 1, 11, 42, 1219 }, // U+062B
    { 12, 14, 212, 1, 8, 42, 1261 }, // U+062C
    { 12, 14, 212, 1, 8, 42, 1303 }, // U+062D
    { 12, 19, 212, 1, 13, 57, 1345 }, // U+062E
    { 8, 9, 138, 0, 9, 18, 1402 }, // U+062F
    { 8, 13, 138, 0, 13, 26, 1420 }, // U+0630
    { 8, 13, 129, -1, 8, 26, 1446 }, // U+0631
    { 8, 17, 129, -1, 12, 34, 1472 }, // U+0632
    { 20, 14, 338, 1, 8, 70, 1506 }, // U+0633
    { 20, 17, 338, 1, 11, 85, 1576 }, // U+0634
    { 21, 14, 365, 1, 8, 74, 1661 }, // U+0635
    { 21, 19, 365, 1, 13, 100, 1735 }, // U+0636
    { 15, 14, 256, 0, 14, 53, 1835 }, // U+0637
    { 15, 14, 256, 0, 14, 53, 1888 }, // U+0638
    { 13, 16, 201, 1, 10, 52, 1941 }, // U+0639
    { 13, 21, 201, 1, 15, 69, 1993 }, // U+063A
    { 14, 15, 241, 1, 15, 53, 2062 }, // U+063B
    { 14, 20, 241, 1, 14, 70, 2115 }, // U+063C
    { 12, 14, 206, 1, 8, 42, 2185 }, // U+063D
    { 13, 14, 206, 0, 8, 46, 2227 }, // U+063E
    { 13, 14, 206, 0, 8, 46, 2273 }, // U+063F
    { 6, 2, 70, -1, 2, 3, 2319 }, // U+0640
    { 16, 15, 283, 1, 15, 60, 2322 }, // U+0641
    { 12, 17, 216, 1, 11, 51, 2382 }, // U+0642
    { 11, 14, 186, 0, 14, 39, 2433 }, // U+0643
    { 11, 20, 198, 1, 14, 55, 2472 }, // U+0644
    { 9, 15, 163, 1, 8, 34, 2527 }, // U+0645
    { 11, 14, 195, 1, 8, 39, 2561 }, // U+0646
    { 13, 11, 210, 0, 10, 36, 2600 }, // U+0647
    { 9, 13, 156, 0, 8, 30, 2636 }, // U+0648
    { 12, 14, 206, 1, 8, 42, 2666 }, // U+0649
    { 12, 18, 206, 1, 8, 54, 2708 }, // U+064A
    { 5, 5, 0, 0, 20, 7, 2762 }, // U+064B
    { 6, 5, 0, 0, 20, 8, 2769 }, // U+064C
    { 5, 5, 0, 0, 0, 7, 2777 }, // U+064D
    { 5, 4, 0, 0, 19, 5, 2784 }, // U+064E
    { 5, 5, 0, 0, 20, 7, 2789 }, // U+064F
    { 5, 4, 0, 0, 0, 5, 2796 }, // U+0650
    { 4, 4, 0, 0, 19, 4, 2801 }, // U+0651
    { 3, 5, 0, 0, 19, 4, 2805 }, // U+0652
    { 7, 3, 0, -1, 18, 6, 2809 }, // U+0653
    { 4, 5, 0, -1, 20, 5, 2815 }, // U+0654
    { 4, 5, 0, -1, 0, 5, 2820 }, // U+0655
    { 3, 7, 0, -1, 1, 6, 2825 }, // U+0656
    { 5, 5, 0, -1, 20, 7, 2831 }, // U+0657
    { 5, 4, 0, -1, 19, 5, 2838 }, // U+0658
    { 6, 2, 0, -1, 17, 3, 2843 }, // U+0659
    { 5, 5, 0, 0, 20, 7, 2846 }, // U+065A
    { 4, 4, 0, 0, 19, 4, 2853 }, // U+065B
    { 4, 4, 0, 0, 0, 4, 2857 }, // U+065C
    { 5, 5, 0, -1, 20, 7, 2861 }, // U+065D
    { 6, 5, 0, -1, 20, 8, 2868 }, // U+065E
    { 6, 5, 0, -1, 0, 8, 2876 }, // U+065F
    { 4, 5, 105, 1, 7, 5, 2884 }, // U+0660
    { 4, 12, 105, 1, 12, 12, 2889 }, // U+0661
    { 8, 12, 138, 1, 12, 24, 2901 }, // U+0662
    { 9, 12, 159, 1, 12, 27, 2925 }, // U+0663
    { 7, 14, 140, 1, 13, 25, 2952 }, // U+0664
    { 7, 10, 127, 0, 11, 18, 2977 }, // U+0665
    { 8, 14, 148, 0, 13, 28, 2995 }, // U+0666
    { 9, 12, 145, 0, 12, 27, 3023 }, // U+0667
    { 9, 12, 145, 0, 12, 27, 3050 }, // U+0668
    { 8, 14, 144, 0, 13, 28, 3077 }, // U+0669
    { 8, 13, 134, 0, 11, 26, 3105 }, // U+066A
    { 5, 9, 74, -1, 4, 12, 3131 }, // U+066B
    { 5, 10, 74, 0, 13, 13, 3143 }, // U+066C
    { 8, 8, 133, 0, 9, 16, 3156 }, // U+066D
    { 15, 9, 257, 1, 9, 34, 3172 }, // U+066E
    { 12, 14, 216, 1, 8, 42, 3206 }, // U+066F
    { 3, 7, 0, -1, 22, 6, 3248 }, // U+0670
    { 6, 20, 79, -1, 20, 30, 3254 }, // U+0671
    { 6, 19, 79, -1, 19, 29, 3284 }, // U+0672
    { 5, 20, 79, 0, 14, 25, 3313 }, // U+0673
    { 8, 7, 146, 1, 11, 14, 3338 }, // U+0674
    { 13, 14, 225, 1, 14, 46, 3352 }, // U+0675
    { 19, 16, 302, 0, 11, 76, 3398 }, // U+0676
    { 19, 18, 302, 0, 13, 86, 3474 }, // U+0677
    { 21, 17, 352, 1, 11, 90, 3560 }, // U+0678
    { 15, 11, 257, 1, 11, 42, 3650 }, // U+0679
    { 15, 12, 257, 1, 12, 45, 3692 }, // U+067A
    { 15, 15, 257, 1, 9, 57, 3737 }, // U+067B
    { 15, 12, 257, 1, 10, 45, 3794 }, // U+067C
    { 15, 11, 257, 1, 11, 42, 3839 }, // U+067D
    { 15, 15, 257, 1, 9, 57, 3881 }, // U+067E
    { 15, 11, 257, 1, 11, 42, 3938 }, // U+067F
    { 15, 15, 257, 1, 9, 57, 3980 }, // U+0680
    { 12, 19, 212, 1, 13, 57, 4037 }, // U+0681
    { 12, 20, 212, 1, 14, 60, 4094 }, // U+0682
    { 12, 14, 212, 1, 8, 42, 4154 }, // U+0683
    { 12, 14, 212, 1, 8, 42, 4196 }, // U+0684
    { 12, 19, 212, 1, 13, 57, 4238 }, // U+0685
    { 12, 14, 212, 1, 8, 42, 4295 }, // U+0686
    { 12, 14, 212, 1, 8, 42, 4337 }, // U+0687
    { 8, 14, 138, 0, 14, 28, 4379 }, // U+0688
    { 8, 11, 138, 0, 9, 22, 4407 }, // U+0689
    { 8, 14, 138, 0, 9, 28, 4429 }, // U+068A
    { 8, 19, 138, 0, 14, 38, 4457 }, // U+068B
    { 8, 13, 138, 0, 13, 26, 4495 }, // U+068C
    { 8, 13, 138, 0, 9, 26, 4521 }, // U+068D
    { 8, 14, 138, 0, 14, 28, 4547 }, // U+068E
    { 8, 14, 138, 0, 14, 28, 4575 }, // U+068F
    { 8, 14, 138, 0, 14, 28, 4603 }, // U+0690
    { 8, 18, 129, -1, 13, 36, 4631 }, // U+0691
    { 8, 18, 129, -1, 13, 36, 4667 }, // U+0692
    { 8, 14, 129, -1, 8, 28, 4703 }, // U+0693
    { 8, 17, 129, -1, 8, 34, 4731 }, // U+0694
    { 8, 17, 129, -1, 8, 34, 4765 }, // U+0695
    { 8, 17, 129, -1, 8, 34, 4799 }, // U+0696
    { 8, 16, 129, -1, 11, 32, 4833 }, // U+0697
    { 8, 17, 129, -1, 12, 34, 4865 }, // U+0698
    { 8, 17, 129, -1, 12, 34, 4899 }, // U+0699
    { 20, 16, 338, 1, 10, 80, 4933 }, // U+069A
    { 20, 14, 338, 1, 8, 70, 5013 }, // U+069B
    { 20, 17, 338, 1, 11, 85, 5083 }, // U+069C
    { 21, 14, 365, 1, 8, 74, 5168 }, // U+069D
    { 21, 19, 365, 1, 13, 100, 5242 }, // U+069E
    { 15, 14, 256, 0, 14, 53, 5342 }, // U+069F
    { 13, 21, 201, 1, 15, 69, 5395 }, // U+06A0
    { 16, 11, 283, 1, 11, 44, 5464 }, // U+06A1
    { 16, 15, 283, 1, 11, 60, 5508 }, // U+06A2
    { 16, 19, 283, 1, 15, 76, 5568 }, // U+06A3
    { 16, 15, 283, 1, 15, 60, 5644 }, // U+06A4
    { 16, 16, 283, 1, 11, 64, 5704 }, // U+06A5
    { 16, 15, 283, 1, 15, 60, 5768 }, // U+06A6
    { 12, 18, 216, 1, 12, 54, 5828 }, // U+06A7
    { 12, 18, 216, 1, 12, 54, 5882 }, // U+06A8
    { 14, 14, 241, 1, 14, 49, 5936 }, // U+06A9
    { 21, 11, 338, 0, 11, 58, 5985 }, // U+06AA
    { 14, 14, 241, 1, 14, 49, 6043 }, // U+06AB
    { 11, 14, 186, 0, 14, 39, 6092 }, // U+06AC
    { 11, 14, 186, 0, 14, 39, 6131 }, // U+06AD
    { 11, 20, 186, 0, 14, 55, 6170 }, // U+06AE
    { 14, 16, 241, 1, 16, 56, 6225 }, // U+06AF
    { 14, 16, 241, 1, 16, 56, 6281 }, // U+06B0
    { 14, 17, 241, 1, 17, 60, 6337 }, // U+06B1
    { 14, 21, 241, 1, 16, 74, 6397 }, // U+06B2
    { 14, 22, 241, 1, 16, 77, 6471 }, // U+06B3
    { 14, 18, 241, 1, 18, 63, 6548 }, // U+06B4
    { 11, 25, 198, 1, 19, 69, 6611 }, // U+06B5
    { 11, 24, 198, 1, 18, 66, 6680 }, // U+06B6
    { 11, 25, 198, 1, 19, 69, 6746 }, // U+06B7
    { 11, 25, 198, 1, 14, 69, 6815 }, // U+06B8
    { 11, 18, 195, 1, 8, 50, 6884 }, // U+06B9
    { 11, 11, 195, 1, 5, 31, 6934 }, // U+06BA
    { 11, 15, 195, 1, 9, 42, 6965 }, // U+06BB
    { 11, 16, 195, 1, 8, 44, 7007 }, // U+06BC
    { 11, 15, 195, 1, 9, 42, 7051 }, // U+06BD
    { 13, 11, 210, 0, 10, 36, 7093 }, // U+06BE
    { 12, 19, 212, 1, 13, 57, 7129 }, // U+06BF
    { 7, 14, 136, 1, 14, 25, 7186 }, // U+06C0
    { 7, 9, 136, 1, 9, 16, 7211 }, // U+06C1
    { 7, 14, 136, 1, 14, 25, 7227 }, // U+06C2
    { 8, 13, 136, 0, 13, 26, 7252 }, // U+06C3
    { 9, 13, 156, 0, 8, 30, 7278 }, // U+06C4
    { 9, 13, 156, 0, 8, 30, 7308 }, // U+06C5
    { 9, 18, 156, 0, 13, 41, 7338 }, // U+06C6
    { 9, 18, 156, 0, 13, 41, 7379 }, // U+06C7
    { 9, 23, 156, 0, 18, 52, 7420 }, // U+06C8
    { 9, 17, 156, 0, 12, 39, 7472 }, // U+06C9
    { 9, 16, 156, 0, 11, 36, 7511 }, // U+06CA
    { 9, 17, 156, 0, 12, 39, 7547 }, // U+06CB
    { 12, 14, 206, 1, 8, 42, 7586 }, // U+06CC
    { 15, 14, 206, -2, 8, 53, 7628 }, // U+06CD
    { 13, 14, 206, 0, 8, 46, 7681 }, // U+06CE
    { 9, 17, 156, 0, 12, 39, 7727 }, // U+06CF
    { 12, 19, 206, 1, 8, 57, 7766 }, // U+06D0
    { 12, 19, 206, 1, 8, 57, 7823 }, // U+06D1
    { 15, 7, 258, 1, 7, 27, 7880 }, // U+06D2
    { 15, 12, 258, 1, 12, 45, 7907 }, // U+06D3
    { 5, 2, 81, 0, 2, 3, 7952 }, // U+06D4
    { 7, 9, 136, 1, 9, 16, 7955 }, // U+06D5
    { 11, 8, 0, 0, 29, 22, 7971 }, // U+06D6
    { 8, 8, 0, 0, 29, 16, 7993 }, // U+06D7
    { 5, 5, 0, 0, 26, 7, 8009 }, // U+06D8
    { 4, 7, 0, 0, 28, 7, 8016 }, // U+06D9
    { 5, 7, 0, 0, 28, 9, 8023 }, // U+06DA
    { 4, 5, 0, 0, 26, 5, 8032 }, // U+06DB
    { 8, 6, 0, 0, 27, 12, 8037 }, // U+06DC
    { 24, 28, 420, 1, 22, 168, 8049 }, // U+06DD
    { 19, 19, 307, 0, 15, 91, 8217 }, // U+06DE
    { 4, 4, 0, -1, 19, 4, 8308 }, // U+06DF
    { 4, 5, 0, -1, 20, 5, 8312 }, // U+06E0
    { 5, 4, 0, -1, 19, 5, 8317 }, // U+06E1
    { 4, 6, 0, -1, 21, 6, 8322 }, // U+06E2
    { 8, 6, 0, 0, 0, 12, 8328 }, // U+06E3
    { 7, 3, 0, -1, 18, 6, 8340 }, // U+06E4
    { 4, 5, 68, 0, 4, 5, 8346 }, // U+06E5
    { 6, 3, 98, 0, 3, 5, 8351 }, // U+06E6
    { 6, 3, 0, 0, 19, 5, 8356 }, // U+06E7
    { 4, 6, 0, 0, 27, 6, 8361 }, // U+06E8
    { 11, 16, 170, 0, 14, 44, 8367 }, // U+06E9
    { 3, 4, 0, 0, 0, 3, 8411 }, // U+06EA
    { 3, 4, 0, 0, 19, 3, 8414 }, // U+06EB
    { 4, 4, 0, 0, 19, 4, 8417 }, // U+06EC
    { 4, 6, 0, -1, 0, 6, 8421 }, // U+06ED
    { 8, 13, 138, 0, 13, 26, 8427 }, // U+06EE
    { 8, 17, 129, -1, 12, 34, 8453 }, // U+06EF
    { 4, 5, 105, 1, 7, 5, 8487 }, // U+06F0
    { 4, 12, 105, 1, 12, 12, 8492 }, // U+06F1
    { 8, 12, 138, 1, 12, 24, 8504 }, // U+06F2
    { 9, 12, 159, 1, 12, 27, 8528 }, // U+06F3
    { 9, 12, 155, 1, 12, 27, 8555 }, // U+06F4
    { 9, 13, 151, 0, 13, 30, 8582 }, // U+06F5
    { 8, 12, 148, 1, 12, 24, 8612 }, // U+06F6
    { 9, 12, 145, 0, 12, 27, 8636 }, // U+06F7
    { 9, 12, 145, 0, 12, 27, 8663 }, // U+06F8
    { 8, 14, 144, 0, 13, 28, 8690 }, // U+06F9
    { 20, 17, 338, 1, 11, 85, 8718 }, // U+06FA
    { 21, 19, 365, 1, 13, 100, 8803 }, // U+06FB
    { 13, 21, 201, 1, 15, 69, 8903 }, // U+06FC
    { 8, 12, 146, 1, 6, 24, 8972 }, // U+06FD
    { 9, 15, 163, 1, 8, 34, 8996 }, // U+06FE
    { 13, 15, 210, 0, 14, 49, 9030 }, // U+06FF
    { 0, 0, 37, 0, 0, 0, 0 }, // U+2009
    { 0, 0, 0, 0, 0, 0, 0 }, // U+200B
    { 0, 0, 0, 0, 0, 0, 0 }, // U+200C
    { 0, 0, 0, 0, 0, 0, 0 }, // U+200D
    { 0, 0, 0, 0, 0, 0, 0 }, // U+200E
    { 0, 0, 0, 0, 0, 0, 0 }, // U+200F
    { 6, 2, 107, 0, 2, 3, 0 }, // U+2010
    { 12, 3, 167, -1, 7, 9, 3 }, // U+2013
    { 22, 3, 333, -1, 7, 17, 12 }, // U+2014
    { 4, 6, 83, 1, 15, 6, 29 }, // U+2018
    { 5, 7, 83, 0, 15, 9, 35 }, // U+2019
    { 5, 7, 83, 0, 3, 9, 44 }, // U+201A
    { 8, 6, 150, 1, 15, 12, 53 }, // U+201C
    { 9, 7, 150, 0, 15, 16, 65 }, // U+201D
    { 9, 7, 150, 0, 3, 16, 81 }, // U+201E
    { 6, 7, 121, 1, 11, 11, 97 }, // U+2022
    { 16, 4, 286, 1, 3, 16, 108 }, // U+2026
    { 0, 0, 0, 0, 0, 0, 124 }, // U+202A
    { 0, 0, 0, 0, 0, 0, 124 }, // U+202B
    { 0, 0, 0, 0, 0, 0, 124 }, // U+202C
    { 0, 0, 0, 0, 0, 0, 124 }, // U+202D
    { 0, 0, 0, 0, 0, 0, 124 }, // U+202E
    { 0, 0, 37, 0, 0, 0, 124 }, // U+202F
    { 5, 9, 111, 1, 10, 12, 124 }, // U+2039
    { 5, 9, 111, 1, 10, 12, 136 }, // U+203A
    { 4, 12, 71, 0, 8, 12, 148 }, // U+204F
    { 0, 0, 0, 0, 0, 0, 160 }, // U+2060
    { 0, 0, 0, 0, 0, 0, 160 }, // U+2061
    { 0, 0, 0, 0, 0, 0, 160 }, // U+2062
    { 0, 0, 0, 0, 0, 0, 160 }, // U+2063
    { 0, 0, 0, 0, 0, 0, 160 }, // U+2064
    { 0, 0, 0, 0, 0, 0, 160 }, // U+2066
    { 0, 0, 0, 0, 0, 0, 160 }, // U+2067
    { 0, 0, 0, 0, 0, 0, 160 }, // U+2068
    { 0, 0, 0, 0, 0, 0, 160 }, // U+2069
    { 0, 0, 0, 0, 0, 0, 160 }, // U+206A
    { 0, 0, 0, 0, 0, 0, 160 }, // U+206B
    { 0, 0, 0, 0, 0, 0, 160 }, // U+206C
    { 0, 0, 0, 0, 0, 0, 160 }, // U+206D
    { 0, 0, 0, 0, 0, 0, 160 }, // U+206E
    { 0, 0, 0, 0, 0, 0, 160 }, // U+206F
    { 5, 5, 74, 0, 20, 7, 0 }, // U+FE70
    { 6, 10, 70, -1, 10, 15, 7 }, // U+FE71
    { 6, 5, 74, 0, 20, 8, 22 }, // U+FE72
    { 7, 8, 115, 1, 2, 14, 30 }, // U+FE73
    { 5, 5, 74, 0, 0, 7, 44 }, // U+FE74
    { 5, 4, 74, 0, 19, 5, 51 }, // U+FE76
    { 6, 9, 70, -1, 9, 14, 56 }, // U+FE77
    { 5, 5, 74, 0, 20, 7, 70 }, // U+FE78
    { 6, 10, 70, -1, 10, 15, 77 }, // U+FE79
    { 5, 4, 74, 0, 0, 5, 92 }, // U+FE7A
    { 6, 7, 70, -1, 2, 11, 97 }, // U+FE7B
    { 5, 4, 74, 0, 19, 5, 108 }, // U+FE7C
    { 6, 9, 70, -1, 9, 14, 113 }, // U+FE7D
    { 3, 5, 74, 1, 19, 4, 127 }, // U+FE7E
    { 6, 9, 70, -1, 9, 14, 131 }, // U+FE7F
    { 8, 7, 146, 1, 6, 14, 145 }, // U+FE80
    { 7, 18, 79, -1, 18, 32, 159 }, // U+FE81
    { 7, 18, 84, -1, 18, 32, 191 }, // U+FE82
    { 4, 19, 79, 0, 19, 19, 223 }, // U+FE83
    { 6, 19, 84, 0, 19, 29, 242 }, // U+FE84
    { 9, 17, 156, 0, 12, 39, 271 }, // U+FE85
    { 11, 17, 156, 0, 12, 47, 310 }, // U+FE86
    { 4, 19, 79, 1, 14, 19, 357 }, // U+FE87
    { 5, 19, 84, 1, 14, 24, 376 }, // U+FE88
    { 12, 14, 206, 1, 8, 42, 400 }, // U+FE89
    { 14, 12, 229, 1, 6, 42, 442 }, // U+FE8A
    { 6, 13, 92, -1, 13, 20, 484 }, // U+FE8B
    { 8, 10, 97, -1, 10, 20, 504 }, // U+FE8C
    { 3, 14, 79, 1, 14, 11, 524 }, // U+FE8D
    { 5, 14, 84, 1, 14, 18, 535 }, // U+FE8E
    { 15, 14, 257, 1, 9, 53, 553 }, // U+FE8F
    { 17, 11, 272, 1, 6, 47, 606 }, // U+FE90
    { 6, 13, 92, -1, 8, 20, 653 }, // U+FE91
    { 8, 10, 97, -1, 5, 20, 673 }, // U+FE92
    { 8, 13, 136, 0, 13, 26, 693 }, // U+FE93
    { 9, 13, 151, 1, 13, 30, 719 }, // U+FE94
    { 15, 10, 257, 1, 10, 38, 749 }, // U+FE95
    { 17, 10, 272, 1, 10, 43, 787 }, // U+FE96
    { 7, 12, 92, -1, 12, 21, 830 }, // U+FE97
    { 9, 10, 120, -1, 10, 23, 851 }, // U+FE98
    { 15, 11, 257, 1, 11, 42, 874 }, // U+FE99
    { 17, 11, 272, 1, 11, 47, 916 }, // U+FE9A
    { 7, 13, 92, -1, 13, 23, 963 }, // U+FE9B
    { 9, 11, 120, -1, 11, 25, 986 }, // U+FE9C
    { 12, 14, 212, 1, 8, 42, 1011 }, // U+FE9D
    { 14, 14, 222, 1, 8, 49, 1053 }, // U+FE9E
    { 14, 12, 212, -1, 8, 42, 1102 }, // U+FE9F
    { 16, 12, 222, -1, 8, 48, 1144 }, // U+FEA0
    { 12, 14, 212, 1, 8, 42, 1192 }, // U+FEA1
    { 14, 14, 222, 1, 8, 49, 1234 }, // U+FEA2
    { 14, 8, 212, -1, 8, 28, 1283 }, // U+FEA3
    { 16, 8, 222, -1, 8, 32, 1311 }, // U+FEA4
    { 12, 19, 212, 1, 13, 57, 1343 }, // U+FEA5
    { 14, 18, 222, 1, 12, 63, 1400 }, // U+FEA6
    { 14, 12, 212, -1, 12, 42, 1463 }, // U+FEA7
    { 16, 12, 222, -1, 12, 48, 1505 }, // U+FEA8
    { 8, 9, 138, 0, 9, 18, 1553 }, // U+FEA9
    { 11, 9, 158, 0, 9, 25, 1571 }, // U+FEAA
    { 8, 13, 138, 0, 13, 26, 1596 }, // U+FEAB
    { 11, 13, 158, 0, 13, 36, 1622 }, // U+FEAC
    { 8, 13, 129, -1, 8, 26, 1658 }, // U+FEAD
    { 10, 13, 135, -1, 8, 33, 1684 }, // U+FEAE
    { 8, 17, 129, -1, 12, 34, 1717 }, // U+FEAF
    { 10, 17, 135, -1, 12, 43, 1751 }, // U+FEB0
    { 20, 14, 338, 1, 8, 70, 1794 }, // U+FEB1
    { 21, 12, 339, 1, 6, 63, 1864 }, // U+FEB2
    { 14, 8, 219, -1, 8, 28, 1927 }, // U+FEB3
    { 16, 6, 221, -1, 6, 24, 1955 }, // U+FEB4
    { 20, 17, 338, 1, 11, 85, 1979 }, // U+FEB5
    { 21, 17, 339, 1, 11, 90, 2064 }, // U+FEB6
    { 14, 11, 219, -1, 11, 39, 2154 }, // U+FEB7
    { 16, 11, 221, -1, 11, 44, 2193 }, // U+FEB8
    { 21, 14, 365, 1, 8, 74, 2237 }, // U+FEB9
    { 23, 14, 366, 1, 8, 81, 2311 }, // U+FEBA
    { 16, 8, 262, -1, 8, 32, 2392 }, // U+FEBB
    { 18, 8, 259, -1, 8, 36, 2424 }, // U+FEBC
    { 21, 19, 365, 1, 13, 100, 2460 }, // U+FEBD
    { 23, 19, 366, 1, 13, 110, 2560 }, // U+FEBE
    { 16, 13, 262, -1, 13, 52, 2670 }, // U+FEBF
    { 18, 13, 259, -1, 13, 59, 2722 }, // U+FEC0
    { 15, 14, 256, 0, 14, 53, 2781 }, // U+FEC1
    { 17, 14, 258, 0, 14, 60, 2834 }, // U+FEC2
    { 14, 14, 220, -1, 14, 49, 2894 }, // U+FEC3
    { 15, 14, 210, -1, 14, 53, 2943 }, // U+FEC4
    { 15, 14, 256, 0, 14, 53, 2996 }, // U+FEC5
    { 17, 14, 258, 0, 14, 60, 3049 }, // U+FEC6
    { 14, 14, 220, -1, 14, 49, 3109 }, // U+FEC7
    { 15, 14, 210, -1, 14, 53, 3158 }, // U+FEC8
    { 13, 16, 201, 1, 10, 52, 3211 }, // U+FEC9
    { 11, 14, 159, 1, 8, 39, 3263 }, // U+FECA
    { 11, 8, 168, -1, 8, 22, 3302 }, // U+FECB
    { 10, 8, 138, -1, 8, 20, 3324 }, // U+FECC
    { 13, 21, 201, 1, 15, 69, 3344 }, // U+FECD
    { 11, 19, 159, 1, 13, 53, 3413 }, // U+FECE
    { 11, 13, 168, -1, 13, 36, 3466 }, // U+FECF
    { 10, 13, 138, -1, 13, 33, 3502 }, // U+FED0
    { 16, 15, 283, 1, 15, 60, 3535 }, // U+FED1
    { 17, 13, 272, 1, 13, 56, 3595 }, // U+FED2
    { 9, 14, 140, -1, 14, 32, 3651 }, // U+FED3
    { 10, 12, 129, -1, 12, 30, 3683 }, // U+FED4
    { 12, 17, 216, 1, 11, 51, 3713 }, // U+FED5
    { 13, 18, 214, 1, 12, 59, 3764 }, // U+FED6
    { 9, 14, 140, -1, 14, 32, 3823 }, // U+FED7
    { 10, 12, 129, -1, 12, 30, 3855 }, // U+FED8
    { 11, 14, 186, 0, 14, 39, 3885 }, // U+FED9
    { 15, 14, 245, 1, 14, 53, 3924 }, // U+FEDA
    { 10, 14, 138, -1, 14, 35, 3977 }, // U+FEDB
    { 11, 14, 153, -1, 14, 39, 4012 }, // U+FEDC
    { 11, 20, 198, 1, 14, 55, 4051 }, // U+FEDD
    { 12, 20, 197, 1, 14, 60, 4106 }, // U+FEDE
    { 5, 14, 71, -1, 14, 18, 4166 }, // U+FEDF
    { 7, 14, 82, -1, 14, 25, 4184 }, // U+FEE0
    { 9, 15, 163, 1, 8, 34, 4209 }, // U+FEE1
    { 11, 15, 176, 1, 8, 42, 4243 }, // U+FEE2
    { 10, 8, 152, -1, 8, 20, 4285 }, // U+FEE3
    { 10, 8, 138, -1, 8, 20, 4305 }, // U+FEE4
    { 11, 14, 195, 1, 8, 39, 4325 }, // U+FEE5
    { 12, 14, 195, 1, 8, 42, 4364 }, // U+FEE6
    { 6, 13, 92, -1, 13, 20, 4406 }, // U+FEE7
    { 8, 10, 97, -1, 10, 20, 4426 }, // U+FEE8
    { 7, 9, 136, 1, 9, 16, 4446 }, // U+FEE9
    { 9, 9, 151, 1, 9, 21, 4462 }, // U+FEEA
    { 11, 11, 169, -1, 10, 31, 4483 }, // U+FEEB
    { 10, 14, 127, -1, 9, 35, 4514 }, // U+FEEC
    { 9, 13, 156, 0, 8, 30, 4549 }, // U+FEED
    { 11, 13, 156, 0, 8, 36, 4579 }, // U+FEEE
    { 12, 14, 206, 1, 8, 42, 4615 }, // U+FEEF
    { 14, 8, 229, 1, 2, 28, 4657 }, // U+FEF0
    { 12, 18, 206, 1, 8, 54, 4685 }, // U+FEF1
    { 14, 12, 229, 1, 2, 42, 4739 }, // U+FEF2
    { 8, 13, 114, -1, 8, 26, 4781 }, // U+FEF3
    { 9, 10, 120, -1, 5, 23, 4807 }, // U+FEF4
    { 12, 15, 173, -2, 15, 45, 4830 }, // U+FEF5
    { 16, 15, 203, -2, 15, 60, 4875 }, // U+FEF6
    { 11, 17, 173, -1, 17, 47, 4935 }, // U+FEF7
    { 14, 17, 203, 0, 17, 60, 4982 }, // U+FEF8
    { 10, 21, 173, 0, 15, 53, 5042 }, // U+FEF9
    { 14, 20, 203, 0, 14, 70, 5095 }, // U+FEFA
    { 10, 15, 173, 0, 15, 38, 5165 }, // U+FEFB
    { 14, 14, 203, 0, 14, 49, 5203 }, // U+FEFC
};

static const EpdUnicodeInterval notonaskh_10_regularIntervals[] = {
    { 0x0, 0xA3, 0x0 },
    { 0xA5, 0xA5, 0xA4 },
    { 0xA7, 0xAB, 0xA5 },
    { 0xAD, 0xB0, 0xAA },
    { 0xB4, 0xB4, 0xAE },
    { 0xB6, 0xB8, 0xAF },
    { 0xBA, 0xBB, 0xB2 },
    { 0xBF, 0x107, 0xB4 },
    { 0x10A, 0x113, 0xFD },
    { 0x116, 0x11B, 0x107 },
    { 0x11E, 0x123, 0x10D },
    { 0x126, 0x127, 0x113 },
    { 0x12A, 0x12B, 0x115 },
    { 0x12E, 0x131, 0x117 },
    { 0x136, 0x137, 0x11B },
    { 0x139, 0x13E, 0x11D },
    { 0x141, 0x148, 0x123 },
    { 0x150, 0x155, 0x12B },
    { 0x158, 0x15B, 0x131 },
    { 0x15E, 0x161, 0x135 },
    { 0x164, 0x165, 0x139 },
    { 0x16A, 0x16B, 0x13B },
    { 0x16E, 0x17E, 0x13D },
    { 0x218, 0x21B, 0x14E },
    { 0x300, 0x304, 0x152 },
    { 0x306, 0x308, 0x157 },
    { 0x30A, 0x30C, 0x15A },
    { 0x326, 0x328, 0x15D },
    { 0x34F, 0x34F, 0x160 },
    { 0x600, 0x6FF, 0x161 },
    { 0x2009, 0x2009, 0x261 },
    { 0x200B, 0x2010, 0x262 },
    { 0x2013, 0x2014, 0x268 },
    { 0x2018, 0x201A, 0x26A },
    { 0x201C, 0x201E, 0x26D },
    { 0x2022, 0x2022, 0x270 },
    { 0x2026, 0x2026, 0x271 },
    { 0x202A, 0x202F, 0x272 },
    { 0x2039, 0x203A, 0x278 },
    { 0x204F, 0x204F, 0x27A },
    { 0x2060, 0x2064, 0x27B },
    { 0x2066, 0x206F, 0x280 },
    { 0xFE70, 0xFE74, 0x28A },
    { 0xFE76, 0xFEFC, 0x28F },
};

static const EpdFontGroup notonaskh_10_regularGroups[] = {
    { 0, 2265, 4207, 128, 0 },
    { 2265, 1682, 4409, 117, 128 },
    { 3947, 1904, 5543, 89, 245 },
    { 5851, 141, 232, 4, 334 },
    { 5992, 114, 115, 15, 338 },
    { 6106, 3384, 9925, 256, 353 },
    { 9490, 166, 197, 41, 609 },
    { 9656, 2251, 5873, 140, 650 },
};

static const EpdKernClassEntry notonaskh_10_regularKernLeftClasses[] = {
    { 0x0022, 1 }, // "
    { 0x0026, 2 }, // &
    { 0x0027, 1 }, // '
    { 0x002A, 3 }, // *
    { 0x002C, 4 }, // ,
    { 0x0040, 5 }, // @
    { 0x0041, 6 }, // A
    { 0x0042, 7 }, // B
    { 0x0044, 8 }, // D
    { 0x0045, 9 }, // E
    { 0x0046, 10 }, // F
    { 0x0047, 11 }, // G
    { 0x004B, 12 }, // K
    { 0x004C, 13 }, // L
    { 0x004E, 14 }, // N
    { 0x004F, 8 }, // O
    { 0x0050, 3 }, // P
    { 0x0051, 8 }, // Q
    { 0x0052, 15 }, // R
    { 0x0053, 16 }, // S
    { 0x0054, 17 }, // T
    { 0x0055, 18 }, // U
    { 0x0056, 19 }, // V
    { 0x0057, 20 }, // W
    { 0x0058, 21 }, // X
    { 0x0059, 22 }, // Y
    { 0x0061, 23 }, // a
    { 0x0062, 24 }, // b
    { 0x0065, 25 }, // e
    { 0x0066, 26 }, // f
    { 0x0067, 27 }, // g
    { 0x0068, 23 }, // h
    { 0x006B, 28 }, // k
    { 0x006D, 23 }, // m
    { 0x006E, 23 }, // n
    { 0x006F, 24 }, // o
    { 0x0070, 24 }, // p
    { 0x0072, 29 }, // r
    { 0x0073, 30 }, // s
    { 0x0076, 31 }, // v
    { 0x0077, 32 }, // w
    { 0x0079, 33 }, // y
    { 0x00A1, 34 }, // U+00A1
    { 0x00BF, 35 }, // U+00BF
    { 0x00C0, 36 }, // U+00C0
    { 0x00C1, 36 }, // U+00C1
    { 0x00C2, 36 }, // U+00C2
    { 0x00C3, 36 }, // U+00C3
    { 0x00C4, 36 }, // U+00C4
    { 0x00C5, 36 }, // U+00C5
    { 0x00C6, 9 }, // U+00C6
    { 0x00C8, 9 }, // U+00C8
    { 0x00C9, 9 }, // U+00C9
    { 0x00CA, 9 }, // U+00CA
    { 0x00CB, 9 }, // U+00CB
    { 0x00D0, 8 }, // U+00D0
    { 0x00D1, 14 }, // U+00D1
    { 0x00D2, 8 }, // U+00D2
    { 0x00D3, 8 }, // U+00D3
    { 0x00D4, 8 }, // U+00D4
    { 0x00D5, 8 }, // U+00D5
    { 0x00D6, 8 }, // U+00D6
    { 0x00D8, 8 }, // U+00D8
    { 0x00D9, 18 }, // U+00D9
    { 0x00DA, 18 }, // U+00DA
    { 0x00DB, 18 }, // U+00DB
    { 0x00DC, 18 }, // U+00DC
    { 0x00DD, 22 }, // U+00DD
    { 0x00DE, 8 }, // U+00DE
    { 0x00DF, 24 }, // U+00DF
    { 0x00E0, 23 }, // U+00E0
    { 0x00E1, 23 }, // U+00E1
    { 0x00E2, 23 }, // U+00E2
    { 0x00E3, 23 }, // U+00E3
    { 0x00E4, 23 }, // U+00E4
    { 0x00E5, 23 }, // U+00E5
    { 0x00E6, 25 }, // U+00E6
    { 0x00E8, 25 }, // U+00E8
    { 0x00E9, 25 }, // U+00E9
    { 0x00EA, 25 }, // U+00EA
    { 0x00EB, 25 }, // U+00EB
    { 0x00F0, 24 }, // U+00F0
    { 0x00F1, 23 }, // U+00F1
    { 0x00F2, 24 }, // U+00F2
    { 0x00F3, 24 }, // U+00F3
    { 0x00F4, 24 }, // U+00F4
    { 0x00F5, 24 }, // U+00F5
    { 0x00F6, 24 }, // U+00F6
    { 0x00F8, 24 }, // U+00F8
    { 0x00FD, 33 }, // U+00FD
    { 0x00FE, 24 }, // U+00FE
    { 0x00FF, 33 }, // U+00FF
    { 0x0100, 6 }, // U+0100
    { 0x0102, 36 }, // U+0102
    { 0x0104, 36 }, // U+0104
    { 0x010E, 8 }, // U+010E
    { 0x010F, 37 }, // U+010F
    { 0x0110, 8 }, // U+0110
    { 0x0112, 9 }, // U+0112
    { 0x0113, 25 }, // U+0113
    { 0x0116, 9 }, // U+0116
    { 0x0117, 25 }, // U+0117
    { 0x0118, 9 }, // U+0118
    { 0x0119, 25 }, // U+0119
    { 0x011A, 9 }, // U+011A
    { 0x011B, 25 }, // U+011B
    { 0x011E, 11 }, // U+011E
    { 0x0120, 11 }, // U+0120
    { 0x0122, 11 }, // U+0122
    { 0x0127, 23 }, // U+0127
    { 0x0136, 12 }, // U+0136
    { 0x0137, 28 }, // U+0137
    { 0x0139, 13 }, // U+0139
    { 0x013B, 13 }, // U+013B
    { 0x013E, 37 }, // U+013E
    { 0x0141, 13 }, // U+0141
    { 0x0143, 14 }, // U+0143
    { 0x0144, 23 }, // U+0144
    { 0x0145, 14 }, // U+0145
    { 0x0146, 23 }, // U+0146
    { 0x0147, 14 }, // U+0147
    { 0x0148, 23 }, // U+0148
    { 0x0150, 8 }, // U+0150
    { 0x0151, 24 }, // U+0151
    { 0x0152, 9 }, // U+0152
    { 0x0153, 25 }, // U+0153
    { 0x0154, 15 }, // U+0154
    { 0x0155, 29 }, // U+0155
    { 0x0158, 15 }, // U+0158
    { 0x0159, 29 }, // U+0159
    { 0x015A, 16 }, // U+015A
    { 0x015B, 30 }, // U+015B
    { 0x015E, 16 }, // U+015E
    { 0x015F, 30 }, // U+015F
    { 0x0160, 16 }, // U+0160
    { 0x0161, 30 }, // U+0161
    { 0x0164, 17 }, // U+0164
    { 0x0165, 38 }, // U+0165
    { 0x016A, 18 }, // U+016A
    { 0x016E, 18 }, // U+016E
    { 0x0170, 18 }, // U+0170
    { 0x0172, 18 }, // U+0172
    { 0x0174, 20 }, // U+0174
    { 0x0175, 32 }, // U+0175
    { 0x0176, 22 }, // U+0176
    { 0x0177, 33 }, // U+0177
    { 0x0178, 22 }, // U+0178
    { 0x0218, 16 }, // U+0218
    { 0x0219, 30 }, // U+0219
    { 0x021A, 17 }, // U+021A
    { 0x2018, 39 }, // U+2018
    { 0x2019, 40 }, // U+2019
    { 0x201A, 4 }, // U+201A
    { 0x201C, 39 }, // U+201C
    { 0x201D, 40 }, // U+201D
    { 0x201E, 4 }, // U+201E
    { 0x2026, 4 }, // U+2026
};

static const EpdKernClassEntry notonaskh_10_regularKernRightClasses[] = {
    { 0x0022, 1 }, // "
    { 0x0026, 2 }, // &
    { 0x0027, 1 }, // '
    { 0x0029, 3 }, // )
    { 0x002A, 4 }, // *
    { 0x002C, 5 }, // ,
    { 0x003F, 6 }, // ?
    { 0x0040, 7 }, // @
    { 0x0041, 8 }, // A
    { 0x0042, 9 }, // B
    { 0x0043, 10 }, // C
    { 0x0044, 9 }, // D
    { 0x0045, 9 }, // E
    { 0x0046, 9 }, // F
    { 0x0047, 10 }, // G
    { 0x0048, 9 }, // H
    { 0x0049, 9 }, // I
    { 0x004A, 11 }, // J
    { 0x004B, 9 }, // K
    { 0x004C, 9 }, // L
    { 0x004D, 9 }, // M
    { 0x004E, 9 }, // N
    { 0x004F, 10 }, // O
    { 0x0050, 9 }, // P
    { 0x0051, 10 }, // Q
    { 0x0052, 9 }, // R
    { 0x0053, 12 }, // S
    { 0x0054, 13 }, // T
    { 0x0055, 14 }, // U
    { 0x0056, 15 }, // V
    { 0x0057, 16 }, // W
    { 0x0058, 17 }, // X
    { 0x0059, 18 }, // Y
    { 0x005A, 19 }, // Z
    { 0x005D, 3 }, // ]
    { 0x0061, 20 }, // a
    { 0x0062, 21 }, // b
    { 0x0063, 22 }, // c
    { 0x0064, 22 }, // d
    { 0x0065, 22 }, // e
    { 0x0067, 23 }, // g
    { 0x0068, 21 }, // h
    { 0x006B, 21 }, // k
    { 0x006C, 21 }, // l
    { 0x006F, 22 }, // o
    { 0x0071, 22 }, // q
    { 0x0073, 24 }, // s
    { 0x0075, 25 }, // u
    { 0x0076, 26 }, // v
    { 0x0077, 27 }, // w
    { 0x0079, 28 }, // y
    { 0x007A, 29 }, // z
    { 0x007D, 3 }, // }
    { 0x00B7, 30 }, // U+00B7
    { 0x00C0, 8 }, // U+00C0
    { 0x00C1, 8 }, // U+00C1
    { 0x00C2, 8 }, // U+00C2
    { 0x00C3, 8 }, // U+00C3
    { 0x00C4, 8 }, // U+00C4
    { 0x00C5, 8 }, // U+00C5
    { 0x00C6, 31 }, // U+00C6
    { 0x00C7, 10 }, // U+00C7
    { 0x00C8, 9 }, // U+00C8
    { 0x00C9, 9 }, // U+00C9
    { 0x00CA, 9 }, // U+00CA
    { 0x00CB, 9 }, // U+00CB
    { 0x00CC, 9 }, // U+00CC
    { 0x00CD, 9 }, // U+00CD
    { 0x00CE, 9 }, // U+00CE
    { 0x00CF, 9 }, // U+00CF
    { 0x00D0, 9 }, // U+00D0
    { 0x00D1, 9 }, // U+00D1
    { 0x00D2, 10 }, // U+00D2
    { 0x00D3, 10 }, // U+00D3
    { 0x00D4, 10 }, // U+00D4
    { 0x00D5, 10 }, // U+00D5
    { 0x00D6, 10 }, // U+00D6
    { 0x00D8, 10 }, // U+00D8
    { 0x00D9, 14 }, // U+00D9
    { 0x00DA, 14 }, // U+00DA
    { 0x00DB, 14 }, // U+00DB
    { 0x00DC, 14 }, // U+00DC
    { 0x00DD, 18 }, // U+00DD
    { 0x00DE, 9 }, // U+00DE
    { 0x00E0, 20 }, // U+00E0
    { 0x00E1, 20 }, // U+00E1
    { 0x00E2, 20 }, // U+00E2
    { 0x00E3, 20 }, // U+00E3
    { 0x00E4, 20 }, // U+00E4
    { 0x00E5, 20 }, // U+00E5
    { 0x00E6, 20 }, // U+00E6
    { 0x00E7, 22 }, // U+00E7
    { 0x00E8, 22 }, // U+00E8
    { 0x00E9, 22 }, // U+00E9
    { 0x00EA, 22 }, // U+00EA
    { 0x00EB, 22 }, // U+00EB
    { 0x00EC, 32 }, // U+00EC
    { 0x00EE, 32 }, // U+00EE
    { 0x00EF, 32 }, // U+00EF
    { 0x00F0, 22 }, // U+00F0
    { 0x00F2, 22 }, // U+00F2
    { 0x00F3, 22 }, // U+00F3
    { 0x00F4, 22 }, // U+00F4
    { 0x00F5, 22 }, // U+00F5
    { 0x00F6, 22 }, // U+00F6
    { 0x00F8, 22 }, // U+00F8
    { 0x00F9, 25 }, // U+00F9
    { 0x00FA, 25 }, // U+00FA
    { 0x00FB, 25 }, // U+00FB
    { 0x00FC, 25 }, // U+00FC
    { 0x00FD, 28 }, // U+00FD
    { 0x00FE, 21 }, // U+00FE
    { 0x00FF, 28 }, // U+00FF
    { 0x0100, 8 }, // U+0100
    { 0x0101, 20 }, // U+0101
    { 0x0102, 8 }, // U+0102
    { 0x0103, 20 }, // U+0103
    { 0x0104, 8 }, // U+0104
    { 0x0105, 20 }, // U+0105
    { 0x0106, 10 }, // U+0106
    { 0x0107, 22 }, // U+0107
    { 0x010A, 10 }, // U+010A
    { 0x010B, 22 }, // U+010B
    { 0x010C, 10 }, // U+010C
    { 0x010D, 22 }, // U+010D
    { 0x010E, 9 }, // U+010E
    { 0x010F, 22 }, // U+010F
    { 0x0110, 9 }, // U+0110
    { 0x0111, 22 }, // U+0111
    { 0x0112, 9 }, // U+0112
    { 0x0113, 22 }, // U+0113
    { 0x0116, 9 }, // U+0116
    { 0x0117, 22 }, // U+0117
    { 0x0118, 9 }, // U+0118
    { 0x0119, 22 }, // U+0119
    { 0x011A, 9 }, // U+011A
    { 0x011B, 22 }, // U+011B
    { 0x011E, 10 }, // U+011E
    { 0x011F, 22 }, // U+011F
    { 0x0120, 10 }, // U+0120
    { 0x0121, 22 }, // U+0121
    { 0x0122, 10 }, // U+0122
    { 0x0123, 22 }, // U+0123
    { 0x0126, 9 }, // U+0126
    { 0x0127, 21 }, // U+0127
    { 0x012A, 9 }, // U+012A
    { 0x012B, 32 }, // U+012B
    { 0x012E, 9 }, // U+012E
    { 0x0130, 9 }, // U+0130
    { 0x0136, 9 }, // U+0136
    { 0x0137, 21 }, // U+0137
    { 0x0139, 9 }, // U+0139
    { 0x013A, 21 }, // U+013A
    { 0x013B, 9 }, // U+013B
    { 0x013C, 21 }, // U+013C
    { 0x013D, 9 }, // U+013D
    { 0x013E, 21 }, // U+013E
    { 0x0141, 9 }, // U+0141
    { 0x0142, 21 }, // U+0142
    { 0x0143, 9 }, // U+0143
    { 0x0145, 9 }, // U+0145
    { 0x0147, 9 }, // U+0147
    { 0x0150, 10 }, // U+0150
    { 0x0151, 22 }, // U+0151
    { 0x0152, 10 }, // U+0152
    { 0x0153, 22 }, // U+0153
    { 0x0154, 9 }, // U+0154
    { 0x0158, 9 }, // U+0158
    { 0x015A, 12 }, // U+015A
    { 0x015B, 24 }, // U+015B
    { 0x015E, 12 }, // U+015E
    { 0x015F, 24 }, // U+015F
    { 0x0160, 12 }, // U+0160
    { 0x0161, 24 }, // U+0161
    { 0x0164, 13 }, // U+0164
    { 0x016A, 14 }, // U+016A
    { 0x016B, 25 }, // U+016B
    { 0x016E, 14 }, // U+016E
    { 0x016F, 25 }, // U+016F
    { 0x0170, 14 }, // U+0170
    { 0x0171, 25 }, // U+0171
    { 0x0172, 14 }, // U+0172
    { 0x0173, 25 }, // U+0173
    { 0x0174, 16 }, // U+0174
    { 0x0175, 27 }, // U+0175
    { 0x0176, 18 }, // U+0176
    { 0x0177, 28 }, // U+0177
    { 0x0178, 18 }, // U+0178
    { 0x0179, 19 }, // U+0179
    { 0x017A, 29 }, // U+017A
    { 0x017B, 19 }, // U+017B
    { 0x017C, 29 }, // U+017C
    { 0x017D, 19 }, // U+017D
    { 0x017E, 29 }, // U+017E
    { 0x0218, 12 }, // U+0218
    { 0x0219, 24 }, // U+0219
    { 0x021A, 13 }, // U+021A
    { 0x2018, 33 }, // U+2018
    { 0x2019, 4 }, // U+2019
    { 0x201A, 34 }, // U+201A
    { 0x201C, 33 }, // U+201C
    { 0x201D, 4 }, // U+201D
    { 0x201E, 34 }, // U+201E
    { 0x2026, 34 }, // U+2026
    { 0x2039, 35 }, // U+2039
    { 0x203A, 35 }, // U+203A
};

static const int8_t notonaskh_10_regularKernMatrix[] = {
       0,    0,    0,    0,    0,    0,    0,  -27,    0,    0,    0,    0,    0,    0,    0,    0,    0,    0,    0,    0,    0,   -7,  -20,    0,    0,    0,    0,    0,    0,    0,  -40,    0,    0,    0,    0,
       0,    0,    0,    0,    0,  -10,    0,    0,    0,    0,    0,    0,  -10,    0,  -13,  -13,    0,  -10,    0,    0,    0,    0,    0,    0,    0,    0,    0,    0,    0,    0,    0,    0,    0,    0,    0,
       0,   -3,    0,    0,  -40,    0,    0,  -17,    0,    0,    0,    0,    0,    0,    0,    0,    0,    0,    0,    0,    0,    0,    0,    0,    0,    0,    0,    0,    0,    0,  -27,    0,    0,  -40,    0,
       0,    0,    0,    0,    0,  -30,    0,    0,    0,   -7,    0,    0,  -30,   -7,  -37,  -30,    0,  -27,    0,    0,    0,    0,    0,    0,    0,  -23,  -20,  -17,    0,    0,    0,    0,    0,    0,    0,
       0,    0,    0,    0,    0,    0,    0,  -10,    0,    0,    0,    0,    0,    0,    0,    0,    0,   -3,    0,    0,    0,    0,    0,    0,    0,    0,    0,    0,    0,    0,    0,    0,    0,    0,    0,
     -27,    0,    0,  -23,    0,  -20,    0,    0,    0,   -7,    0,    0,  -20,   -7,  -27,  -23,    0,  -23,    0,    0,    0,   -7,   -7,    0,   -7,  -20,  -10,  -17,    0,    0,    0,    0,  -23,    0,    0,
       0,    0,    0,   -7,    0,   -7,    0,   -7,    0,    0,    0,    0,   -7,    0,  -13,  -10,   -7,  -13,   -7,    0,    0,    0,    0,    0,    0,    0,   -3,   -7,    0,    0,  -10,    0,    0,    0,    0,
       0,    0,    0,    0,   -7,   -7,    0,   -7,    0,    0,    0,    0,   -7,    0,   -7,   -7,   -7,  -10,    0,    0,    0,    0,    0,    0,    0,    0,    0,    0,    0,    0,  -17,    0,    0,   -7,    0,
       0,    0,    0,    0,    0,    0,    0,    0,    0,    0,    0,    0,    0,    0,   -7,   -7,    0,   -7,    0,    0,    0,    0,    0,    0,    0,    0,    0,    0,    0,    0,    0,    0,    0,    0,    0,
       0,   -7,    0,    0,  -40,    0,  -13,  -23,    0,    0,    0,    0,    0,    0,    0,    0,    0,    0,    0,  -13,    0,  -13,  -13,    0,    0,    0,    0,    0,    0,    0,  -37,    0,    0,  -40,    0,
       0,    0,    0,    0,    0,   -7,    0,    0,    0,    0,    0,    0,   -7,    0,   -7,   -7,    0,   -7,    0,    0,    0,    0,    0,    0,    0,    0,    0,    0,    0,    0,   -7,    0,    0,    0,    0,
       0,    0,    0,    0,    0,    0,    0,    0,    0,   -7,    0,    0,    0,    0,    0,    0,    0,    0,    0,    0,    0,   -7,   -7,    0,   -7,    0,  -10,  -10,    0,    0,    0,    0,    0,    0,    0,
     -20,    0,    0,  -27,    0,  -23,    0,    0,    0,    0,    0,    0,  -23,    0,  -17,  -17,    0,  -20,    0,    0,    0,    0,    0,    0,    0,   -7,   -3,  -10,    0,   -7,    0,    0,  -27,    0,    0,
       0,    0,    0,    0,    0,    0,    0,    0,    0,    0,    0,    0,    0,    0,    0,    0,    0,    0,    0,    0,    0,    0,    0,    0,    0,    0,    0,    0,    0,    0,    0,    0,    0,    0,   -3,
       0,    0,    0,   -7,    0,   -7,    0,    0,    0,   -7,    0,    0,   -7,   -3,  -10,  -10,    0,  -10,    0,    0,    0,    0,    0,    0,    0,   -3,   -3,   -7,    0,    0,    0,    0,    0,    0,    0,
       0,    0,    0,    0,    0,   -7,    0,   -7,    0,    0,    0,    0,   -7,    0,   -7,   -7,   -7,   -7,    0,    0,    0,    0,    0,    0,    0,    0,   -3,   -7,    0,    0,   -7,    0,    0,    0,    0,
       0,   -3,    0,    0,  -30,    0,  -10,  -20,    0,   -7,    0,    0,    0,    0,    0,    0,    0,    0,    0,  -10,    0,  -17,  -17,   -2,    0,    0,    0,    0,    0,    0,  -27,    0,    0,  -30,    0,
       0,    0,    0,    0,   -7,    0,   -3,   -7,    0,    0,    0,    0,    0,    0,    0,    0,    0,    0,    0,    0,    0,    0,    0,    0,    0,    0,    0,    0,    0,    0,  -13,    0,    0,   -7,    0,
       0,  -10,    0,    0,  -37,    0,  -17,  -27,    0,   -7,    0,    0,    0,    0,    0,    0,    0,    0,    0,  -20,    0,  -20,  -20,  -13,    0,    0,    0,    0,    0,    0,  -43,    0,    0,  -37,    0,
       0,    0,    0,    0,  -30,    0,  -17,  -23,    0,   -7,    0,    0,    0,    0,    0,    0,    0,    0,    0,  -23,    0,  -20,  -20,  -17,    0,    0,    0,    0,  -10,    0,  -43,    0,    0,  -30,    0,
       0,    0,    0,    0,    0,    0,    0,    0,    0,   -7,    0,   -3,    0,    0,    0,    0,    0,    0,    0,    0,    0,    0,    0,    0,    0,    0,  -10,  -17,    0,    0,    0,    0,    0,    0,    0,
       0,   -3,    0,    0,  -27,    0,  -13,  -23,    0,  -10,    0,   -7,    0,    0,    0,    0,    0,    0,    0,  -20,    0,  -23,  -23,  -20,    0,    0,    0,    0,   -7,    0,  -30,    0,    0,  -27,    0,
     -13,    0,    0,    0,    0,    0,    0,    0,    0,    0,    0,    0,    0,    0,    0,    0,    0,    0,    0,    0,    0,    0,    0,    0,    0,    0,    0,   -7,    0,    0,    0,    0,    0,    0,    0,
       0,    0,    0,    0,    0,    0,    0,    0,    0,    0,    0,    0,    0,    0,  -20,  -20,    0,  -23,    0,    0,    0,    0,    0,    0,    0,    0,    0,   -7,    0,    0,    0,    0,    0,    0,    0,
       0,    0,    0,    0,    0,    0,    0,    0,    0,    0,    0,    0,    0,    0,  -20,  -20,    0,  -20,    0,    0,    0,    0,    0,    0,    0,    0,    0,    0,    0,    0,    0,    0,    0,    0,    0,
      27,    0,   30,   27,    0,    0,    0,    0,    0,    0,    0,    0,    0,    0,    0,    0,    0,    0,    0,    0,    0,    0,    0,    0,    0,    0,    0,    0,    0,    0,    0,   13,    0,    0,    0,
       0,    0,    0,    0,    0,    0,    0,    0,    0,    0,    0,    0,    0,    0,    0,   -7,    0,    0,    0,    0,    0,    0,    0,    0,    0,    0,    0,    0,    0,    0,    0,    0,    0,    0,    0,
       0,    0,    0,    0,    0,    0,    0,    0,    0,    0,    0,    0,    0,    0,    0,    0,    0,    0,    0,    0,    0,   -7,   -7,    0,    0,    0,    0,    0,    0,    0,    0,    0,    0,    0,    0,
       0,    0,    0,   10,  -43,    0,    0,    0,    0,    0,    0,    0,    0,    0,    0,    0,    0,    0,    0,   -7,    0,    0,    0,    0,    0,    0,    0,    0,    0,    0,    0,    0,    0,  -43,    0,
       0,    0,    0,    0,    0,    0,    0,    0,    0,    0,    0,    0,    0,    0,    0,    0,    0,  -20,    0,    0,    0,    0,    0,    0,    0,    0,    0,    0,    0,    0,    0,    0,    0,    0,    0,
       0,    0,    0,    0,  -17,    0,    0,  -20,    0,    0,    0,    0,    0,    0,    0,    0,    0,    0,    0,    0,    0,    0,    0,    0,    0,    0,    0,    0,    0,    0,    0,    0,    0,  -23,    0,
       0,    0,    0,    0,  -23,    0,    0,  -10,    0,    0,    0,    0,    0,    0,    0,    0,    0,    0,    0,    0,    0,    0,    0,    0,    0,    0,    0,    0,    0,    0,    0,    0,    0,  -23,    0,
       0,    0,    0,    0,  -30,    0,    0,  -17,    0,    0,    0,    0,    0,    0,    0,    0,    0,    0,    0,    0,    0,   -3,   -3,    0,    0,    0,    0,    0,    0,    0,    0,    0,    0,  -30,    0,
       0,    0,    0,    0,    0,    0,    0,    0,    0,    0,    0,    0,    0,    0,  -10,   -7,    0,  -10,    0,    0,    0,    0,    0,    0,    0,    0,    0,    0,    0,    0,    0,    0,    0,    0,    0,
       0,    0,    0,    0,    0,   -7,    0,    0,    0,    0,    0,    0,   -7,    0,  -17,  -17,    0,  -17,    0,    0,    0,    0,    0,    0,    0,    0,    0,    0,    0,    0,    0,    0,    0,    0,    0,
     -27,    0,    0,  -23,    0,  -20,    0,    0,    0,   -7,    0,    0,  -20,   -7,  -27,  -23,    0,  -23,    0,    0,    0,   -7,   -7,    0,   -7,  -17,  -10,  -17,    0,    0,    0,    0,  -23,    0,    0,
       0,    0,   20,   13,    0,   27,    0,    0,   17,    0,   20,    0,   17,   23,   27,   23,   23,   33,   13,    0,   30,    0,    0,    0,    0,    0,    0,    0,    0,    0,    0,    0,    0,    0,    0,
       0,    0,    0,    0,    0,    0,    0,    0,    0,    0,    0,    0,    0,    0,    0,    0,    0,    0,    0,    0,   13,    0,    0,    0,    0,    0,    0,    0,    0,    0,    0,    0,    0,    0,    0,
       0,    0,    0,    0,    0,    0,    0,  -23,    0,    0,    0,    0,    0,    0,    0,    0,    0,    0,    0,    0,    0,    0,    0,    0,    0,    0,    0,    0,    0,    0,  -47,    0,    0,    0,    0,
       0,    0,    0,    0,    0,    0,    0,  -33,    0,   -7,    0,    0,    0,    0,    0,    0,    0,    0,    0,  -10,    0,  -13,  -13,  -17,    0,    0,    0,    0,    0,    0,    0,    0,    0,    0,    0,
};

static constexpr EpdFontData notonaskh_10_regular = {
    notonaskh_10_regularBitmaps,
    notonaskh_10_regularGlyphs,
    notonaskh_10_regularIntervals,
    44,
    35,
    23,
    -14,
    true,
    notonaskh_10_regularGroups,
    8,
    nullptr,
    notonaskh_10_regularKernLeftClasses,
    notonaskh_10_regularKernRightClasses,
    notonaskh_10_regularKernMatrix,
    157,
    206,
    40,
    35,
    nullptr,
    0,
};
