/**
 * generated by fontconvert.py
 * name: notonaskh_16_bold
 * size: 16
 * mode: 2-bit  compressed: true
 * Command used: fontconvert.py notonaskh_16_bold 16 ../builtinFonts/source/NotoNaskhArabic/NotoNaskhArabic-Bold.ttf --additional-intervals 0x0600,0x06FF --additional-intervals 0xFE70,0xFEFC --font-include-intervals 0:0x0000,0x024F --font-include-intervals 0:0x0300,0x036F --font-include-intervals 0:0x2000,0x206F --font-include-intervals 0:0x0600,0x06FF --font-include-intervals 0:0xFE70,0xFEFC --2bit --compress --pnum --darken-aa
 */
#pragma once
#include "EpdFontData.h"

static const uint8_t notonaskh_16_boldBitmaps[23123] = {
    0xCD, 0x5A, 0x3D, 0x90, 0xDD, 0xD6, 0x75, 0xBE, 0x78, 0x10, 0xF5, 0x1C, 0xA1, 0xB8, 0x2A, 0x4C,
    0x4F, 0x2C, 0x15, 0x68, 0x93, 0x38, 0x31, 0xDA, 0x4C, 0x46, 0x5C, 0xC0, 0x72, 0xE9, 0xC2, 0xCC,
    0xCC, 0x3E, 0x7B, 0x26, 0x2E, 0xD8, 0xA4, 0x49, 0x52, 0x6C, 0x9B, 0x82, 0x14, 0x20, 0xA5, 0x50,
    0xE1, 0x42, 0x9C, 0xC9, 0xB8, 0x67, 0xA1, 0x22, 0xB3, 0x29, 0xD8, 0xCA, 0x33, 0x2B, 0x01, 0x23,
    0x15, 0x2E, 0x54, 0x04, 0x76, 0xC6, 0x93, 0xC2, 0x85, 0x20, 0xD9, 0x4A, 0x21, 0x16, 0x82, 0x9D,
    0xA7, 0x11, 0xB4, 0x04, 0x70, 0xF3, 0x7D, 0xDF, 0xC1, 0xDB, 0xF7, 0x48, 0x93, 0x22, 0xA9, 0x50,
    0x33, 0xD9, 0x5D, 0x9C, 0xFB, 0x16, 0xB8, 0xB8, 0xF7, 0xDC, 0x73, 0xCF, 0xF9, 0xCE, 0xCF, 0x7D,
    0xCE, 0xAD, 0x9B, 0x5C, 0xBF, 0x19, 0x7E, 0xD3, 0xC6, 0x2F, 0xBF, 0x09, 0x7E, 0xD7, 0xF8, 0x8D,
    0x0B, 0xE7, 0x9E, 0x75, 0xBE, 0xC9, 0xFA, 0xBC, 0x4F, 0xDA, 0xA8, 0xAA, 0x7F, 0x19, 0xEC, 0x6A,
    0x42, 0x51, 0xE2, 0xCA, 0x9B, 0xE0, 0xF2, 0xAA, 0xD6, 0x95, 0x15, 0xAF, 0xB8, 0xCC, 0x1D, 0xB9,
    0x3F, 0x71, 0x7F, 0xEA, 0x5C, 0x52, 0xBD, 0xE5, 0x9C, 0xAF, 0x06, 0x90, 0x02, 0x24, 0x75, 0x5B,
    0xE7, 0xB2, 0xA8, 0x07, 0x59, 0xF5, 0xEE, 0x72, 0xF9, 0xE3, 0xCF, 0x8A, 0x3C, 0x84, 0xD0, 0x88,
    0xB8, 0xEB, 0xEB, 0xC6, 0xB9, 0xB3, 0x04, 0x64, 0xF4, 0x20, 0x83, 0xAF, 0x9C, 0xDB, 0xFA, 0xC2,
    0x45, 0x7D, 0xEA, 0x1C, 0x7A, 0x04, 0x23, 0x3F, 0xFE, 0xAC, 0xDC, 0xB8, 0xB8, 0xBD, 0xE2, 0xC0,
    0xF4, 0x75, 0x4C, 0xD1, 0x9C, 0x2D, 0x64, 0x3F, 0x8F, 0x73, 0x60, 0xD8, 0xAD, 0xBA, 0x1D, 0x79,
    0x71, 0xC6, 0x28, 0x21, 0x6C, 0xDD, 0xFA, 0xFC, 0xCE, 0xE8, 0xFC, 0x47, 0xBF, 0x1D, 0x5D, 0xFA,
    0xAB, 0x8F, 0x46, 0x97, 0x7D, 0xF4, 0xE1, 0xD6, 0x65, 0x7F, 0x40, 0x97, 0x34, 0x80, 0x78, 0x92,
    0x75, 0x98, 0x1D, 0x3B, 0xB7, 0x60, 0x32, 0x60, 0xAC, 0x38, 0x4C, 0x18, 0x05, 0xF3, 0x26, 0xAB,
    0xDF, 0x62, 0x95, 0xAB, 0x2E, 0xB8, 0xF2, 0x65, 0x92, 0xD7, 0x40, 0xF2, 0x5F, 0x7D, 0x34, 0xB9,
    0xF4, 0x1C, 0x23, 0xC7, 0x7A, 0xE3, 0x3B, 0xC3, 0x3D, 0xF3, 0x8A, 0x44, 0xAD, 0xBB, 0xF8, 0x89,
    0xD1, 0x89, 0x0B, 0xF4, 0x77, 0xB7, 0x8E, 0xCB, 0xCB, 0xDF, 0x05, 0x13, 0xB8, 0x5F, 0x16, 0x33,
    0x44, 0xE6, 0x5C, 0xED, 0x82, 0xC3, 0x4A, 0x40, 0x83, 0x1B, 0xAC, 0x85, 0xA0, 0xD4, 0xC6, 0x9D,
    0xB5, 0x7C, 0x9D, 0xAD, 0xAF, 0xFE, 0x41, 0xFD, 0xB3, 0x04, 0x5C, 0xE7, 0xD5, 0x74, 0x94, 0xFD,
    0xD7, 0xE0, 0xB2, 0xF7, 0xC6, 0xB3, 0xFC, 0xD5, 0xD1, 0x25, 0xA1, 0x1F, 0x6B, 0x37, 0xBB, 0xE8,
    0x9D, 0x97, 0x7B, 0x8E, 0x85, 0x99, 0x97, 0x36, 0x69, 0xAD, 0xF5, 0x8D, 0xB5, 0x69, 0x61, 0x6D,
    0xEE, 0xAC, 0xBD, 0xE1, 0xF8, 0x1E, 0xB6, 0xC0, 0x71, 0x1C, 0x17, 0x6D, 0x5D, 0x7A, 0x87, 0x52,
    0xE8, 0x21, 0x98, 0x65, 0x21, 0x97, 0xF7, 0xEB, 0x49, 0xB0, 0x72, 0xBE, 0x4C, 0x99, 0x81, 0x2B,
    0xA8, 0x02, 0x1B, 0xE8, 0x03, 0x45, 0x78, 0xD8, 0xB8, 0x50, 0x95, 0x15, 0x9B, 0x96, 0x93, 0xB8,
    0xF2, 0xF3, 0xD1, 0xDE, 0xEB, 0x2E, 0x6D, 0x28, 0x77, 0x7C, 0x2A, 0x5C, 0x0D, 0x45, 0x98, 0xDD,
    0x7A, 0x0E, 0x3D, 0xDE, 0x48, 0x87, 0x72, 0xCC, 0x0B, 0x97, 0xF7, 0xE9, 0x9C, 0xA3, 0x7F, 0xBF,
    0xC6, 0x0E, 0xB8, 0xBA, 0x8B, 0xB8, 0x1B, 0x75, 0xE7, 0xEA, 0x51, 0x4D, 0x36, 0xF3, 0x19, 0xD8,
    0xA8, 0x5C, 0x3E, 0x68, 0xFF, 0xD2, 0x19, 0xE3, 0x0C, 0xB8, 0x13, 0xC6, 0x1C, 0x0C, 0xD7, 0xA1,
    0xF5, 0x68, 0xA2, 0x63, 0x4E, 0x57, 0xB7, 0xF8, 0x6D, 0x4A, 0x2A, 0x7A, 0x95, 0x57, 0x59, 0x91,
    0x41, 0x49, 0x1D, 0xAF, 0xB7, 0x5D, 0x0C, 0x8D, 0xE8, 0x5D, 0xD9, 0x80, 0xF9, 0x18, 0x5B, 0x3D,
    0x3B, 0x8F, 0x1B, 0xD8, 0x9B, 0x91, 0xE3, 0xF2, 0x6F, 0x7B, 0xEF, 0x9F, 0x6E, 0xE2, 0xA9, 0xD7,
    0xDF, 0x7A, 0xC6, 0xCE, 0x72, 0x8D, 0x1C, 0x01, 0xE3, 0x60, 0x34, 0x08, 0xD2, 0x3D, 0x83, 0x15,
    0x0F, 0xBA, 0x9D, 0x75, 0xEC, 0x16, 0xCF, 0x50, 0xA4, 0x02, 0x62, 0x72, 0xE4, 0xAC, 0x23, 0xE7,
    0x79, 0xBF, 0x1F, 0xEE, 0x70, 0x26, 0x3C, 0xC2, 0x1F, 0xFA, 0xB0, 0x73, 0xB3, 0x0A, 0x7C, 0xD7,
    0xE3, 0x21, 0x6E, 0x14, 0x1C, 0x93, 0xB2, 0xBC, 0x04, 0x61, 0xA7, 0x8D, 0x7B, 0x1E, 0xC6, 0x72,
    0xC5, 0xBF, 0xDB, 0x95, 0x6F, 0xBC, 0xD1, 0xD7, 0x77, 0xEB, 0xE1, 0xC5, 0x10, 0xAA, 0xA8, 0x1E,
    0x5C, 0x19, 0xC2, 0xEF, 0xEA, 0xDF, 0x9C, 0x6C, 0x73, 0xFF, 0x7A, 0xFF, 0x67, 0xBE, 0xB9, 0xC9,
    0xBE, 0xBA, 0x2E, 0x71, 0xFB, 0xAB, 0x07, 0x5C, 0x0D, 0x0D, 0x6C, 0xE4, 0xB5, 0xB9, 0xF6, 0xEB,
    0xE3, 0x07, 0xF6, 0x79, 0x96, 0x1B, 0x9C, 0xB6, 0x79, 0x9F, 0x6F, 0xF3, 0xC1, 0x0F, 0x71, 0x1F,
    0xF7, 0x49, 0x53, 0x16, 0x6F, 0xD9, 0x66, 0xEE, 0xFE, 0xDA, 0x43, 0xB0, 0x70, 0x51, 0xE1, 0xA0,
    0xBC, 0x30, 0x6E, 0xA8, 0x2E, 0xE6, 0xC0, 0x30, 0xDE, 0x51, 0xEB, 0xB1, 0xAF, 0xD0, 0x79, 0xD8,
    0xF1, 0x19, 0xD5, 0x8D, 0xAB, 0xDA, 0x3A, 0x68, 0x3B, 0x54, 0x0D, 0xDD, 0xE3, 0xF6, 0xA0, 0x7B,
    0xF1, 0xE0, 0xEE, 0x17, 0x3F, 0xE5, 0x2C, 0x13, 0xC5, 0x2B, 0x53, 0xD6, 0xBB, 0x74, 0x9B, 0x60,
    0xDB, 0xFA, 0xF5, 0x04, 0x02, 0xB1, 0x95, 0x1D, 0xF6, 0xA6, 0x26, 0x09, 0x20, 0x45, 0x68, 0xE3,
    0x50, 0x3D, 0x9C, 0xB0, 0x8B, 0x3A, 0xEB, 0x35, 0x0C, 0x10, 0x6C, 0x28, 0x0D, 0xEA, 0xC7, 0x74,
    0x67, 0xE9, 0x35, 0x55, 0x3D, 0xBA, 0x4A, 0xCB, 0xC2, 0xE4, 0xD0, 0x3A, 0x57, 0xCF, 0xC2, 0x8E,
    0xFA, 0x2E, 0xAE, 0xF7, 0x67, 0xF7, 0x5D, 0x28, 0x91, 0xFB, 0xAA, 0x17, 0x2C, 0x02, 0x1A, 0x1C,
    0x3C, 0xF1, 0x8E, 0x3F, 0x2B, 0x1A, 0x58, 0x1A, 0x68, 0xE9, 0x3D, 0x74, 0xA4, 0x6E, 0xA1, 0x4D,
    0xA1, 0x01, 0xA9, 0x1B, 0x8F, 0x65, 0x56, 0xF8, 0xF4, 0x2C, 0x89, 0xA3, 0x92, 0x40, 0xB8, 0xC4,
    0x0C, 0x99, 0x5D, 0x4D, 0x2E, 0x69, 0x9C, 0x31, 0xEF, 0x7B, 0x62, 0x48, 0x4E, 0xDD, 0xD1, 0x2D,
    0x60, 0x90, 0xF3, 0x2D, 0x50, 0x99, 0x86, 0x76, 0x80, 0xB0, 0x7B, 0x62, 0x3F, 0x35, 0x34, 0x18,
    0xEC, 0x0C, 0xB0, 0x08, 0x3F, 0x53, 0x1C, 0x26, 0x98, 0x22, 0x23, 0x49, 0x28, 0x27, 0x27, 0xFD,
    0x87, 0xF8, 0x39, 0x09, 0x20, 0xE1, 0x5B, 0x35, 0x26, 0x2F, 0x29, 0xA2, 0x92, 0x18, 0x0A, 0xD6,
    0xD5, 0xA5, 0x22, 0x1E, 0x08, 0x0D, 0x8C, 0x10, 0xD7, 0x9B, 0x1C, 0xAB, 0x83, 0x41, 0x62, 0xA8,
    0x7C, 0x8B, 0x7E, 0x9E, 0x13, 0x69, 0x33, 0xDD, 0x25, 0x8A, 0x17, 0x48, 0x40, 0xA6, 0x49, 0x6A,
    0x41, 0x22, 0xD1, 0xE8, 0x53, 0x90, 0xF5, 0x07, 0x84, 0xFB, 0x6B, 0x20, 0x19, 0xBB, 0xBC, 0x44,
    0x32, 0x80, 0xC0, 0x5D, 0x0C, 0x50, 0x1F, 0x90, 0xA4, 0x01, 0x49, 0x39, 0xC0, 0x11, 0xC9, 0x3B,
    0xA7, 0xB7, 0xE7, 0x5B, 0x35, 0x96, 0xD5, 0x8B, 0x2C, 0x23, 0x8B, 0x64, 0x9A, 0x63, 0xA4, 0xE0,
    0x21, 0x63, 0x90, 0x9E, 0x6C, 0xE0, 0x1A, 0x79, 0xA5, 0xBC, 0xA0, 0x77, 0x50, 0xC2, 0xEB, 0xB8,
    0xBE, 0x99, 0x09, 0x2F, 0x71, 0xFD, 0xDD, 0x4D, 0x68, 0x7D, 0xA0, 0x0F, 0xEB, 0x9F, 0x71, 0x25,
    0x5F, 0x9F, 0x6C, 0xFF, 0x20, 0xA1, 0xE5, 0x7A, 0x09, 0x92, 0x7B, 0xDB, 0xF9, 0x39, 0x40, 0x78,
    0x75, 0x53, 0x6F, 0xD1, 0xB7, 0x4D, 0xB8, 0x9B, 0x97, 0x8B, 0x0B, 0x0C, 0xED, 0x28, 0xA6, 0x11,
    0xA2, 0x81, 0x10, 0xE3, 0x11, 0xC6, 0xEE, 0x87, 0x08, 0xA4, 0x87, 0x9A, 0xDB, 0x4E, 0x76, 0x3B,
    0x52, 0xFE, 0xF2, 0x94, 0x7D, 0xC1, 0x7C, 0x1D, 0x6E, 0x63, 0xF7, 0x7B, 0x20, 0x4F, 0xDD, 0x52,
    0xBF, 0x5B, 0x20, 0x4B, 0x09, 0x52, 0x95, 0x1D, 0x48, 0x2E, 0xD2, 0xAF, 0x6C, 0x8F, 0x30, 0x5E,
    0x4C, 0x60, 0x85, 0x82, 0xAC, 0xB4, 0xF0, 0x5C, 0x3B, 0x71, 0xAC, 0xA1, 0xE0, 0xC5, 0x77, 0xA4,
    0x20, 0x81, 0x79, 0x41, 0x61, 0xCE, 0x88, 0x61, 0x6F, 0x51, 0x6B, 0x9E, 0x77, 0x09, 0x79, 0xF0,
    0x24, 0x59, 0xBB, 0xD3, 0x2B, 0x03, 0x73, 0x7A, 0x37, 0xED, 0x2C, 0xF7, 0x9D, 0xA0, 0xE7, 0x92,
    0xE1, 0xA2, 0xAF, 0x98, 0xE6, 0x0B, 0xA5, 0x36, 0xBB, 0x58, 0x5E, 0x58, 0xCD, 0x17, 0x66, 0x4B,
    0x1B, 0x5A, 0x93, 0xA1, 0x74, 0xF0, 0xB4, 0x58, 0x8C, 0x90, 0x77, 0x66, 0xB1, 0x0B, 0xC1, 0x3D,
    0xA8, 0xF7, 0xB8, 0x86, 0xE9, 0x85, 0x6B, 0x1D, 0x4D, 0xAF, 0x60, 0x28, 0x20, 0x07, 0xDD, 0x41,
    0xD2, 0x81, 0xAF, 0x65, 0x58, 0x7E, 0xB3, 0x86, 0x65, 0x03, 0x27, 0x2B, 0xAC, 0x6C, 0x47, 0x00,
    0x67, 0x88, 0x50, 0x56, 0x32, 0x60, 0xA0, 0x67, 0xA8, 0xA5, 0x57, 0xD5, 0x4E, 0xAF, 0xC4, 0xC1,
    0xC4, 0x3D, 0x42, 0x4F, 0x3F, 0x0A, 0x8C, 0x61, 0x3D, 0x65, 0xB7, 0xA6, 0x59, 0x61, 0xDE, 0xD0,
    0x10, 0x33, 0x0E, 0xC8, 0x6A, 0xC1, 0x11, 0xE0, 0x5A, 0x40, 0x70, 0x50, 0xD3, 0x48, 0xCF, 0xE9,
    0x96, 0xFE, 0xF5, 0xC2, 0x02, 0xE2, 0x79, 0x27, 0x0E, 0xC0, 0xC5, 0x5F, 0xD2, 0x1A, 0x8F, 0xE8,
    0x10, 0xF2, 0x8A, 0x8E, 0x21, 0x68, 0xBD, 0xC3, 0x85, 0x0B, 0x4D, 0x60, 0x7D, 0x44, 0xC9, 0x75,
    0xEB, 0x8A, 0x3D, 0x98, 0xDD, 0x83, 0x9D, 0x90, 0x65, 0x36, 0xE6, 0x63, 0x36, 0x4A, 0xA6, 0xF7,
    0xFC, 0xF8, 0x2E, 0xDB, 0xF2, 0x49, 0x32, 0xAE, 0x86, 0x55, 0x9F, 0x74, 0x79, 0xF5, 0xCF, 0xF6,
    0xE0, 0x19, 0x5C, 0x08, 0x8C, 0xB0, 0x0C, 0xFA, 0x10, 0xD8, 0x95, 0xCB, 0x00, 0xAC, 0xF4, 0x42,
    0x83, 0x59, 0x1E, 0x65, 0x80, 0x5B, 0x7A, 0x44, 0x67, 0x23, 0x55, 0xC5, 0xC2, 0xC5, 0xB4, 0xF0,
    0xD5, 0x7D, 0xE3, 0xF4, 0xF4, 0xF4, 0xDF, 0x76, 0xDE, 0xE0, 0xFE, 0x99, 0x71, 0x6F, 0x58, 0x9E,
    0x0D, 0x64, 0x7C, 0xBB, 0xEC, 0x2F, 0x66, 0xA3, 0x2B, 0x94, 0x67, 0x36, 0x2C, 0xA0, 0x15, 0xD3,
    0xC0, 0x12, 0x73, 0xD7, 0x7C, 0x88, 0x69, 0x38, 0x1D, 0xA7, 0xE5, 0x3B, 0x94, 0x46, 0xB5, 0x8C,
    0xBB, 0x86, 0x73, 0x87, 0x7D, 0x34, 0x75, 0x97, 0xF7, 0x00, 0x87, 0x31, 0x00, 0xD2, 0x6A, 0x5C,
    0xCF, 0x15, 0x84, 0x36, 0xB8, 0x63, 0x7A, 0x5C, 0x7B, 0x93, 0x83, 0x14, 0x5A, 0x50, 0x86, 0x05,
    0x65, 0x15, 0x03, 0x19, 0xE7, 0x9E, 0x3B, 0x60, 0x92, 0x6A, 0x4A, 0xCB, 0xDA, 0x5D, 0xF9, 0xE2,
    0xF9, 0x9C, 0x3B, 0x99, 0x25, 0xED, 0x34, 0x68, 0x2B, 0xF0, 0x90, 0xB2, 0x91, 0xB8, 0x88, 0x8F,
    0xD4, 0x71, 0x20, 0x23, 0x42, 0x32, 0x45, 0x41, 0x6E, 0x72, 0x2F, 0xBC, 0xF9, 0xFC, 0x0D, 0x58,
    0x02, 0x54, 0xAE, 0xCF, 0xDD, 0xBA, 0x4F, 0x86, 0xB4, 0xCF, 0xB8, 0x73, 0x9D, 0xEF, 0x00, 0x2E,
    0x88, 0x26, 0xD2, 0x36, 0x2D, 0xB2, 0x0A, 0xB6, 0xD6, 0xA4, 0x45, 0x8E, 0x78, 0x0A, 0x77, 0x5C,
    0x1E, 0x2D, 0x2D, 0xF5, 0xAF, 0xCA, 0xD0, 0x42, 0xA5, 0xAB, 0x5C, 0x6D, 0x5D, 0x5C, 0xD1, 0xFD,
    0x50, 0x9C, 0x11, 0x77, 0x57, 0xE1, 0x55, 0xF8, 0xFC, 0xA2, 0xFE, 0xF4, 0x8D, 0x3B, 0x88, 0x68,
    0xAA, 0x6C, 0xE6, 0xD2, 0x7C, 0x13, 0xDD, 0x74, 0x7F, 0xBF, 0x40, 0xB6, 0x81, 0xB5, 0x7E, 0xA2,
    0x49, 0x2A, 0x02, 0x71, 0x12, 0x61, 0xB9, 0x8C, 0xF9, 0x6F, 0x4F, 0x46, 0x19, 0xA2, 0x74, 0x1B,
    0x0F, 0xC3, 0x9B, 0xA6, 0x5D, 0xB6, 0x6F, 0xDE, 0xEC, 0x2D, 0x33, 0x30, 0xCF, 0x65, 0x87, 0xEE,
    0xC8, 0xBA, 0x9E, 0x09, 0x87, 0xDD, 0xA0, 0xC8, 0x2E, 0xDA, 0x72, 0xDB, 0xE0, 0x7E, 0x73, 0xAA,
    0x5A, 0xDC, 0x51, 0xCE, 0x6E, 0xDD, 0x66, 0xF2, 0x2A, 0x8D, 0x39, 0x97, 0x4A, 0xA3, 0x65, 0x45,
    0xA2, 0x90, 0xD1, 0x3C, 0x44, 0x69, 0x13, 0xBF, 0x4D, 0x18, 0x97, 0xC4, 0xD0, 0x44, 0x83, 0x84,
    0x0E, 0x57, 0x0E, 0x8C, 0x52, 0x53, 0x6E, 0x05, 0x0B, 0x00, 0x49, 0xF4, 0x06, 0xA8, 0x36, 0xF8,
    0xF3, 0x16, 0xFA, 0x9F, 0xDB, 0x50, 0xD4, 0xD1, 0x8F, 0x69, 0x90, 0x04, 0x48, 0x52, 0xFA, 0x8B,
    0x3D, 0x6D, 0x2E, 0x3E, 0xAF, 0xF5, 0x94, 0x50, 0x1B, 0x18, 0x79, 0x3B, 0x9B, 0x3F, 0x9C, 0x33,
    0x26, 0xE4, 0x53, 0x44, 0x58, 0xED, 0xCA, 0x82, 0xAC, 0xE5, 0xAF, 0xBB, 0x8F, 0x46, 0xBA, 0x8F,
    0x31, 0xF1, 0x21, 0x15, 0x7E, 0x9B, 0xE6, 0x85, 0x9B, 0x8B, 0xF2, 0x28, 0xFE, 0x27, 0xEC, 0xBB,
    0x1A, 0x3E, 0x09, 0xFA, 0x11, 0x07, 0xCC, 0xBA, 0x0A, 0x98, 0x34, 0x9A, 0xA8, 0x88, 0xB7, 0x24,
    0x96, 0x7C, 0xDC, 0xB9, 0xA6, 0x87, 0x13, 0x76, 0x51, 0xE7, 0x74, 0x5C, 0x76, 0x23, 0xE2, 0xF2,
    0x12, 0xA6, 0x02, 0xD8, 0xFC, 0xF9, 0x27, 0x33, 0xF6, 0x66, 0xEF, 0xF2, 0x8E, 0xDD, 0x7D, 0x12,
    0x39, 0x59, 0x64, 0x61, 0xEB, 0xE9, 0x49, 0x31, 0x30, 0xE9, 0x48, 0x9A, 0x4E, 0xA4, 0x18, 0x76,
    0x4F, 0xC3, 0x43, 0xE8, 0xBC, 0xEF, 0x9F, 0x8D, 0xFB, 0x11, 0xCA, 0xFE, 0x42, 0x2E, 0x26, 0x91,
    0x93, 0xA0, 0xD9, 0x07, 0x52, 0x98, 0x0A, 0x3F, 0xCF, 0x0B, 0x05, 0x3F, 0x3F, 0x9A, 0x65, 0xD6,
    0xAF, 0x88, 0x1E, 0x1D, 0xD0, 0xCB, 0x66, 0xEE, 0xF7, 0xD1, 0x4F, 0x4E, 0x2B, 0xED, 0x50, 0xCB,
    0x1D, 0xD2, 0xE7, 0x3F, 0xEE, 0x73, 0x2F, 0xF5, 0xCD, 0x9E, 0xA6, 0xE4, 0x87, 0x76, 0xC3, 0x68,
    0xE4, 0x80, 0x4E, 0x62, 0xC7, 0xB8, 0x11, 0x33, 0xE2, 0x62, 0x47, 0x2E, 0xDB, 0x60, 0xF7, 0x13,
    0xE2, 0xBC, 0x38, 0x09, 0x1F, 0x6F, 0x8A, 0x07, 0x77, 0xB9, 0x87, 0x44, 0xE6, 0x2A, 0xF1, 0x96,
    0xC8, 0xDE, 0x6B, 0x11, 0xD0, 0xE8, 0x2E, 0x5D, 0x39, 0xAC, 0xA8, 0x4C, 0x8D, 0xB9, 0x05, 0x38,
    0x2F, 0x6E, 0x6F, 0xCE, 0x90, 0xCC, 0xFD, 0xB9, 0x6D, 0xBA, 0xED, 0xBF, 0xA9, 0xC2, 0xFD, 0xF4,
    0xD2, 0xE6, 0x98, 0xF1, 0x7E, 0x98, 0x99, 0x4A, 0x60, 0x49, 0x8C, 0x00, 0xBA, 0x4C, 0x4A, 0x9C,
    0xCA, 0x0C, 0xFC, 0xEC, 0x2E, 0xD4, 0x7D, 0x51, 0xE8, 0x5A, 0x5B, 0x9F, 0x6A, 0x19, 0x50, 0xD2,
    0x2F, 0xA8, 0xAB, 0x1B, 0x71, 0x09, 0xFD, 0x61, 0x70, 0x01, 0x17, 0x09, 0xA6, 0x7A, 0xD9, 0x3B,
    0xC5, 0x38, 0x3D, 0x51, 0xF3, 0xC9, 0xE9, 0xED, 0xC9, 0x72, 0x6D, 0x59, 0x97, 0xFD, 0xF7, 0xC4,
    0xA3, 0xA8, 0xA1, 0xF4, 0xB2, 0xF9, 0x3E, 0xCE, 0x72, 0xDB, 0xBF, 0x8A, 0x1C, 0x1A, 0x32, 0xB7,
    0xFF, 0xE7, 0x8B, 0x13, 0x2D, 0x51, 0x18, 0x81, 0xA5, 0x53, 0x08, 0x47, 0x2C, 0xA0, 0xA0, 0xBF,
    0x96, 0x0B, 0x98, 0x93, 0x1B, 0xB2, 0x71, 0xFE, 0x35, 0x41, 0x69, 0x5E, 0x9C, 0x8C, 0x96, 0xB9,
    0x6B, 0xB8, 0xCA, 0xA5, 0x53, 0x69, 0x9A, 0x3F, 0x4B, 0xB5, 0x56, 0x8A, 0x63, 0xDB, 0xB5, 0x32,
    0xFA, 0x36, 0xB5, 0xBC, 0x38, 0x37, 0xF5, 0x97, 0xBA, 0x84, 0xFF, 0xB4, 0xE6, 0x83, 0xB0, 0xB8,
    0xDB, 0x6A, 0xA7, 0xBF, 0x68, 0x7E, 0x1F, 0x7A, 0x4B, 0xA4, 0x6D, 0x94, 0xDC, 0xFC, 0xAC, 0xF0,
    0x9D, 0xC9, 0x6E, 0x65, 0x70, 0xD1, 0x9A, 0xD2, 0xF4, 0x12, 0x0F, 0xC3, 0x24, 0xB1, 0x45, 0xB8,
    0x05, 0xC3, 0x6C, 0x2A, 0x71, 0x5B, 0x39, 0x71, 0xE9, 0x1E, 0xC3, 0x2E, 0x9F, 0x94, 0xAE, 0x64,
    0x63, 0x6B, 0xA9, 0x6D, 0x72, 0x68, 0xD3, 0xD5, 0x83, 0x6C, 0x9A, 0x9E, 0x9C, 0x29, 0x3B, 0xF7,
    0x2D, 0x20, 0x06, 0x9E, 0x2C, 0x3C, 0xA4, 0x87, 0x39, 0xBC, 0xEE, 0x86, 0x62, 0x75, 0x17, 0xED,
    0x39, 0x42, 0xB2, 0x3B, 0x81, 0xAE, 0xAB, 0x89, 0x7F, 0xA3, 0xB6, 0x4B, 0xDE, 0x67, 0x5B, 0xF7,
    0xFE, 0xA7, 0x6C, 0x11, 0xCB, 0xFD, 0x40, 0xED, 0x90, 0x12, 0x6E, 0x87, 0x6C, 0x3C, 0x52, 0xEB,
    0xC7, 0x2B, 0xD6, 0xCE, 0xD7, 0xD5, 0x22, 0x1E, 0x53, 0x1B, 0x87, 0xED, 0xD2, 0xF6, 0x6A, 0xA3,
    0xA5, 0x5D, 0xBC, 0x11, 0xDA, 0x06, 0x6D, 0x34, 0x22, 0x9A, 0xF5, 0x26, 0xC9, 0x42, 0xFA, 0xDC,
    0x66, 0x4E, 0xA5, 0x86, 0xCA, 0xF2, 0x5F, 0x80, 0x6A, 0xE8, 0x29, 0xD1, 0x15, 0x0D, 0x61, 0x34,
    0x7F, 0x38, 0x5B, 0x19, 0x40, 0xC3, 0x60, 0x05, 0x0D, 0x1B, 0x30, 0xAC, 0xA6, 0xDE, 0xAA, 0x81,
    0xF1, 0xB3, 0xF1, 0x2A, 0xFB, 0x80, 0x29, 0x56, 0xB1, 0x60, 0xC7, 0xCD, 0xA0, 0xA9, 0x7B, 0x35,
    0xE5, 0xA0, 0x26, 0x9B, 0xD4, 0xF8, 0xA0, 0x26, 0xB6, 0x26, 0xB2, 0xC6, 0x2D, 0x0D, 0xD4, 0x34,
    0x1A, 0x15, 0x7A, 0xE5, 0x8C, 0x93, 0xD9, 0xF4, 0x96, 0x02, 0x2E, 0xE9, 0xA4, 0x42, 0x40, 0x05,
    0x40, 0x5A, 0x37, 0x3C, 0x1C, 0x60, 0x6C, 0xAD, 0x12, 0x8B, 0x30, 0xAC, 0x4F, 0x65, 0x40, 0x99,
    0x62, 0xAE, 0xDC, 0x28, 0x0B, 0x78, 0xD3, 0x01, 0x9D, 0x0F, 0xE8, 0xEE, 0xFE, 0x41, 0x7F, 0x1B,
    0x81, 0x80, 0xA0, 0x78, 0x59, 0x18, 0x59, 0xA9, 0x9E, 0xD1, 0x71, 0xA2, 0x4C, 0x81, 0xA5, 0x79,
    0x3D, 0x45, 0xE4, 0xB9, 0xE0, 0x8C, 0xFA, 0xD0, 0xE1, 0xF6, 0x87, 0xE6, 0xCD, 0x7D, 0xD8, 0x43,
    0xE0, 0xC3, 0xE2, 0x81, 0x58, 0x1E, 0x7F, 0x89, 0x0A, 0x04, 0x99, 0xE5, 0x70, 0xE1, 0x73, 0x04,
    0x91, 0x8F, 0xA1, 0xB1, 0x02, 0xFB, 0x05, 0xE8, 0xEF, 0x81, 0xFB, 0xFF, 0x57, 0xB2, 0x62, 0x7C,
    0x42, 0xDF, 0xB0, 0x0B, 0xEB, 0x7C, 0xB0, 0x0C, 0xD2, 0x6A, 0x8B, 0x62, 0x7A, 0x57, 0x91, 0x6B,
    0xC4, 0x7B, 0xB5, 0xF7, 0xE1, 0x0C, 0x31, 0x3E, 0x2C, 0xE7, 0x7D, 0x8C, 0x64, 0x32, 0x5C, 0xFD,
    0x11, 0x3D, 0x94, 0xAD, 0x22, 0xB1, 0x8F, 0xB5, 0x17, 0x8B, 0x3C, 0x95, 0x40, 0xB4, 0x86, 0xDD,
    0x06, 0x6E, 0xB9, 0x76, 0x2A, 0x9B, 0x0E, 0xF7, 0xAB, 0xDA, 0x45, 0x13, 0x3D, 0xFE, 0x08, 0x3A,
    0x75, 0x20, 0x4D, 0x96, 0x92, 0xC2, 0x09, 0xC6, 0x8A, 0xB9, 0x28, 0x4F, 0xEB, 0xCB, 0x94, 0x54,
    0xA1, 0x33, 0x53, 0x45, 0x66, 0x7E, 0xEE, 0x16, 0xE3, 0x45, 0xAC, 0x42, 0xD1, 0xA6, 0x95, 0x66,
    0xC1, 0x72, 0x4C, 0xD5, 0xC0, 0x48, 0xA3, 0xFC, 0xEF, 0x52, 0x98, 0xC0, 0xC7, 0xE6, 0x12, 0xCB,
    0x0A, 0xB9, 0x0A, 0x90, 0x0C, 0x8C, 0x59, 0x4B, 0x6C, 0xB8, 0x88, 0xA2, 0x64, 0x01, 0x48, 0x7B,
    0xB7, 0xBE, 0xC8, 0xFC, 0x98, 0xE4, 0x82, 0x75, 0xA3, 0x9B, 0xF0, 0xD9, 0x49, 0x7B, 0x46, 0x31,
    0x8B, 0xC6, 0xDD, 0x28, 0xFA, 0x16, 0xB3, 0x82, 0xD6, 0x30, 0xFD, 0xA9, 0xD3, 0xFB, 0x14, 0x0D,
    0x9C, 0x44, 0x96, 0x7B, 0xA3, 0x41, 0xA0, 0xD9, 0x31, 0x50, 0xE6, 0x4E, 0xAC, 0x5B, 0x55, 0x4B,
    0xBE, 0xFE, 0x26, 0x69, 0x76, 0x81, 0x17, 0xDD, 0x15, 0x93, 0xA9, 0x7C, 0x56, 0x5E, 0xEF, 0x2D,
    0xF9, 0x53, 0xB2, 0xED, 0xAC, 0x62, 0x40, 0xB4, 0x8B, 0xC3, 0x64, 0x94, 0xDE, 0x26, 0x63, 0xEA,
    0x0D, 0x50, 0xA7, 0xBE, 0x64, 0xE2, 0x5B, 0x1B, 0xC1, 0xFA, 0x27, 0xDE, 0x3A, 0xD3, 0x90, 0xD4,
    0xEE, 0x3E, 0xA2, 0xDB, 0x1C, 0x58, 0xCE, 0xCE, 0x46, 0x16, 0xB3, 0xFD, 0x88, 0xE9, 0xA1, 0xC7,
    0x9C, 0x76, 0x1D, 0x58, 0x5C, 0x8C, 0x03, 0x93, 0xB8, 0x38, 0x9C, 0x68, 0xCE, 0x77, 0x24, 0xAC,
    0x71, 0x4F, 0x4B, 0x0B, 0x9C, 0xE4, 0xAD, 0x54, 0x17, 0x71, 0x69, 0x27, 0x7E, 0xDC, 0x0B, 0x98,
    0x7D, 0xE6, 0x87, 0x1C, 0x89, 0xFA, 0xEC, 0xC9, 0x03, 0x80, 0xB8, 0xA3, 0x1A, 0x42, 0x99, 0xD2,
    0x46, 0xBA, 0xCC, 0x95, 0x49, 0xB5, 0x11, 0x2E, 0x70, 0xD9, 0x84, 0xCC, 0xDC, 0xBC, 0xE4, 0xA8,
    0x70, 0x16, 0x5A, 0x38, 0x22, 0x8D, 0x61, 0x55, 0xE5, 0xCE, 0x6C, 0x3C, 0x27, 0xEF, 0x05, 0x67,
    0xA6, 0xF9, 0x5E, 0x60, 0x4E, 0x83, 0x3C, 0xFC, 0xB5, 0xF0, 0xF2, 0x96, 0xC1, 0x7C, 0xF6, 0xBD,
    0xF0, 0x5E, 0xCF, 0x8A, 0x0F, 0x82, 0x78, 0x7D, 0x98, 0x11, 0x7B, 0xFE, 0x42, 0x07, 0x08, 0x37,
    0x5C, 0x79, 0xA7, 0xE1, 0x42, 0xCE, 0xCC, 0x0E, 0x63, 0xF9, 0x5F, 0xB9, 0x5A, 0x46, 0x7A, 0x85,
    0x29, 0x81, 0xD9, 0xEE, 0xC5, 0x87, 0xBA, 0x53, 0xE5, 0x48, 0xE5, 0x12, 0x16, 0x10, 0x14, 0x38,
    0x4D, 0xBB, 0x06, 0xEE, 0x49, 0x15, 0x20, 0x32, 0x5F, 0x48, 0x14, 0xAF, 0x50, 0x0A, 0x93, 0x53,
    0x52, 0x61, 0x87, 0x04, 0xEB, 0xF0, 0x7A, 0x2B, 0xA3, 0xFF, 0xC0, 0x80, 0xC0, 0x6C, 0xAD, 0x9C,
    0x2C, 0xF1, 0x9B, 0xEE, 0x4D, 0x03, 0x2B, 0xEB, 0xD2, 0xD8, 0xD1, 0x40, 0xAF, 0x93, 0x01, 0xD5,
    0xD7, 0x90, 0xD0, 0x2A, 0xAB, 0x31, 0xB6, 0x26, 0x98, 0x57, 0xE1, 0x56, 0xA3, 0xD0, 0x25, 0x61,
    0xC3, 0xD2, 0x13, 0x51, 0xC5, 0x59, 0xF2, 0x46, 0xF9, 0x27, 0x2C, 0x05, 0x4C, 0x09, 0x8B, 0x65,
    0x0D, 0xEB, 0x27, 0x74, 0x86, 0x12, 0x35, 0xE5, 0x6C, 0xE9, 0x81, 0x74, 0xA0, 0x94, 0xAF, 0xCB,
    0xC7, 0x58, 0x72, 0x63, 0xF8, 0x93, 0x04, 0x2F, 0xF9, 0x5C, 0x2B, 0xEC, 0x8C, 0x85, 0x3C, 0x89,
    0xD1, 0xDA, 0xC2, 0xE6, 0xED, 0xA3, 0xA9, 0x7A, 0x66, 0xD2, 0xD0, 0x2C, 0x58, 0x28, 0x48, 0x7F,
    0x4C, 0xF2, 0xEB, 0x4D, 0x3D, 0x72, 0x87, 0x7B, 0x96, 0x18, 0xBB, 0x23, 0xAE, 0xE1, 0xC8, 0x96,
    0xC5, 0x73, 0x03, 0x0B, 0xCD, 0x09, 0x97, 0xC2, 0x7E, 0xC1, 0x27, 0x0F, 0x12, 0xAC, 0x87, 0x1E,
    0x4A, 0xE3, 0xF8, 0x70, 0xC5, 0x9C, 0x69, 0xCD, 0x15, 0xF1, 0x61, 0xAE, 0x63, 0x87, 0x9C, 0xD5,
    0x34, 0xC1, 0x08, 0xC9, 0xBC, 0xD9, 0x5C, 0x05, 0x13, 0x61, 0xBE, 0xC9, 0x78, 0xAB, 0x7B, 0x1A,
    0x7F, 0x18, 0x07, 0xA3, 0x85, 0xEE, 0xF2, 0xA6, 0xB8, 0x2A, 0xAF, 0x7E, 0xA6, 0xBA, 0xCE, 0x15,
    0xD5, 0xC1, 0x33, 0x9E, 0xA6, 0xB1, 0x32, 0x0E, 0xC3, 0x81, 0xFD, 0x22, 0xCC, 0x8A, 0x5B, 0xD6,
    0xCD, 0xA1, 0x09, 0x3C, 0x5F, 0xDB, 0xEA, 0x85, 0x51, 0xEF, 0xD8, 0x0B, 0xB9, 0xDE, 0xB1, 0x17,
    0xBC, 0x6C, 0xDE, 0x5E, 0x70, 0x6E, 0xB3, 0x41, 0x28, 0xD3, 0xFD, 0x93, 0xCD, 0x5A, 0x3F, 0x8D,
    0xBF, 0xD0, 0xFD, 0x3B, 0x44, 0x11, 0x3A, 0x8C, 0xEC, 0x08, 0xA3, 0xAA, 0x00, 0x2C, 0x75, 0x44,
    0xA5, 0xC2, 0x2C, 0x31, 0x1D, 0xF1, 0xC0, 0x8B, 0xF5, 0x54, 0x37, 0x82, 0xA5, 0x68, 0x4B, 0x8E,
    0x7A, 0x55, 0xFE, 0xB1, 0x86, 0x84, 0x41, 0x12, 0x6E, 0xEB, 0x78, 0xEC, 0x86, 0xF1, 0x7F, 0x9D,
    0x4B, 0xBE, 0xBC, 0xD9, 0x6C, 0xB4, 0xC7, 0x8A, 0x1C, 0x8B, 0x7F, 0xBC, 0x45, 0x40, 0xB0, 0xB3,
    0x15, 0x16, 0xBB, 0x39, 0xD2, 0xF1, 0x92, 0xBF, 0xAB, 0x64, 0xED, 0x47, 0x78, 0x55, 0xBF, 0x85,
    0x69, 0x25, 0xAC, 0x5B, 0xBB, 0xAB, 0xAA, 0x75, 0x91, 0xBC, 0x70, 0x9B, 0xA1, 0x30, 0x94, 0x2E,
    0x9D, 0x7F, 0x02, 0xF7, 0xB3, 0xC5, 0x3D, 0x1E, 0x33, 0xD1, 0xFC, 0x49, 0x12, 0xFE, 0xCB, 0x50,
    0x6F, 0x28, 0x59, 0xEC, 0xFB, 0x9F, 0x80, 0xDB, 0xEF, 0x62, 0x4F, 0x88, 0x81, 0x97, 0x37, 0xBB,
    0xB2, 0x38, 0x5D, 0x59, 0xB5, 0xAB, 0x6D, 0x3F, 0x98, 0x5E, 0x25, 0xFD, 0x21, 0xFE, 0x8B, 0x43,
    0xC9, 0x28, 0x2C, 0x7C, 0x51, 0xD2, 0x8E, 0x58, 0xC0, 0x80, 0xCE, 0x25, 0x3C, 0x3A, 0x62, 0x34,
    0x81, 0x9E, 0x46, 0xE3, 0x87, 0x50, 0x3D, 0xB5, 0x9E, 0xF6, 0x16, 0x47, 0x58, 0x6B, 0xB4, 0x72,
    0x66, 0x7C, 0x57, 0x8F, 0xDE, 0xCC, 0xFA, 0xD8, 0xED, 0xAA, 0xBB, 0x2D, 0x93, 0x2E, 0x3F, 0xF9,
    0x29, 0x1D, 0xD6, 0x13, 0x0B, 0xAC, 0xB8, 0x7A, 0x96, 0xE9, 0xCA, 0x25, 0x7F, 0xD9, 0x5D, 0xFC,
    0x9F, 0xC8, 0x0A, 0x9B, 0xFA, 0x06, 0x02, 0x99, 0xBF, 0xF2, 0xE1, 0x47, 0x23, 0xDF, 0xE5, 0x01,
    0x9A, 0xE1, 0x3E, 0xB4, 0x50, 0xC0, 0xC1, 0xED, 0x7C, 0xF1, 0xCB, 0x42, 0xA9, 0x4B, 0x96, 0x94,
    0x0D, 0x4A, 0x8D, 0x66, 0x15, 0x1E, 0xAE, 0xA9, 0xE4, 0xA0, 0x8A, 0xC7, 0x96, 0x88, 0x90, 0xF7,
    0xFB, 0xC2, 0x43, 0xFD, 0x10, 0x6A, 0x4F, 0xF3, 0x85, 0xF2, 0xAD, 0x6C, 0x88, 0x97, 0xD1, 0x78,
    0x18, 0x89, 0x78, 0x82, 0xB3, 0x80, 0xEA, 0x20, 0x6C, 0x39, 0x8C, 0x29, 0x25, 0x67, 0x18, 0x75,
    0x32, 0x25, 0x13, 0xE2, 0xDF, 0xFD, 0x19, 0x0E, 0x4B, 0xE3, 0x22, 0xBB, 0x6A, 0x77, 0x53, 0x9F,
    0x9F, 0x9E, 0x16, 0x5C, 0xBC, 0x56, 0x6F, 0x8E, 0x05, 0xA1, 0xD9, 0x73, 0xAC, 0xD4, 0xA4, 0xD0,
    0x9E, 0x9F, 0xD5, 0xC4, 0x24, 0xE2, 0x16, 0xC1, 0x45, 0x42, 0x88, 0x4E, 0x6F, 0x02, 0x1E, 0x80,
    0xCA, 0x9F, 0xB3, 0xE6, 0xCC, 0x9A, 0xF0, 0xA8, 0x72, 0xD7, 0x72, 0x61, 0xEC, 0x16, 0x57, 0xF7,
    0x17, 0xE1, 0x93, 0x2A, 0x3A, 0xB8, 0xFF, 0x38, 0x17, 0xD7, 0x86, 0x77, 0xC9, 0x1F, 0x41, 0x39,
    0x2A, 0xB0, 0x20, 0x4F, 0xB0, 0xAD, 0xB1, 0x88, 0x70, 0x8E, 0xC4, 0xC5, 0x8F, 0xB7, 0xFC, 0x76,
    0x3D, 0xC1, 0xF7, 0x31, 0xA8, 0xB9, 0x20, 0xE9, 0x56, 0x67, 0x83, 0x09, 0x8F, 0x21, 0x4F, 0x86,
    0xC5, 0x59, 0xD7, 0x5F, 0x2C, 0x46, 0xA7, 0xFA, 0xA1, 0x0F, 0xF3, 0x2D, 0xA7, 0xC3, 0xA4, 0x98,
    0x0B, 0x5F, 0x31, 0xF4, 0xC9, 0x66, 0xD8, 0x68, 0x0D, 0xA4, 0xEE, 0x18, 0x60, 0x92, 0xE4, 0x2D,
    0x4B, 0x1A, 0x4D, 0xF9, 0xBB, 0x17, 0x83, 0x15, 0x47, 0xA3, 0x1A, 0xA1, 0xE3, 0x13, 0xE9, 0xFA,
    0x31, 0xE9, 0x0F, 0x0E, 0x74, 0x7D, 0x0E, 0x4C, 0x51, 0xBA, 0x5C, 0x0E, 0x24, 0x15, 0xA5, 0xB1,
    0xB2, 0xB2, 0xFB, 0x15, 0x28, 0x2B, 0x2B, 0x25, 0xDD, 0x4C, 0x6B, 0xD4, 0xFD, 0x9C, 0x35, 0x6C,
    0x59, 0x48, 0x15, 0x05, 0x77, 0x78, 0xB0, 0x50, 0xD3, 0x60, 0xAA, 0xF8, 0x31, 0xFE, 0x00, 0xEB,
    0x18, 0x8D, 0x51, 0xE5, 0x77, 0x8B, 0x5D, 0x25, 0xAC, 0xB3, 0x43, 0x0B, 0xB7, 0xF8, 0x4C, 0x64,
    0xD7, 0x5D, 0xF4, 0x55, 0x20, 0xDC, 0xCA, 0x8F, 0x3C, 0x97, 0x00, 0x9C, 0x60, 0x06, 0x04, 0xF0,
    0x4F, 0x24, 0x4F, 0xD1, 0x57, 0xB5, 0x6F, 0x46, 0xAB, 0xBC, 0x17, 0xA5, 0x84, 0xAB, 0x99, 0x4F,
    0xFF, 0x45, 0xDF, 0x51, 0xF8, 0xA9, 0x3C, 0xD8, 0x89, 0x68, 0xAD, 0x3B, 0xF4, 0xA3, 0x71, 0xF8,
    0x34, 0xA8, 0x8F, 0x76, 0xE4, 0x35, 0x05, 0xDD, 0x95, 0xF6, 0xA5, 0x2A, 0x19, 0x12, 0x37, 0x70,
    0x64, 0x92, 0x64, 0x83, 0xE5, 0xC3, 0xC4, 0xC0, 0x1B, 0x18, 0x3B, 0x79, 0x3C, 0xB9, 0x3D, 0x5A,
    0x9E, 0x44, 0xA2, 0x88, 0x47, 0x0C, 0x01, 0x31, 0x7A, 0xAD, 0x98, 0x26, 0x0F, 0x7F, 0x08, 0x62,
    0x06, 0xE1, 0xDA, 0x1D, 0x69, 0x3D, 0x92, 0xE6, 0x48, 0x8C, 0x35, 0xE9, 0xAC, 0x9A, 0x31, 0xF6,
    0x7A, 0x52, 0xD5, 0x58, 0x9B, 0xFE, 0x54, 0x3F, 0x34, 0x36, 0xB2, 0x29, 0x4F, 0x1D, 0xF6, 0x1F,
    0x0C, 0x34, 0xC9, 0x67, 0x25, 0x26, 0x7B, 0x41, 0xD7, 0xD7, 0xAA, 0xBA, 0x42, 0xE9, 0x52, 0x0B,
    0x66, 0x1E, 0x34, 0x01, 0xA4, 0x52, 0x56, 0x19, 0x80, 0xC0, 0x20, 0x3C, 0xFB, 0xE7, 0x17, 0x00,
    0x7A, 0x7D, 0x11, 0xA0, 0xBE, 0x20, 0xE5, 0x42, 0xEA, 0x5E, 0x5D, 0xD4, 0x59, 0xAF, 0x25, 0x1C,
    0x60, 0xA5, 0x5D, 0xDF, 0xC3, 0x95, 0xC5, 0x7F, 0xF0, 0x0A, 0x72, 0x10, 0xF0, 0x15, 0xC4, 0x92,
    0x36, 0x1D, 0xC5, 0x0E, 0x38, 0x4B, 0x66, 0xED, 0x17, 0x6C, 0xE8, 0x01, 0x44, 0x0F, 0xA0, 0xB7,
    0xEC, 0x3C, 0x6B, 0xF1, 0x08, 0x42, 0x4B, 0x90, 0x3A, 0x00, 0x51, 0xAF, 0x71, 0xAF, 0xBF, 0xF7,
    0xA6, 0x9D, 0x21, 0x1D, 0x12, 0x1E, 0xC5, 0xD8, 0x01, 0xB9, 0x58, 0x61, 0x34, 0x17, 0xD9, 0xA9,
    0xD1, 0x90, 0xD1, 0xE1, 0x82, 0x13, 0x40, 0xD1, 0x09, 0x13, 0x8D, 0xA7, 0xE6, 0x11, 0xD2, 0x0B,
    0x5F, 0x63, 0x7E, 0x07, 0x1E, 0xE1, 0x4B, 0x93, 0xFD, 0x67, 0x95, 0x24, 0xD7, 0xBB, 0xE3, 0x0B,
    0xDE, 0xBF, 0x8A, 0x9C, 0x27, 0x09, 0xDA, 0x7C, 0xF8, 0xD8, 0x92, 0x27, 0x7E, 0x3D, 0x49, 0x5B,
    0x02, 0x5F, 0x9A, 0xBF, 0xB6, 0xF0, 0x50, 0xAB, 0x7B, 0x2C, 0xA2, 0xE3, 0xEF, 0x79, 0x37, 0x3A,
    0x1C, 0x14, 0x4F, 0xF0, 0x53, 0x86, 0xCC, 0xF8, 0xAD, 0x8B, 0xB4, 0x81, 0x5A, 0x54, 0x12, 0x13,
    0x2B, 0x08, 0x60, 0x27, 0x53, 0x61, 0x4E, 0x3E, 0x84, 0xE5, 0x8F, 0xFE, 0x25, 0x2C, 0x11, 0x81,
    0x4B, 0x0F, 0x68, 0xEF, 0xF9, 0x15, 0x1A, 0x0C, 0x54, 0xA4, 0xB4, 0x29, 0xBA, 0xE1, 0x7C, 0xB9,
    0x6A, 0x7E, 0xAD, 0xA9, 0xE0, 0xB8, 0x74, 0x1B, 0xD5, 0x77, 0xC2, 0x69, 0x11, 0x2B, 0x4F, 0x7E,
    0xDC, 0xAB, 0xC2, 0x54, 0xFF, 0x5D, 0x39, 0xAB, 0x71, 0x57, 0x74, 0xA1, 0x79, 0x78, 0x59, 0xD9,
    0x0A, 0x29, 0x12, 0xBB, 0x8C, 0xBA, 0x5B, 0x48, 0xFB, 0x0B, 0xFF, 0xD8, 0x54, 0xFD, 0x2B, 0xA3,
    0x0A, 0x93, 0x95, 0x53, 0x84, 0x73, 0xAB, 0xEA, 0x7D, 0xC0, 0x9D, 0x83, 0x97, 0xE8, 0xCC, 0x65,
    0xAB, 0x3A, 0xBC, 0x50, 0xC4, 0x5B, 0xF1, 0x96, 0xD1, 0x59, 0xAC, 0x83, 0x4B, 0x44, 0xA8, 0x84,
    0x4E, 0x39, 0x48, 0xAF, 0xC2, 0xA6, 0xE7, 0xAA, 0x3B, 0x1D, 0xC0, 0xF7, 0x47, 0xCA, 0x01, 0x5E,
    0xD2, 0xF1, 0xFD, 0x99, 0x42, 0x4B, 0x1D, 0x3E, 0xCF, 0x96, 0x0B, 0xE9, 0x10, 0x4B, 0x79, 0xEB,
    0xCA, 0x1C, 0xAA, 0x25, 0xDC, 0xE3, 0xAA, 0xF3, 0xC4, 0x1C, 0x24, 0x21, 0x9E, 0xC5, 0x95, 0x2A,
    0xD9, 0xBA, 0x59, 0x9C, 0x0F, 0x8E, 0x9C, 0x92, 0x6B, 0x9D, 0x61, 0x61, 0xE5, 0x5B, 0x7D, 0x3D,
    0x61, 0x66, 0x3C, 0x5D, 0xC3, 0x6C, 0x75, 0x8C, 0xD5, 0x9D, 0x07, 0x70, 0x85, 0xD9, 0xB7, 0xE1,
    0x75, 0x9E, 0x3C, 0xFE, 0xBE, 0x0F, 0xEF, 0xF3, 0x7B, 0x35, 0x9F, 0x77, 0xF5, 0x7F, 0x30, 0x77,
    0xB8, 0xDB, 0xE4, 0x9F, 0xCA, 0xE3, 0x36, 0xB9, 0xBE, 0x11, 0x11, 0x2A, 0xE5, 0x1A, 0x3C, 0x84,
    0x1F, 0x0F, 0xDA, 0xD5, 0xAC, 0xA3, 0xF2, 0x3C, 0x4C, 0x25, 0x2B, 0xD7, 0xA4, 0x50, 0x38, 0x7E,
    0x75, 0x02, 0x94, 0xE3, 0x6F, 0x59, 0x16, 0x4E, 0xC7, 0x23, 0x8D, 0x61, 0x6F, 0xF6, 0x07, 0x35,
    0x84, 0xAD, 0xB3, 0xB4, 0x12, 0x4F, 0xDF, 0x57, 0x42, 0xF3, 0x7D, 0x2E, 0xEF, 0x15, 0x3D, 0x1E,
    0x99, 0x68, 0xAD, 0x47, 0x66, 0x7E, 0x75, 0xF8, 0x05, 0x5C, 0x7D, 0x58, 0x68, 0xC7, 0xBC, 0x1D,
    0x84, 0xDF, 0xB2, 0xE8, 0x3D, 0x34, 0x8B, 0xD1, 0xA4, 0x67, 0x78, 0x99, 0x16, 0x2C, 0x15, 0x71,
    0xB9, 0x3A, 0xCB, 0xB9, 0xCE, 0x90, 0x48, 0x09, 0x30, 0xBF, 0xAF, 0xF7, 0x19, 0xD3, 0xB5, 0xBB,
    0x2A, 0xC2, 0xB4, 0x94, 0xEC, 0xCE, 0x10, 0x56, 0x96, 0xAF, 0xB9, 0xE5, 0xEB, 0x24, 0xD1, 0xB8,
    0xFB, 0x9A, 0x49, 0xB2, 0x3B, 0xFF, 0x7F, 0x41, 0x32, 0xE7, 0xC3, 0xBF, 0xB9, 0x69, 0xE5, 0x04,
    0x2A, 0x31, 0xC9, 0x27, 0xB7, 0x11, 0xBD, 0xE8, 0x1B, 0x56, 0x0C, 0x39, 0xBF, 0x2D, 0xBE, 0x57,
    0x36, 0xF2, 0xAE, 0xB8, 0x65, 0x27, 0x6C, 0xFD, 0x62, 0xB3, 0x78, 0x98, 0x54, 0x62, 0x97, 0xF1,
    0x7C, 0x95, 0x4D, 0x9B, 0x72, 0x1F, 0xCA, 0x55, 0x32, 0x8B, 0x94, 0xD6, 0x73, 0x5E, 0xD8, 0xB9,
    0x42, 0xF3, 0xA5, 0x97, 0x05, 0x5C, 0x95, 0x92, 0x4D, 0xCA, 0xB5, 0x9E, 0x6D, 0x4D, 0xD1, 0x23,
    0xDE, 0xB3, 0x33, 0x07, 0x16, 0xFA, 0x67, 0x7E, 0x25, 0x46, 0x31, 0xC2, 0xF1, 0xF0, 0xA8, 0x1F,
    0x9A, 0x2C, 0xF7, 0xEA, 0x76, 0x70, 0x8B, 0xCD, 0x7D, 0x79, 0x28, 0x68, 0x33, 0xB1, 0x50, 0x82,
    0xCE, 0xCA, 0x3A, 0x67, 0xAD, 0xEA, 0x51, 0x21, 0xE4, 0x6A, 0x59, 0x15, 0xE7, 0x09, 0x87, 0xDF,
    0x8F, 0x42, 0xD0, 0xE8, 0x21, 0xF8, 0x2A, 0x2D, 0xF2, 0xDB, 0x7D, 0xE6, 0x6E, 0xAC, 0xA7, 0x12,
    0x89, 0x21, 0x16, 0x7F, 0xC6, 0x23, 0xF4, 0x6F, 0xD2, 0x49, 0xFF, 0x2F, 0xD5, 0x5A, 0xBD, 0x8F,
    0xDD, 0xC6, 0x11, 0x1F, 0x92, 0xD2, 0xD1, 0x38, 0x16, 0xAB, 0x00, 0x51, 0x61, 0xA5, 0x60, 0x8A,
    0x14, 0x89, 0x83, 0x98, 0x7D, 0x20, 0x1F, 0x69, 0xAB, 0x48, 0xE1, 0xC2, 0x17, 0x40, 0x67, 0x17,
    0x2E, 0x94, 0xC2, 0x45, 0xE0, 0x14, 0xCA, 0x1F, 0xA0, 0x13, 0x19, 0xFD, 0x03, 0x56, 0x61, 0x23,
    0xAD, 0x0B, 0x17, 0xF1, 0x73, 0xE1, 0xF6, 0x10, 0x9C, 0x8E, 0xB4, 0x52, 0xA4, 0x25, 0x10, 0xB8,
    0x0E, 0x81, 0xD8, 0x09, 0xE2, 0x26, 0x74, 0xC4, 0x20, 0xF4, 0x89, 0xE4, 0xE6, 0xF7, 0x9B, 0xE5,
    0xBB, 0x7B, 0xBA, 0x3B, 0x7F, 0x46, 0x7E, 0xD6, 0xDD, 0x3B, 0xCE, 0xEE, 0xDB, 0xB7, 0xDC, 0x9D,
    0x99, 0x9D, 0x9D, 0xAF, 0xDD, 0xA7, 0x24, 0xCE, 0xD2, 0x36, 0x6D, 0xE2, 0x2A, 0xC8, 0x44, 0x36,
    0xC4, 0x64, 0xF8, 0x14, 0xF8, 0x54, 0xF3, 0xA7, 0xC6, 0xA7, 0x89, 0x9B, 0xB8, 0xC5, 0xA7, 0xB8,
    0x20, 0x22, 0x7B, 0x32, 0x03, 0x6F, 0x04, 0x48, 0x6D, 0x2F, 0xBE, 0xB5, 0x56, 0x42, 0xFB, 0x47,
    0x9B, 0x99, 0x61, 0xCF, 0x16, 0x49, 0xBF, 0x67, 0x25, 0xED, 0xF6, 0x46, 0x49, 0x5B, 0xF4, 0x3B,
    0x13, 0x74, 0x04, 0x3D, 0x40, 0x32, 0xEC, 0x05, 0x62, 0xA6, 0x3D, 0x83, 0x01, 0xC6, 0x92, 0x43,
    0x61, 0xD4, 0xC4, 0x36, 0x18, 0x7A, 0x5F, 0x56, 0x67, 0xD3, 0xBF, 0x08, 0xB3, 0x61, 0x4A, 0x2B,
    0x62, 0x7F, 0x67, 0x2B, 0xDF, 0x4A, 0x59, 0x05, 0x93, 0xE4, 0x55, 0x30, 0x4A, 0x9E, 0xA1, 0xF6,
    0x23, 0x01, 0x10, 0x09, 0xD0, 0x01, 0x43, 0x01, 0x5C, 0xB6, 0x6F, 0x6D, 0xF3, 0x85, 0xCE, 0x01,
    0x49, 0x6B, 0xE2, 0xCC, 0xD1, 0x93, 0x23, 0x90, 0x56, 0x04, 0xA0, 0x5E, 0x0E, 0xB6, 0xE5, 0x87,
    0xC0, 0xE0, 0xEF, 0xAD, 0x01, 0x45, 0x6D, 0x02, 0xD0, 0x3C, 0x2B, 0x37, 0x2D, 0x7F, 0xBA, 0x2E,
    0xA5, 0x6D, 0x6C, 0x6F, 0x09, 0x12, 0x2B, 0x49, 0x6D, 0x26, 0x31, 0x45, 0x68, 0x25, 0xE6, 0x6C,
    0xCF, 0x8A, 0x67, 0x8B, 0xAB, 0xC0, 0xAA, 0x02, 0xD2, 0x65, 0xC3, 0x89, 0x3E, 0x6D, 0x31, 0xFC,
    0x03, 0x4C, 0x67, 0x6C, 0x25, 0x17, 0x6F, 0xD8, 0x0F, 0xB3, 0x08, 0xE3, 0x55, 0x1B, 0xEF, 0xD9,
    0x45, 0xA1, 0x08, 0x5E, 0x7C, 0xC5, 0xBE, 0xE5, 0xDA, 0x42, 0x00, 0xD7, 0xE6, 0x40, 0x84, 0x6F,
    0x62, 0xED, 0x30, 0x83, 0x8B, 0x19, 0x68, 0xC1, 0x6C, 0x87, 0xB6, 0x4A, 0xAA, 0xB4, 0x4E, 0x0B,
    0xD3, 0xA4, 0x99, 0xA9, 0xF0, 0x64, 0x44, 0x3D, 0xED, 0x38, 0x47, 0x06, 0xA6, 0x75, 0x72, 0x1B,
    0xAC, 0x19, 0x8C, 0xAD, 0x47, 0xB1, 0x2D, 0x50, 0xEB, 0xCB, 0x3A, 0x18, 0xD2, 0xC1, 0x47, 0xD3,
    0xFD, 0x21, 0xB0, 0x0F, 0x3B, 0xC9, 0xC1, 0xD9, 0x10, 0x08, 0x01, 0x49, 0xBC, 0xD5, 0xC6, 0x12,
    0xB6, 0xA9, 0x04, 0x6D, 0x8E, 0x27, 0xAD, 0xA2, 0x3A, 0xED, 0x92, 0x0A, 0xB4, 0x8B, 0x57, 0x7E,
    0x44, 0x76, 0x97, 0x7E, 0x6F, 0xAF, 0x0D, 0xF8, 0x2F, 0x83, 0xE1, 0x82, 0x6C, 0x2F, 0x57, 0x81,
    0xAC, 0x50, 0x34, 0xED, 0xE4, 0xB8, 0x99, 0x83, 0x4C, 0x2C, 0x5B, 0xD8, 0x61, 0x18, 0x6F, 0x91,
    0x0D, 0x12, 0x55, 0x89, 0xC5, 0xC0, 0xA6, 0x98, 0x7E, 0xD1, 0xC5, 0x59, 0xE2, 0xF7, 0xD2, 0x99,
    0x62, 0x2B, 0x68, 0xE5, 0x6E, 0x58, 0x3D, 0x17, 0xE1, 0xE5, 0xA0, 0xBA, 0xAA, 0x45, 0x7D, 0xD5,
    0xCC, 0x45, 0xAD, 0x85, 0x6B, 0x9C, 0xBB, 0xF0, 0x05, 0x09, 0xAB, 0x24, 0xE8, 0xE5, 0xC7, 0x90,
    0xC4, 0x6C, 0xF2, 0x3A, 0x93, 0x45, 0x15, 0x68, 0x20, 0xCE, 0xE1, 0x84, 0x89, 0x3C, 0xF0, 0x27,
    0x00, 0x03, 0x80, 0x41, 0xA2, 0xBC, 0xA6, 0x6C, 0x10, 0xC1, 0x8E, 0x85, 0x77, 0x5D, 0xE5, 0xA0,
    0x13, 0xF3, 0x70, 0x14, 0xD3, 0x58, 0xD9, 0xA8, 0xF0, 0xF3, 0xEB, 0x96, 0xA8, 0xA3, 0x3F, 0xA4,
    0x14, 0xDF, 0xD3, 0x0F, 0x2C, 0x85, 0xA3, 0x30, 0x63, 0x5A, 0x7B, 0x4A, 0xA3, 0x2F, 0xF2, 0xDB,
    0xB8, 0xF2, 0x87, 0x3C, 0x0B, 0xDB, 0x41, 0xCC, 0xFD, 0x4E, 0x92, 0x6B, 0xAD, 0xA4, 0xC1, 0xF2,
    0xE9, 0x25, 0xBD, 0x33, 0x41, 0x76, 0x6C, 0x6D, 0xC6, 0xA4, 0xF1, 0x27, 0x91, 0xCF, 0xE1, 0x4C,
    0x2D, 0x37, 0x1D, 0x67, 0x80, 0x62, 0xF0, 0xE9, 0x4E, 0x26, 0xE0, 0xCC, 0x9F, 0x31, 0x15, 0x38,
    0xF3, 0xFC, 0xF4, 0x7E, 0x6B, 0xB2, 0x44, 0x76, 0xFD, 0x1E, 0x9C, 0x91, 0x5D, 0xAF, 0x07, 0x67,
    0x58, 0x80, 0x33, 0x68, 0xEC, 0xC0, 0x0B, 0xB9, 0x7D, 0xB3, 0x61, 0x91, 0x5B, 0xD1, 0x6F, 0xA9,
    0x16, 0xBB, 0xD8, 0xA9, 0x15, 0x5E, 0x30, 0x0D, 0x38, 0x23, 0xBB, 0x41, 0x1B, 0x81, 0x33, 0x07,
    0x58, 0xE2, 0x0C, 0x43, 0x37, 0x36, 0xD7, 0x89, 0x2E, 0xEF, 0x2B, 0x67, 0x7C, 0x72, 0xA6, 0x98,
    0x39, 0xF3, 0xFE, 0x29, 0xCE, 0x5C, 0xDE, 0xD9, 0xD9, 0x21, 0xE9, 0x40, 0x08, 0x20, 0x93, 0x4B,
    0x10, 0x8D, 0x82, 0x0B, 0xF7, 0xFB, 0xFE, 0x40, 0x86, 0x41, 0xFF, 0xEF, 0xC9, 0x80, 0xAF, 0x68,
    0xA4, 0x50, 0x5E, 0x17, 0x6F, 0x51, 0x04, 0xD8, 0xE6, 0xA3, 0xC4, 0x60, 0x44, 0x21, 0xF7, 0x30,
    0x0A, 0x06, 0xD9, 0xA6, 0x18, 0xF7, 0xDC, 0x2F, 0x1F, 0xA5, 0xB6, 0x4B, 0x39, 0xC9, 0x96, 0x03,
    0xF6, 0x08, 0xE8, 0xD7, 0x9C, 0x20, 0x25, 0x88, 0x09, 0x42, 0x02, 0xF1, 0x1E, 0x0B, 0x08, 0x3B,
    0x6C, 0xE1, 0xB2, 0x4B, 0x7B, 0xC9, 0xDB, 0xB4, 0xBF, 0x22, 0x65, 0x0D, 0x6E, 0x34, 0x65, 0x9D,
    0x14, 0x5E, 0x06, 0x59, 0x92, 0xB0, 0xC7, 0x74, 0x60, 0x47, 0x86, 0xAD, 0xFE, 0xBD, 0x52, 0x72,
    0xA8, 0x8D, 0x0E, 0xB2, 0x51, 0x03, 0x93, 0x41, 0x65, 0xA0, 0xCC, 0xAC, 0x38, 0x58, 0x16, 0x2C,
    0x59, 0xCB, 0x51, 0x4B, 0xFE, 0x31, 0x62, 0x41, 0xC1, 0xB5, 0xCB, 0x64, 0xDC, 0x6B, 0xB2, 0x79,
    0xC7, 0x66, 0x49, 0x9F, 0xD7, 0xC1, 0x68, 0x5A, 0xB1, 0x2A, 0x10, 0xDD, 0xB1, 0x70, 0x84, 0x8D,
    0x1C, 0x98, 0xCA, 0x1B, 0x72, 0x89, 0xDA, 0x5B, 0x10, 0xDE, 0x4B, 0x4E, 0x2E, 0x42, 0x6E, 0xD2,
    0xE1, 0xD1, 0xC7, 0xBB, 0xEB, 0x7E, 0xA3, 0xD0, 0x51, 0xD2, 0x55, 0xDA, 0xA9, 0x35, 0x5A, 0xC5,
    0x0B, 0x0A, 0x46, 0x52, 0x74, 0xCB, 0xD1, 0x54, 0xE2, 0xB1, 0x8D, 0x97, 0xD9, 0x3A, 0xE8, 0x6D,
    0x13, 0x8C, 0x79, 0x13, 0x8E, 0x69, 0x6B, 0xB0, 0xAF, 0x6D, 0x0F, 0x85, 0x55, 0xCB, 0xC6, 0x9B,
    0x22, 0x9B, 0xEF, 0xBA, 0xA9, 0xAC, 0x1B, 0x95, 0x4A, 0x44, 0x66, 0x8D, 0x07, 0x91, 0x6C, 0x5D,
    0x6B, 0x2F, 0xA7, 0xFF, 0xA2, 0x41, 0x0B, 0xE3, 0x04, 0x39, 0x71, 0xEF, 0xA7, 0xAA, 0xF6, 0x64,
    0xCB, 0x0D, 0xB3, 0x4F, 0x9D, 0x21, 0xD2, 0x5B, 0x8E, 0xE6, 0x75, 0xD4, 0x1E, 0x54, 0x19, 0x1C,
    0x34, 0x68, 0xA8, 0x81, 0x24, 0xAC, 0x13, 0x0E, 0x83, 0x7D, 0xAA, 0x45, 0xA1, 0xA3, 0x25, 0x50,
    0x70, 0x3A, 0x96, 0x6E, 0xCB, 0x5C, 0xF5, 0x1C, 0x84, 0xC6, 0xE7, 0x68, 0x54, 0x6F, 0x95, 0x22,
    0x84, 0x3D, 0x13, 0x38, 0x22, 0x59, 0x60, 0x59, 0x0C, 0x8B, 0x41, 0xB8, 0x29, 0xA1, 0x1E, 0xF1,
    0xCF, 0x02, 0x03, 0x5C, 0xF9, 0x83, 0x43, 0xAD, 0x73, 0x7B, 0xAD, 0x76, 0x74, 0xEA, 0x97, 0xC0,
    0xD1, 0x10, 0xD5, 0xE7, 0x98, 0xBE, 0x4D, 0x47, 0x5E, 0x3C, 0xAD, 0x22, 0x68, 0x13, 0x62, 0xE6,
    0x0F, 0xA1, 0xC3, 0xE5, 0xAC, 0x05, 0x3C, 0x2F, 0xF4, 0xFD, 0x64, 0x16, 0xCC, 0xEA, 0x96, 0x5A,
    0xBA, 0x43, 0x9D, 0xC8, 0xD2, 0xA4, 0x8B, 0xB9, 0x63, 0x89, 0xCB, 0xA6, 0x24, 0xC5, 0x39, 0x96,
    0x4F, 0xFD, 0x83, 0x2A, 0xD6, 0xD9, 0x07, 0xA3, 0xB3, 0x8F, 0x71, 0x7B, 0xDC, 0x28, 0x97, 0xBC,
    0xF3, 0xBC, 0xFF, 0x32, 0x87, 0xE7, 0x38, 0x23, 0xA8, 0xC5, 0xAD, 0xA8, 0x70, 0x85, 0x22, 0x78,
    0xD5, 0x14, 0x2B, 0xBF, 0x9D, 0xA4, 0x48, 0xBE, 0x16, 0x45, 0xD1, 0x49, 0x8A, 0xC6, 0xC7, 0x4E,
    0x11, 0xED, 0x96, 0xCA, 0x9F, 0x56, 0x06, 0x67, 0x20, 0x3F, 0x7C, 0x45, 0x2B, 0x0F, 0xD1, 0x81,
    0x15, 0xFF, 0xC1, 0x5C, 0x09, 0xFE, 0x82, 0x0A, 0x9D, 0xD2, 0xE8, 0x4F, 0xA8, 0x7C, 0x9F, 0x38,
    0x5D, 0x9B, 0x97, 0x3D, 0x0D, 0xE6, 0xCA, 0xEE, 0xB2, 0x02, 0x77, 0xEB, 0x93, 0x45, 0x46, 0xCA,
    0x02, 0x87, 0x63, 0xD0, 0xCE, 0x2D, 0x61, 0x3D, 0xF7, 0xA1, 0xB3, 0x52, 0x39, 0xFE, 0xCC, 0x95,
    0x74, 0xF1, 0x9E, 0xAB, 0xEC, 0xCB, 0xDC, 0x67, 0xD0, 0x4A, 0x2C, 0x7E, 0xAB, 0x95, 0x84, 0xF4,
    0xB0, 0x92, 0x92, 0x22, 0x56, 0x4A, 0xD0, 0x94, 0x95, 0xC4, 0x9E, 0x15, 0x6B, 0x67, 0x07, 0x48,
    0xF7, 0x99, 0x1A, 0x37, 0x50, 0x55, 0x76, 0xB1, 0xF5, 0x2D, 0x0C, 0x37, 0x4C, 0x83, 0x6F, 0xC1,
    0x46, 0x6F, 0x8C, 0x41, 0xD0, 0xDB, 0xCA, 0xDE, 0x54, 0x41, 0xFF, 0x85, 0x80, 0x5D, 0xB4, 0x73,
    0x3C, 0xCC, 0xAB, 0xEA, 0x71, 0x15, 0xA2, 0x00, 0x33, 0xA4, 0x62, 0xA7, 0x57, 0x27, 0xD2, 0xA0,
    0x81, 0x00, 0x56, 0x33, 0x7A, 0x93, 0x9D, 0xBA, 0x23, 0x49, 0x71, 0x7E, 0x07, 0x9E, 0x5F, 0xB2,
    0xA6, 0x5C, 0xE6, 0x6A, 0x3F, 0xF3, 0x8E, 0x2C, 0x87, 0x95, 0x70, 0x5A, 0x51, 0xE5, 0xEA, 0x8F,
    0x83, 0x4D, 0x8F, 0x6E, 0x12, 0xAE, 0xF8, 0x34, 0x43, 0xDF, 0x7E, 0xFC, 0x32, 0xDE, 0xC0, 0x64,
    0xB7, 0x15, 0x6E, 0xAD, 0xC0, 0xCB, 0x0A, 0xE5, 0x04, 0xFC, 0x64, 0xA1, 0x2E, 0x35, 0xBF, 0xD9,
    0x43, 0xAD, 0x9F, 0xEE, 0xF3, 0x28, 0x34, 0xD5, 0x31, 0x8C, 0x2B, 0x0F, 0x30, 0x57, 0x37, 0xC9,
    0xCE, 0x50, 0xE8, 0x0B, 0xA9, 0x1E, 0x23, 0x8C, 0x94, 0x52, 0x25, 0x7A, 0xC6, 0x7F, 0x57, 0x9E,
    0x74, 0xFC, 0x15, 0x7D, 0x4F, 0x1D, 0xD6, 0x40, 0xBD, 0x42, 0xF3, 0x6F, 0x5D, 0xE8, 0x82, 0x6B,
    0x75, 0x1B, 0x71, 0xE1, 0x13, 0x8E, 0xBF, 0x53, 0x31, 0x35, 0x23, 0xB7, 0xB8, 0x2D, 0xAB, 0x25,
    0x64, 0x74, 0x04, 0xBA, 0xE4, 0xC2, 0x93, 0xCD, 0xFF, 0x67, 0xDE, 0x06, 0xAB, 0x7B, 0x27, 0x39,
    0x1A, 0xAA, 0xC2, 0x9D, 0x96, 0xA8, 0x5A, 0xC5, 0x97, 0x3D, 0x0B, 0xDF, 0xAA, 0xEF, 0xE7, 0x46,
    0xFE, 0x3F, 0x1F, 0x0F, 0x63, 0x61, 0xCC, 0x8C, 0xE3, 0x8A, 0x0F, 0x65, 0x44, 0x5F, 0x91, 0xDA,
    0x35, 0x69, 0x35, 0x50, 0x90, 0x41, 0xD6, 0x37, 0x3F, 0xB8, 0x48, 0xE1, 0xA3, 0xE8, 0x51, 0xF0,
    0x92, 0x2A, 0xC7, 0x0A, 0xC4, 0xC5, 0xDA, 0xE6, 0xA7, 0x3A, 0xAB, 0x4A, 0xF8, 0xC7, 0x96, 0x4F,
    0x96, 0xA0, 0xBE, 0x2A, 0x34, 0xDF, 0xF6, 0xFC, 0x78, 0x0E, 0x9D, 0x54, 0x32, 0x0C, 0xF9, 0xF8,
    0x26, 0x73, 0x1A, 0x6A, 0x19, 0xD0, 0x0F, 0xDD, 0xA8, 0x59, 0x7B, 0x85, 0x83, 0x4A, 0xD0, 0x28,
    0x2E, 0x24, 0x50, 0x78, 0xC5, 0x1E, 0xDE, 0x35, 0x16, 0xEF, 0x36, 0xC6, 0x3E, 0xA3, 0x75, 0x6D,
    0xB7, 0xC7, 0x7D, 0x5C, 0xFF, 0x64, 0x38, 0x1E, 0x21, 0xD7, 0x31, 0x41, 0x88, 0xCE, 0x02, 0x79,
    0xBC, 0xA9, 0x61, 0x2F, 0xB4, 0x36, 0xE0, 0xC4, 0xBD, 0xBE, 0xE9, 0x36, 0x7C, 0xD9, 0xC6, 0xAA,
    0x17, 0xA6, 0x52, 0x15, 0x03, 0xF3, 0x31, 0x08, 0x3C, 0x4B, 0x35, 0x85, 0x45, 0xD4, 0xC8, 0x29,
    0xBD, 0x56, 0xE0, 0x69, 0x52, 0x4E, 0x64, 0x5B, 0x72, 0xCB, 0x1F, 0x9D, 0x96, 0xA7, 0x39, 0xC6,
    0x2E, 0xA3, 0x39, 0xB6, 0x5A, 0xD0, 0xA2, 0xF6, 0x34, 0xF9, 0x8D, 0x16, 0x65, 0xA7, 0x05, 0xD0,
    0x63, 0x01, 0xEC, 0x59, 0x84, 0x36, 0x63, 0x01, 0x7B, 0xCE, 0x02, 0x9C, 0xD0, 0x22, 0xEF, 0xB5,
    0x48, 0x46, 0x2D, 0x8C, 0xD5, 0x22, 0x70, 0x85, 0xE7, 0x0A, 0x99, 0x0B, 0x70, 0x8D, 0xA1, 0x6F,
    0x4C, 0xBA, 0x1A, 0x89, 0x58, 0xC0, 0x52, 0xF6, 0xCB, 0xF0, 0xC8, 0x45, 0x47, 0x73, 0x70, 0x94,
    0xEB, 0x66, 0x55, 0x3F, 0x0D, 0x86, 0xFA, 0x04, 0x61, 0xBE, 0x0A, 0x89, 0xDA, 0x35, 0xB1, 0x5D,
    0x44, 0xD3, 0x59, 0x78, 0x4C, 0xD6, 0xD0, 0x7C, 0x69, 0x70, 0xD6, 0xD2, 0x1C, 0xA6, 0x3D, 0x4D,
    0x58, 0x32, 0xA4, 0x0E, 0xA2, 0x73, 0x3C, 0xAE, 0xC0, 0x69, 0x05, 0x2E, 0xDB, 0x57, 0xFA, 0xBB,
    0x11, 0x68, 0x27, 0xD3, 0x36, 0xD2, 0x91, 0x69, 0x4F, 0x28, 0x05, 0x0D, 0x27, 0x4A, 0xD4, 0x29,
    0x71, 0x66, 0x55, 0x2E, 0xBA, 0x04, 0x0C, 0x15, 0x87, 0x8B, 0x08, 0x81, 0x97, 0x5A, 0x20, 0x35,
    0x9E, 0x91, 0xE2, 0x6F, 0x8A, 0xF3, 0x41, 0xC5, 0xA6, 0x1A, 0xFF, 0x74, 0xF6, 0xB8, 0x34, 0x99,
    0x98, 0xAB, 0x93, 0xC4, 0x3C, 0x50, 0x54, 0xF9, 0xED, 0xB9, 0xA0, 0xE2, 0xD7, 0xE2, 0x1C, 0x80,
    0x9E, 0xCE, 0xDC, 0xA1, 0xE6, 0xE1, 0xA8, 0x2D, 0x12, 0xFA, 0x45, 0xF2, 0x34, 0x73, 0x0D, 0xE7,
    0x42, 0xA2, 0x94, 0x8A, 0x36, 0xA6, 0x3F, 0xDC, 0x33, 0x37, 0xEA, 0x60, 0xD8, 0xC5, 0xEA, 0xF3,
    0x7B, 0xE7, 0x41, 0xA2, 0x9E, 0x12, 0x29, 0xB6, 0x18, 0x3F, 0x14, 0xA6, 0x81, 0x03, 0x50, 0x04,
    0xFD, 0xE4, 0x34, 0x02, 0x29, 0xE1, 0x83, 0x7A, 0x30, 0x4C, 0xD8, 0xEB, 0x69, 0x91, 0x56, 0x46,
    0x13, 0x88, 0x78, 0xE7, 0xD8, 0xDC, 0xC2, 0xC7, 0xE6, 0x78, 0x07, 0xCB, 0xB1, 0x97, 0x94, 0xF9,
    0x4A, 0x59, 0x60, 0x49, 0x59, 0x64, 0x49, 0x99, 0xC9, 0x49, 0x59, 0xA2, 0x98, 0x3E, 0xA7, 0x94,
    0x0D, 0x4A, 0x41, 0x4B, 0x18, 0x34, 0xA4, 0x29, 0xAC, 0x08, 0x4D, 0xC1, 0x96, 0x58, 0x29, 0xDB,
    0x52, 0xCA, 0xF6, 0x95, 0xB2, 0x9E, 0x94, 0xD1, 0x12, 0x80, 0xB2, 0x5A, 0x29, 0xAB, 0x8E, 0x29,
    0x4B, 0x75, 0xF6, 0xDB, 0x4A, 0xD9, 0xA0, 0xEB, 0xE3, 0xD6, 0x88, 0xD6, 0xDA, 0x05, 0xCF, 0xFA,
    0x35, 0x77, 0x7A, 0x38, 0xEE, 0x56, 0x93, 0x1F, 0xA7, 0x7C, 0x4E, 0xEE, 0x2D, 0xEB, 0xB9, 0x00,
    0x01, 0x05, 0x22, 0x80, 0x86, 0xDA, 0x8E, 0xC1, 0x52, 0x58, 0xEB, 0x58, 0xDF, 0x7E, 0x41, 0x97,
    0xC6, 0x39, 0x42, 0xD4, 0x59, 0x0C, 0xEF, 0xD3, 0x49, 0x1D, 0x7D, 0xE3, 0x02, 0x2E, 0xE0, 0xD5,
    0x1C, 0x65, 0x24, 0xBF, 0x69, 0x8E, 0xE7, 0xDC, 0x91, 0xE9, 0x2F, 0xE6, 0xF3, 0x0C, 0x5D, 0xD5,
    0x78, 0x0E, 0xFF, 0xDE, 0x50, 0xB5, 0x37, 0xD2, 0x5A, 0x31, 0xE2, 0xDB, 0x3F, 0xFF, 0xAB, 0xE9,
    0xFE, 0x0E, 0x94, 0x22, 0xB1, 0xE1, 0xB0, 0x5A, 0xB8, 0xC6, 0xEF, 0x4B, 0x76, 0xFE, 0xC9, 0x5C,
    0xB1, 0xC9, 0xDE, 0x97, 0xDA, 0x64, 0x0C, 0x11, 0xD9, 0x01, 0x8E, 0x15, 0x20, 0x0F, 0x87, 0x72,
    0x6C, 0x7C, 0xF8, 0x50, 0x85, 0x8B, 0xEB, 0xBD, 0x39, 0x12, 0x69, 0xE9, 0x3F, 0xE5, 0xEA, 0x22,
    0xA5, 0x03, 0xB3, 0x18, 0x66, 0x0C, 0xA9, 0x9B, 0x2D, 0x91, 0x0A, 0xEC, 0x8D, 0x4C, 0xF5, 0x95,
    0x8E, 0xA7, 0xB1, 0xA7, 0x3A, 0x68, 0xF3, 0xB6, 0xF9, 0x62, 0xA8, 0x3D, 0x13, 0xA5, 0x20, 0xB1,
    0xCE, 0x23, 0x2D, 0x64, 0x86, 0xEA, 0xED, 0x1E, 0x47, 0x3D, 0x77, 0x15, 0x5D, 0x3D, 0x8E, 0x3A,
    0x54, 0x3F, 0x58, 0x53, 0x32, 0x96, 0x87, 0x5F, 0x80, 0x91, 0x75, 0x30, 0x03, 0x0C, 0x57, 0xA0,
    0x6B, 0x37, 0x0E, 0xD2, 0x19, 0xAC, 0x53, 0x75, 0x02, 0xD5, 0x8B, 0xD6, 0x93, 0x11, 0xFB, 0xF1,
    0xD1, 0x2C, 0x9E, 0xCE, 0xB8, 0x8A, 0x83, 0xC8, 0x6F, 0xFE, 0xE9, 0x52, 0x32, 0xF8, 0x3D, 0xFD,
    0xEC, 0x66, 0x4F, 0x35, 0x10, 0x70, 0x9C, 0x2A, 0x98, 0x75, 0x32, 0x60, 0xE6, 0xD9, 0x2C, 0x20,
    0x2C, 0x72, 0x9B, 0xE5, 0x84, 0x2F, 0x40, 0x66, 0x7E, 0x6A, 0xAF, 0x4D, 0x64, 0xCF, 0x8B, 0xC3,
    0x0A, 0x1C, 0x15, 0xEA, 0x11, 0xDB, 0x35, 0x78, 0xDB, 0x81, 0x7D, 0xDE, 0x52, 0xA5, 0xC3, 0x0D,
    0xC7, 0x80, 0x59, 0x68, 0x5B, 0x40, 0x2C, 0x1E, 0x7E, 0xCD, 0x92, 0x2E, 0xB0, 0x2F, 0x15, 0x86,
    0xB0, 0x32, 0x68, 0x79, 0xA9, 0x49, 0xDA, 0x12, 0xEF, 0x32, 0x67, 0xF4, 0x82, 0xA2, 0xAE, 0xC7,
    0x71, 0x0B, 0xB5, 0x83, 0xD5, 0x52, 0x41, 0x69, 0x8A, 0xCF, 0x69, 0xA7, 0x7B, 0xCB, 0x55, 0xA6,
    0x68, 0x68, 0x0A, 0x26, 0xA2, 0xA5, 0x34, 0x03, 0x18, 0x61, 0xBA, 0x08, 0x46, 0xA4, 0xA5, 0x9A,
    0xDF, 0x56, 0x3F, 0x94, 0xE0, 0xCA, 0xFB, 0x3C, 0x3B, 0x05, 0x42, 0xF1, 0xF4, 0x2A, 0x8F, 0x4D,
    0xD1, 0x96, 0xB3, 0x4B, 0xE9, 0x40, 0xC4, 0xAF, 0x60, 0x65, 0xDA, 0xE7, 0x16, 0xCB, 0xF5, 0xC0,
    0xA2, 0xF9, 0x3E, 0x58, 0xE6, 0x04, 0x4F, 0x33, 0xC6, 0x9A, 0xA3, 0xD1, 0xFC, 0x19, 0xB5, 0x89,
    0xA2, 0x11, 0x36, 0xEB, 0x44, 0xC3, 0x7F, 0x57, 0x77, 0x86, 0x4A, 0x15, 0x78, 0x92, 0xDF, 0x68,
    0x98, 0xFF, 0xEA, 0x56, 0x55, 0xD8, 0x3A, 0xD0, 0x78, 0x5A, 0x65, 0xAA, 0x81, 0x1B, 0x60, 0xA7,
    0x7B, 0x8C, 0x5C, 0x78, 0x0E, 0x89, 0xF5, 0xDE, 0xC8, 0xE2, 0x6A, 0x9D, 0x8B, 0xA2, 0x79, 0xBB,
    0x10, 0x1A, 0x6B, 0x32, 0xBD, 0x03, 0xDE, 0xC8, 0xEC, 0xFD, 0xA5, 0x23, 0x4D, 0xB7, 0x36, 0x34,
    0x34, 0xAF, 0x96, 0x70, 0x53, 0x6D, 0x85, 0xE0, 0xC1, 0xD5, 0xA0, 0x9A, 0x6B, 0xDA, 0x16, 0x4D,
    0xEB, 0x94, 0x12, 0x6F, 0x9B, 0x5B, 0x07, 0xB3, 0xDC, 0xB1, 0xA3, 0xCB, 0xB7, 0xDA, 0x82, 0x27,
    0x58, 0x4D, 0x59, 0x63, 0x2E, 0x5B, 0xC1, 0x1D, 0x42, 0x77, 0xEC, 0x40, 0x9D, 0x8F, 0xA9, 0x11,
    0x9E, 0xAE, 0x0F, 0x9C, 0x13, 0x4B, 0x19, 0xEA, 0x0B, 0x03, 0xE7, 0x5D, 0x2C, 0xDE, 0xD1, 0x99,
    0xC5, 0xCD, 0x2D, 0x3A, 0x7B, 0x26, 0x3A, 0x7F, 0x25, 0xBF, 0x22, 0x06, 0xB5, 0xB4, 0xC0, 0xA1,
    0xFC, 0xEC, 0x07, 0x6D, 0x62, 0x47, 0x28, 0x39, 0x28, 0x26, 0xB8, 0x59, 0x93, 0x9E, 0xE1, 0x5D,
    0xCC, 0x1C, 0xBD, 0x39, 0x03, 0x61, 0x0B, 0x1F, 0xD3, 0x8C, 0x71, 0xCF, 0xE3, 0xB4, 0x60, 0xC0,
    0xD3, 0xF2, 0xB8, 0x6D, 0x79, 0xE4, 0xB6, 0x7C, 0xF8, 0x9D, 0x99, 0x69, 0xE8, 0xCF, 0xA7, 0xA0,
    0x00, 0x7F, 0x66, 0xEC, 0xCB, 0x03, 0xDF, 0x85, 0xA5, 0xAA, 0x25, 0xF8, 0x48, 0x34, 0xBE, 0x0C,
    0x96, 0x49, 0x9C, 0xB4, 0x92, 0x4B, 0x79, 0xA1, 0xE9, 0x6E, 0x6C, 0x4D, 0x75, 0xDC, 0x9C, 0xDB,
    0xA6, 0xC9, 0x6D, 0xCD, 0x11, 0xFA, 0xAA, 0x2B, 0x6E, 0x1F, 0xB1, 0x7F, 0x5B, 0x73, 0xD9, 0x54,
    0x50, 0x90, 0xD7, 0x68, 0x8C, 0x46, 0xC4, 0xAF, 0x18, 0x0F, 0xF8, 0x10, 0x40, 0xE5, 0xE5, 0x0A,
    0xC8, 0x32, 0xE6, 0x7A, 0xAB, 0xF2, 0x70, 0xB1, 0xC8, 0xD4, 0xDC, 0xE4, 0xED, 0x72, 0x60, 0xCC,
    0xB5, 0x49, 0x7E, 0xC5, 0x60, 0xEE, 0x5B, 0x7A, 0x93, 0x82, 0x06, 0x84, 0x3A, 0xD7, 0x59, 0xA9,
    0x63, 0x5D, 0x91, 0x7F, 0x9E, 0xAE, 0x58, 0x03, 0x1A, 0x1B, 0xA7, 0x75, 0x85, 0x47, 0x5D, 0x11,
    0xB4, 0x47, 0xC9, 0xA7, 0xB5, 0x70, 0x43, 0x1D, 0xAD, 0xA3, 0x4D, 0x6A, 0xCF, 0xDA, 0xA4, 0xDF,
    0x3E, 0x1A, 0xAB, 0x39, 0x40, 0x75, 0x2F, 0x98, 0x3A, 0x5E, 0xC9, 0x01, 0x26, 0xCC, 0xE1, 0xA0,
    0xB3, 0x26, 0x69, 0xBF, 0xE6, 0x43, 0xBB, 0x1A, 0xF3, 0x9A, 0x03, 0x9D, 0x84, 0x8D, 0x05, 0x73,
    0xF1, 0xC0, 0xA8, 0xAC, 0x64, 0xD2, 0x6B, 0x01, 0xB3, 0xA3, 0x05, 0x27, 0xAB, 0x08, 0xE9, 0x63,
    0x7D, 0xF9, 0x7F, 0x68, 0xAB, 0xDC, 0x0E, 0x25, 0x08, 0x58, 0x14, 0x7A, 0x40, 0x0D, 0xC3, 0x29,
    0xE6, 0x6F, 0x03, 0x64, 0xBE, 0x44, 0xE4, 0x91, 0x64, 0x8F, 0x1D, 0x6B, 0x4D, 0x46, 0x4F, 0xEE,
    0x82, 0x06, 0x9F, 0x6A, 0x92, 0x0B, 0x72, 0xE9, 0xF1, 0x73, 0x87, 0x98, 0x7B, 0x93, 0xEC, 0xA1,
    0xF5, 0x21, 0x23, 0x51, 0xFA, 0x1D, 0x7A, 0x49, 0x86, 0xA9, 0x23, 0xD9, 0x65, 0x82, 0x74, 0x9B,
    0x0E, 0x9D, 0xC7, 0x03, 0x8C, 0x52, 0x5D, 0x52, 0x9E, 0x20, 0x8D, 0x08, 0xF3, 0xB1, 0x7A, 0xB6,
    0x01, 0x5F, 0x2D, 0x4F, 0xAE, 0x4A, 0x2A, 0x8F, 0xBC, 0x2D, 0x1F, 0x05, 0x6C, 0x63, 0x97, 0xB2,
    0x66, 0xBF, 0x2A, 0xC6, 0x1B, 0x05, 0xDF, 0x75, 0x16, 0x6A, 0x45, 0x26, 0xDD, 0x7D, 0x00, 0x33,
    0x05, 0x0C, 0x59, 0xED, 0xBF, 0x6A, 0x3D, 0xDE, 0x02, 0x16, 0xFB, 0x31, 0x79, 0xF1, 0x9A, 0xBF,
    0x7A, 0xF2, 0x7B, 0x9D, 0x5D, 0x22, 0x4D, 0xBD, 0x11, 0xC9, 0xD0, 0x4E, 0x0C, 0x70, 0x81, 0x8A,
    0x1E, 0x18, 0xC5, 0x0A, 0x0D, 0x61, 0xF1, 0x8D, 0x20, 0x88, 0xC3, 0xE4, 0xBC, 0x49, 0xE4, 0xE0,
    0x57, 0x71, 0x78, 0x54, 0xCB, 0xE7, 0x9A, 0xD1, 0x05, 0x5D, 0x4A, 0x21, 0x69, 0xAD, 0xA0, 0x34,
    0xA9, 0xDC, 0xE1, 0xA1, 0xE4, 0x67, 0xB0, 0x28, 0x9F, 0x41, 0xA9, 0x0C, 0x6C, 0xB4, 0xB3, 0xBE,
    0x16, 0x8D, 0xEA, 0xEC, 0xD1, 0xB9, 0x5D, 0x55, 0x62, 0xAA, 0x3E, 0x86, 0xE5, 0xF6, 0x62, 0xBE,
    0x5F, 0x26, 0x17, 0x2D, 0xAD, 0x11, 0x8D, 0x93, 0x0E, 0xCF, 0x1B, 0x8D, 0x8B, 0xDA, 0x56, 0x63,
    0xB6, 0x35, 0xA0, 0x71, 0xC5, 0x39, 0x3C, 0x29, 0xAF, 0x87, 0x1D, 0xB8, 0x89, 0xC2, 0xD9, 0xE1,
    0xA9, 0xD7, 0xB9, 0x28, 0x2E, 0x68, 0xED, 0xB0, 0x7D, 0xA2, 0xC1, 0x01, 0x99, 0x78, 0x29, 0xEB,
    0x58, 0x97, 0xAE, 0x03, 0x8D, 0x0D, 0x4D, 0xE8, 0x8B, 0xDE, 0x76, 0x62, 0xB9, 0x99, 0x9D, 0x88,
    0xBA, 0x18, 0x73, 0xD9, 0x61, 0x67, 0x67, 0xE7, 0xD8, 0x3F, 0x3A, 0xFB, 0x1D, 0x66, 0xBC, 0xAE,
    0x9B, 0x8C, 0xDB, 0xCF, 0x25, 0xC0, 0x67, 0x84, 0x7D, 0x22, 0x1C, 0x10, 0x61, 0x78, 0x2D, 0x79,
    0x1B, 0x13, 0xE1, 0x2D, 0xE2, 0xBA, 0x4F, 0xD0, 0x01, 0xD7, 0x07, 0x68, 0xCE, 0xFF, 0x5B, 0x01,
    0x61, 0x68, 0xD6, 0x06, 0x1E, 0x80, 0xEE, 0xC5, 0x19, 0x61, 0x1D, 0x2A, 0x60, 0x14, 0x64, 0x3E,
    0x00, 0x0A, 0x17, 0x15, 0x83, 0x85, 0x6E, 0x7A, 0x35, 0x18, 0x64, 0x89, 0xDE, 0x18, 0x90, 0xA3,
    0x53, 0xD3, 0x95, 0xF3, 0x90, 0x65, 0xB6, 0xFD, 0x05, 0x5E, 0x57, 0x52, 0x48, 0x67, 0x89, 0x9B,
    0x35, 0xD3, 0xED, 0x9E, 0x99, 0xAF, 0x0C, 0xB5, 0x7F, 0xE1, 0x20, 0x14, 0x06, 0xC9, 0x1A, 0x34,
    0xC2, 0x1B, 0xA9, 0xDE, 0xFE, 0xAA, 0x6A, 0xF5, 0x45, 0x2A, 0x49, 0x97, 0x7A, 0x7A, 0xE4, 0x9C,
    0x73, 0x3A, 0x79, 0xCE, 0x79, 0x5B, 0xBE, 0x7B, 0x0C, 0x5F, 0x2F, 0xDC, 0x4E, 0x38, 0x79, 0x92,
    0x59, 0xE5, 0xBC, 0x6F, 0x70, 0x92, 0x89, 0xDF, 0x05, 0x86, 0xB2, 0x3C, 0x6E, 0x62, 0x36, 0x92,
    0xAE, 0x97, 0x83, 0xAE, 0xE5, 0x8C, 0xB3, 0xCA, 0xF5, 0x63, 0xB8, 0xB1, 0x58, 0x5E, 0xD8, 0x48,
    0xBA, 0xE5, 0xB5, 0x31, 0x7B, 0xEA, 0x5C, 0x84, 0xF7, 0x5F, 0x47, 0x05, 0x30, 0x4A, 0xA6, 0xE5,
    0x25, 0x58, 0xE6, 0x47, 0x4D, 0xC1, 0x0D, 0x92, 0xF9, 0xBC, 0xDA, 0x08, 0x71, 0xD7, 0x93, 0xD4,
    0x5B, 0x14, 0x6B, 0xA6, 0x71, 0x5B, 0x8C, 0x90, 0xFC, 0x87, 0x19, 0x8C, 0x87, 0xBC, 0x74, 0x7A,
    0x64, 0x5D, 0x03, 0x97, 0x70, 0x38, 0x12, 0x76, 0xCE, 0xED, 0xE9, 0x45, 0x8B, 0x7E, 0x79, 0x61,
    0x8D, 0xF7, 0x73, 0xAF, 0xA8, 0x25, 0xE6, 0x8F, 0x3F, 0xBF, 0xAB, 0x97, 0x16, 0x55, 0x95, 0x64,
    0xD4, 0xBD, 0x74, 0x61, 0x3F, 0x1F, 0xBC, 0x44, 0x43, 0x9D, 0x33, 0xBA, 0xFF, 0xAC, 0x84, 0xE3,
    0x56, 0xC7, 0x43, 0xE0, 0xAC, 0x76, 0x11, 0x4D, 0xEA, 0xCF, 0x68, 0xF0, 0x7F, 0x0A, 0xE8, 0x0F,
    0x45, 0x64, 0xD9, 0x79, 0x52, 0x33, 0x0A, 0x99, 0xCA, 0x01, 0x4A, 0x0E, 0x75, 0x83, 0x39, 0x83,
    0xE7, 0x5F, 0x3B, 0x73, 0x4A, 0x77, 0xB1, 0x96, 0x46, 0xBD, 0xB4, 0x47, 0x27, 0xA9, 0x69, 0x41,
    0x2D, 0x75, 0xDF, 0xCE, 0x20, 0x85, 0x43, 0xF3, 0x88, 0x17, 0xF3, 0x24, 0xF0, 0xF4, 0x7F, 0xD5,
    0x5B, 0xBF, 0x93, 0xE5, 0xC4, 0x11, 0x1E, 0x49, 0xB5, 0xF7, 0x5C, 0xAB, 0x40, 0x04, 0x26, 0xF0,
    0x11, 0x28, 0x66, 0x5D, 0x46, 0x99, 0xCB, 0xE5, 0xA2, 0x4E, 0x32, 0x81, 0x09, 0x08, 0x7C, 0xC1,
    0x2D, 0x0E, 0x08, 0x48, 0x5D, 0x04, 0xDE, 0x7F, 0x00, 0x23, 0x99, 0x0B, 0x1C, 0x10, 0x78, 0x13,
    0xF2, 0x0D, 0x2E, 0x58, 0xD6, 0xC1, 0x39, 0xC4, 0x55, 0x87, 0xA5, 0xE2, 0x02, 0x07, 0x04, 0x96,
    0xA1, 0x5C, 0xCE, 0x8C, 0x5C, 0x05, 0xC9, 0x11, 0x20, 0xEC, 0x47, 0x59, 0x2C, 0x92, 0xC6, 0xFD,
    0x7D, 0x3D, 0x7A, 0x3F, 0xF6, 0xDD, 0x71, 0x6B, 0xD8, 0x5F, 0x77, 0xEC, 0x76, 0xEF, 0x7B, 0x6F,
    0xDE, 0x68, 0xE6, 0x9B, 0x9E, 0xEE, 0xAF, 0x7B, 0x06, 0xE3, 0x59, 0x5B, 0x1B, 0x63, 0xD6, 0xD5,
    0x89, 0x7F, 0x61, 0x4F, 0x15, 0x8D, 0x54, 0x89, 0xA5, 0x4A, 0x6D, 0x06, 0x75, 0xC3, 0x16, 0x50,
    0xF7, 0x6C, 0x05, 0xD5, 0x69, 0x2F, 0xF3, 0xB2, 0x11, 0x15, 0xB4, 0x69, 0x0B, 0xD5, 0xA4, 0x73,
    0x51, 0xB3, 0x3A, 0x41, 0x37, 0x51, 0x15, 0x51, 0x15, 0xEC, 0x2D, 0xC9, 0x42, 0xCB, 0xBE, 0x2C,
    0x54, 0x2E, 0x4A, 0x7A, 0x7B, 0xCF, 0xF8, 0xE8, 0x4D, 0x9A, 0x89, 0xF2, 0x3A, 0x51, 0x8D, 0xF4,
    0x65, 0x4C, 0xD9, 0x52, 0xE5, 0x73, 0x13, 0x41, 0xF5, 0x46, 0x5A, 0x47, 0xD6, 0x56, 0xF2, 0x03,
    0x25, 0x2F, 0xE5, 0xED, 0xA5, 0xE0, 0x3F, 0xEF, 0x96, 0x9B, 0x54, 0x68, 0x6D, 0x67, 0xA2, 0x3E,
    0x1A, 0x4C, 0x34, 0x0F, 0x47, 0x13, 0xB6, 0x33, 0x79, 0xE2, 0x4D, 0x08, 0x03, 0x71, 0xFD, 0xAE,
    0x15, 0x2D, 0xA3, 0x88, 0xC7, 0x57, 0xAC, 0x49, 0xE7, 0xF2, 0x5E, 0x8E, 0x26, 0xA5, 0x8A, 0x10,
    0x2F, 0x23, 0xF9, 0xA0, 0xCB, 0xAD, 0x00, 0xF0, 0x1F, 0x2B, 0x6F, 0xBF, 0x2F, 0x0F, 0xB9, 0xC5,
    0x67, 0xEC, 0x9B, 0x03, 0x51, 0x7E, 0xEB, 0xE3, 0xA9, 0xDE, 0xF0, 0x0C, 0x26, 0x6F, 0xAC, 0x22,
    0xE2, 0x60, 0x0A, 0x3B, 0xF3, 0xA4, 0xE2, 0xEA, 0x15, 0x32, 0xC1, 0xA0, 0x95, 0x26, 0xFE, 0x10,
    0x37, 0x6E, 0x62, 0xA9, 0x5D, 0x9B, 0xD4, 0x45, 0xC0, 0xFC, 0xA4, 0x98, 0x21, 0x46, 0xDA, 0xE8,
    0xD8, 0x38, 0x34, 0x53, 0x2A, 0x46, 0xE3, 0x9A, 0xB2, 0x0F, 0xA8, 0x72, 0x9D, 0x45, 0x3C, 0x9E,
    0x3F, 0x86, 0x21, 0x30, 0x49, 0x17, 0x43, 0x18, 0x68, 0xAB, 0x1C, 0xCA, 0x3B, 0x18, 0x24, 0x71,
    0xE0, 0xEB, 0x1D, 0x58, 0x73, 0x09, 0xCC, 0x30, 0x9B, 0x00, 0x1F, 0x84, 0x73, 0x82, 0xB5, 0x6A,
    0xBC, 0x1C, 0x6A, 0x6C, 0x6D, 0x6F, 0xCA, 0x79, 0x6C, 0x7D, 0x5B, 0x04, 0x56, 0x9E, 0xEF, 0x5B,
    0x19, 0xB6, 0x37, 0xC4, 0x82, 0xDA, 0x01, 0x81, 0x4E, 0x29, 0xBA, 0x6F, 0x14, 0x68, 0xC2, 0xC6,
    0x71, 0xEF, 0xD6, 0xD7, 0xC3, 0x7A, 0x84, 0x81, 0x3C, 0x21, 0x35, 0x76, 0x7C, 0x65, 0x94, 0x89,
    0x08, 0x26, 0x3E, 0xBD, 0xD3, 0x16, 0xAC, 0xE1, 0xFA, 0xA1, 0x7C, 0x6F, 0xCE, 0x11, 0xFA, 0xD2,
    0x34, 0x90, 0x7E, 0xC2, 0x7A, 0x69, 0x8B, 0xB9, 0xAD, 0x03, 0xF9, 0x46, 0x34, 0x44, 0x43, 0xDC,
    0xCD, 0x86, 0xB4, 0x0D, 0x7A, 0xF9, 0x6D, 0x73, 0x2C, 0x98, 0x2E, 0xE1, 0xE2, 0x17, 0xAF, 0x61,
    0x20, 0xD2, 0xDB, 0xF7, 0x64, 0x10, 0x3F, 0x8A, 0xEC, 0xCB, 0x3D, 0xBE, 0x6B, 0x4A, 0x79, 0x18,
    0xFA, 0x32, 0xD7, 0xF6, 0x31, 0xBE, 0xC5, 0x48, 0x29, 0xE2, 0x76, 0x63, 0x37, 0x5F, 0x2A, 0x20,
    0xBE, 0x58, 0x1C, 0x2C, 0x1A, 0x86, 0x24, 0x0F, 0x5C, 0xF3, 0x37, 0x67, 0x0D, 0xC8, 0x76, 0xE6,
    0xEF, 0x9B, 0xA8, 0x8E, 0x2A, 0x81, 0x3D, 0x17, 0x13, 0xB7, 0xB0, 0x90, 0x92, 0xD3, 0x6A, 0xAF,
    0x0A, 0x20, 0x32, 0xC2, 0x3B, 0xC1, 0x5C, 0xF6, 0xE9, 0x18, 0x4B, 0x0B, 0xD9, 0xCE, 0x70, 0x17,
    0x51, 0x7F, 0x3E, 0x80, 0x5C, 0x2B, 0x3C, 0xD9, 0x32, 0xB3, 0x36, 0x6C, 0xB1, 0xA5, 0x52, 0xB8,
    0x80, 0x92, 0xFB, 0x3A, 0xE5, 0x7E, 0x8A, 0x4F, 0xF8, 0x7E, 0x71, 0x33, 0xC7, 0xEA, 0x6C, 0xE6,
    0x32, 0xE0, 0x4F, 0xF7, 0xA4, 0x29, 0x06, 0x23, 0x01, 0xAC, 0x36, 0xB2, 0x51, 0x31, 0xA5, 0x8E,
    0xB2, 0x87, 0x8C, 0x07, 0x48, 0x99, 0xF2, 0x52, 0xDA, 0x47, 0xC8, 0x71, 0xD9, 0x3E, 0xE9, 0x97,
    0x3D, 0xE4, 0xEC, 0x53, 0xBC, 0x17, 0x9F, 0xE2, 0xD9, 0x5A, 0x9E, 0x88, 0xA7, 0x77, 0x90, 0x23,
    0x7C, 0xD4, 0xD3, 0xBB, 0xD9, 0x2E, 0x07, 0x56, 0x63, 0xD8, 0xCF, 0xD8, 0x9A, 0x1E, 0xC2, 0xFE,
    0x8D, 0x78, 0xD9, 0x0F, 0xE7, 0x54, 0x1F, 0x69, 0x58, 0xC3, 0x2E, 0xDB, 0xA2, 0xF2, 0x2C, 0xFD,
    0xEC, 0xCC, 0x8E, 0x50, 0xD1, 0xF8, 0x2A, 0x54, 0xD2, 0x63, 0x4D, 0x04, 0x2B, 0x8F, 0x8A, 0x8F,
    0x76, 0x23, 0x00, 0x98, 0x8F, 0x54, 0xAE, 0x49, 0x3A, 0x29, 0x7E, 0x3D, 0xE9, 0x82, 0xA9, 0xEB,
    0x16, 0x0F, 0xB2, 0x08, 0x3B, 0xF2, 0x58, 0x46, 0x9F, 0xAD, 0xEC, 0xBB, 0x82, 0x79, 0xDD, 0x1E,
    0xEF, 0x47, 0xD2, 0xA7, 0x6D, 0x22, 0xBB, 0xC3, 0xBF, 0xCF, 0x08, 0x4C, 0xC5, 0x52, 0xA1, 0x5C,
    0x80, 0x46, 0x19, 0x30, 0xC4, 0xA8, 0xD4, 0x77, 0x14, 0x4B, 0x3B, 0x17, 0xA9, 0x48, 0x2A, 0x90,
    0x3A, 0x75, 0xC5, 0x41, 0x9F, 0xA9, 0xB2, 0xDC, 0x90, 0xAB, 0x9F, 0x6A, 0xFB, 0x94, 0xDF, 0x8D,
    0x89, 0x5A, 0x48, 0xD0, 0x1C, 0x66, 0x0A, 0x59, 0xC4, 0x87, 0xAF, 0xCA, 0x75, 0xE3, 0x94, 0xFD,
    0xAC, 0x52, 0xF0, 0x7C, 0x79, 0xE4, 0x28, 0xDF, 0xA0, 0xBC, 0xB1, 0x22, 0x9F, 0x5E, 0x9D, 0xD5,
    0x42, 0x3E, 0x38, 0x2A, 0x40, 0x10, 0x38, 0xA3, 0x63, 0xFE, 0xBD, 0xD9, 0x66, 0x5D, 0x46, 0xD5,
    0x52, 0xC6, 0x15, 0x67, 0x5B, 0xE0, 0xE9, 0xD6, 0x49, 0xD9, 0x49, 0x13, 0xA1, 0x2B, 0x97, 0xAC,
    0xEE, 0x26, 0x43, 0x67, 0x01, 0x20, 0xE7, 0x26, 0x1C, 0xC2, 0x41, 0x36, 0x59, 0x20, 0x0B, 0xD1,
    0x52, 0x88, 0xAB, 0xC9, 0x29, 0xD0, 0x41, 0x29, 0xA2, 0x2A, 0x8F, 0x8F, 0x8E, 0x32, 0x86, 0x34,
    0x6C, 0x66, 0xF5, 0x53, 0x62, 0x17, 0xDB, 0xF0, 0x27, 0xB1, 0x60, 0xF4, 0x76, 0x09, 0xD7, 0xD1,
    0xA3, 0xD3, 0x46, 0xFD, 0x83, 0x84, 0x18, 0x82, 0x55, 0xAA, 0xD5, 0xB7, 0x4B, 0xC9, 0xFD, 0x7D,
    0x95, 0x11, 0xF3, 0x3F, 0x41, 0xC4, 0x1E, 0xB9, 0xBA, 0x93, 0x98, 0xF5, 0xEB, 0xB1, 0xEA, 0xFC,
    0x01, 0xBC, 0x72, 0xB0, 0x4C, 0xB4, 0x4C, 0x59, 0x59, 0xB9, 0x42, 0xC6, 0x54, 0xDA, 0xA3, 0x25,
    0x21, 0x23, 0x1F, 0x3B, 0x67, 0x8C, 0x72, 0x3C, 0x08, 0xCB, 0xE2, 0x43, 0x80, 0xC1, 0x98, 0x80,
    0x2F, 0xD1, 0xC4, 0x50, 0x80, 0x74, 0x3C, 0x6B, 0xB6, 0x65, 0xEC, 0x49, 0x95, 0x8A, 0x0C, 0x5B,
    0x0C, 0x35, 0xB0, 0xFD, 0xD2, 0x1A, 0xCB, 0xFA, 0x6A, 0x5B, 0x23, 0x02, 0xB1, 0x4C, 0x2E, 0x90,
    0x18, 0x82, 0x50, 0xCC, 0x58, 0x2C, 0xA4, 0x60, 0x49, 0xE7, 0x2F, 0x68, 0x3B, 0x6B, 0x92, 0xA6,
    0x39, 0x9A, 0x4B, 0xD1, 0x94, 0xAC, 0x6B, 0x02, 0xB1, 0x99, 0x9F, 0x95, 0x16, 0x9C, 0x52, 0x9E,
    0x96, 0x99, 0xBC, 0xF3, 0x6D, 0xED, 0x49, 0xEB, 0xB2, 0x91, 0x01, 0x99, 0xB4, 0x01, 0x01, 0x49,
    0x2B, 0xF0, 0xAC, 0x67, 0x95, 0x96, 0x28, 0x43, 0x51, 0xB2, 0x72, 0x52, 0x6E, 0xED, 0xDE, 0x4A,
    0x11, 0x1D, 0x46, 0x91, 0x89, 0x1D, 0xA4, 0xA5, 0x67, 0x1B, 0x7C, 0xCB, 0xD6, 0x12, 0x5E, 0x44,
    0x46, 0x5C, 0xA3, 0x19, 0x23, 0x97, 0xAF, 0x91, 0xAB, 0x64, 0xCC, 0x8A, 0xB9, 0x12, 0x42, 0xA3,
    0xBE, 0xC2, 0x04, 0x76, 0x39, 0x89, 0x6F, 0x4E, 0xC5, 0xBC, 0x4C, 0xC0, 0x94, 0xB4, 0xA4, 0xB4,
    0xA5, 0x00, 0x68, 0x8F, 0x3B, 0x49, 0x23, 0xFA, 0x83, 0x68, 0x3E, 0x1B, 0x4C, 0xD2, 0x0A, 0x93,
    0x5F, 0x8A, 0x78, 0x2E, 0x22, 0xEA, 0x64, 0x11, 0x66, 0xE3, 0x5E, 0x87, 0x87, 0x48, 0x7F, 0xE5,
    0x57, 0x86, 0xB9, 0x8D, 0x89, 0x1A, 0x3A, 0x8E, 0xF1, 0x00, 0x01, 0xC2, 0x32, 0x5E, 0x55, 0x3E,
    0x46, 0x93, 0x8C, 0x7F, 0xB0, 0x4D, 0x59, 0x08, 0x06, 0xF2, 0xD4, 0x04, 0x22, 0xAD, 0x81, 0x50,
    0x95, 0x7F, 0xF2, 0x8C, 0xC5, 0x80, 0xA5, 0xAB, 0x92, 0x61, 0xD0, 0xE7, 0x66, 0x53, 0xCA, 0x15,
    0x73, 0x87, 0x45, 0xC3, 0x23, 0x33, 0xE1, 0x2B, 0x8A, 0xB7, 0x4E, 0x82, 0x73, 0xC0, 0x57, 0x55,
    0xAC, 0x51, 0xEB, 0xAB, 0x83, 0xF7, 0x15, 0x46, 0x71, 0x2A, 0x77, 0x90, 0x47, 0x46, 0x74, 0x5B,
    0x11, 0xFD, 0x47, 0xCC, 0x50, 0x9A, 0xF0, 0xD3, 0xEF, 0x53, 0x6E, 0x9B, 0x29, 0x49, 0xFD, 0xF3,
    0x94, 0xA4, 0xD2, 0x29, 0x06, 0xFD, 0xD5, 0xC2, 0x5B, 0x9C, 0x9B, 0xB4, 0x9F, 0x8B, 0x42, 0x26,
    0xE0, 0x8B, 0x2F, 0x4E, 0xAC, 0xFA, 0xC3, 0x61, 0x52, 0x3B, 0xE2, 0x4D, 0xEF, 0x8E, 0x77, 0xE0,
    0xB0, 0xC4, 0x17, 0xB9, 0x57, 0xEB, 0x4D, 0xE0, 0x70, 0xEF, 0x0E, 0xF4, 0xB8, 0x76, 0xA0, 0xCB,
    0xBD, 0x3B, 0x98, 0x93, 0x4D, 0x4E, 0xAB, 0x3C, 0x0C, 0x62, 0x3C, 0x31, 0xB2, 0xA7, 0x77, 0xD5,
    0x2A, 0x10, 0xFE, 0xF6, 0x28, 0x83, 0x15, 0x59, 0x2A, 0x2A, 0x94, 0x8B, 0xF7, 0x9F, 0x82, 0x7C,
    0x8B, 0xDE, 0x38, 0x97, 0x2E, 0x03, 0x92, 0xDB, 0xC0, 0x36, 0x62, 0x02, 0xC2, 0x78, 0x63, 0xCA,
    0x08, 0xB2, 0xF8, 0x3F, 0x25, 0x4C, 0x2F, 0xB7, 0x7D, 0x64, 0x6B, 0x95, 0x82, 0xBF, 0x20, 0x3A,
    0x62, 0x1D, 0x56, 0xC3, 0x17, 0x02, 0x47, 0xE1, 0x93, 0xF5, 0x35, 0x1A, 0x68, 0xBE, 0xE3, 0x2F,
    0x80, 0x91, 0x3E, 0xB3, 0x94, 0xE1, 0xA3, 0xD5, 0x9F, 0x69, 0xBB, 0x64, 0x82, 0xCD, 0x0C, 0xA9,
    0xE9, 0xE3, 0x7F, 0x66, 0xB6, 0x92, 0x81, 0x97, 0xB6, 0x3F, 0xEF, 0x41, 0x72, 0x5F, 0xE4, 0xCA,
    0x0E, 0xFC, 0xE9, 0xD7, 0x1E, 0x4A, 0xBB, 0x41, 0xD3, 0xE0, 0x3F, 0x09, 0x9A, 0x99, 0x0E, 0xCA,
    0xB3, 0xAB, 0x2E, 0xF4, 0xDB, 0xCC, 0x46, 0x9E, 0xE4, 0xF5, 0xD8, 0x16, 0xA1, 0xFE, 0x8C, 0x07,
    0x81, 0x44, 0x61, 0x89, 0xAE, 0xCF, 0x69, 0x05, 0xC8, 0x9B, 0x66, 0x58, 0x16, 0x27, 0x99, 0xC6,
    0x39, 0x2F, 0xD5, 0xB7, 0x5C, 0x1B, 0xB1, 0x58, 0xE3, 0x14, 0xC6, 0x06, 0x9E, 0x40, 0x5A, 0x42,
    0x35, 0x92, 0xB6, 0xF8, 0x1D, 0xD5, 0x8C, 0x34, 0xA0, 0x8E, 0x0B, 0xAA, 0x54, 0x29, 0x8D, 0x92,
    0xAB, 0x8F, 0x54, 0x7D, 0xAC, 0x79, 0x9A, 0xF2, 0x47, 0xAB, 0x8C, 0xC1, 0x7E, 0x41, 0xF3, 0x91,
    0x64, 0x59, 0x7B, 0x61, 0x96, 0x2F, 0xAE, 0xC3, 0x52, 0x45, 0xB6, 0xD0, 0x14, 0xB4, 0x56, 0xCF,
    0xD8, 0x72, 0x52, 0x02, 0x73, 0xCA, 0x61, 0x55, 0x50, 0x33, 0x5B, 0x9D, 0x0C, 0x7F, 0xBE, 0xEE,
    0x01, 0xE7, 0xE7, 0x02, 0xBA, 0x4A, 0x33, 0x53, 0x33, 0x0D, 0xB5, 0xF5, 0x96, 0x61, 0x76, 0xF9,
    0x4D, 0x1B, 0xFA, 0x61, 0xF2, 0xB7, 0x74, 0x70, 0x2A, 0x8B, 0xB4, 0xA5, 0xC4, 0xE6, 0x2E, 0x46,
    0x7C, 0x7A, 0xBB, 0xE3, 0x76, 0x6F, 0x21, 0xF7, 0x28, 0x4B, 0xBE, 0x03, 0x53, 0x0B, 0xEC, 0xE7,
    0x4C, 0x56, 0x6F, 0xD3, 0x19, 0xBC, 0x29, 0x33, 0x92, 0x6F, 0xD1, 0x25, 0x14, 0x79, 0x87, 0x49,
    0x88, 0xBB, 0xE1, 0x56, 0xAE, 0x04, 0x78, 0xEF, 0xE4, 0xC9, 0x41, 0x4C, 0x02, 0x90, 0x68, 0x15,
    0xBC, 0x58, 0xF8, 0x75, 0xF3, 0xFA, 0x8A, 0xBB, 0x67, 0xA9, 0x91, 0xC6, 0x23, 0x4B, 0xC5, 0xE1,
    0x0E, 0xCB, 0x18, 0x11, 0x17, 0x66, 0x83, 0xDB, 0x16, 0x93, 0xF4, 0x5D, 0x4A, 0x56, 0x9F, 0xB1,
    0xF4, 0x33, 0xC8, 0x19, 0xE3, 0x59, 0xB8, 0xCA, 0x6D, 0x8B, 0x87, 0x65, 0x5A, 0x47, 0x5A, 0x8C,
    0x42, 0x85, 0x27, 0xC5, 0x7A, 0x1B, 0x16, 0x8A, 0xB1, 0x46, 0x58, 0xA1, 0x3D, 0xE2, 0x76, 0xB6,
    0xBF, 0x30, 0x9D, 0x1C, 0x25, 0x35, 0xB5, 0xA8, 0xAB, 0x85, 0xC7, 0xFA, 0x6A, 0x55, 0x4B, 0xC9,
    0x5C, 0x47, 0x43, 0xBA, 0x51, 0x0B, 0xBF, 0xA9, 0xB6, 0x2C, 0x30, 0xED, 0x9D, 0x6E, 0x87, 0x3F,
    0xDE, 0x8F, 0xB9, 0xC2, 0x3A, 0xAA, 0xDA, 0x3E, 0x1D, 0x5A, 0x50, 0x83, 0x30, 0x00, 0x9F, 0x5D,
    0x4A, 0xF5, 0x07, 0xE4, 0x2D, 0x1E, 0x99, 0x4C, 0x40, 0xD7, 0x10, 0x34, 0x17, 0x8A, 0x92, 0xCC,
    0xFA, 0x56, 0x69, 0x6F, 0xF7, 0x7B, 0xB2, 0xF7, 0x64, 0x6F, 0x49, 0x8E, 0xF3, 0x96, 0x78, 0x8B,
    0xDF, 0x17, 0x97, 0x6A, 0x1D, 0x7F, 0x84, 0xFC, 0x07, 0xDD, 0x1A, 0xDF, 0xD2, 0x90, 0xCC, 0x6F,
    0xE9, 0xC6, 0x0E, 0x29, 0xB5, 0xAA, 0xF5, 0xFC, 0xB7, 0x9C, 0x77, 0x96, 0x8B, 0xCB, 0xB0, 0x55,
    0x00, 0xAE, 0xB5, 0xF9, 0xF3, 0x4F, 0xDF, 0x8E, 0x3E, 0xB8, 0x14, 0x1A, 0xC4, 0x70, 0x94, 0xD5,
    0x8F, 0x37, 0x9A, 0x05, 0x78, 0x7F, 0xC8, 0x39, 0x3C, 0xFF, 0x68, 0xED, 0x3C, 0x48, 0x69, 0x79,
    0x5A, 0x3B, 0x2B, 0x20, 0x5D, 0xDC, 0xCC, 0x35, 0x90, 0x7F, 0xA6, 0x42, 0x66, 0x50, 0x26, 0xB3,
    0x2D, 0x70, 0xF1, 0x07, 0xCD, 0xB6, 0x7B, 0x9D, 0x35, 0x0E, 0x7A, 0x2C, 0xD5, 0xD7, 0x02, 0x66,
    0x87, 0xC3, 0xA4, 0x86, 0xAA, 0x9C, 0x53, 0x09, 0x0D, 0x82, 0x8A, 0x2C, 0xD5, 0xCC, 0x66, 0x50,
    0x32, 0x32, 0x28, 0x01, 0x8C, 0x2A, 0xEF, 0xA8, 0x92, 0x81, 0x2A, 0xB2, 0x54, 0x81, 0x2A, 0x4F,
    0x95, 0x71, 0x4A, 0xE8, 0x35, 0x6C, 0x31, 0x06, 0xD7, 0x6E, 0x90, 0x5B, 0xA4, 0x70, 0xB0, 0x1C,
    0xF7, 0xD1, 0x3E, 0xD1, 0xAF, 0xE8, 0xC5, 0x39, 0x53, 0xBE, 0x1D, 0xD7, 0x4B, 0x5F, 0xEA, 0xFE,
    0xB1, 0xDC, 0x12, 0x72, 0x66, 0xF8, 0x3A, 0xEA, 0x88, 0x67, 0x43, 0xD9, 0x1E, 0x4E, 0xDC, 0x9E,
    0x20, 0x0C, 0xD7, 0xAB, 0x5E, 0x6A, 0x29, 0xBE, 0x8B, 0xB1, 0xDA, 0x20, 0xD0, 0x18, 0x3B, 0xAB,
    0xA6, 0x04, 0xE3, 0x32, 0x10, 0x5D, 0x1F, 0x67, 0x52, 0xAF, 0xF8, 0x4F, 0x0E, 0xE8, 0x0D, 0xBE,
    0x7F, 0x6F, 0xE1, 0x39, 0x8D, 0xB9, 0x63, 0x76, 0xD4, 0xA5, 0x32, 0x60, 0xA6, 0xF7, 0x3B, 0xAD,
    0xEC, 0x72, 0x32, 0x8E, 0x5E, 0xF8, 0x36, 0x7B, 0x62, 0xAD, 0xFF, 0xBA, 0xB9, 0x86, 0x3A, 0x51,
    0x05, 0xFA, 0x30, 0x9B, 0xDB, 0x45, 0x59, 0xCC, 0x58, 0x32, 0xA3, 0xBC, 0xB9, 0x3C, 0xEB, 0x97,
    0xC1, 0x1D, 0xC0, 0xF3, 0xA4, 0x1F, 0x62, 0x58, 0xE5, 0x6D, 0x0C, 0x6B, 0x04, 0x63, 0x09, 0x3A,
    0x8C, 0x36, 0x68, 0xD2, 0x93, 0xD4, 0x8E, 0x2E, 0x98, 0xE7, 0x53, 0x32, 0xFC, 0x10, 0x51, 0x48,
    0xDC, 0x63, 0x85, 0xD4, 0xB9, 0xD4, 0xA4, 0xBC, 0xC5, 0xB1, 0x56, 0xDA, 0x81, 0xDA, 0x27, 0x7D,
    0xAA, 0xB2, 0x43, 0xB9, 0x61, 0x45, 0x8E, 0x2B, 0x72, 0x7A, 0x7F, 0xA5, 0xBD, 0xF6, 0x80, 0x6C,
    0x30, 0xC5, 0x11, 0x30, 0x93, 0xFE, 0x02, 0xF4, 0xDD, 0x36, 0x78, 0x50, 0xC2, 0x72, 0x98, 0x1E,
    0x8F, 0x99, 0x2D, 0x98, 0xD0, 0xB5, 0xC3, 0x9D, 0x42, 0x3C, 0x4A, 0x59, 0xB9, 0x34, 0x17, 0xF3,
    0x18, 0x41, 0x38, 0xBB, 0xA8, 0x5A, 0x41, 0x96, 0x25, 0xB4, 0x00, 0xDF, 0x8E, 0x06, 0xF1, 0x42,
    0xB2, 0x52, 0xE2, 0x81, 0xE7, 0x10, 0xC2, 0xAC, 0x9B, 0x1C, 0xF4, 0x5A, 0x44, 0xDE, 0x96, 0x0B,
    0x91, 0x3B, 0x51, 0xB6, 0x6C, 0xC2, 0xC6, 0xFC, 0x5A, 0x88, 0x0E, 0x7C, 0x32, 0xCB, 0x95, 0x32,
    0xFB, 0x12, 0x24, 0x26, 0x9A, 0x89, 0xA6, 0xCB, 0x04, 0xEA, 0xED, 0x5F, 0xF6, 0x3C, 0x35, 0x2C,
    0x4C, 0x3F, 0x23, 0x7B, 0x35, 0xBD, 0xC0, 0x45, 0xCD, 0x55, 0x2D, 0xCC, 0xAD, 0x44, 0xB5, 0x49,
    0x27, 0xDD, 0xAD, 0xE8, 0x07, 0x47, 0xAA, 0x11, 0x82, 0xF4, 0x75, 0xB6, 0xF6, 0xF9, 0xEA, 0xF7,
    0x9C, 0x76, 0xFD, 0x22, 0x9F, 0x86, 0x4E, 0x42, 0x7D, 0x6E, 0xAA, 0x5C, 0x03, 0x67, 0x8D, 0x02,
    0xA7, 0xE0, 0xEA, 0xC6, 0x69, 0xDD, 0xB8, 0xAD, 0x03, 0x55, 0x27, 0xA5, 0xB0, 0x49, 0x42, 0x00,
    0xC2, 0x6C, 0x3B, 0x1E, 0xE7, 0xCB, 0xDC, 0x47, 0xD6, 0x35, 0x3D, 0xDB, 0xA3, 0xAA, 0x29, 0xA8,
    0xCC, 0x65, 0x83, 0x02, 0x22, 0x2D, 0x70, 0x8A, 0x16, 0xA3, 0x00, 0x78, 0xAC, 0x70, 0xAE, 0x68,
    0x14, 0x3B, 0x09, 0xAA, 0xD6, 0x3B, 0x4B, 0x57, 0xF2, 0x2C, 0xB1, 0x13, 0xD0, 0x4F, 0x67, 0xAE,
    0x71, 0x5D, 0x06, 0xD4, 0x3E, 0xE5, 0x39, 0xAE, 0xFC, 0xD9, 0x39, 0xA4, 0x65, 0x1C, 0xAD, 0x8E,
    0x4B, 0x6B, 0x31, 0x0C, 0x2B, 0xFE, 0x46, 0x58, 0x51, 0xA7, 0x73, 0x63, 0x93, 0x72, 0x6B, 0xB5,
    0x83, 0x87, 0xAB, 0xFF, 0xCA, 0x5D, 0xD1, 0x27, 0x5B, 0x1C, 0xB2, 0xF9, 0x1B, 0x32, 0x70, 0x52,
    0x50, 0xAA, 0x61, 0x89, 0xF6, 0x53, 0x9C, 0x0D, 0xBB, 0xA2, 0x32, 0x33, 0x28, 0xC9, 0x9C, 0x48,
    0xB9, 0x34, 0x33, 0x4B, 0x49, 0xC5, 0x12, 0x2D, 0x2A, 0x59, 0xED, 0xBF, 0x98, 0x8E, 0xD7, 0x04,
    0x93, 0x16, 0x19, 0x53, 0x89, 0x63, 0x3A, 0x83, 0xEE, 0x76, 0xEE, 0x4C, 0x65, 0xDF, 0xC5, 0xED,
    0x84, 0x19, 0x6F, 0x27, 0xAC, 0xA4, 0x54, 0x37, 0x4D, 0x3A, 0x86, 0x96, 0xFE, 0x40, 0xB6, 0x59,
    0x0E, 0xDA, 0xD0, 0x42, 0xD4, 0xB9, 0x64, 0xCD, 0xD5, 0x4F, 0xB0, 0xA9, 0x5D, 0x7E, 0x74, 0x2A,
    0x81, 0x6C, 0x1C, 0xCE, 0x31, 0xE7, 0x61, 0x99, 0x2B, 0xC8, 0x17, 0xF0, 0xCC, 0xD1, 0xA9, 0x0A,
    0xF2, 0x57, 0x0A, 0x41, 0x7F, 0xDF, 0x1C, 0x1A, 0x9F, 0x05, 0x79, 0x8B, 0x32, 0x58, 0x8A, 0xFE,
    0x78, 0x46, 0x14, 0x0E, 0x17, 0x84, 0xA0, 0xD9, 0x7E, 0x67, 0x2A, 0xAB, 0xB2, 0x74, 0x5F, 0x56,
    0xEE, 0x10, 0xC6, 0x5F, 0xBF, 0x55, 0xB1, 0xA7, 0x1B, 0xA8, 0x47, 0x1D, 0x4F, 0x76, 0x1C, 0xCA,
    0x98, 0xA9, 0xCC, 0xC8, 0xE4, 0x95, 0xB4, 0x96, 0x10, 0x70, 0x80, 0x4B, 0x38, 0xD2, 0x07, 0xAF,
    0xAE, 0x00, 0x90, 0x08, 0x75, 0xCF, 0xC0, 0x15, 0xB5, 0x7A, 0x16, 0x42, 0xA7, 0x64, 0x39, 0xB4,
    0xD5, 0x16, 0xC8, 0x54, 0x0A, 0xBB, 0x81, 0x7F, 0xAC, 0xA4, 0xA9, 0x08, 0x41, 0x5A, 0x36, 0x57,
    0xE0, 0xEE, 0x0F, 0xCC, 0xE8, 0xAA, 0x75, 0x2B, 0xBF, 0x76, 0x40, 0x8A, 0x8B, 0x3D, 0x82, 0xA3,
    0x0A, 0x60, 0x95, 0xB8, 0x80, 0xBA, 0x95, 0xC9, 0x52, 0xA2, 0x78, 0x25, 0xFD, 0xC9, 0x7F, 0x65,
    0x16, 0x57, 0x12, 0x2C, 0x0A, 0x16, 0x49, 0xE0, 0xCF, 0x25, 0x48, 0x25, 0x4C, 0xF3, 0x49, 0xC7,
    0x1B, 0xD0, 0xEF, 0xE7, 0x65, 0xAA, 0x03, 0xED, 0x25, 0x6A, 0x65, 0xDB, 0x4B, 0xCE, 0x62, 0xB3,
    0x18, 0x63, 0xDC, 0xCD, 0x2E, 0x79, 0xB6, 0xB3, 0x7A, 0x22, 0x43, 0xBC, 0x62, 0x64, 0xF2, 0xCC,
    0xD1, 0x8E, 0xA7, 0x70, 0x46, 0x06, 0x7B, 0xE5, 0x4D, 0x9B, 0x33, 0x9D, 0xF4, 0xAF, 0x33, 0x65,
    0xEA, 0xC9, 0x5C, 0x4B, 0x1E, 0x42, 0xC9, 0xBC, 0x17, 0xE1, 0x7A, 0x5B, 0xD6, 0x01, 0x4E, 0x67,
    0xA3, 0x97, 0x6C, 0x21, 0x3B, 0x42, 0x51, 0x84, 0xA0, 0x14, 0x61, 0x6B, 0xD5, 0x03, 0x60, 0xFF,
    0x4F, 0xC4, 0xE4, 0xAC, 0x2D, 0xE4, 0x51, 0x4E, 0xC7, 0x7B, 0xB8, 0xD3, 0x61, 0xD1, 0xB9, 0x76,
    0x72, 0xD7, 0x7E, 0xB9, 0x57, 0xDF, 0x43, 0xE4, 0xA2, 0x0C, 0x9A, 0x9E, 0xF2, 0x5D, 0x91, 0x7E,
    0xED, 0xAA, 0x2F, 0x67, 0x2D, 0x5B, 0xF5, 0x7C, 0xD5, 0x24, 0x19, 0x14, 0xC1, 0x35, 0xB1, 0xDA,
    0x42, 0xB9, 0x93, 0x17, 0x1B, 0x93, 0xFE, 0xA2, 0x32, 0x65, 0x26, 0x53, 0xC8, 0x80, 0x13, 0x8E,
    0xF7, 0x8A, 0x1F, 0xDA, 0x23, 0xF1, 0x2F, 0x58, 0xA1, 0xD3, 0xFC, 0x16, 0xF4, 0x2C, 0xBE, 0x7D,
    0x50, 0xF0, 0x24, 0x0C, 0xE4, 0xD6, 0x1D, 0x25, 0xCE, 0x15, 0x04, 0xE5, 0x8A, 0xAA, 0x4E, 0xC0,
    0xE3, 0x59, 0x94, 0x17, 0xA1, 0x24, 0xB0, 0x37, 0xA8, 0x38, 0xC1, 0xF7, 0xCE, 0x6A, 0x26, 0x5C,
    0xE7, 0xAF, 0xC2, 0x6A, 0x3A, 0x3D, 0x45, 0x3C, 0x4F, 0xC0, 0x40, 0x46, 0xCF, 0x5D, 0xC8, 0xD0,
    0x75, 0x55, 0x20, 0x95, 0x23, 0x69, 0x85, 0x7C, 0x55, 0xAE, 0x05, 0x98, 0x17, 0x98, 0xED, 0x43,
    0x4A, 0x5C, 0x21, 0x23, 0xCA, 0xC8, 0x63, 0xB2, 0xE8, 0xD4, 0x52, 0x79, 0x8F, 0x4A, 0x09, 0x27,
    0x82, 0x05, 0x83, 0xCA, 0x31, 0x28, 0x44, 0x69, 0x3F, 0xC6, 0x85, 0x14, 0xFB, 0x92, 0x0C, 0xC9,
    0xBB, 0xB9, 0x76, 0x81, 0x75, 0x70, 0x23, 0xA0, 0x7A, 0x3E, 0x64, 0x05, 0xE8, 0x75, 0x4D, 0xA5,
    0xDC, 0x2B, 0xF7, 0xD9, 0x89, 0x7D, 0xFB, 0x24, 0x2E, 0xC2, 0x54, 0x5F, 0x52, 0xE2, 0xD4, 0x32,
    0x67, 0xA4, 0xD7, 0xAC, 0xDE, 0x5D, 0xFC, 0x1D, 0xAC, 0xD6, 0x59, 0x2E, 0x77, 0x89, 0xFC, 0xC3,
    0x9D, 0x7D, 0x9E, 0xB2, 0xE7, 0x15, 0x2B, 0xAA, 0x4C, 0x06, 0xD3, 0xF7, 0xB9, 0x0E, 0xB9, 0xD6,
    0x97, 0xFB, 0xB0, 0x7E, 0xE2, 0x17, 0xE5, 0xE8, 0xE7, 0x87, 0x00, 0x1C, 0x1C, 0x36, 0x18, 0x70,
    0x2B, 0x73, 0x36, 0x47, 0xE2, 0x1C, 0xD5, 0x08, 0x5E, 0x71, 0xD6, 0x5D, 0xF6, 0x42, 0xE0, 0x34,
    0xC3, 0x1D, 0x94, 0xF0, 0x8C, 0xB1, 0xE5, 0x31, 0x28, 0xC2, 0x56, 0x73, 0x21, 0xAA, 0x51, 0xD5,
    0xF2, 0x7A, 0x2C, 0xEE, 0x2C, 0x0B, 0x38, 0xC9, 0x98, 0x89, 0xDF, 0x45, 0xEC, 0xE3, 0x25, 0xE0,
    0x52, 0x01, 0xF5, 0x87, 0xD5, 0x33, 0x07, 0x3D, 0xA0, 0x75, 0x27, 0xB4, 0xAE, 0x8A, 0x6F, 0xE2,
    0xE3, 0x7D, 0x75, 0x47, 0xFA, 0x05, 0xDE, 0xD4, 0xBB, 0x58, 0x44, 0x95, 0x81, 0xF5, 0xCB, 0xFA,
    0x8D, 0x5A, 0xB2, 0xFB, 0x7B, 0x3C, 0x5C, 0x16, 0x0A, 0x72, 0xF5, 0xFA, 0xAF, 0x4D, 0x55, 0xE9,
    0xE9, 0xC8, 0x8F, 0x85, 0x08, 0xBA, 0xA4, 0x7F, 0x3B, 0x9F, 0x94, 0x54, 0x5A, 0x9E, 0x96, 0xE4,
    0x27, 0x2A, 0x1E, 0x76, 0x35, 0x01, 0x86, 0x77, 0x5D, 0x36, 0xC3, 0x88, 0x3F, 0x52, 0x61, 0xC1,
    0x63, 0x84, 0x70, 0x53, 0x9B, 0x94, 0xC9, 0xA0, 0xC4, 0xFC, 0xB8, 0x22, 0x5B, 0x87, 0xBD, 0x92,
    0xBC, 0xB7, 0x92, 0x29, 0x7A, 0x60, 0xDF, 0x1D, 0x0A, 0x75, 0xE0, 0xF5, 0x3D, 0xEF, 0xE0, 0x34,
    0x88, 0xDA, 0xEF, 0xC1, 0xB2, 0x67, 0x9F, 0x8D, 0x98, 0x86, 0x24, 0xEB, 0xF7, 0xAD, 0xD1, 0xDC,
    0xFD, 0xBE, 0x45, 0xBD, 0x32, 0xE9, 0xA3, 0x37, 0xED, 0x0B, 0x73, 0xA4, 0xA2, 0xC9, 0xCF, 0xEC,
    0xFD, 0x16, 0xB9, 0xA8, 0xA4, 0x9D, 0xFC, 0x63, 0xBC, 0x61, 0xEC, 0x5F, 0x1A, 0x10, 0xB5, 0xDF,
    0x98, 0xFC, 0x33, 0x32, 0xF0, 0x7B, 0x4A, 0x8E, 0x02, 0x2E, 0x02, 0x2B, 0xBD, 0xC8, 0xA1, 0x33,
    0x9D, 0x70, 0x64, 0xCD, 0xEA, 0x1F, 0x65, 0xA3, 0xD7, 0xC2, 0x40, 0x8F, 0xF4, 0xA0, 0xC5, 0x6C,
    0xDF, 0x71, 0x18, 0xB8, 0xF2, 0xB9, 0xBB, 0x8F, 0x6E, 0x46, 0xAD, 0x3E, 0x05, 0x73, 0x9E, 0x94,
    0xCB, 0xA6, 0xF4, 0x37, 0x2F, 0x3C, 0xCB, 0x03, 0x7B, 0xBF, 0x89, 0x50, 0x4E, 0xEA, 0x83, 0x36,
    0x62, 0x66, 0x2C, 0xC6, 0x3D, 0x72, 0x5D, 0x3B, 0x83, 0x75, 0xC4, 0x9A, 0xF2, 0x02, 0xBD, 0xF4,
    0xCF, 0xDB, 0xDA, 0xB2, 0x97, 0x71, 0x93, 0xAF, 0xCE, 0x2D, 0xEF, 0xD0, 0x37, 0xC7, 0x36, 0xE0,
    0x75, 0xCF, 0xB9, 0xFD, 0x1D, 0x0C, 0xF3, 0x8B, 0xD6, 0x7E, 0x20, 0x3A, 0xFE, 0x6F, 0x53, 0xFE,
    0x15, 0x59, 0xF8, 0xD7, 0x55, 0xFA, 0x39, 0x0D, 0xAE, 0xD2, 0x5B, 0x2E, 0xB6, 0x48, 0x94, 0xFB,
    0x68, 0xF6, 0x30, 0x69, 0x7F, 0x74, 0xB7, 0x32, 0xAE, 0x1F, 0x2C, 0x2F, 0x31, 0x58, 0xBD, 0x3C,
    0x00, 0x3F, 0x10, 0xB6, 0xB0, 0xE3, 0xA8, 0x98, 0x35, 0x27, 0xD7, 0x35, 0xB4, 0xBD, 0xEC, 0x82,
    0x90, 0x87, 0x58, 0x32, 0x1C, 0x2C, 0x67, 0xCA, 0x25, 0x4C, 0x59, 0xF7, 0xBE, 0x41, 0xF4, 0x7A,
    0x5A, 0x13, 0xCA, 0x55, 0x7D, 0xC0, 0xF5, 0x40, 0x3F, 0xA1, 0x8D, 0x88, 0xFB, 0xAB, 0x19, 0x8B,
    0x17, 0x8B, 0x27, 0xEA, 0x4D, 0x68, 0xA5, 0xCC, 0x8F, 0x91, 0x6C, 0x99, 0xD0, 0x9F, 0x25, 0xBC,
    0xE1, 0xE8, 0x1D, 0x19, 0x97, 0x2D, 0x71, 0x8B, 0x25, 0x1F, 0x48, 0xB3, 0x1C, 0x05, 0xB2, 0x6E,
    0x2D, 0x31, 0x97, 0x6F, 0xD8, 0x81, 0x22, 0x16, 0x00, 0xDA, 0x48, 0x18, 0x23, 0xAA, 0x49, 0x51,
    0x81, 0x02, 0x4D, 0x26, 0xA8, 0x93, 0xC2, 0xF2, 0x9E, 0xD7, 0xEB, 0xC8, 0x95, 0x69, 0x67, 0xD2,
    0x55, 0xF2, 0x25, 0x46, 0xFF, 0x35, 0x69, 0x70, 0xED, 0xCA, 0x84, 0x81, 0x1A, 0xCD, 0xA2, 0x66,
    0x0E, 0x78, 0xBD, 0xC5, 0x85, 0x34, 0xDC, 0x68, 0x16, 0x5A, 0x2D, 0xC0, 0x92, 0xCA, 0xE1, 0xC3,
    0x9F, 0xEE, 0x2F, 0x07, 0x12, 0x10, 0xD7, 0xB0, 0x4B, 0x9B, 0x49, 0xCE, 0xE6, 0xF4, 0x18, 0x99,
    0x67, 0xAE, 0x36, 0xD2, 0x7A, 0x78, 0xC0, 0xDD, 0xC0, 0xEB, 0xD9, 0x3C, 0x36, 0xE0, 0x9D, 0xC0,
    0xEE, 0xE4, 0x6D, 0xBA, 0x5E, 0xC5, 0xDF, 0x77, 0xCB, 0x1E, 0xB8, 0xB6, 0xA9, 0x0C, 0xA2, 0xB9,
    0x81, 0x65, 0xBA, 0xA1, 0xFB, 0x8A, 0x26, 0xC9, 0xAB, 0x34, 0x60, 0x9A, 0x64, 0xE4, 0x5C, 0xC3,
    0x90, 0x85, 0x24, 0x3B, 0x7D, 0x98, 0x77, 0xCE, 0x0B, 0xC1, 0x6F, 0x26, 0x00, 0x3F, 0xC5, 0x87,
    0x29, 0xBE, 0x9E, 0xD3, 0xEB, 0x91, 0xAF, 0x97, 0xBC, 0xBA, 0x67, 0xB6, 0x0F, 0xA7, 0x5D, 0xC9,
    0x94, 0x82, 0xAB, 0x44, 0x83, 0x5E, 0x33, 0x61, 0xDC, 0x5E, 0xC9, 0x62, 0x8A, 0x07, 0x77, 0x25,
    0x43, 0x41, 0xFD, 0x2A, 0xC1, 0x9C, 0x7F, 0x40, 0x22, 0xEE, 0xEB, 0x0A, 0x4F, 0x87, 0x24, 0xC9,
    0x22, 0xE3, 0xC6, 0xF2, 0xCB, 0x87, 0x61, 0x41, 0xB3, 0xC1, 0xFF, 0x69, 0x52, 0x24, 0xC3, 0x6E,
    0xBE, 0xBC, 0x62, 0x27, 0x8F, 0x7B, 0x2E, 0x9B, 0x98, 0x0C, 0xDD, 0x3D, 0x45, 0x59, 0x6D, 0xFA,
    0x80, 0xCB, 0x42, 0xE8, 0xDD, 0xA9, 0x80, 0x85, 0x62, 0x8A, 0x0A, 0x7F, 0xDC, 0xF0, 0x51, 0xE7,
    0x88, 0xD0, 0xAF, 0x70, 0x5B, 0x29, 0xCD, 0x24, 0x78, 0xC4, 0x1F, 0x32, 0x95, 0x9C, 0xE3, 0x2B,
    0xCD, 0xC4, 0x11, 0x2F, 0x1B, 0x21, 0xEF, 0x40, 0x46, 0xE8, 0xF5, 0x38, 0xED, 0xC8, 0x5F, 0x6A,
    0x61, 0xF8, 0xF4, 0x2B, 0x99, 0x2B, 0x9A, 0x5D, 0x00, 0x42, 0xFF, 0x03, 0xAD, 0x91, 0xBD, 0x6D,
    0xC3, 0x30, 0x10, 0x85, 0x9F, 0x24, 0x08, 0x2E, 0x5C, 0xA8, 0x49, 0xAF, 0x01, 0x52, 0x68, 0x81,
    0x20, 0xE4, 0x08, 0x6E, 0x3C, 0x87, 0x47, 0x20, 0x47, 0x49, 0x9D, 0x09, 0x52, 0x18, 0x20, 0x47,
    0xD0, 0x08, 0xAA, 0x52, 0xAB, 0xB0, 0x01, 0x15, 0xB6, 0x5E, 0xDE, 0x51, 0x6A, 0xD2, 0xA5, 0xC8,
    0x09, 0xF7, 0xE1, 0x78, 0x22, 0xEF, 0x17, 0x30, 0xB9, 0x70, 0x44, 0x43, 0x3E, 0xD0, 0x2D, 0x47,
    0x62, 0x98, 0x1A, 0xC2, 0xE5, 0x8A, 0x08, 0x19, 0x2B, 0xC2, 0x84, 0x0F, 0x84, 0x9B, 0xAE, 0xB9,
    0x55, 0x18, 0x38, 0x01, 0x1D, 0xE9, 0xED, 0x85, 0xCC, 0xA4, 0x67, 0x38, 0x92, 0x30, 0x33, 0x9A,
    0x99, 0x5B, 0x54, 0xCC, 0x0E, 0x60, 0x96, 0x37, 0x65, 0x5D, 0x15, 0x32, 0xE8, 0xC3, 0xDC, 0xAC,
    0x0A, 0xC0, 0x05, 0x07, 0xDA, 0xDD, 0xF6, 0x84, 0x5D, 0xBA, 0xD9, 0x30, 0x59, 0xFC, 0x6C, 0x99,
    0xBC, 0xF0, 0x6E, 0x3F, 0x5E, 0x0C, 0xAD, 0x47, 0xCD, 0x15, 0x3D, 0x15, 0x56, 0x5F, 0xF2, 0x7D,
    0x66, 0xEC, 0xA2, 0xAA, 0x46, 0x52, 0x4D, 0x8E, 0x37, 0x8B, 0x6A, 0x41, 0x33, 0x82, 0x8A, 0xAA,
    0x39, 0xBF, 0xC1, 0xCD, 0x4F, 0x85, 0x5D, 0xA5, 0xF4, 0x2E, 0x07, 0x55, 0xDC, 0x5B, 0xA9, 0x67,
    0xBF, 0x65, 0x74, 0xCA, 0x13, 0x64, 0x27, 0xD9, 0x72, 0x63, 0x91, 0x9E, 0xAC, 0x07, 0xC9, 0xB8,
    0xF3, 0xCC, 0xFB, 0x65, 0xBC, 0x82, 0xD3, 0xA1, 0xB0, 0x99, 0x1E, 0x85, 0x5F, 0x62, 0xAD, 0xDC,
    0xD6, 0xFE, 0xBF, 0xD3, 0x06, 0xE1, 0xAC, 0x91, 0x9D, 0xBF, 0xC4, 0x15, 0x87, 0x8B, 0xC6, 0x54,
    0x3C, 0xCF, 0xC2, 0xA5, 0xB0, 0x4C, 0xD3, 0x46, 0x67, 0x9A, 0xBC, 0xB6, 0xE0, 0x6D, 0x66, 0x51,
    0xBD, 0xC7, 0x57, 0x7E, 0xFA, 0xA6, 0x2C, 0xED, 0xAF, 0x1A, 0x35, 0xC6, 0xEF, 0x08, 0x2B, 0xC2,
    0xE9, 0x50, 0xED, 0xBB, 0x1A, 0xC6, 0xAD, 0x0C, 0xCB, 0x11, 0x74, 0xBE, 0x6E, 0x89, 0x7F, 0x00,
    0x25, 0x8E, 0x31, 0x4E, 0xC4, 0x30, 0x14, 0x05, 0x27, 0x01, 0x29, 0x12, 0x29, 0x4C, 0xBD, 0x4D,
    0xDA, 0x88, 0xC6, 0x27, 0x58, 0x7D, 0xEF, 0x11, 0x90, 0xB8, 0xCE, 0x2A, 0x39, 0x02, 0x15, 0x35,
    0x05, 0x0D, 0x7B, 0x86, 0xD5, 0x3A, 0x88, 0x0B, 0xE4, 0x08, 0x41, 0x74, 0xD0, 0xB8, 0x48, 0xE1,
    0xC2, 0xEB, 0x8F, 0x23, 0x9E, 0x5E, 0x35, 0xD3, 0xCC, 0xC3, 0x2B, 0x12, 0x31, 0x89, 0x5A, 0x61,
    0x18, 0x69, 0xA7, 0xFA, 0xE4, 0x1A, 0xDD, 0x88, 0x0D, 0x1B, 0x48, 0xC0, 0xC9, 0x15, 0x3D, 0xD1,
    0x68, 0xC0, 0x7C, 0x27, 0xC4, 0x65, 0xCE, 0x58, 0x78, 0x83, 0x56, 0xAB, 0xD0, 0xE9, 0x6F, 0x10,
    0xD5, 0x79, 0xDF, 0xEA, 0xD8, 0x73, 0x41, 0x35, 0xFC, 0xBF, 0xA7, 0x3F, 0x72, 0x94, 0x97, 0x64,
    0x35, 0xB6, 0xBA, 0x54, 0x17, 0xB7, 0x73, 0x7E, 0x29, 0x2A, 0xC8, 0xC4, 0x36, 0x39, 0x24, 0xFF,
    0x99, 0xCB, 0x87, 0x43, 0xBA, 0xE5, 0x1E, 0x6C, 0xF4, 0x79, 0xED, 0x82, 0x59, 0x3B, 0x9F, 0x6D,
    0x84, 0xFA, 0x7D, 0xF7, 0xDC, 0x26, 0x99, 0x4D, 0xF0, 0xCE, 0x7E, 0x64, 0xE4, 0x26, 0x72, 0x6E,
    0x66, 0x7A, 0xEE, 0x9C, 0x38, 0xC1, 0x7C, 0x5D, 0x4B, 0x56, 0x2C, 0x79, 0x01, 0x4A, 0x62, 0xB7,
    0xD8, 0x49, 0x46, 0x29, 0x79, 0x4F, 0x54, 0xB4, 0xA3, 0x59, 0xCD, 0x15, 0xC5, 0x3F, 0x66, 0x4D,
    0x7E, 0x69, 0x16, 0x3B, 0x7A, 0x72, 0x01, 0xFA, 0x33, 0x68, 0x97, 0xFF, 0x00, 0xED, 0x5C, 0x6F,
    0x8C, 0x1D, 0xD7, 0x55, 0x3F, 0x33, 0xB3, 0xDE, 0xB1, 0x3D, 0xB6, 0xC7, 0x08, 0xB7, 0x49, 0x6C,
    0xC7, 0x2F, 0x1F, 0x0C, 0xB8, 0x65, 0xED, 0x71, 0x2B, 0xB7, 0x31, 0x65, 0x77, 0x67, 0x52, 0x24,
    0x8A, 0x48, 0xA5, 0x58, 0x28, 0x8E, 0x4A, 0x10, 0xC2, 0x1F, 0x90, 0x20, 0x04, 0xEA, 0x2D, 0x5D,
    0xA9, 0x6E, 0x59, 0x67, 0x26, 0x44, 0x22, 0x1F, 0x82, 0x60, 0x45, 0x89, 0x84, 0x54, 0x44, 0xB7,
    0xA2, 0x91, 0xA8, 0x53, 0xF0, 0x96, 0x18, 0x6A, 0xA8, 0xBD, 0x33, 0x4D, 0x3E, 0xF0, 0x21, 0x6A,
    0x3B, 0x11, 0x12, 0x54, 0x44, 0xB4, 0xD3, 0x50, 0xD7, 0x6D, 0xAC, 0xC6, 0x13, 0x65, 0xDA, 0xBC,
    0xB5, 0xE7, 0xBD, 0xCB, 0xF9, 0x9D, 0x7B, 0x67, 0xDE, 0xDB, 0xB5, 0x93, 0xC6, 0xF6, 0xAE, 0xFF,
    0x04, 0xDE, 0x7B, 0x33, 0x6F, 0xDE, 0xBC, 0x99, 0x7B, 0xCE, 0x3D, 0xF7, 0xFC, 0xBF, 0xE7, 0x0E,
    0x91, 0x79, 0x39, 0xD4, 0xBE, 0x82, 0xA4, 0x3D, 0x54, 0xED, 0xA1, 0xA3, 0xDA, 0x93, 0x5E, 0xBF,
    0x3D, 0xF4, 0x8B, 0xC1, 0x21, 0x51, 0xFC, 0xF2, 0xB1, 0x83, 0x78, 0x1D, 0x3E, 0x56, 0xC6, 0xAA,
    0x79, 0x95, 0x61, 0x7B, 0x58, 0x74, 0xDA, 0xC3, 0x8C, 0xDE, 0x71, 0x4C, 0x5E, 0x4F, 0x45, 0x7C,
    0xEF, 0x5D, 0x6D, 0x2B, 0xA3, 0xC9, 0x5A, 0xAB, 0xA6, 0xC8, 0xFC, 0x50, 0xE5, 0x0E, 0x57, 0x59,
    0x3D, 0xF3, 0x43, 0x95, 0xE3, 0xBE, 0x7A, 0x4C, 0x5D, 0x38, 0x40, 0xD6, 0x71, 0x34, 0x3C, 0x1E,
    0xB4, 0xCD, 0xA9, 0xEF, 0x96, 0x33, 0xA1, 0xD7, 0xFE, 0x70, 0xF2, 0x47, 0x6A, 0x47, 0xB9, 0xFA,
    0x07, 0x79, 0x49, 0x58, 0x51, 0x4D, 0x5B, 0x95, 0xEA, 0xCF, 0x12, 0xD9, 0x14, 0x96, 0xB4, 0x79,
    0xD0, 0xDB, 0x4E, 0x46, 0x43, 0xAF, 0xD1, 0x68, 0xF8, 0x97, 0xF5, 0xF9, 0x41, 0xF7, 0x06, 0x9D,
    0x0E, 0x55, 0x7B, 0x51, 0x9C, 0xB6, 0x04, 0x3A, 0xE1, 0xB7, 0x87, 0x95, 0xD7, 0x1C, 0x8E, 0xA4,
    0xC7, 0x9F, 0x64, 0x82, 0x3C, 0x70, 0xEC, 0x69, 0x55, 0x0F, 0x48, 0x52, 0x0F, 0x48, 0x52, 0x7B,
    0x03, 0xEA, 0xD0, 0xEF, 0x31, 0x3D, 0xBE, 0x70, 0xF0, 0xE0, 0x30, 0x0A, 0xEF, 0x1A, 0x1C, 0xAA,
    0x6C, 0x30, 0x16, 0x0D, 0xD9, 0x77, 0xF8, 0xAA, 0x34, 0x87, 0x93, 0xC1, 0xB3, 0xA5, 0xE9, 0x56,
    0x3D, 0x49, 0x65, 0xDA, 0x07, 0x75, 0x8F, 0xAB, 0xDE, 0xE1, 0xA1, 0xB1, 0xC8, 0x07, 0x80, 0x13,
    0x03, 0xF8, 0x3E, 0xD5, 0x76, 0xCC, 0xDB, 0x3A, 0x4B, 0x57, 0xF1, 0xDA, 0x78, 0xB9, 0x93, 0x93,
    0x97, 0x3B, 0xA9, 0x2E, 0x3D, 0xE5, 0x94, 0x97, 0x39, 0xE9, 0xE6, 0xE9, 0xA5, 0x27, 0xFD, 0x2C,
    0x8C, 0x96, 0x9D, 0xC9, 0xF9, 0xE4, 0x10, 0xB3, 0xEA, 0xC1, 0xA9, 0x29, 0xC8, 0xFC, 0x65, 0x27,
    0x95, 0x3A, 0x93, 0xF6, 0xEF, 0x5B, 0x7A, 0xD2, 0xD2, 0xFD, 0x8F, 0x96, 0xA1, 0x23, 0xC4, 0x5A,
    0x86, 0x63, 0xEE, 0xA9, 0x3A, 0x5D, 0x76, 0xD2, 0xCD, 0xE8, 0xA3, 0xB3, 0xD6, 0x17, 0x2E, 0x39,
    0xA9, 0xD9, 0xE2, 0xC2, 0xB1, 0xE6, 0x75, 0x90, 0xDB, 0x6C, 0xD8, 0x66, 0xE8, 0x75, 0xAE, 0x77,
    0x99, 0x93, 0xCA, 0x0C, 0xB1, 0xBF, 0xF4, 0x64, 0xAE, 0x2F, 0x7D, 0x50, 0xDA, 0x03, 0x3B, 0x3D,
    0x78, 0xAC, 0x3D, 0xB9, 0xE4, 0xB5, 0x2D, 0xBB, 0x1C, 0xD5, 0x4D, 0x0F, 0x8F, 0x98, 0x9F, 0x36,
    0x4B, 0x04, 0x18, 0xBD, 0x64, 0x28, 0x2C, 0x4A, 0x0F, 0x0E, 0x04, 0x94, 0x26, 0x3D, 0xC3, 0x88,
    0x22, 0x6D, 0xEA, 0xF3, 0x4B, 0x9A, 0xB9, 0xE7, 0x2E, 0xDA, 0xEC, 0x3C, 0xB7, 0x97, 0xF6, 0x3B,
    0xE7, 0x4A, 0x1A, 0xB7, 0x98, 0xEF, 0x76, 0x50, 0x3F, 0x61, 0xB1, 0x3F, 0xC1, 0x9C, 0x13, 0x4D,
    0x33, 0x99, 0xB2, 0x7D, 0xDC, 0x3A, 0x76, 0x54, 0xEC, 0xE5, 0x5D, 0xB9, 0x39, 0xE8, 0x32, 0xD4,
    0xB8, 0x4B, 0xE3, 0x18, 0xF9, 0xDD, 0x2C, 0xD7, 0xE4, 0x3B, 0xBC, 0xF3, 0xBC, 0x8A, 0xAF, 0xFE,
    0x73, 0x26, 0x8B, 0x73, 0x3E, 0xC7, 0x40, 0x00, 0x6D, 0x19, 0x08, 0x19, 0xF6, 0x09, 0xEC, 0xC6,
    0x44, 0x7A, 0x88, 0x05, 0xF5, 0x76, 0xA2, 0xFD, 0x74, 0x8A, 0xB8, 0x11, 0xBE, 0x6B, 0x87, 0xCD,
    0x37, 0xF8, 0x76, 0x17, 0x20, 0x4F, 0x01, 0xE4, 0x14, 0x40, 0x5E, 0xE0, 0x7B, 0x0B, 0x34, 0x50,
    0xEE, 0x5E, 0x01, 0x90, 0x86, 0x3D, 0x1A, 0xA1, 0x30, 0x5C, 0x13, 0xE0, 0x0E, 0xAF, 0x4B, 0x21,
    0xBE, 0x03, 0xA5, 0xBF, 0x63, 0x95, 0x74, 0x72, 0xE1, 0xAF, 0x4C, 0x34, 0x61, 0x19, 0x14, 0x0E,
    0x7F, 0x5B, 0x85, 0x5F, 0xE2, 0xDB, 0xCE, 0xDD, 0xD2, 0xE3, 0xFF, 0xED, 0xD2, 0xE9, 0x33, 0xC4,
    0xDB, 0x6D, 0x11, 0x3C, 0xD6, 0x67, 0xFC, 0xD5, 0x27, 0xAF, 0xA6, 0x54, 0xA9, 0x59, 0xE1, 0xD8,
    0x3E, 0xE3, 0xA8, 0x78, 0xA3, 0x93, 0x44, 0xFD, 0x71, 0x6E, 0x81, 0xD1, 0x9D, 0x63, 0x19, 0xF2,
    0xC1, 0x3B, 0x61, 0x64, 0xC9, 0x70, 0x87, 0x17, 0x52, 0x41, 0x99, 0xB5, 0x68, 0xCF, 0xB0, 0x49,
    0xA1, 0x47, 0xD4, 0x88, 0xF0, 0xD6, 0x48, 0x63, 0x6E, 0x03, 0xD5, 0xCC, 0xC3, 0x25, 0x95, 0x0F,
    0x74, 0xEB, 0x50, 0x24, 0x03, 0xDD, 0xF4, 0x4A, 0x80, 0xB1, 0xBE, 0x53, 0x69, 0x76, 0xD7, 0xE2,
    0xA6, 0xE5, 0x4B, 0xB4, 0xA1, 0x34, 0x11, 0x7A, 0x4C, 0x40, 0x3A, 0xDA, 0x29, 0xE2, 0x88, 0xEA,
    0xB0, 0xAB, 0x0A, 0xAB, 0x8A, 0x17, 0x55, 0xE1, 0x94, 0x41, 0x99, 0x66, 0x6E, 0xEE, 0xE4, 0x7E,
    0xE4, 0x65, 0x94, 0x58, 0xE4, 0x46, 0x03, 0x5A, 0x69, 0xB8, 0x0D, 0xE4, 0x06, 0x76, 0x03, 0xBD,
    0x81, 0xDF, 0x60, 0xD0, 0xE2, 0x40, 0xAD, 0x80, 0xB8, 0x79, 0x23, 0xE9, 0x46, 0x33, 0x1B, 0xCE,
    0x15, 0x6C, 0x4A, 0x8D, 0xCF, 0x3D, 0xDC, 0x73, 0x60, 0xF4, 0x3F, 0x4C, 0x47, 0xE0, 0x74, 0x56,
    0x25, 0x82, 0xD5, 0xB3, 0x8A, 0x34, 0x5E, 0x13, 0xA4, 0x31, 0x1B, 0x31, 0xB8, 0x0D, 0x46, 0x52,
    0x73, 0x7F, 0x06, 0x04, 0x80, 0x9C, 0x81, 0x37, 0x24, 0xFF, 0x38, 0xCF, 0x83, 0x41, 0x10, 0x75,
    0x56, 0x0C, 0x56, 0x19, 0x66, 0x56, 0xEE, 0x67, 0x16, 0xC6, 0x10, 0xA4, 0x4E, 0x79, 0xDB, 0xFA,
    0x17, 0xC5, 0x3B, 0x1E, 0x54, 0x05, 0x6B, 0x89, 0x9C, 0xB7, 0x2C, 0x56, 0x8B, 0x14, 0x36, 0x4A,
    0xC0, 0x4A, 0xB4, 0x06, 0x60, 0xBD, 0x44, 0x1E, 0x8F, 0x8C, 0xCB, 0x9B, 0xD3, 0x6C, 0x39, 0xB8,
    0x95, 0xE1, 0x33, 0xBC, 0x39, 0xBB, 0xEB, 0x96, 0xAC, 0xB9, 0xB2, 0x30, 0x0B, 0xAB, 0xB0, 0x0A,
    0x4A, 0xE1, 0xB1, 0x0D, 0xCC, 0x85, 0x7D, 0xBB, 0xEF, 0x76, 0xFD, 0xB2, 0xC3, 0xAA, 0x2E, 0xE4,
    0x9F, 0xE3, 0x03, 0x8E, 0xB4, 0xB5, 0x6A, 0x30, 0xEA, 0x3E, 0x54, 0x5D, 0x51, 0x33, 0xC2, 0x32,
    0xD4, 0x25, 0x7C, 0xCD, 0x97, 0xB8, 0x7E, 0x5B, 0xB9, 0xC8, 0x5F, 0x0F, 0xAB, 0xC2, 0xE8, 0x13,
    0x51, 0x67, 0x7D, 0x0A, 0xB4, 0x5C, 0xDB, 0xCC, 0x70, 0xDF, 0x6F, 0x2C, 0x3C, 0x9A, 0x72, 0xC0,
    0x49, 0x1E, 0x14, 0x9E, 0x3F, 0xBB, 0x8E, 0xCF, 0x4B, 0xE3, 0xB2, 0x4B, 0xE8, 0x28, 0x05, 0x85,
    0xDB, 0x63, 0x90, 0x69, 0x4D, 0x6C, 0x4A, 0xBB, 0xD0, 0x98, 0x7C, 0x5F, 0x00, 0xD0, 0x31, 0xB0,
    0x01, 0x13, 0x5A, 0x15, 0xDB, 0x48, 0x27, 0x0F, 0x54, 0xE4, 0x7C, 0x95, 0x69, 0xE2, 0x3C, 0xC1,
    0x76, 0xD9, 0xFD, 0xAC, 0x7A, 0xBA, 0x84, 0x8D, 0xAA, 0x1C, 0xE6, 0xD7, 0x13, 0x90, 0xBF, 0x92,
    0x7D, 0x06, 0x17, 0x1A, 0x47, 0x15, 0x21, 0xE3, 0x90, 0xCD, 0x04, 0x8C, 0x54, 0x65, 0xF3, 0x35,
    0x62, 0xFA, 0xAD, 0xB9, 0x0F, 0x75, 0x7B, 0x63, 0xDD, 0xE9, 0xB4, 0xF8, 0x18, 0x4D, 0x89, 0xCE,
    0x72, 0xCA, 0xFF, 0xA2, 0x8B, 0x1F, 0x49, 0xBB, 0x9F, 0x8C, 0xE4, 0xB7, 0x9D, 0x3C, 0xE4, 0x64,
    0xEA, 0x42, 0x76, 0x5F, 0x95, 0x4F, 0x50, 0x36, 0xF5, 0xA1, 0x6C, 0x2E, 0x8D, 0xA0, 0x19, 0xA0,
    0x1B, 0x68, 0xFC, 0x73, 0xC9, 0x87, 0x2E, 0x66, 0xAF, 0x4C, 0xE4, 0xDD, 0x23, 0x45, 0x5A, 0x16,
    0x9F, 0xFA, 0xB5, 0x6C, 0x2A, 0x4E, 0x68, 0xAD, 0xA6, 0xDB, 0xE3, 0x0F, 0x1C, 0xFF, 0xA1, 0x82,
    0x78, 0x1D, 0x58, 0x4B, 0x9B, 0xD8, 0x56, 0x6D, 0x3C, 0xE2, 0x9D, 0xBF, 0xD7, 0x4B, 0x7B, 0xA3,
    0xDA, 0xD6, 0xDD, 0x8D, 0x2D, 0x32, 0xDF, 0xBC, 0xFD, 0x1C, 0x6F, 0x3F, 0xCF, 0x08, 0x7D, 0x99,
    0x3B, 0xFA, 0x12, 0x5B, 0x72, 0xB2, 0x22, 0xC8, 0xEC, 0x9A, 0x63, 0x07, 0xF8, 0x8F, 0x4D, 0x68,
    0x90, 0x5C, 0x72, 0x12, 0x66, 0xA3, 0xC4, 0x89, 0x14, 0x6D, 0xE1, 0x01, 0x8D, 0xA3, 0xAE, 0x70,
    0xD1, 0x1E, 0x6E, 0x20, 0xA4, 0x80, 0xF5, 0x12, 0x5F, 0x7B, 0xA8, 0x53, 0x84, 0xC9, 0x6F, 0x03,
    0xC2, 0xBC, 0xDD, 0xF5, 0x78, 0xB4, 0xC3, 0x76, 0xB4, 0xB5, 0x8B, 0xC1, 0xED, 0x14, 0x7E, 0xB7,
    0xC3, 0x9C, 0x40, 0xF9, 0xED, 0x46, 0xFB, 0x8C, 0x2F, 0xDB, 0x44, 0x6A, 0xBB, 0x90, 0x20, 0x1E,
    0x1F, 0xDE, 0xA0, 0xCE, 0xE4, 0x8F, 0xFD, 0xD0, 0xE7, 0xCC, 0x35, 0x33, 0xAC, 0x1F, 0x26, 0x99,
    0x95, 0x43, 0x55, 0x09, 0x6B, 0x38, 0xC6, 0x80, 0xAC, 0x35, 0x63, 0x1C, 0x32, 0xE7, 0xC5, 0xB9,
    0xF8, 0x38, 0xA3, 0xCE, 0xED, 0x30, 0xA1, 0x04, 0x09, 0x0E, 0x4B, 0x95, 0x79, 0x79, 0x10, 0x59,
    0xC9, 0x28, 0xFF, 0x5F, 0xD8, 0xF0, 0x42, 0xFA, 0x1D, 0xD5, 0x0F, 0x67, 0x4F, 0xCF, 0xD0, 0x5A,
    0x56, 0x41, 0x4C, 0xDC, 0xB8, 0x62, 0xAD, 0xC4, 0xAC, 0x21, 0x6A, 0x92, 0x2D, 0x6F, 0x20, 0xDC,
    0xB1, 0x86, 0xD0, 0xB9, 0x2E, 0xB3, 0x23, 0x1C, 0x42, 0x78, 0x66, 0xBB, 0x8C, 0xEC, 0x16, 0x9A,
    0x33, 0x98, 0x57, 0x6C, 0xE6, 0x29, 0xA7, 0xFF, 0x9B, 0x5A, 0xCC, 0x18, 0x9F, 0x8E, 0xD0, 0x86,
    0xFF, 0x9E, 0x85, 0xEA, 0x2A, 0x18, 0xD1, 0x9A, 0x6F, 0xE6, 0xAE, 0x1C, 0x06, 0x03, 0xCD, 0x30,
    0x13, 0xF2, 0x71, 0x5C, 0x2E, 0xA4, 0x2A, 0x4B, 0x85, 0x55, 0x2B, 0x66, 0x37, 0x46, 0x1E, 0xD4,
    0x5B, 0x03, 0x0D, 0x9D, 0x11, 0x18, 0xC5, 0xE5, 0xFE, 0xF9, 0xFF, 0xC1, 0x1B, 0xCD, 0xB2, 0xE5,
    0xE1, 0xA6, 0xCE, 0xA4, 0xD0, 0x80, 0x11, 0x36, 0xDC, 0x17, 0x3F, 0xD5, 0x88, 0xFB, 0xE6, 0x40,
    0x95, 0x9F, 0x6A, 0x3D, 0x57, 0x26, 0x6E, 0x1F, 0xF8, 0xF2, 0xC7, 0x62, 0xA1, 0xEE, 0x0B, 0xDF,
    0xF6, 0x97, 0x7E, 0x16, 0xE4, 0x73, 0x5A, 0x3E, 0x47, 0x9B, 0xCF, 0x44, 0xF3, 0xD9, 0xCF, 0x68,
    0x84, 0x51, 0x9C, 0xCC, 0x33, 0xDB, 0xC7, 0x99, 0x1E, 0xEC, 0x51, 0x96, 0x90, 0x34, 0x4B, 0xB3,
    0x38, 0x8F, 0x13, 0x16, 0xD6, 0xA4, 0x79, 0x07, 0x78, 0x47, 0x41, 0xD4, 0x91, 0xB7, 0x2F, 0xEF,
    0x4D, 0x5A, 0x35, 0x40, 0x25, 0x40, 0x9F, 0xDF, 0x49, 0x5A, 0xFD, 0x60, 0xDB, 0x33, 0xA4, 0x9A,
    0x60, 0xA2, 0xC2, 0x1E, 0xA4, 0x1A, 0xEA, 0x27, 0xB1, 0xCA, 0x20, 0xB3, 0x73, 0x3F, 0xB7, 0x33,
    0x87, 0x15, 0xAF, 0x53, 0xB2, 0xF1, 0x28, 0x59, 0x02, 0x4B, 0x52, 0xFD, 0x92, 0x79, 0xB3, 0xD0,
    0xFA, 0x2B, 0xC8, 0x7E, 0x66, 0x54, 0x45, 0xA1, 0xD0, 0xAD, 0xCB, 0x64, 0xE5, 0x53, 0x0F, 0x5D,
    0x31, 0x76, 0xCC, 0xC4, 0x60, 0xD0, 0xFD, 0x2C, 0xF0, 0x41, 0x31, 0x61, 0xEC, 0x5D, 0x34, 0x0A,
    0x97, 0x33, 0x48, 0x58, 0x90, 0xC3, 0x8C, 0x99, 0xEB, 0x04, 0x05, 0xD5, 0x5C, 0x98, 0xB3, 0x62,
    0x08, 0xB3, 0x05, 0x18, 0x2A, 0xD1, 0x3D, 0xA2, 0x8E, 0xFA, 0x11, 0xD3, 0x88, 0x87, 0x61, 0x9A,
    0x71, 0xCF, 0xE7, 0x19, 0x93, 0xB2, 0x64, 0x72, 0x97, 0x15, 0x2C, 0x1F, 0x5F, 0xD5, 0xC9, 0x17,
    0xF8, 0x67, 0x12, 0x5F, 0x60, 0x3D, 0x13, 0x42, 0x91, 0x74, 0xE0, 0xBE, 0xB8, 0x62, 0xC4, 0x7E,
    0x3D, 0xBA, 0x72, 0x6C, 0xF9, 0x95, 0x68, 0xBF, 0x4C, 0xC8, 0x26, 0x36, 0xD0, 0x2F, 0xF7, 0xC9,
    0x7E, 0x1A, 0xBC, 0x58, 0x9E, 0xC4, 0xBF, 0x15, 0x14, 0x95, 0xD5, 0x15, 0x34, 0xAB, 0x54, 0xCE,
    0xC7, 0xDF, 0xA5, 0x77, 0x1A, 0x7F, 0x27, 0x97, 0x58, 0x24, 0x72, 0x25, 0x42, 0x60, 0xD5, 0xFE,
    0xFD, 0xE5, 0x6E, 0x93, 0xD6, 0x1F, 0xA2, 0x11, 0xC1, 0x82, 0x24, 0x52, 0x41, 0x4B, 0x86, 0x6C,
    0x84, 0xB6, 0x77, 0x28, 0x8E, 0x13, 0xC5, 0xCA, 0x7A, 0xE3, 0xC0, 0x6F, 0x60, 0x59, 0x60, 0xDB,
    0xEE, 0x41, 0x44, 0x32, 0x8F, 0x83, 0x9E, 0xA0, 0x9C, 0xF0, 0xAA, 0x19, 0x87, 0x31, 0xE1, 0x4F,
    0xA9, 0x8E, 0xB3, 0x8F, 0xC9, 0x8E, 0x78, 0xA6, 0xC3, 0x28, 0xB4, 0xE9, 0x7C, 0x10, 0x3D, 0xF1,
    0x5F, 0x2C, 0xB9, 0x5F, 0x9D, 0xB3, 0x05, 0xF7, 0xCB, 0xFD, 0x6A, 0xB2, 0x92, 0xFD, 0xDA, 0x22,
    0xA8, 0x1D, 0x95, 0xFD, 0x02, 0x20, 0xDA, 0x1F, 0x45, 0xEB, 0xDE, 0x8B, 0x15, 0x43, 0xF4, 0xCF,
    0x96, 0x80, 0x98, 0x65, 0x2B, 0x07, 0x71, 0x74, 0x51, 0x8C, 0x54, 0x85, 0x9F, 0xEA, 0xCC, 0xFD,
    0xF8, 0xBF, 0xBB, 0xF0, 0xB0, 0x52, 0xD5, 0x66, 0x02, 0x07, 0x7B, 0xEA, 0xE5, 0x59, 0x6D, 0x47,
    0xE0, 0xCF, 0xC0, 0x9B, 0x13, 0x1B, 0x49, 0x7E, 0x32, 0x82, 0x38, 0x92, 0x15, 0xC6, 0x0E, 0x58,
    0x98, 0xDD, 0xC4, 0x6A, 0x7C, 0x37, 0x7E, 0x0A, 0xCD, 0x3B, 0x6D, 0xC0, 0xE9, 0xF5, 0x9F, 0x7C,
    0x98, 0xE3, 0x3B, 0xB0, 0x12, 0x94, 0xB3, 0xB0, 0x3E, 0x59, 0xC7, 0xAE, 0x01, 0xAE, 0x8E, 0x5F,
    0x49, 0x14, 0x0B, 0x83, 0x6C, 0x76, 0x6F, 0x15, 0x2E, 0xE9, 0x80, 0x52, 0x1A, 0x04, 0x57, 0x3B,
    0x9A, 0x54, 0x4B, 0x02, 0xCB, 0x1B, 0x85, 0x9A, 0x95, 0x69, 0xED, 0x0C, 0xD5, 0x83, 0x8D, 0x7D,
    0x58, 0xC1, 0x4F, 0xC2, 0xEA, 0xBE, 0xB1, 0x32, 0x01, 0xFD, 0x0B, 0x1D, 0xC6, 0x9D, 0x04, 0x6F,
    0x21, 0x65, 0xED, 0x1C, 0xB0, 0x67, 0x2A, 0x32, 0x00, 0x40, 0x88, 0x72, 0xC1, 0xFD, 0xC3, 0xEA,
    0xEA, 0x5A, 0xDA, 0x95, 0x86, 0x67, 0xB4, 0x0B, 0x01, 0x8D, 0x2C, 0x91, 0x21, 0x3A, 0x1E, 0xC3,
    0x68, 0x65, 0xDA, 0x6E, 0xB0, 0x1F, 0x27, 0x2E, 0x13, 0x36, 0xD7, 0x9C, 0x0B, 0x23, 0x56, 0x77,
    0x4C, 0xC6, 0x1E, 0xEB, 0x90, 0xAA, 0x55, 0x77, 0x22, 0x45, 0x36, 0x70, 0xA8, 0x35, 0x1E, 0x76,
    0xB1, 0x4C, 0x90, 0x57, 0x12, 0x16, 0x0D, 0x24, 0x4A, 0xFC, 0x75, 0x21, 0x86, 0x76, 0x69, 0xDD,
    0xC7, 0x6A, 0xF1, 0xE4, 0xFC, 0x3F, 0xAE, 0x25, 0xAA, 0x08, 0xEE, 0xD1, 0xC4, 0x08, 0x49, 0x03,
    0x8E, 0xE9, 0x11, 0x04, 0x1F, 0xC4, 0x2A, 0x55, 0xA2, 0x06, 0x26, 0xCA, 0x7E, 0x61, 0x08, 0xD5,
    0x9B, 0x06, 0x77, 0x5C, 0x54, 0xF5, 0x3C, 0xA2, 0x8B, 0x7C, 0x5B, 0xB7, 0x34, 0x63, 0x0F, 0x43,
    0x01, 0x89, 0xAD, 0x8D, 0x63, 0xC6, 0xAA, 0x54, 0xF4, 0x46, 0xFC, 0xB2, 0x76, 0xFE, 0x42, 0xA5,
    0x5D, 0xC2, 0x8E, 0x09, 0x1E, 0xB5, 0x5A, 0x35, 0x9A, 0x75, 0xA9, 0x2E, 0x1B, 0x44, 0xE5, 0xB1,
    0xFE, 0xCF, 0xFA, 0x6F, 0xED, 0x79, 0xBB, 0xAF, 0x69, 0xF4, 0xFD, 0xD7, 0x34, 0xCB, 0x3A, 0xD9,
    0xEC, 0xAD, 0xD9, 0x4F, 0xF1, 0x17, 0xB4, 0xC6, 0x2E, 0x9B, 0x54, 0x89, 0xB9, 0xCC, 0x6F, 0x42,
    0xFD, 0xF0, 0xA2, 0x34, 0xB0, 0x81, 0xD1, 0x0C, 0x71, 0xD1, 0x84, 0xD3, 0x15, 0x57, 0x85, 0xFA,
    0xEC, 0xB7, 0x83, 0x89, 0x48, 0x05, 0x11, 0x6B, 0x38, 0x74, 0xA0, 0x47, 0x56, 0x9A, 0x9B, 0x1E,
    0xA8, 0xC4, 0x74, 0xA1, 0x4F, 0xD3, 0x3A, 0x6E, 0x2F, 0x08, 0x9D, 0x38, 0xCE, 0x21, 0x00, 0x35,
    0xBD, 0x68, 0xBB, 0xD1, 0xF6, 0xA3, 0xED, 0x48, 0xDB, 0x93, 0xB6, 0x2B, 0x6D, 0x5F, 0x06, 0x9D,
    0x59, 0xDA, 0x9B, 0x36, 0x18, 0xED, 0xB4, 0xF9, 0xA6, 0x6C, 0xF9, 0x41, 0xE7, 0x4D, 0x32, 0x33,
    0x6F, 0x1F, 0x6A, 0x8C, 0x0E, 0x25, 0x26, 0x25, 0xF2, 0x36, 0x04, 0x88, 0x73, 0x13, 0xAC, 0x2C,
    0xDB, 0x07, 0x99, 0x49, 0xED, 0x1D, 0x80, 0x2C, 0xC3, 0xD2, 0xFA, 0x1C, 0x0A, 0x65, 0xE4, 0x3D,
    0x2B, 0xCA, 0xF6, 0x79, 0x05, 0x1F, 0xF4, 0x7C, 0xE1, 0xF6, 0x09, 0x21, 0x8A, 0x12, 0xC5, 0x35,
    0x29, 0x81, 0xE8, 0xE9, 0x85, 0xCF, 0x64, 0xB4, 0xAD, 0x46, 0xD7, 0x54, 0x25, 0x96, 0x2D, 0x77,
    0xA4, 0x9B, 0x74, 0x18, 0xC1, 0xFA, 0x32, 0x4C, 0x2C, 0xC1, 0x04, 0x1A, 0x23, 0xCE, 0x3B, 0x08,
    0x1F, 0x13, 0xBD, 0xC7, 0x99, 0xD5, 0xC6, 0x04, 0x42, 0x0C, 0xC7, 0x98, 0x6D, 0x07, 0xE2, 0x03,
    0x10, 0x2D, 0x88, 0x6E, 0x37, 0xC9, 0x0C, 0x91, 0xF4, 0x18, 0x23, 0x18, 0xE6, 0x01, 0xFB, 0x8B,
    0x7D, 0x78, 0xCF, 0x70, 0xBB, 0x34, 0x0B, 0x40, 0x99, 0x89, 0x91, 0xF2, 0x2E, 0x63, 0x64, 0x76,
    0x50, 0xF3, 0x53, 0xFF, 0x51, 0xD1, 0x68, 0x09, 0xC8, 0x95, 0x2D, 0xA6, 0x25, 0x86, 0x69, 0xF1,
    0x5A, 0xFF, 0x5A, 0x2C, 0xDF, 0x8C, 0x24, 0xD4, 0x9A, 0x9D, 0xFC, 0x1C, 0x7A, 0xDD, 0x24, 0x98,
    0x12, 0xC9, 0x58, 0xFC, 0x74, 0x41, 0x87, 0x88, 0x16, 0x33, 0xB0, 0x79, 0xA5, 0x45, 0x43, 0x87,
    0xD5, 0xC2, 0x7F, 0x82, 0x1D, 0x33, 0x25, 0x6E, 0x0A, 0x25, 0x53, 0xF6, 0x88, 0x16, 0x21, 0xE1,
    0xB4, 0xB4, 0x1E, 0x4A, 0x00, 0xA7, 0x62, 0x65, 0x3A, 0x15, 0x42, 0x56, 0x46, 0x71, 0x5E, 0xD8,
    0xBB, 0x12, 0xCB, 0x57, 0x8B, 0x64, 0xF2, 0x28, 0xBD, 0xB3, 0x2F, 0x52, 0x52, 0x8B, 0x88, 0x54,
    0x12, 0x87, 0x27, 0x4C, 0x0B, 0x9D, 0x83, 0xE3, 0xD7, 0xA1, 0x26, 0xF1, 0x40, 0x37, 0x1A, 0x93,
    0xF6, 0xB5, 0x41, 0x08, 0x1A, 0x8A, 0x98, 0xA5, 0xC7, 0x01, 0x7D, 0xCF, 0x05, 0x91, 0x41, 0xC9,
    0x39, 0x50, 0x39, 0x74, 0x69, 0x10, 0x99, 0xBC, 0x34, 0x07, 0x09, 0x3E, 0x70, 0x67, 0x87, 0x9D,
    0x83, 0x84, 0x8C, 0x59, 0xFF, 0x1F, 0x0B, 0x0E, 0x12, 0xCA, 0x72, 0xC5, 0x82, 0x04, 0x38, 0xAD,
    0x62, 0x9D, 0x7C, 0xDD, 0xF1, 0xBE, 0xCE, 0xEB, 0x32, 0xB6, 0xB6, 0xFA, 0x55, 0x0A, 0xE3, 0xE7,
    0x10, 0x7C, 0x1E, 0x7E, 0x82, 0x09, 0xB1, 0x67, 0xBD, 0x4E, 0x20, 0xE9, 0xEC, 0x93, 0xCF, 0xFD,
    0x73, 0x12, 0x1F, 0x41, 0x65, 0x84, 0xD6, 0x3C, 0xF4, 0x19, 0xFF, 0x05, 0x4A, 0x74, 0x53, 0x00,
    0x5B, 0xCF, 0x3E, 0x0B, 0xB3, 0x17, 0xBB, 0x5F, 0xAE, 0x3A, 0x2E, 0x61, 0x34, 0x68, 0x63, 0xE9,
    0x34, 0x5B, 0x2C, 0xB9, 0xB7, 0x35, 0x7F, 0x49, 0x2D, 0x0E, 0x11, 0x70, 0x00, 0xBF, 0xB2, 0xCC,
    0x2E, 0x02, 0x87, 0x8D, 0xE7, 0x3F, 0x08, 0x1C, 0x0E, 0x03, 0x87, 0xF8, 0xB7, 0x9E, 0x07, 0x0E,
    0x2E, 0x70, 0x18, 0x59, 0x05, 0x1C, 0xDE, 0x71, 0x10, 0x59, 0x47, 0xFD, 0x31, 0xA3, 0x6F, 0xCC,
    0x44, 0x40, 0x43, 0xB1, 0x0A, 0x99, 0x89, 0x89, 0x3D, 0x6F, 0x62, 0x17, 0x34, 0x23, 0x59, 0x5A,
    0xFD, 0x3A, 0x5A, 0x1D, 0xBB, 0x3A, 0x97, 0xE8, 0x47, 0x4A, 0x93, 0x30, 0x04, 0x4B, 0xF9, 0xAC,
    0xEF, 0x98, 0xA7, 0xFC, 0xEF, 0xA5, 0x49, 0x29, 0xE9, 0xA2, 0x0C, 0xD9, 0x54, 0x75, 0x36, 0xC3,
    0x2D, 0x0F, 0x39, 0x59, 0x5F, 0xAB, 0xB8, 0xF4, 0xBB, 0x64, 0x1D, 0x56, 0x99, 0x4E, 0x27, 0x47,
    0x81, 0xCE, 0x3C, 0x79, 0x26, 0xA3, 0x9C, 0x0E, 0xE7, 0x93, 0xF7, 0x22, 0x89, 0xD1, 0x63, 0x10,
    0x76, 0x0F, 0xDD, 0x3B, 0xB1, 0xF3, 0x52, 0x1C, 0xA1, 0x47, 0x29, 0xEE, 0xE9, 0x41, 0x06, 0xBD,
    0x12, 0x76, 0x88, 0x59, 0xE9, 0x3B, 0x59, 0xC0, 0xAA, 0x01, 0xE9, 0x56, 0x37, 0xF7, 0x84, 0x4C,
    0xE5, 0x7E, 0xEC, 0xA6, 0x2D, 0x8E, 0x8B, 0x39, 0x42, 0x7F, 0xA1, 0x84, 0xAD, 0x02, 0x5B, 0x39,
    0x45, 0x0D, 0xF5, 0xDB, 0xB0, 0x55, 0xFF, 0x52, 0xB6, 0x1A, 0x9A, 0xF2, 0x11, 0x85, 0xAE, 0x73,
    0xBA, 0xA0, 0x4A, 0x5C, 0x34, 0x3F, 0x07, 0x3B, 0xD6, 0xE4, 0x4E, 0xCE, 0x8A, 0x7C, 0x13, 0x46,
    0x6B, 0x23, 0x76, 0x9E, 0x64, 0x77, 0xA7, 0x38, 0x0E, 0x77, 0x13, 0xF6, 0xD6, 0x6F, 0xD7, 0x2E,
    0xBB, 0x38, 0x9F, 0x56, 0xF1, 0x2E, 0xA2, 0xAD, 0x05, 0x24, 0x4E, 0x52, 0x71, 0xB9, 0x64, 0xE3,
    0xF8, 0x67, 0x1F, 0xD0, 0x76, 0x36, 0xAE, 0x94, 0x68, 0x36, 0xA7, 0xDF, 0xEE, 0xDA, 0x73, 0x76,
    0xBB, 0xD3, 0x2E, 0x57, 0xAF, 0xDD, 0xF5, 0xB5, 0x19, 0x6D, 0x52, 0xD7, 0xF1, 0x20, 0x65, 0xD7,
    0xEE, 0x02, 0x24, 0x88, 0x3A, 0x30, 0xCC, 0x7E, 0x84, 0x71, 0x8B, 0x60, 0x90, 0x23, 0x18, 0x63,
    0x6D, 0x88, 0xC5, 0x08, 0x8B, 0x01, 0x16, 0xE3, 0x2B, 0x86, 0x77, 0x48, 0xD2, 0x90, 0x8E, 0x04,
    0x01, 0xC4, 0xEB, 0x65, 0xEB, 0xF4, 0x92, 0xE2, 0x53, 0x69, 0x62, 0x49, 0x3A, 0xA9, 0xD3, 0x45,
    0x22, 0x82, 0x15, 0x74, 0x19, 0xC8, 0x7C, 0xD2, 0x17, 0xA2, 0xA3, 0x46, 0xE1, 0x1F, 0x35, 0xCA,
    0x3C, 0x1C, 0xDE, 0x22, 0x6D, 0x07, 0x61, 0x05, 0xA1, 0x2C, 0x76, 0xB5, 0x09, 0x59, 0x51, 0xD8,
    0xA1, 0x90, 0x19, 0x04, 0xF7, 0xB4, 0x88, 0x6F, 0x68, 0xB3, 0xF1, 0xFD, 0x66, 0xC2, 0x48, 0x5B,
    0x14, 0x85, 0x2E, 0xA5, 0xE2, 0x6B, 0xA0, 0x4B, 0x81, 0x74, 0x29, 0x11, 0xFF, 0xE2, 0xAD, 0x74,
    0x89, 0x7E, 0xA1, 0xF5, 0x1C, 0x52, 0x09, 0xB2, 0xFA, 0x60, 0x60, 0xE6, 0x29, 0x0F, 0xEC, 0xE0,
    0x3F, 0x87, 0x5B, 0xAC, 0xD7, 0xBA, 0xB4, 0xC7, 0x7A, 0xB5, 0xA6, 0xCE, 0x07, 0xCB, 0x1E, 0x47,
    0xC5, 0xC5, 0xE4, 0x66, 0x4F, 0x65, 0x93, 0x18, 0xC2, 0x7F, 0x10, 0xD7, 0x15, 0x36, 0xB8, 0xB6,
    0x17, 0x75, 0x0B, 0xB0, 0xE7, 0x2B, 0x9B, 0xB4, 0x59, 0xA6, 0x4F, 0x8D, 0x2D, 0x60, 0x7D, 0x6A,
    0x5C, 0x89, 0x05, 0xE3, 0x48, 0xAD, 0x98, 0x3E, 0xBD, 0xAE, 0xD0, 0xE0, 0x26, 0xCC, 0x1D, 0xE1,
    0xCB, 0x17, 0x41, 0xFA, 0x1A, 0x2D, 0x97, 0x7B, 0x07, 0xE2, 0x3E, 0xE6, 0x76, 0xE3, 0x17, 0xBA,
    0x7B, 0x1E, 0xAF, 0xC3, 0xBC, 0x99, 0xA8, 0x3A, 0x45, 0xD6, 0xD7, 0xE9, 0x8E, 0x57, 0xE8, 0xB4,
    0xA2, 0xBF, 0x59, 0x14, 0x0D, 0xC9, 0x27, 0x77, 0xB9, 0xA5, 0xFA, 0xFD, 0xEF, 0x55, 0x69, 0x34,
    0x07, 0xBD, 0x37, 0xE3, 0x55, 0x69, 0x82, 0x84, 0x9C, 0x95, 0xB8, 0xC5, 0xC6, 0x79, 0xBF, 0x74,
    0x6B, 0x2F, 0xE9, 0x03, 0xD6, 0xD0, 0x7F, 0xFC, 0xDA, 0x37, 0xBA, 0xFF, 0xC5, 0xFD, 0x2F, 0x56,
    0xFD, 0xD9, 0x2D, 0xCC, 0x5C, 0x8A, 0xFE, 0x3D, 0xBA, 0x28, 0xB6, 0x74, 0x8D, 0xA4, 0x0A, 0xFF,
    0x55, 0x2C, 0xAC, 0xCD, 0x0A, 0x0C, 0x29, 0xB0, 0xB0, 0x08, 0x8B, 0x4F, 0x5E, 0xE6, 0xF7, 0xC8,
    0x38, 0xBF, 0xC6, 0xC6, 0xB6, 0xB3, 0xDB, 0xB2, 0xC5, 0xAA, 0xB7, 0x65, 0x3C, 0x7E, 0xD9, 0x44,
    0x16, 0x24, 0xDC, 0xC6, 0xC8, 0xD4, 0x86, 0x23, 0x63, 0x93, 0x27, 0x3B, 0xA5, 0x15, 0xBD, 0x3B,
    0xA5, 0x58, 0xFB, 0xB7, 0x9B, 0xAB, 0xFD, 0xE3, 0x53, 0x7B, 0x0A, 0x76, 0xF9, 0xC4, 0x49, 0xEC,
    0x30, 0xDF, 0x86, 0xD9, 0x6B, 0x79, 0x51, 0x46, 0xAC, 0x93, 0xD3, 0x4C, 0xF1, 0x3B, 0x4E, 0xD6,
    0x31, 0x0A, 0x41, 0x32, 0xC1, 0x80, 0x54, 0xE4, 0xE5, 0x2C, 0xE9, 0x5B, 0x36, 0xD8, 0x14, 0x74,
    0x68, 0xDD, 0x02, 0x3C, 0xC0, 0xE0, 0x08, 0x1D, 0x19, 0x97, 0x04, 0xE6, 0x16, 0x64, 0x26, 0x39,
    0x78, 0xB5, 0x99, 0x08, 0x17, 0x99, 0xB6, 0x14, 0xD7, 0xB4, 0x59, 0x8B, 0xAA, 0x5F, 0x06, 0x75,
    0xD8, 0x0B, 0x6B, 0x76, 0xD1, 0x79, 0x10, 0xD7, 0xB3, 0x28, 0xC4, 0x49, 0x9A, 0xC5, 0x59, 0x58,
    0x74, 0x4A, 0xBF, 0xF4, 0x2A, 0xA7, 0xEB, 0xD4, 0x76, 0xCD, 0x4D, 0x0F, 0xDE, 0x5D, 0x3A, 0xB1,
    0x9E, 0x5C, 0xBE, 0xD2, 0xE7, 0x6B, 0x7D, 0x46, 0x26, 0xA0, 0xF8, 0x4C, 0x4A, 0xE0, 0xC7, 0x0E,
    0x0B, 0x10, 0xEC, 0x94, 0x07, 0xFF, 0xCB, 0x04, 0xF4, 0xB6, 0xC9, 0x3C, 0x8B, 0x22, 0x5A, 0xBE,
    0x41, 0x14, 0x4E, 0x00, 0xEE, 0x6C, 0x19, 0xB2, 0xB9, 0x8F, 0x93, 0xB2, 0x4C, 0xB3, 0x57, 0xCB,
    0xF8, 0xAC, 0x24, 0x87, 0x4A, 0x66, 0x83, 0xC2, 0x97, 0xC9, 0xE6, 0x64, 0x49, 0x7B, 0xF6, 0x4F,
    0x68, 0xCF, 0x38, 0x77, 0x0B, 0x50, 0x8B, 0x6C, 0x6C, 0x83, 0x0A, 0xB2, 0x7B, 0x54, 0x92, 0x10,
    0xC8, 0x70, 0xF4, 0x18, 0x59, 0xF2, 0x7A, 0x98, 0x26, 0x63, 0x95, 0xCB, 0xCE, 0xB6, 0x8F, 0x59,
    0x97, 0x11, 0x5F, 0xF5, 0xD9, 0xC3, 0x74, 0x18, 0x7F, 0x6D, 0xDA, 0x46, 0x10, 0xE4, 0x5B, 0x70,
    0x9B, 0x4B, 0x8F, 0x75, 0xD6, 0xB9, 0x6E, 0xC7, 0xEA, 0x4E, 0x52, 0x3D, 0x4E, 0xA7, 0xC6, 0x69,
    0xE6, 0x08, 0x8D, 0x9F, 0xA4, 0x53, 0xA7, 0xAD, 0x6E, 0xAC, 0xAA, 0x10, 0xD8, 0x66, 0xBE, 0x8A,
    0x6C, 0x6D, 0xA3, 0x76, 0x3C, 0xF9, 0xBB, 0x14, 0x88, 0xC5, 0x00, 0xA4, 0x9A, 0xB6, 0xA9, 0x26,
    0xF3, 0x3E, 0xB3, 0x6C, 0x3B, 0x6A, 0xDC, 0xB2, 0x56, 0xD9, 0x65, 0x7A, 0x0B, 0x0A, 0x3D, 0x0F,
    0x04, 0xF3, 0xBE, 0x06, 0x6A, 0xED, 0x2E, 0x56, 0x8D, 0x47, 0x52, 0x58, 0x3D, 0xC6, 0x28, 0xCD,
    0xEC, 0x5E, 0x58, 0x38, 0x75, 0x50, 0xBA, 0x95, 0x5F, 0xB1, 0x19, 0xE9, 0xFA, 0xB9, 0x53, 0xFB,
    0x7C, 0xB6, 0x13, 0x51, 0x9F, 0x0D, 0x79, 0xCA, 0x57, 0x87, 0x47, 0x75, 0xE6, 0xBF, 0xD3, 0xD5,
    0xB9, 0x62, 0x78, 0x89, 0x32, 0xAB, 0x18, 0xE9, 0x04, 0x28, 0x34, 0x89, 0x6F, 0x12, 0x30, 0x9D,
    0x4A, 0x4F, 0x5D, 0x4D, 0xF0, 0x76, 0x8A, 0x19, 0xB0, 0x66, 0x48, 0xDD, 0x30, 0xB1, 0xAB, 0x30,
    0x73, 0xCA, 0xA0, 0xF0, 0x98, 0x15, 0xFC, 0xC2, 0xAF, 0x83, 0xCC, 0xED, 0xF1, 0x19, 0x95, 0x26,
    0xB6, 0x62, 0xC3, 0xA1, 0x98, 0xC4, 0xA7, 0xD7, 0xB2, 0x78, 0x40, 0x99, 0xC1, 0x00, 0x31, 0x05,
    0xB8, 0xDF, 0x19, 0xF7, 0x39, 0xA3, 0x23, 0x9D, 0x9C, 0x4E, 0xB2, 0x7D, 0x5B, 0xB8, 0x37, 0x67,
    0xE3, 0x9D, 0xF3, 0x39, 0xF6, 0x4E, 0x4C, 0x1E, 0x5E, 0xE2, 0x13, 0xD9, 0xBA, 0x66, 0x2C, 0x7B,
    0x46, 0x5B, 0xF7, 0x4D, 0xAE, 0xE0, 0xAE, 0x76, 0x4A, 0x10, 0xD3, 0x81, 0x98, 0x0A, 0xC4, 0x34,
    0x20, 0xA6, 0x00, 0x31, 0xFD, 0x27, 0x53, 0x7F, 0xB8, 0x5F, 0xFA, 0x90, 0xE9, 0xA9, 0xBE, 0xD0,
    0x93, 0x29, 0x3E, 0x4C, 0xEF, 0x59, 0x55, 0xDC, 0xC5, 0xB4, 0x1E, 0xA6, 0xF4, 0x30, 0x9D, 0x87,
    0xA9, 0x3C, 0xCB, 0x68, 0x91, 0xAE, 0x00, 0x62, 0x44, 0xE3, 0x04, 0x96, 0xCA, 0x4D, 0x60, 0x4A,
    0x58, 0x95, 0x85, 0x38, 0xEF, 0xB0, 0xE2, 0xEE, 0xC2, 0xA2, 0xDC, 0x81, 0xCC, 0xBF, 0xAD, 0xBC,
    0xBA, 0x53, 0x86, 0x59, 0xCC, 0xD2, 0x73, 0x8A, 0xFD, 0x61, 0xE6, 0x9C, 0x28, 0x65, 0x61, 0xD3,
    0x22, 0x69, 0xCC, 0xCD, 0x26, 0xE3, 0x3A, 0xF1, 0xE8, 0x31, 0xC7, 0x26, 0xF0, 0xBA, 0x6D, 0x74,
    0x11, 0xD3, 0x65, 0xF0, 0xC3, 0x5E, 0xE2, 0x2D, 0xDA, 0x37, 0xD0, 0x54, 0xAB, 0x99, 0x7A, 0xBE,
    0x4E, 0x4E, 0xCF, 0x90, 0x2E, 0x3B, 0x0A, 0xFB, 0xDA, 0x79, 0x0C, 0xF6, 0xEB, 0x6C, 0x7F, 0xC8,
    0xFD, 0x3A, 0x84, 0xA1, 0x45, 0x16, 0xBB, 0x26, 0xB7, 0x47, 0x2E, 0x5B, 0xA9, 0x0A, 0x67, 0x86,
    0x3F, 0xB6, 0xFE, 0x54, 0xF8, 0x58, 0xCD, 0x87, 0xDA, 0x4F, 0x21, 0x6A, 0xAB, 0x37, 0x50, 0x5B,
    0x81, 0xA8, 0x2D, 0x28, 0xE4, 0x15, 0x69, 0x7C, 0x45, 0x1A, 0x69, 0x93, 0x5C, 0xA7, 0x97, 0xE3,
    0xB9, 0x39, 0xBA, 0xAA, 0xD9, 0x27, 0x9D, 0x1E, 0xD0, 0xA1, 0xBF, 0x99, 0x35, 0x68, 0x12, 0x15,
    0x96, 0xB0, 0x2C, 0x4B, 0x33, 0x73, 0x1A, 0x03, 0xE0, 0x6B, 0xA0, 0x5D, 0x12, 0x6B, 0x71, 0x86,
    0xF7, 0x4E, 0xBE, 0x0B, 0x7B, 0x49, 0x1B, 0x38, 0x8B, 0x0F, 0x17, 0x41, 0x02, 0xD7, 0xC1, 0xEC,
    0x01, 0x25, 0xE7, 0xFD, 0xCB, 0x91, 0x99, 0x13, 0x1F, 0xDE, 0xFB, 0x97, 0xEC, 0x37, 0x0D, 0x25,
    0x69, 0x4D, 0x02, 0xC5, 0xEF, 0xB6, 0xD5, 0x31, 0xBA, 0x20, 0x46, 0x67, 0x58, 0xAC, 0x45, 0x3D,
    0x27, 0x60, 0x17, 0xBB, 0xA8, 0x65, 0x6B, 0x76, 0x69, 0x80, 0x01, 0xDC, 0x1A, 0x40, 0x07, 0x6B,
    0x68, 0x17, 0x06, 0xC2, 0xA1, 0x72, 0xB8, 0x38, 0xC0, 0x04, 0x6E, 0x8E, 0x9E, 0x51, 0x17, 0xAF,
    0x97, 0xE0, 0xEE, 0xE8, 0x99, 0x6A, 0x1D, 0x50, 0x58, 0x4D, 0x5E, 0x07, 0xAE, 0x8F, 0xB8, 0x1B,
    0x2F, 0x15, 0x4B, 0xE7, 0xF9, 0x75, 0x6A, 0x04, 0xAE, 0x90, 0x0E, 0x65, 0x35, 0xFF, 0x05, 0x7A,
    0x6E, 0x5B, 0xBB, 0x45, 0x78, 0x3D, 0xB4, 0xAC, 0x90, 0xC5, 0x31, 0x7D, 0xF1, 0x4C, 0x5F, 0x6C,
    0xF3, 0x0D, 0xFB, 0x81, 0xFE, 0x22, 0x44, 0x43, 0x7F, 0x81, 0x16, 0xFA, 0xCB, 0x1A, 0xE2, 0xD6,
    0xEC, 0xEF, 0xF0, 0x00, 0xC2, 0x04, 0x9A, 0xA8, 0xAD, 0xE9, 0xAE, 0xC9, 0x9F, 0x31, 0xF2, 0xA7,
    0xCC, 0x41, 0xB6, 0x4B, 0xBB, 0x75, 0x4E, 0x66, 0x0A, 0xC6, 0x9C, 0xC5, 0xC3, 0xDA, 0xBD, 0x73,
    0x94, 0x71, 0xF1, 0x6C, 0x39, 0x60, 0x37, 0x4F, 0x67, 0xDB, 0x98, 0x09, 0xFD, 0x1F, 0x44, 0x8D,
    0xBB, 0xD7, 0xBA, 0x7C, 0x4B, 0xE2, 0xFC, 0xBE, 0x46, 0x41, 0xDC, 0x3F, 0x1C, 0x4C, 0x9B, 0x70,
    0x94, 0xC4, 0x0D, 0xD4, 0x97, 0xDA, 0xFA, 0xA0, 0xD2, 0x69, 0x78, 0x69, 0x45, 0x0A, 0x63, 0x48,
    0x14, 0x91, 0x2E, 0x89, 0x32, 0x65, 0x55, 0xA2, 0x90, 0x4C, 0xBE, 0x2F, 0x7F, 0xC3, 0xEC, 0xA7,
    0xDC, 0x63, 0xE9, 0xFF, 0x5F, 0x18, 0x2A, 0x7F, 0xBB, 0x50, 0xF0, 0x5F, 0xDE, 0xCB, 0x39, 0x66,
    0xAC, 0x94, 0xCC, 0x91, 0x6D, 0x59, 0x21, 0x05, 0x7C, 0x97, 0x71, 0x3A, 0xC9, 0x58, 0xB3, 0x26,
    0xE7, 0xAD, 0x33, 0xE0, 0x13, 0x82, 0x92, 0x12, 0x8E, 0x19, 0x5F, 0x69, 0xC5, 0xBF, 0xAA, 0xB3,
    0x99, 0xC3, 0xF3, 0x98, 0xF1, 0xD0, 0x0C, 0xA6, 0x4E, 0x02, 0x68, 0x8D, 0x11, 0x0E, 0x25, 0x4C,
    0x86, 0x84, 0x6D, 0xD5, 0xE7, 0x25, 0xBF, 0x2C, 0x70, 0xBF, 0x34, 0x94, 0xD0, 0xDD, 0x3A, 0x54,
    0x76, 0xF7, 0x4B, 0x38, 0xE3, 0x7F, 0x1B, 0x0C, 0xD5, 0x39, 0x27, 0x93, 0x5C, 0xAF, 0xB0, 0x2F,
    0x40, 0x56, 0x7A, 0x0B, 0x8E, 0x82, 0xC9, 0x3F, 0xA2, 0x2F, 0x8E, 0xCC, 0xB6, 0x78, 0xAF, 0x43,
    0xA0, 0xED, 0x57, 0xE6, 0xA4, 0xEF, 0xC9, 0xF2, 0x54, 0xBE, 0x38, 0x28, 0xCE, 0x7D, 0x18, 0x05,
    0xFF, 0x3C, 0xFE, 0x75, 0x1F, 0x97, 0xF3, 0xCF, 0x81, 0x02, 0xCE, 0x45, 0x8C, 0x85, 0xFD, 0x52,
    0x76, 0x4B, 0x51, 0x40, 0x38, 0xED, 0x25, 0xB4, 0x6E, 0x5F, 0x94, 0xD6, 0x5F, 0x95, 0x11, 0xDF,
    0xA7, 0xE3, 0x4B, 0xD1, 0x09, 0x47, 0xE6, 0x07, 0x97, 0xEF, 0x6C, 0xB4, 0x91, 0x4E, 0x8A, 0x64,
    0xA2, 0x6A, 0xB1, 0xEB, 0x37, 0x48, 0x5A, 0x37, 0x7C, 0x6E, 0x55, 0xFA, 0x64, 0x95, 0x8D, 0x51,
    0xB2, 0x8A, 0x25, 0x53, 0xC1, 0xF6, 0x92, 0x59, 0xE0, 0x1B, 0x85, 0xE4, 0xB5, 0xC1, 0x65, 0x8E,
    0xDD, 0xE1, 0xBC, 0x5E, 0xD3, 0x6E, 0xF0, 0xEB, 0x6E, 0x3B, 0x9F, 0x5D, 0x55, 0xB8, 0x6B, 0x01,
    0x77, 0x0F, 0xE0, 0xC6, 0xE8, 0xEF, 0x6E, 0x74, 0x75, 0x0D, 0x76, 0x3E, 0xA2, 0x66, 0xD6, 0x52,
    0x1D, 0x89, 0xF4, 0xDE, 0xEA, 0x5C, 0xBC, 0xE8, 0xF1, 0xF5, 0x9F, 0x40, 0x7C, 0xF1, 0x59, 0x38,
    0x03, 0xDF, 0x40, 0x56, 0xDD, 0x89, 0x6E, 0xD1, 0xF1, 0xE0, 0xA1, 0xF0, 0xA1, 0x3B, 0x76, 0x78,
    0x17, 0xBA, 0x3C, 0x14, 0xE7, 0xE6, 0x18, 0xEE, 0xE1, 0x84, 0xE1, 0xFA, 0xAB, 0x07, 0x37, 0x62,
    0xB8, 0x2C, 0xB2, 0xBE, 0x7D, 0x11, 0xE5, 0xBE, 0xAF, 0xA2, 0x26, 0x63, 0xDF, 0x3C, 0xEF, 0x16,
    0xBA, 0x0C, 0x77, 0x66, 0xFE, 0x2D, 0x09, 0xC9, 0x21, 0xE3, 0x4C, 0xBC, 0x6A, 0x52, 0xCE, 0x8F,
    0x70, 0x00, 0x73, 0xA1, 0xD4, 0x15, 0x8D, 0x77, 0xAC, 0x40, 0x31, 0xC1, 0x55, 0xDF, 0x9B, 0x6B,
    0x03, 0x04, 0xF3, 0x03, 0xE3, 0xB3, 0xF5, 0x5A, 0x8B, 0x1A, 0x4C, 0x2A, 0x7E, 0xC2, 0xD0, 0x50,
    0x99, 0x94, 0x01, 0x5D, 0x07, 0x1A, 0xBC, 0x19, 0x6C, 0xA4, 0xC7, 0xBE, 0x5A, 0x92, 0xFB, 0x7A,
    0x97, 0xFC, 0xD7, 0x18, 0x6E, 0x9E, 0xAF, 0x4C, 0x11, 0xC7, 0xB5, 0xE2, 0x6B, 0x4C, 0x3C, 0x0C,
    0x3C, 0xCC, 0xBB, 0xF7, 0x68, 0x32, 0x70, 0x58, 0x4C, 0x3A, 0x05, 0x05, 0x0A, 0x28, 0x4E, 0x40,
    0x61, 0x82, 0x93, 0xCF, 0xAD, 0x50, 0xF1, 0x09, 0x5F, 0xF6, 0x28, 0x47, 0x74, 0x67, 0x99, 0x1E,
    0xAF, 0x33, 0x3D, 0xBE, 0x95, 0xEB, 0x2C, 0xFA, 0x9E, 0xA1, 0x19, 0xF7, 0x6B, 0xA2, 0x0B, 0x7F,
    0xFE, 0x2D, 0x23, 0xF7, 0x3C, 0xC7, 0xED, 0xCF, 0xF1, 0x58, 0x7C, 0xAE, 0xE0, 0xA8, 0x92, 0xDB,
    0x28, 0xB3, 0x95, 0xC1, 0xDF, 0x36, 0x0A, 0xC8, 0x63, 0x3D, 0xC7, 0x91, 0x2F, 0x39, 0xE7, 0xF9,
    0xF2, 0xE3, 0x7C, 0x39, 0x0A, 0x5C, 0x66, 0x57, 0xA9, 0xE8, 0x85, 0xB5, 0xF0, 0x24, 0xC7, 0x95,
    0xFE, 0x76, 0xBE, 0xED, 0x8B, 0x70, 0x03, 0x8C, 0xA7, 0x1F, 0xAD, 0x12, 0xBC, 0x95, 0x68, 0x0F,
    0x65, 0xA6, 0x4C, 0x9B, 0x87, 0x9F, 0x30, 0x4E, 0xC3, 0xDF, 0xAD, 0x4E, 0x31, 0xD0, 0x66, 0x6D,
    0x6D, 0x90, 0x3F, 0x93, 0xE2, 0xAF, 0x13, 0xAB, 0x53, 0x78, 0xB4, 0xC6, 0xE1, 0xAB, 0xB9, 0x2B,
    0xCE, 0xD7, 0x4C, 0xEA, 0xB4, 0xDB, 0x4C, 0x1F, 0xBF, 0x09, 0x9C, 0x11, 0x86, 0x33, 0xC9, 0x6D,
    0xAA, 0x27, 0x78, 0x63, 0x18, 0x13, 0xD7, 0xDA, 0x27, 0x33, 0x3F, 0x1C, 0xB2, 0xC2, 0x4C, 0x39,
    0x9A, 0xD8, 0xBD, 0x6E, 0x15, 0x0B, 0xAD, 0x12, 0xCD, 0x63, 0xE0, 0xB5, 0x8D, 0xE7, 0xF5, 0x8C,
    0x74, 0x0A, 0x83, 0xB7, 0xDE, 0xC8, 0xE9, 0x2A, 0x8C, 0xE5, 0x76, 0x56, 0x9A, 0x21, 0xC7, 0x80,
    0xBB, 0x39, 0x92, 0x76, 0xD9, 0xC0, 0x77, 0xD8, 0xC3, 0xF5, 0x37, 0xAE, 0x6E, 0x31, 0xD9, 0xC8,
    0xB2, 0xE2, 0xAC, 0xA6, 0x5E, 0xA1, 0x59, 0x9A, 0xB4, 0xFB, 0x06, 0x17, 0x9D, 0x8D, 0x98, 0xAA,
    0x9D, 0x8E, 0x29, 0xDA, 0x89, 0x33, 0x3D, 0xC7, 0x86, 0x64, 0x16, 0x92, 0x08, 0x9D, 0x37, 0x2A,
    0xC6, 0xBA, 0x41, 0xF8, 0xB2, 0x9F, 0x04, 0x7C, 0xE1, 0x2A, 0x01, 0x5F, 0x78, 0x4B, 0xC0, 0xD7,
    0x3E, 0x3F, 0xA7, 0xF1, 0x65, 0x16, 0x12, 0x7C, 0xFD, 0x5B, 0xBC, 0x48, 0xEE, 0x6A, 0xFB, 0x79,
    0xB3, 0x94, 0x85, 0x8D, 0x98, 0x7E, 0xEC, 0xDC, 0x6D, 0x18, 0xEC, 0x34, 0x96, 0x1D, 0x80, 0xC3,
    0x30, 0x37, 0x21, 0x2C, 0x36, 0xB3, 0xFD, 0x0A, 0x8A, 0xE4, 0x82, 0x76, 0x09, 0x60, 0x33, 0x30,
    0xDF, 0x32, 0x6A, 0xCB, 0xF9, 0xB1, 0xC9, 0x6A, 0xB9, 0x8B, 0x4D, 0xCE, 0xB0, 0x98, 0x7A, 0x5B,
    0x57, 0xCB, 0x59, 0x52, 0xD2, 0xE0, 0xC9, 0x64, 0x14, 0xAA, 0x4F, 0xE2, 0xEC, 0xEE, 0xBF, 0x47,
    0x12, 0xBA, 0xC7, 0xFA, 0x2C, 0x7C, 0xB4, 0x0F, 0xFA, 0x26, 0x27, 0xB7, 0xAF, 0x7E, 0x8D, 0xDA,
    0xE6, 0x36, 0xA7, 0x86, 0x2C, 0xA2, 0xF3, 0xA9, 0x5C, 0xA7, 0x93, 0xA8, 0x73, 0x16, 0x4E, 0xCF,
    0xA3, 0xD9, 0xCD, 0x59, 0x26, 0x76, 0x83, 0x0B, 0x64, 0x6E, 0x78, 0x79, 0xCE, 0xF2, 0x3C, 0x54,
    0xC3, 0x97, 0xBA, 0x54, 0xA3, 0x49, 0x17, 0x36, 0x27, 0x97, 0xCA, 0xE1, 0x2D, 0x54, 0x85, 0x74,
    0x55, 0xDD, 0x5C, 0xBB, 0xA4, 0x9B, 0x66, 0x49, 0xB2, 0x36, 0x11, 0x3A, 0xB1, 0x47, 0xDE, 0x8F,
    0x25, 0x97, 0x65, 0x0F, 0xC7, 0x2B, 0xFF, 0xCF, 0x52, 0x43, 0x53, 0x8B, 0x47, 0xF4, 0x54, 0x8C,
    0xA8, 0x2D, 0xA7, 0xA7, 0xF5, 0xDA, 0xEB, 0x53, 0xC3, 0x8B, 0xF1, 0xCD, 0xA2, 0x5B, 0x6B, 0x78,
    0x70, 0x10, 0x53, 0x09, 0xD6, 0xF2, 0x65, 0x3F, 0xAB, 0x2F, 0xF9, 0x92, 0xA4, 0xDC, 0x24, 0xBE,
    0x42, 0x88, 0x9D, 0xDF, 0x2C, 0x24, 0xB7, 0xF4, 0x4A, 0x58, 0x70, 0x0A, 0xE0, 0x06, 0xC5, 0xD0,
    0x52, 0xE2, 0x1B, 0x52, 0xE6, 0x66, 0xB7, 0x08, 0xC9, 0x34, 0xD6, 0xDD, 0x50, 0xCA, 0xB5, 0x54,
    0xE0, 0x61, 0xEA, 0xE7, 0xE4, 0xAE, 0x26, 0x6F, 0x76, 0x23, 0x2A, 0xF0, 0x6E, 0xA2, 0x32, 0xD8,
    0x43, 0xCD, 0x4A, 0xFE, 0x66, 0xFA, 0x2B, 0x2E, 0x9B, 0x65, 0xF3, 0x65, 0xE3, 0x0C, 0x18, 0xAB,
    0x15, 0x36, 0xF3, 0xE5, 0x69, 0xFE, 0xC6, 0x73, 0x67, 0x0F, 0x1C, 0x4B, 0x05, 0x73, 0x61, 0x96,
    0x6E, 0x73, 0xD0, 0x6B, 0x57, 0xFE, 0x83, 0x55, 0x9E, 0x3A, 0x60, 0x6A, 0xB1, 0x34, 0xEB, 0xF7,
    0x9F, 0x3C, 0x78, 0xF0, 0xC1, 0xA7, 0x19, 0xAD, 0xB4, 0x79, 0x54, 0x43, 0xF3, 0x00, 0x07, 0x32,
    0x0F, 0xBC, 0xF8, 0x01, 0x8D, 0xA6, 0xAA, 0x7F, 0xEC, 0xFE, 0xB7, 0x44, 0x3D, 0xC9, 0x26, 0xA8,
    0x73, 0x28, 0xB0, 0x38, 0xF3, 0x5C, 0x02, 0xEA, 0x29, 0xC1, 0xF9, 0x5D, 0x2B, 0x4F, 0xBD, 0xD1,
    0x88, 0xF9, 0x3E, 0x60, 0xB7, 0x33, 0x43, 0xAA, 0xB6, 0x8C, 0x73, 0xEA, 0x14, 0x31, 0xB3, 0x49,
    0xB2, 0x7A, 0x95, 0x94, 0x4B, 0x8A, 0x37, 0x9D, 0x84, 0x41, 0x7A, 0x19, 0x83, 0x5C, 0x3F, 0x8D,
    0xC0, 0xB7, 0xE6, 0xDD, 0xF8, 0xF4, 0xAA, 0x82, 0xBC, 0x3E, 0xF5, 0xA2, 0xED, 0xA3, 0x36, 0xE0,
    0xC4, 0x20, 0xF6, 0xA6, 0x18, 0x85, 0xD9, 0xC1, 0x57, 0x80, 0x4E, 0xBD, 0xBC, 0x2A, 0x5B, 0x27,
    0x65, 0xBC, 0xC1, 0x9A, 0xC5, 0x4E, 0x75, 0x08, 0xE1, 0x2A, 0x38, 0x24, 0x28, 0xC0, 0x21, 0x13,
    0xC2, 0x21, 0x9B, 0x6F, 0x44, 0x99, 0xF9, 0x15, 0xE2, 0x76, 0x1D, 0xB9, 0x57, 0xA2, 0x86, 0x9F,
    0x2A, 0x81, 0xE1, 0x4C, 0x01, 0x0C, 0x67, 0x6E, 0x79, 0xEA, 0x5D, 0xF7, 0x05, 0x04, 0xE2, 0x04,
    0x6E, 0x97, 0x59, 0x81, 0x58, 0x26, 0x35, 0x95, 0x04, 0x32, 0x13, 0x1B, 0xE9, 0x56, 0xE1, 0xCF,
    0x16, 0x3F, 0x5D, 0xC8, 0xE0, 0x48, 0xB0, 0xAF, 0x27, 0xF6, 0x8C, 0x81, 0xAC, 0x86, 0x8A, 0x4E,
    0xAA, 0xE5, 0xFE, 0xAF, 0xF6, 0x0B, 0x37, 0xDD, 0xFC, 0xBC, 0x04, 0x3F, 0x76, 0x7C, 0x3B, 0x30,
    0xC6, 0x3C, 0x81, 0x3F, 0xDD, 0x58, 0x10, 0x51, 0x49, 0x56, 0x3B, 0x03, 0x7B, 0xF3, 0x56, 0xA9,
    0x9B, 0x12, 0x85, 0xDC, 0xAC, 0xA6, 0xD7, 0x8F, 0x4A, 0x71, 0x96, 0x3D, 0x16, 0xE7, 0x96, 0xE8,
    0x42, 0x61, 0xEA, 0xC8, 0xE9, 0xDD, 0xDF, 0x02, 0x44, 0xC8, 0x8D, 0x88, 0xCD, 0xF8, 0x86, 0x5B,
    0xA6, 0x1F, 0x37, 0x2F, 0x7E, 0x28, 0xD3, 0x9F, 0x3D, 0xC1, 0xA0, 0x91, 0x03, 0x72, 0x2F, 0x60,
    0x8E, 0xE5, 0xE2, 0x7C, 0x13, 0x69, 0x0C, 0x42, 0xBB, 0x1B, 0xB0, 0x26, 0x61, 0xA4, 0x9D, 0x30,
    0xD6, 0x7E, 0x44, 0xB6, 0xAC, 0x04, 0x67, 0xB5, 0xE0, 0x4A, 0xB6, 0x52, 0x26, 0x07, 0xF7, 0x47,
    0x4D, 0x7C, 0xB2, 0xE7, 0x14, 0xD4, 0xD2, 0x29, 0x79, 0x2A, 0xCC, 0x06, 0xB8, 0x38, 0xAB, 0x00,
    0xF7, 0xFA, 0x92, 0xF8, 0x62, 0xD6, 0x54, 0x98, 0x48, 0x2A, 0x62, 0x6B, 0x1B, 0x03, 0x09, 0x06,
    0x52, 0x9C, 0xF6, 0x89, 0x19, 0x30, 0xA3, 0x02, 0x83, 0xE2, 0x8E, 0x72, 0xE7, 0xAD, 0xB5, 0xFA,
    0x64, 0xF5, 0x1E, 0x39, 0x70, 0x8D, 0x95, 0x06, 0xEC, 0x49, 0xB1, 0xD9, 0x64, 0x8D, 0xC6, 0x97,
    0xBB, 0x35, 0x3E, 0x4C, 0xF3, 0x91, 0x2B, 0x7F, 0x3A, 0xC6, 0x95, 0x3D, 0x4A, 0x63, 0x85, 0x80,
    0xAE, 0xC8, 0x43, 0x3D, 0xF4, 0x84, 0x6E, 0xD0, 0xD7, 0xF6, 0x3A, 0x65, 0x6E, 0xA8, 0x82, 0xDC,
    0x2A, 0xBC, 0xC2, 0x2A, 0x9C, 0xD2, 0xE6, 0xB7, 0x29, 0x30, 0x2D, 0x29, 0xC5, 0xBA, 0xA0, 0x1F,
    0x49, 0x65, 0xBF, 0x5D, 0x79, 0xB9, 0xFB, 0xC5, 0x20, 0xF3, 0x36, 0x62, 0x65, 0x9F, 0x92, 0x85,
    0x07, 0xF0, 0x0E, 0xAC, 0xE1, 0xCC, 0xE4, 0x55, 0xB4, 0x4B, 0x0B, 0x5E, 0x6E, 0x81, 0x23, 0xB9,
    0xA1, 0xC9, 0xE3, 0x97, 0x6B, 0x97, 0xC9, 0x74, 0x72, 0x8C, 0x39, 0x7F, 0x1F, 0x0F, 0xEF, 0xBC,
    0x1E, 0x5D, 0xCC, 0x5B, 0x59, 0xAB, 0xF3, 0x70, 0x1A, 0xB1, 0x7A, 0xA8, 0x97, 0xF2, 0xCC, 0x42,
    0x10, 0xE8, 0x70, 0xBB, 0xD2, 0xDC, 0xE7, 0x2E, 0xCB, 0x91, 0xAC, 0x38, 0xDC, 0x6C, 0xE9, 0x66,
    0x9B, 0x0D, 0x13, 0xF2, 0x56, 0x42, 0x6F, 0xFA, 0x5A, 0xD9, 0xB5, 0x5E, 0x1A, 0x7E, 0xF3, 0x50,
    0xA0, 0xB1, 0x93, 0xAC, 0x93, 0xC7, 0x57, 0x17, 0x1E, 0x56, 0x5D, 0xF6, 0xF0, 0xD4, 0xA6, 0x05,
    0x93, 0xF0, 0x59, 0x05, 0x38, 0x96, 0xF1, 0xEC, 0x31, 0xE9, 0x80, 0x29, 0x87, 0x5E, 0xCA, 0x76,
    0x85, 0x4D, 0x3A, 0x26, 0x1B, 0x56, 0xA7, 0x5F, 0xD7, 0x77, 0xCD, 0x1C, 0x79, 0xFA, 0x89, 0x03,
    0xD2, 0x9C, 0x24, 0x74, 0x74, 0x46, 0xD1, 0xEB, 0xED, 0x6A, 0xF4, 0x62, 0xF3, 0x70, 0x00, 0x6A,
    0xEC, 0xEC, 0x16, 0xCC, 0x48, 0x59, 0xC8, 0x7E, 0xE5, 0xBE, 0xCC, 0xFF, 0xC6, 0x50, 0x24, 0x35,
    0xEE, 0x4B, 0xEB, 0x3E, 0xEC, 0xCD, 0xA9, 0x39, 0xBE, 0xDA, 0xAD, 0x70, 0x27, 0x7B, 0xF6, 0x9D,
    0x3E, 0x24, 0xDB, 0x97, 0x69, 0x14, 0x17, 0xAE, 0x3B, 0x6A, 0xCB, 0x01, 0xFE, 0x9D, 0x07, 0x06,
    0x28, 0x30, 0x06, 0x23, 0x8C, 0xC0, 0xC9, 0x71, 0x86, 0x3F, 0xB1, 0x8F, 0xC1, 0x77, 0xE6, 0x19,
    0xBA, 0x5F, 0xE8, 0xF4, 0x0B, 0x06, 0x62, 0xDC, 0xCC, 0x85, 0x6D, 0x02, 0xE0, 0x3B, 0x01, 0x77,
    0x0C, 0x60, 0xC7, 0x01, 0x55, 0x80, 0x0A, 0x4C, 0x01, 0x29, 0x10, 0x05, 0xA0, 0xC0, 0xD3, 0xE0,
    0x04, 0x1A, 0xC6, 0x13, 0xBA, 0x00, 0xC9, 0x40, 0x6C, 0x6E, 0xB6, 0x9A, 0x3C, 0x7A, 0x9D, 0xC6,
    0xF2, 0x37, 0xA2, 0x26, 0xFE, 0x14, 0x3F, 0x40, 0xF2, 0xB2, 0xD6, 0x20, 0x9A, 0x28, 0x9B, 0x7A,
    0xD3, 0xCB, 0xAC, 0x72, 0x5F, 0x6D, 0x0E, 0x93, 0x95, 0xD1, 0x75, 0xBB, 0x32, 0xFA, 0x2B, 0xA8,
    0x59, 0xE9, 0x14, 0xB4, 0x84, 0xF0, 0xDB, 0x07, 0x95, 0xEA, 0xDB, 0xBA, 0x6D, 0x6A, 0xDB, 0x17,
    0x75, 0xAE, 0x97, 0x09, 0xC8, 0x64, 0xD9, 0x48, 0x78, 0x86, 0xBB, 0xAA, 0xD2, 0xC1, 0x83, 0x44,
    0x7B, 0x92, 0x48, 0xAC, 0xF0, 0xF4, 0xDC, 0x1F, 0x10, 0xE9, 0xD2, 0x0D, 0xCD, 0xA6, 0xE9, 0x50,
    0xDA, 0xD2, 0x2C, 0x5B, 0x49, 0x06, 0xFE, 0x44, 0xB4, 0x92, 0x70, 0xAD, 0x83, 0x91, 0x07, 0x66,
    0x43, 0xFE, 0x34, 0xAC, 0xAF, 0xC2, 0xB4, 0xEA, 0x4A, 0xFD, 0x7D, 0xCB, 0x77, 0x1C, 0x2B, 0xEF,
    0xB3, 0xCF, 0x25, 0xB4, 0xF3, 0x6E, 0x3B, 0xB3, 0x16, 0xD4, 0xF1, 0x28, 0x38, 0xFF, 0x99, 0xAE,
    0xEE, 0x80, 0x44, 0xD7, 0xA3, 0x4F, 0x35, 0xF4, 0xBB, 0xEB, 0x57, 0x88, 0xDE, 0xFF, 0x43, 0xBE,
    0xFC, 0x7E, 0xDE, 0x4E, 0xF3, 0xF6, 0x6D, 0xDE, 0xCE, 0x71, 0x10, 0x93, 0x46, 0xD6, 0xC2, 0x71,
    0x0A, 0xCE, 0xEB, 0xDB, 0x70, 0x97, 0xB9, 0x69, 0x86, 0x5E, 0xB1, 0x9E, 0xB7, 0x95, 0xF7, 0x91,
    0x47, 0x40, 0x8B, 0x88, 0x8A, 0xD9, 0xA2, 0xCA, 0xFF, 0x20, 0x77, 0x33, 0x3B, 0x5B, 0x3F, 0x1F,
    0x96, 0x77, 0x44, 0x3B, 0x49, 0x7D, 0xFF, 0xDE, 0x7A, 0x07, 0xED, 0xA5, 0x4F, 0x67, 0x8F, 0x46,
    0xD3, 0x23, 0x61, 0x17, 0x59, 0x42, 0x97, 0x7D, 0x90, 0x9F, 0x9D, 0xEF, 0x75, 0x75, 0x59, 0x33,
    0xF7, 0xF4, 0x3E, 0x9A, 0x7A, 0x9E, 0xFE, 0xF9, 0x6C, 0x12, 0xAB, 0x6C, 0x1F, 0xBD, 0x30, 0x0F,
    0x52, 0xDF, 0xB1, 0xDC, 0xCA, 0xAC, 0x1F, 0xF0, 0x5D, 0x63, 0x8F, 0x46, 0x31, 0x4D, 0x6C, 0x26,
    0x31, 0x52, 0x1D, 0xBE, 0x77, 0x3E, 0x9D, 0x4F, 0xE8, 0x02, 0x85, 0xAE, 0x53, 0xCC, 0x48, 0xAE,
    0xC2, 0xCD, 0x82, 0xBE, 0x4A, 0x20, 0xD9, 0x1D, 0x67, 0xB1, 0xF3, 0xCB, 0xB5, 0x2C, 0xE3, 0x06,
    0xEF, 0x76, 0x9E, 0x28, 0xF8, 0x4E, 0x3D, 0x62, 0xDD, 0x66, 0x02, 0x85, 0x85, 0xD6, 0x2C, 0xA0,
    0x71, 0x94, 0x66, 0x79, 0x71, 0x04, 0xBD, 0x26, 0xB9, 0x4D, 0xCD, 0x33, 0x74, 0x83, 0xA8, 0xA9,
    0x4B, 0xF7, 0x93, 0xA6, 0x34, 0xC2, 0xCB, 0x26, 0x9A, 0x3C, 0x79, 0xD6, 0x3C, 0xEB, 0xC3, 0xC9,
    0x4F, 0x35, 0x47, 0xC5, 0xE0, 0xA8, 0xBE, 0xCC, 0xB9, 0xCB, 0x1D, 0x0D, 0x5A, 0x19, 0xB4, 0x1C,
    0x36, 0x70, 0xB3, 0x01, 0x06, 0xCD, 0xB3, 0x41, 0xC3, 0xC8, 0x33, 0xA1, 0x7E, 0x3C, 0xC0, 0x3E,
    0xF1, 0x7B, 0x42, 0x92, 0xDB, 0x54, 0xB3, 0x9A, 0x26, 0xEE, 0x99, 0x9E, 0xDB, 0xD8, 0x2F, 0x34,
    0xD4, 0xA0, 0xC0, 0x5E, 0x0C, 0xFE, 0xA4, 0xEB, 0xCB, 0x2A, 0x4A, 0x50, 0x4D, 0x96, 0x05, 0xD5,
    0x8C, 0x90, 0xCE, 0xFB, 0x77, 0xFE, 0x33, 0x9F, 0xD0, 0x4F, 0x7B, 0x1B, 0x50, 0x7C, 0x30, 0x0A,
    0xC3, 0x4F, 0xC8, 0x5E, 0xFF, 0x26, 0xEE, 0x82, 0x11, 0x9B, 0x3D, 0x06, 0xD1, 0xF9, 0x69, 0x3D,
    0x91, 0x90, 0xDD, 0x49, 0x4D, 0xFA, 0x9F, 0x81, 0xED, 0x1D, 0x23, 0x2B, 0x9F, 0xE2, 0x6F, 0xE6,
    0x91, 0x69, 0xFE, 0x7E, 0x2F, 0x77, 0xF0, 0x4E, 0xFE, 0xFE, 0x45, 0x90, 0x60, 0x5E, 0x1B, 0x10,
    0x54, 0x98, 0x0B, 0x0B, 0x9D, 0x40, 0x56, 0xCA, 0xC3, 0xA3, 0x39, 0xBD, 0xBD, 0xF4, 0x81, 0x92,
    0x3E, 0x11, 0x8D, 0xED, 0xA5, 0xB9, 0x7D, 0xF4, 0xB1, 0x7C, 0xBF, 0x7C, 0x4F, 0x95, 0x77, 0xEE,
    0xA5, 0xF9, 0xBD, 0xF4, 0x87, 0x99, 0x3B, 0x85, 0x28, 0xEB, 0x8F, 0x70, 0xEB, 0x1A, 0xA9, 0x58,
    0x9A, 0xD6, 0x2B, 0x76, 0x24, 0xBC, 0x01, 0xBB, 0xE0, 0xA1, 0x97, 0x1E, 0xC3, 0x79, 0x0F, 0x63,
    0x37, 0x06, 0xF8, 0x7C, 0xC1, 0x3C, 0x7F, 0xBF, 0xEF, 0xA3, 0x07, 0x1F, 0x38, 0x33, 0x6F, 0xF0,
    0x93, 0x5C, 0x50, 0x3E, 0xA6, 0xF1, 0x9F, 0x36, 0xC5, 0xF9, 0xCD, 0x03, 0xB3, 0x5D, 0x33, 0x12,
    0xC9, 0xC7, 0xB2, 0xA9, 0x2C, 0x4C, 0xD6, 0x60, 0xF1, 0x31, 0x1F, 0x4D, 0xE5, 0x7B, 0xB3, 0x30,
    0x5B, 0xC3, 0xA6, 0x28, 0xAC, 0x3F, 0x50, 0xDA, 0x45, 0xCC, 0xC7, 0xA3, 0xD4, 0x49, 0xDE, 0x9F,
    0xAF, 0x2F, 0xC3, 0x62, 0x8A, 0xF0, 0xDE, 0x2B, 0xC1, 0xCB, 0x1B, 0x0A, 0xC4, 0xF0, 0xBA, 0x6C,
    0x79, 0xF0, 0x73, 0x31, 0x5E, 0x86, 0x65, 0xA7, 0x7C, 0xA0, 0x48, 0xB9, 0x31, 0x96, 0x3F, 0x0F,
    0x85, 0xC8, 0x34, 0xF9, 0x74, 0x19, 0xA8, 0xDC, 0x92, 0x98, 0x04, 0xCF, 0xCD, 0x3D, 0x9E, 0xA5,
    0x2A, 0xDA, 0xB0, 0x79, 0x7B, 0x41, 0x65, 0x32, 0x95, 0xED, 0x3D, 0xC3, 0x57, 0xDF, 0x61, 0xB4,
    0x97, 0xE4, 0xD8, 0x3D, 0x3C, 0x36, 0x73, 0xEC, 0xCF, 0x78, 0xF7, 0xCC, 0x33, 0x09, 0xD9, 0x5F,
    0xFB, 0x6B, 0xD6, 0x3B, 0xEF, 0xFF, 0x9D, 0xFD, 0x34, 0xF6, 0xCD, 0x75, 0x5F, 0xA7, 0xF7, 0xFE,
    0xD5, 0xBA, 0xBF, 0xA5, 0xED, 0xDF, 0x5C, 0xF7, 0x35, 0xF2, 0xDE, 0x77, 0xDB, 0x2E, 0xB2, 0xFF,
    0xE9, 0x36, 0xD6, 0xF0, 0x3F, 0xBA, 0x2D, 0xFB, 0x49, 0xBB, 0xD7, 0xBF, 0x9C, 0x91, 0x3D, 0xEF,
    0xCC, 0x91, 0x1B, 0xAA, 0x7D, 0x50, 0x91, 0x1B, 0x85, 0x74, 0x52, 0xB7, 0xF5, 0x4C, 0xF4, 0x4C,
    0xB4, 0xDB, 0xD4, 0x70, 0x35, 0xC7, 0xC3, 0x8B, 0xBF, 0x2F, 0x4F, 0x96, 0xC1, 0x7A, 0x54, 0xC9,
    0x09, 0xBC, 0xC6, 0x03, 0xF4, 0x9D, 0x72, 0x50, 0x69, 0x79, 0xAD, 0x65, 0xB7, 0x96, 0x29, 0xA9,
    0x93, 0xC7, 0x22, 0xB3, 0x40, 0x6F, 0xF2, 0x87, 0x6A, 0x68, 0x56, 0xBA, 0xBC, 0xED, 0xED, 0xBB,
    0x3E, 0x7D, 0x27, 0xAD, 0xB7, 0xB8, 0xC7, 0x0E, 0x1B, 0xF3, 0x27, 0x54, 0x96, 0x7E, 0x23, 0xA2,
    0xF8, 0xF9, 0xEC, 0x50, 0x78, 0xF6, 0x22, 0xDA, 0xC4, 0xF3, 0x31, 0x72, 0x3C, 0x56, 0xD7, 0x59,
    0x3C, 0x70, 0x45, 0x6B, 0xDE, 0xE5, 0x35, 0x67, 0xCE, 0xF5, 0x49, 0x62, 0x34, 0x79, 0xF8, 0xB3,
    0x82, 0x1B, 0xC1, 0x61, 0xED, 0xB9, 0x1E, 0xF9, 0xCF, 0x2A, 0xE6, 0xF8, 0x34, 0x9A, 0xE4, 0x11,
    0x19, 0x67, 0xEA, 0xCF, 0xB0, 0x0E, 0x3B, 0xC2, 0x8A, 0xF3, 0xA4, 0xC7, 0xFA, 0xCB, 0x77, 0x8A,
    0xA3, 0xC1, 0xE3, 0x78, 0xCE, 0x3B, 0x26, 0xA8, 0xB3, 0x0E, 0x16, 0xE3, 0xFC, 0xC8, 0x2C, 0x7E,
    0xEC, 0xE9, 0x2A, 0x17, 0x3C, 0x83, 0x35, 0xE4, 0xF6, 0x1E, 0x61, 0x40, 0xA7, 0xD8, 0xEF, 0xA9,
    0x99, 0x0B, 0x55, 0x94, 0x62, 0xBA, 0x51, 0xE2, 0x4E, 0x4F, 0x1E, 0xF5, 0x9B, 0xCB, 0x13, 0xFF,
    0x61, 0x22, 0xE0, 0x7E, 0xC0, 0xD5, 0x49, 0x0D, 0xBA, 0xF3, 0x26, 0x13, 0xFE, 0x7F, 0x75, 0x51,
    0xFB, 0x2D, 0x59, 0x2C, 0x78, 0xB5, 0x45, 0x9C, 0x6F, 0xB7, 0x47, 0xD0, 0x45, 0x86, 0x0E, 0xE0,
    0x39, 0x21, 0x04, 0x56, 0x0A, 0x0B, 0x25, 0xC0, 0x8D, 0x42, 0x0A, 0x3C, 0x62, 0xFE, 0x32, 0x45,
    0x75, 0xD7, 0xEF, 0x39, 0x67, 0x83, 0x55, 0x50, 0xEC, 0x84, 0xEF, 0xC0, 0xC4, 0x91, 0x2C, 0x85,
    0x7A, 0xCB, 0x05, 0x6C, 0x57, 0xB1, 0x6C, 0xBD, 0xED, 0xE1, 0xC7, 0xB9, 0x0B, 0x1F, 0xE7, 0x86,
    0xDE, 0x6B, 0xB6, 0xF7, 0x34, 0x61, 0xEF, 0xD5, 0x3E, 0x13, 0x68, 0x84, 0x26, 0x9D, 0x0F, 0xB3,
    0x9E, 0xFC, 0x53, 0x0A, 0x6D, 0xB3, 0xDD, 0xF3, 0xE1, 0x4B, 0x9F, 0x09, 0x44, 0xD4, 0xD2, 0xB3,
    0xCD, 0xBD, 0xDA, 0xDF, 0xE0, 0xAB, 0x9C, 0xC7, 0x96, 0x65, 0xA2, 0x56, 0x29, 0x9F, 0xFA, 0xBF,
    0x4D, 0x51, 0x31, 0x6E, 0x43, 0x21, 0x0C, 0x35, 0x41, 0x11, 0x03, 0x03, 0x53, 0xA5, 0x6C, 0x1C,
    0xE1, 0x9F, 0x20, 0x35, 0xB9, 0x41, 0x96, 0xBF, 0x77, 0xE8, 0x35, 0x1A, 0xE8, 0x4D, 0x7A, 0x8C,
    0x0C, 0x91, 0xC2, 0x11, 0x38, 0x02, 0x47, 0xF0, 0xC0, 0xC0, 0x40, 0xBE, 0x0B, 0x3F, 0xCA, 0x6F,
    0x2D, 0x6C, 0xAC, 0xE7, 0x27, 0x63, 0x3F, 0x00, 0x80, 0x39, 0x6E, 0x07, 0x86, 0x21, 0x33, 0xD3,
    0x1A, 0xDE, 0xE6, 0x79, 0x3E, 0xC3, 0xCB, 0x06, 0x34, 0xAC, 0x6E, 0xC9, 0xA8, 0xCF, 0x2B, 0xE7,
    0x20, 0x9A, 0xCE, 0xD6, 0x21, 0x60, 0x40, 0xC2, 0x82, 0xC5, 0x92, 0x70, 0xE6, 0x99, 0x57, 0x5B,
    0x65, 0x91, 0xA4, 0x92, 0x0F, 0xB7, 0xB5, 0x91, 0x4D, 0x4F, 0xDC, 0x54, 0x49, 0x92, 0x74, 0xF4,
    0xEE, 0x3A, 0xE0, 0x03, 0xFC, 0x88, 0xA6, 0x48, 0xE7, 0x29, 0x58, 0xF7, 0x05, 0x08, 0xAD, 0x77,
    0x5B, 0x00, 0x89, 0x23, 0x16, 0x4E, 0xC3, 0x2D, 0xF9, 0x28, 0xDC, 0x1E, 0x4C, 0x78, 0xFF, 0xC3,
    0x2B, 0x67, 0x5B, 0x7D, 0x96, 0xC5, 0x24, 0x49, 0x26, 0xAA, 0x64, 0x9D, 0xFF, 0x5E, 0xE0, 0xB6,
    0xA3, 0x6D, 0x74, 0x9B, 0xBC, 0xFB, 0xCF, 0x37, 0x15, 0x57, 0xEE, 0x70, 0x1D, 0x27, 0xF0, 0xA7,
    0x06, 0xD7, 0x5D, 0x7E, 0xD1, 0x15, 0x07, 0xCB, 0x19, 0x87, 0x0A, 0x05, 0xC7, 0xBE, 0x75, 0x4D,
    0xC8, 0x32, 0xE9, 0x2E, 0xD2, 0xE7, 0xA6, 0x48, 0xDC, 0x3D, 0x60, 0x4A, 0x77, 0x52, 0x0C, 0x9E,
    0x46, 0x11, 0xEE, 0x74, 0x1F, 0x97, 0xA7, 0xFE, 0xC0, 0x03, 0x30, 0xEF, 0x01, 0xCE, 0x20, 0x00,
    0x8E, 0xD0, 0x64, 0xD5, 0x34, 0x65, 0x1F, 0x39, 0x70, 0xF0, 0x71, 0xCA, 0x9A, 0x64, 0xED, 0x3B,
    0x1E, 0xAF, 0x70, 0xE9, 0x8B, 0xDA, 0x64, 0x8A, 0x6A, 0x72, 0x91, 0x8B, 0x6A, 0xA6, 0x74, 0x89,
    0xC2, 0x05, 0x86, 0x2C, 0xA2, 0xF3, 0x6C, 0x47, 0xE4, 0xF3, 0x73, 0xA0, 0x8F, 0x4B, 0x58, 0x31,
    0x63, 0x98, 0xA2, 0x49, 0x8A, 0x44, 0x85, 0x8F, 0x5F, 0xE5, 0x5B, 0x4F, 0x8C, 0xDC, 0xD6, 0x79,
    0xFF, 0x48, 0x4A, 0x43, 0x19, 0xA3, 0x88, 0x3A, 0x58, 0x92, 0xEB, 0x75, 0x3D, 0x3E, 0xB8, 0x40,
    0x52, 0x64, 0x97, 0x01, 0xEA, 0x83, 0x24, 0x48, 0x4B, 0xD6, 0x39, 0xF4, 0xD8, 0x45, 0x91, 0x16,
    0x68, 0x73, 0xA8, 0x8F, 0x4D, 0x9D, 0x44, 0x02, 0x2A, 0xA4, 0x4E, 0x23, 0x99, 0x6C, 0x7C, 0xEC,
    0x65, 0xD1, 0xDA, 0x97, 0x16, 0x68, 0x74, 0x70, 0x50, 0x38, 0x2E, 0xA0, 0x3D, 0xE8, 0xE0, 0xB4,
    0xDA, 0x25, 0x9D, 0x1E, 0x8B, 0xD6, 0x4C, 0x0C, 0xF4, 0x50, 0xA1, 0x35, 0xA3, 0xCA, 0x71, 0xA2,
    0x02, 0x15, 0x0B, 0x13, 0x31, 0xD7, 0xE2, 0xF0, 0xF5, 0xFB, 0x7D, 0xDF, 0x23, 0x67, 0x76, 0xD7,
    0x92, 0xB5, 0xF5, 0xAE, 0xE4, 0xB4, 0x5C, 0xF2, 0x71, 0x86, 0x1A, 0xBE, 0xEF, 0xFF, 0xDF, 0xF7,
    0x44, 0x44, 0x8B, 0x6E, 0x9B, 0xFC, 0x78, 0x3D, 0x7C, 0x76, 0x1A, 0x95, 0x67, 0x49, 0x8F, 0x27,
    0xC9, 0x9D, 0x52, 0x58, 0xD2, 0x8B, 0x13, 0xFA, 0xAD, 0x0E, 0x1F, 0x96, 0x69, 0xCB, 0x71, 0xEC,
    0xB7, 0x29, 0x31, 0xA9, 0x9E, 0x91, 0x89, 0xF1, 0xE8, 0x1A, 0x39, 0xFF, 0x4C, 0xBF, 0xF4, 0x5F,
    0xB4, 0x6E, 0xE2, 0xBF, 0xDE, 0xA4, 0xA0, 0x20, 0x47, 0x7E, 0x79, 0x92, 0xE8, 0x02, 0xD1, 0x1A,
    0x51, 0x45, 0x54, 0x13, 0x35, 0x44, 0x1B, 0x44, 0xC9, 0xAD, 0x36, 0x32, 0xED, 0xC4, 0x4C, 0x7D,
    0x33, 0xA5, 0x3F, 0x8C, 0xE9, 0x09, 0xB7, 0x89, 0xFE, 0xF2, 0x1B, 0x6D, 0xB4, 0xFA, 0x0C, 0xF1,
    0x6B, 0x4B, 0x7E, 0x1B, 0x15, 0xDF, 0xC4, 0xCB, 0x3C, 0xC5, 0xC4, 0x62, 0xC2, 0x08, 0x1C, 0xBD,
    0x07, 0x02, 0x2B, 0x5E, 0xED, 0x9F, 0xF4, 0x1B, 0xB7, 0xF3, 0x8B, 0x84, 0x1E, 0x25, 0x5A, 0x21,
    0xB7, 0x26, 0xEF, 0x24, 0x79, 0x2D, 0xB9, 0x1D, 0xF9, 0x25, 0x45, 0x31, 0x1E, 0xDF, 0xF5, 0x7D,
    0x86, 0x3A, 0x62, 0xA8, 0x97, 0x3E, 0x9A, 0xB6, 0xE1, 0x50, 0x84, 0xBA, 0x2D, 0x08, 0x3D, 0xE1,
    0x7E, 0xED, 0xD7, 0xFE, 0xE9, 0x8F, 0xDA, 0xE8, 0xD5, 0x03, 0xF2, 0xF5, 0x08, 0xD1, 0x5B, 0xF4,
    0xB9, 0xEB, 0x74, 0x8A, 0x7F, 0xF5, 0x53, 0x3A, 0x78, 0x4F, 0xBE, 0x2D, 0x52, 0x46, 0x6F, 0xC7,
    0x77, 0xE2, 0x17, 0x31, 0x75, 0x49, 0x5E, 0x43, 0xE3, 0xCF, 0x93, 0x7F, 0x8D, 0xBC, 0xEA, 0xEE,
    0x98, 0x62, 0xC6, 0x2C, 0x27, 0xD7, 0x94, 0xE4, 0x9B, 0x8A, 0x82, 0x7F, 0xE1, 0x8B, 0x56, 0x59,
    0x62, 0x8C, 0xDA, 0xBB, 0x19, 0x05, 0xC6, 0xC4, 0xB8, 0x32, 0xD3, 0x51, 0xF2, 0xDD, 0x1E, 0xEB,
    0xA3, 0xA1, 0xA9, 0xFE, 0xC4, 0xA4, 0x76, 0xCA, 0xC7, 0x88, 0x3A, 0x9E, 0x00, 0xA7, 0x63, 0x62,
    0xA7, 0x23, 0x9A, 0xE2, 0xC9, 0x96, 0x73, 0x43, 0xCE, 0x75, 0x39, 0x2F, 0xF5, 0xE7, 0xD9, 0xFE,
    0x3C, 0xC9, 0x68, 0x60, 0xCE, 0xBF, 0xD3, 0x39, 0x19, 0xA7, 0x65, 0xE2, 0x79, 0x70, 0x1A, 0xA2,
    0x9D, 0x67, 0x26, 0x67, 0x22, 0x67, 0x34, 0x9C, 0x37, 0x29, 0x6C, 0x29, 0x68, 0x21, 0x24, 0xFA,
    0xEA, 0x41, 0x16, 0x51, 0x92, 0xAE, 0x51, 0x92, 0x27, 0x79, 0x43, 0x60, 0xFB, 0x88, 0xA2, 0x34,
    0xCB, 0xB3, 0x3C, 0x29, 0x92, 0x34, 0x8A, 0xA3, 0xB4, 0xFF, 0x0B, 0xF1, 0x17, 0x87, 0xF1, 0x44,
    0xFE, 0x02, 0xF9, 0x3B, 0x42, 0x8F, 0x10, 0x64, 0x9C, 0xC5, 0x50, 0xB4, 0x24, 0xC7, 0xC9, 0xBA,
    0xA6, 0xD2, 0x73, 0x62, 0x0A, 0x52, 0x4A, 0xF4, 0xCC, 0x29, 0xDA, 0x71, 0x86, 0x72, 0x4E, 0xE4,
    0x0C, 0x86, 0x73, 0x93, 0xC6, 0x86, 0x3C, 0x25, 0x60, 0x81, 0x67, 0x61, 0x52, 0xC7, 0x25, 0x51,
    0xC0, 0x00, 0x7E, 0x99, 0x67, 0x0D, 0x6A, 0xBD, 0x96, 0xE6, 0xE4, 0x3B, 0xE6, 0xEF, 0x11, 0x33,
    0x33, 0xC1, 0x5B, 0x26, 0x75, 0xAA, 0x30, 0x77, 0x8B, 0xA0, 0x70, 0x73, 0xAF, 0xF4, 0x2A, 0xAF,
    0x72, 0x8D, 0xA9, 0x1C, 0xBE, 0xC8, 0x74, 0x15, 0x85, 0x37, 0x78, 0x32, 0xBF, 0x20, 0x06, 0xFD,
    0x2B, 0x23, 0x13, 0x47, 0x2C, 0xB0, 0xD0, 0x34, 0x0C, 0x90, 0x1F, 0x7D, 0x05, 0x93, 0x31, 0xF2,
    0x3E, 0xC3, 0x9A, 0xF0, 0xB5, 0x7C, 0x5E, 0xD8, 0x4E, 0x93, 0x56, 0xAF, 0x68, 0x95, 0xE8, 0x99,
    0x39, 0xB8, 0xAC, 0xE0, 0xFA, 0x5C, 0xE0, 0xC6, 0x54, 0x27, 0xB9, 0x53, 0x04, 0xB9, 0x9B, 0xFB,
    0x80, 0x5B, 0xBA, 0xE6, 0x6F, 0x6A, 0x86, 0x6B, 0x08, 0x57, 0xC8, 0x97, 0xF3, 0x7A, 0x77, 0x2F,
    0xD8, 0xBB, 0xE3, 0x3C, 0x91, 0x1B, 0x07, 0x79, 0x94, 0x9F, 0x64, 0xB3, 0x08, 0xC5, 0x85, 0xEC,
    0x09, 0xC3, 0x99, 0xDF, 0x4C, 0x3E, 0x73, 0x9B, 0x99, 0x1D, 0x34, 0x60, 0xF5, 0x52, 0x6F, 0x8C,
    0x61, 0x3C, 0xE2, 0x1F, 0xE5, 0x61, 0xEA, 0x99, 0x32, 0xCA, 0x03, 0x53, 0x5D, 0xA5, 0xB0, 0xBE,
    0x1C, 0x15, 0x51, 0xCA, 0x93, 0xB3, 0xDA, 0xBE, 0x41, 0x2D, 0x7E, 0x26, 0x56, 0xD4, 0xC5, 0xAC,
    0xAD, 0xCC, 0x93, 0x0B, 0x2C, 0x94, 0x62, 0x8D, 0xC9, 0xAC, 0x2A, 0x56, 0xFC, 0x8A, 0x05, 0xE5,
    0x56, 0xE0, 0x66, 0xB1, 0xC1, 0x5F, 0xD3, 0xE4, 0x43, 0xE6, 0x4A, 0x64, 0x98, 0x07, 0x13, 0xC3,
    0x4C, 0x80, 0x5F, 0x22, 0xFA, 0xDD, 0x18, 0xAC, 0x10, 0x80, 0xA2, 0xE6, 0x8C, 0x38, 0x1F, 0x57,
    0xE5, 0x49, 0x54, 0xCC, 0x9E, 0xBC, 0xD1, 0x8B, 0xE1, 0xC9, 0x57, 0x80, 0x61, 0x64, 0x4A, 0xF6,
    0x7A, 0x99, 0x29, 0x2F, 0x40, 0x18, 0x25, 0xFB, 0xBE, 0xE4, 0x3F, 0x0B, 0xC6, 0x85, 0x35, 0x1D,
    0x50, 0x8D, 0x20, 0x17, 0xC2, 0x20, 0x46, 0x86, 0x92, 0x0F, 0xAF, 0x98, 0x16, 0x90, 0x61, 0xCB,
    0x06, 0xB2, 0x63, 0x25, 0x61, 0x69, 0xD2, 0xF1, 0x15, 0x6B, 0xAA, 0x1B, 0x30, 0x2B, 0x37, 0x87,
    0x65, 0xF1, 0xE9, 0x95, 0x3D, 0xB0, 0x11, 0x26, 0x81, 0x41, 0xB1, 0xCE, 0x33, 0x9F, 0x99, 0x76,
    0x65, 0xA6, 0x9F, 0x1F, 0xCF, 0xD8, 0x59, 0xC4, 0xAC, 0x83, 0x49, 0x43, 0xA7, 0x19, 0xA3, 0x43,
    0xF2, 0x33, 0x03, 0x17, 0x43, 0x6C, 0xB0, 0x6C, 0xF2, 0x37, 0xE7, 0x75, 0x36, 0x87, 0xB0, 0x22,
    0xFC, 0xE6, 0x84, 0xB9, 0x99, 0x98, 0x29, 0xCE, 0x1B, 0xD3, 0xD3, 0xB4, 0xB8, 0x3B, 0x35, 0xD8,
    0x1B, 0x2B, 0xC3, 0x21, 0xCC, 0xF6, 0x84, 0xC1, 0x63, 0x21, 0x37, 0xA8, 0x9E, 0x91, 0xF1, 0x02,
    0x54, 0xBD, 0x02, 0xBB, 0xBD, 0xBA, 0x81, 0x9E, 0x35, 0x22, 0xE7, 0x3A, 0x93, 0xE7, 0xC9, 0x4D,
    0x3A, 0x6E, 0x2A, 0xB0, 0xD2, 0x14, 0x13, 0x8C, 0xB1, 0xCF, 0xC3, 0x4D, 0x88, 0xE2, 0xA7, 0xB4,
    0xED, 0x38, 0xA4, 0x62, 0x95, 0x31, 0x13, 0x21, 0x66, 0xA2, 0x5C, 0x33, 0x63, 0xB6, 0xE6, 0x75,
    0x41, 0x6F, 0x22, 0xE2, 0xB3, 0x70, 0x29, 0x88, 0x74, 0x02, 0xB5, 0x85, 0x04, 0x19, 0x11, 0x62,
    0xB8, 0x07, 0xB3, 0x2E, 0x16, 0xC0, 0xA6, 0x12, 0xC8, 0x59, 0x05, 0xD0, 0x35, 0x2B, 0x6F, 0x66,
    0x36, 0xC9, 0xB9, 0xBC, 0x1D, 0xBC, 0x3B, 0xB0, 0x5E, 0xD0, 0x50, 0x77, 0x1F, 0x16, 0xFA, 0x30,
    0x9D, 0xFB, 0xE1, 0xFD, 0x0B, 0x59, 0x0F, 0x0E, 0x49, 0x17, 0x45, 0x53, 0xD8, 0xBE, 0x5F, 0xF8,
    0x18, 0xF1, 0xCE, 0x58, 0x11, 0x0A, 0x13, 0x18, 0x84, 0x92, 0x7F, 0x80, 0x9E, 0x98, 0x50, 0x92,
    0xA4, 0x26, 0xA2, 0xB3, 0x9F, 0x99, 0x45, 0x3E, 0x76, 0x32, 0xE3, 0x56, 0xA5, 0x95, 0x8F, 0x4D,
    0x39, 0x09, 0xAB, 0xB3, 0xE3, 0xFA, 0xA2, 0xC7, 0x32, 0xE0, 0xB3, 0x32, 0x57, 0x2A, 0x36, 0xB0,
    0x88, 0xFF, 0xA9, 0xD3, 0x5F, 0xFB, 0x2C, 0xE8, 0x77, 0x38, 0xF0, 0xBE, 0xC5, 0x08, 0x7C, 0xB1,
    0x47, 0x90, 0xD9, 0xC9, 0x81, 0x19, 0x5C, 0x23, 0x1F, 0xBE, 0xB2, 0x66, 0x75, 0xAF, 0x79, 0xCE,
    0x9A, 0x26, 0x3F, 0xAC, 0x39, 0x88, 0xD4, 0x1C, 0x66, 0x6A, 0xCA, 0x36, 0x6B, 0xB6, 0x9C, 0x6E,
    0x85, 0x59, 0x5A, 0x8D, 0x4D, 0x54, 0xD1, 0xD7, 0xE1, 0x04, 0xDD, 0x35, 0x75, 0x8A, 0xE4, 0x3D,
    0x0B, 0x4E, 0x05, 0xD7, 0x2B, 0xD6, 0x94, 0xC9, 0x7B, 0x25, 0x6B, 0x8A, 0xFF, 0x66, 0xBA, 0x0F,
    0x9A, 0x92, 0x8B, 0x5C, 0xBC, 0xF7, 0xE5, 0xD5, 0xF1, 0xCF, 0x6B, 0x91, 0x5C, 0xA9, 0xC2, 0x8C,
    0xF7, 0x43, 0x47, 0x3C, 0x2F, 0x0F, 0xDE, 0xA9, 0xC2, 0x77, 0x8A, 0xF1, 0xB3, 0xF1, 0xEE, 0x15,
    0x80, 0x65, 0xFF, 0xDC, 0x0B, 0xE4, 0x6C, 0x76, 0x1C, 0x50, 0x19, 0x7A, 0xF5, 0x85, 0x6D, 0x4A,
    0x77, 0x51, 0x10, 0x22, 0x97, 0x11, 0xE4, 0x04, 0xE3, 0xD8, 0x95, 0x8E, 0x5F, 0x36, 0xA5, 0x5C,
    0xDD, 0xA4, 0x8C, 0x2E, 0xBB, 0xCC, 0x41, 0xCD, 0x91, 0x2E, 0xC9, 0xB8, 0x81, 0x49, 0xDD, 0xAF,
    0x83, 0xAF, 0xE3, 0xEB, 0x35, 0xF3, 0x3A, 0x78, 0xAF, 0x02, 0xAF, 0xF3, 0x7C, 0x2F, 0x79, 0x7D,
    0x88, 0xE6, 0x4C, 0x11, 0x21, 0x1C, 0xC7, 0xBF, 0xD7, 0x5B, 0x38, 0xDF, 0x28, 0xE7, 0x9F, 0xDB,
    0x2F, 0xCE, 0x3F, 0x85, 0xD7, 0x38, 0x09, 0xF2, 0xBE, 0x95, 0x07, 0x6F, 0x55, 0xE1, 0xF5, 0x72,
    0xFC, 0xED, 0xD4, 0xD9, 0x2D, 0xFF, 0x61, 0xD3, 0x6C, 0x69, 0x1C, 0x51, 0x88, 0xFE, 0x98, 0x8D,
    0xB0, 0x65, 0x43, 0x69, 0x39, 0x8C, 0x54, 0x4F, 0xEF, 0x5A, 0x0E, 0xA3, 0x4D, 0x09, 0x23, 0x35,
    0x98, 0x64, 0xDE, 0xFD, 0x12, 0x70, 0x6E, 0x36, 0x9E, 0x67, 0x94, 0x8F, 0x12, 0xE2, 0xC4, 0xD8,
    0xDC, 0x5A, 0xA5, 0x10, 0xD4, 0x22, 0x3D, 0xC5, 0x3C, 0x1A, 0x16, 0x82, 0x94, 0x53, 0xD0, 0x80,
    0x33, 0x54, 0xCE, 0x06, 0xD9, 0x03, 0x2F, 0x02, 0xE1, 0x45, 0x7C, 0x15, 0xB3, 0x9E, 0x88, 0xCC,
    0x44, 0x9A, 0xDD, 0x2B, 0xCF, 0xB7, 0x1E, 0x26, 0x45, 0x42, 0x90, 0x4A, 0xE8, 0x27, 0xE7, 0x7B,
    0x7C, 0xBD, 0x2C, 0xA2, 0x40, 0x16, 0x00, 0xC8, 0x29, 0xE2, 0x97, 0xE1, 0xF0, 0x64, 0xF8, 0x4B,
    0x4D, 0xCF, 0x49, 0xEA, 0xC2, 0xB1, 0x11, 0xF1, 0x29, 0x6A, 0xCE, 0x0A, 0xFC, 0xC9, 0x77, 0x39,
    0xF5, 0xE6, 0xC8, 0xD5, 0xB2, 0xB9, 0xFB, 0xA6, 0x0D, 0xE8, 0x80, 0x63, 0xDA, 0x27, 0x59, 0x18,
    0x8F, 0x37, 0x8B, 0x82, 0xDE, 0x22, 0x1C, 0x3B, 0x63, 0x70, 0xA6, 0x47, 0x01, 0xDC, 0xC3, 0xD8,
    0xC5, 0xCF, 0xE3, 0x15, 0x63, 0x90, 0xCC, 0x72, 0x02, 0x82, 0xAC, 0x09, 0xD8, 0xB9, 0x1B, 0xC2,
    0x77, 0x11, 0xB3, 0x11, 0xDA, 0x10, 0x15, 0x2D, 0x58, 0xAF, 0xC3, 0x17, 0x2F, 0x96, 0x28, 0x8D,
    0xF7, 0x78, 0xAE, 0x31, 0x63, 0x7A, 0xEC, 0xCB, 0x48, 0x6D, 0x12, 0xF9, 0x4D, 0x32, 0x37, 0x59,
    0xF4, 0x33, 0xCB, 0x74, 0x99, 0xCE, 0x11, 0x83, 0xF6, 0x45, 0x41, 0xFC, 0x66, 0xF6, 0x84, 0x76,
    0x0F, 0x31, 0x06, 0xC4, 0xEE, 0x4B, 0x0C, 0xF1, 0x47, 0xA6, 0x03, 0x44, 0x8C, 0x25, 0x65, 0x1D,
    0x20, 0x8E, 0xD6, 0x87, 0x28, 0x26, 0x96, 0x32, 0x6E, 0xFA, 0xE4, 0x90, 0x67, 0x28, 0x06, 0x80,
    0xFF, 0x5B, 0x29, 0x63, 0xD0, 0x2A, 0x8D, 0x48, 0xDD, 0xF8, 0xE2, 0x10, 0xBB, 0x1E, 0x90, 0x94,
    0x49, 0xA4, 0x4C, 0x22, 0xE5, 0x01, 0x01, 0x1B, 0x3E, 0x1E, 0x9A, 0x94, 0xF7, 0x58, 0x82, 0x52,
    0xDE, 0xC9, 0x64, 0x48, 0x06, 0x3D, 0x75, 0x6A, 0xF3, 0x86, 0xFC, 0xB0, 0x04, 0xD8, 0x57, 0x9E,
    0xA2, 0x55, 0x82, 0x9C, 0xC5, 0x6E, 0x2B, 0x7A, 0xF4, 0xA9, 0x12, 0x35, 0x1D, 0x98, 0x7B, 0x23,
    0x91, 0x37, 0x92, 0x74, 0xF6, 0x64, 0x9E, 0xAD, 0x7B, 0x6B, 0xFA, 0xFB, 0x04, 0xF7, 0xE3, 0xD4,
    0xC7, 0xC9, 0xB5, 0x2C, 0x43, 0xB9, 0x88, 0x0B, 0x3E, 0x00, 0x52, 0x72, 0x20, 0x2F, 0x60, 0x19,
    0x49, 0xD4, 0xFB, 0x3E, 0x9D, 0x23, 0xAD, 0xCC, 0x3A, 0x96, 0x50, 0xCB, 0xB2, 0xE2, 0xD2, 0x8E,
    0x0A, 0x55, 0x15, 0xF4, 0x01, 0xE4, 0xEA, 0xDF, 0x6D, 0xED, 0xBB, 0x88, 0x6D, 0x51, 0xFA, 0x7D,
    0x4A, 0x6A, 0x63, 0x8F, 0xCC, 0x4C, 0x4D, 0x68, 0xD2, 0x5F, 0x95, 0x78, 0x0A, 0xE1, 0x64, 0xA9,
    0xE6, 0xB4, 0xF3, 0xE5, 0xE9, 0x27, 0xC1, 0x09, 0xF3, 0x2E, 0xCF, 0xCD, 0xBB, 0x38, 0xCF, 0xBA,
    0x4F, 0x80, 0xAF, 0x4C, 0x8C, 0x90, 0xC8, 0x38, 0x20, 0x6B, 0x95, 0x70, 0x01, 0xEE, 0x43, 0x4A,
    0xA8, 0xAF, 0xA0, 0x5D, 0x48, 0x94, 0x3D, 0x7B, 0xF9, 0xF6, 0x59, 0x14, 0x73, 0xE9, 0xCA, 0xE6,
    0x37, 0xE5, 0x92, 0xAD, 0x9E, 0x2B, 0x9B, 0x3F, 0x76, 0xBE, 0x1A, 0xF2, 0x23, 0xA9, 0x39, 0x70,
    0xF9, 0xFF, 0x7A, 0xD7, 0xF9, 0xFE, 0xC0, 0x46, 0x0E, 0x17, 0xBC, 0x6A, 0x95, 0x5F, 0x6E, 0xB9,
    0xAD, 0x8C, 0xD8, 0x4B, 0xDC, 0x3F, 0x11, 0xAC, 0x5D, 0xD2, 0x25, 0x47, 0xDF, 0x13, 0xB3, 0x25,
    0xAC, 0xA3, 0x6E, 0xC4, 0x7F, 0x09, 0xF7, 0xC3, 0x14, 0x7C, 0xBB, 0x95, 0xC4, 0x2A, 0xFC, 0x75,
    0x55, 0x90, 0x88, 0x14, 0x70, 0x42, 0x2F, 0xC2, 0x2D, 0x10, 0x57, 0xDF, 0xA4, 0x2E, 0xA5, 0x93,
    0x8A, 0xD7, 0x98, 0xE9, 0x05, 0x78, 0xC4, 0x3B, 0xA6, 0x5D, 0x13, 0xB7, 0xB3, 0xD0, 0x54, 0xD6,
    0xDF, 0xA1, 0x59, 0x12, 0x6B, 0xE2, 0x13, 0x49, 0x72, 0x89, 0x36, 0x1A, 0x6C, 0xF1, 0x96, 0x11,
    0x98, 0x91, 0xB8, 0x22, 0x42, 0xF9, 0x2D, 0x36, 0xAA, 0x15, 0xB8, 0x2D, 0xC2, 0x77, 0x1C, 0x81,
    0x7A, 0xBA, 0xC3, 0x14, 0xB9, 0x95, 0xE6, 0x7E, 0xCB, 0xDA, 0x33, 0xEB, 0x68, 0xDD, 0x17, 0xA6,
    0x71, 0x95, 0x2D, 0x6E, 0xC9, 0x31, 0x6E, 0x3B, 0xD9, 0x8C, 0x2D, 0x9A, 0xA6, 0xB0, 0x78, 0x9A,
    0x42, 0x10, 0x35, 0x26, 0x29, 0x04, 0xD3, 0x2B, 0xED, 0x28, 0xEF, 0x51, 0x1D, 0x70, 0x1D, 0x90,
    0x1D, 0xB0, 0x1D, 0xD0, 0x1D, 0xF0, 0x1D, 0x10, 0x9E, 0x61, 0xBC, 0x15, 0xE5, 0x15, 0xCD, 0x5D,
    0x25, 0x01, 0xC0, 0x1B, 0x4B, 0x6C, 0x78, 0x2E, 0x2D, 0xF3, 0xE7, 0x20, 0xBD, 0xC6, 0x35, 0x50,
    0x48, 0x2D, 0x9B, 0xCB, 0xB2, 0xD3, 0x38, 0xCD, 0xF1, 0xA9, 0x67, 0xD2, 0x26, 0x91, 0x38, 0x22,
    0x63, 0xCD, 0xE3, 0x6D, 0x53, 0x9D, 0x5E, 0x30, 0xF1, 0x95, 0x39, 0x55, 0x58, 0x02, 0xD1, 0x3C,
    0x07, 0x4C, 0x2E, 0x48, 0xD7, 0xA5, 0x8F, 0xA3, 0xE4, 0xF2, 0x34, 0x7C, 0xE3, 0x79, 0xEA, 0x70,
    0x93, 0x64, 0x0A, 0x93, 0xCF, 0xDD, 0xA6, 0x59, 0xCE, 0x73, 0x5D, 0x69, 0x46, 0xE9, 0x5C, 0x11,
    0x4C, 0x43, 0x73, 0x37, 0xB1, 0xED, 0xB2, 0x7F, 0x53, 0xCA, 0x7C, 0x4D, 0xBF, 0x29, 0x78, 0x5F,
    0xC3, 0x8A, 0x97, 0xAF, 0xFE, 0x62, 0xAA, 0xCD, 0x53, 0xFD, 0x87, 0x6B, 0xFD, 0x87, 0x5E, 0x52,
    0xDE, 0xB7, 0x6C, 0x36, 0xC6, 0x69, 0xBF, 0xAD, 0x43, 0xAE, 0x5B, 0x46, 0x8F, 0xFF, 0x34, 0x1D,
    0x2A, 0xDF, 0xBB, 0x1E, 0xBF, 0x30, 0x7A, 0x28, 0x5A, 0xE8, 0x68, 0x02, 0x8A, 0xAC, 0x85, 0x1E,
    0xF9, 0x7B, 0x80, 0x08, 0xCF, 0x81, 0xFE, 0xE8, 0x3B, 0x78, 0x73, 0xE2, 0xED, 0x83, 0xC6, 0xAE,
    0xD0, 0x0C, 0xB0, 0x85, 0x6C, 0x41, 0x5B, 0xD8, 0x16, 0xF8, 0x0C, 0xFA, 0x47, 0x1D, 0x7B, 0xA5,
    0xF0, 0xB3, 0x76, 0x7C, 0x66, 0xC5, 0xED, 0xF5, 0xCC, 0x0A, 0x8C, 0x6D, 0xF5, 0x47, 0x77, 0x84,
    0x8F, 0x87, 0x59, 0x72, 0x11, 0x7E, 0x74, 0x16, 0x5D, 0x79, 0x7C, 0xE8, 0x82, 0x42, 0x9C, 0x33,
    0x99, 0x30, 0x96, 0xC6, 0xAC, 0xC3, 0xEF, 0x3A, 0x59, 0xD1, 0x8B, 0x34, 0xB5, 0x22, 0xED, 0xC8,
    0x8A, 0xB4, 0xC4, 0xB2, 0x47, 0x78, 0x85, 0x4B, 0x4C, 0xDA, 0x1F, 0xD7, 0x32, 0xB7, 0xBA, 0xD0,
    0xD3, 0x33, 0x23, 0x68, 0x46, 0x51, 0x4F, 0xD2, 0x8C, 0xA6, 0x19, 0x51, 0x33, 0xAA, 0x06, 0xB2,
    0x2C, 0x5D, 0x66, 0xA5, 0x27, 0xCC, 0x54, 0x3D, 0x65, 0x59, 0xD5, 0x93, 0x36, 0xA9, 0x7A, 0xDA,
    0x9C, 0xB5, 0x81, 0xB8, 0x19, 0x75, 0x33, 0xF2, 0x66, 0xF4, 0xCD, 0x08, 0x9C, 0x51, 0x38, 0x23,
    0x71, 0x8E, 0xC6, 0xAD, 0x44, 0x5A, 0x1A, 0xB3, 0x52, 0x7F, 0xD4, 0xDA, 0xB7, 0x64, 0x42, 0xD0,
    0x35, 0xE2, 0x60, 0x98, 0x94, 0xAC, 0x3F, 0x35, 0x52, 0x9A, 0x88, 0xB5, 0x81, 0x2D, 0x70, 0x3D,
    0x42, 0xA2, 0x73, 0x9C, 0x7F, 0xED, 0x64, 0x56, 0x1F, 0x62, 0xB9, 0x4D, 0x29, 0xB9, 0x2D, 0xA2,
    0x39, 0x45, 0xE7, 0xCC, 0xE6, 0x56, 0x2E, 0x2A, 0x88, 0x1E, 0x46, 0x0F, 0x44, 0xA1, 0xF4, 0x60,
    0x7A, 0x38, 0x3D, 0x20, 0x85, 0x54, 0x91, 0x82, 0xEA, 0x14, 0x08, 0x53, 0xA7, 0xC0, 0xF8, 0x2E,
    0xD0, 0xC2, 0x4A, 0xC1, 0xD9, 0x78, 0x7E, 0xA0, 0xA7, 0x6D, 0x48, 0x41, 0x93, 0x7C, 0xFB, 0x87,
    0xC9, 0x3D, 0xCC, 0xE1, 0xFF, 0x96, 0x16, 0x0F, 0xDC, 0x98, 0xA3, 0x79, 0x60, 0xC3, 0xDC, 0xA7,
    0x7B, 0x71, 0xE4, 0xFF, 0x87, 0x2D, 0xD8, 0x78, 0x6D, 0x33, 0xFA, 0x4C, 0xE1, 0x68, 0xDF, 0x7A,
    0x4B, 0x9A, 0xFF, 0x00, 0x8D, 0xA7, 0x4F, 0x21, 0x7A, 0xF0, 0x16, 0xA9, 0x1E, 0xAB, 0xBB, 0xA0,
    0xF5, 0xA0, 0x8D, 0x6E, 0xE7, 0x22, 0x8E, 0x2D, 0x04, 0x35, 0x02, 0xA5, 0xDB, 0xC7, 0x50, 0x43,
    0x52, 0x8E, 0xF0, 0x15, 0x48, 0x43, 0x3B, 0x60, 0x46, 0xE4, 0x34, 0xFE, 0x81, 0xD4, 0xF5, 0xFF,
    0x88, 0x12, 0xDA, 0xBB, 0x5D, 0xFA, 0x1D, 0xAB, 0x58, 0x4C, 0x46, 0x6A, 0x9D, 0x65, 0xC5, 0x6C,
    0xE3, 0xAF, 0x72, 0x5A, 0x68, 0x25, 0xB4, 0xD7, 0xD2, 0x6C, 0x2C, 0x3C, 0xB1, 0x26, 0x46, 0x05,
    0x55, 0xD4, 0x88, 0xE6, 0x50, 0xB1, 0xB8, 0xF4, 0x3A, 0xAE, 0x4B, 0x4A, 0x16, 0x85, 0xFE, 0x66,
    0x7F, 0xA9, 0x18, 0x59, 0x94, 0x2C, 0x4E, 0x16, 0x29, 0x1A, 0xBF, 0x29, 0x2A, 0xA4, 0x68, 0x59,
    0xBC, 0x2C, 0x62, 0x16, 0x33, 0x41, 0x6D, 0x83, 0x36, 0xBE, 0xCC, 0xB8, 0x99, 0x9B, 0x82, 0x9C,
    0xE9, 0x04, 0xBB, 0x77, 0x3A, 0x41, 0x8F, 0xD5, 0x52, 0xF0, 0x5B, 0xA2, 0xCF, 0xF6, 0x2A, 0x4B,
    0x58, 0x78, 0x87, 0x11, 0x75, 0x6A, 0x4A, 0xF2, 0xA4, 0x9D, 0xCB, 0xF6, 0xB6, 0x8E, 0x21, 0x8B,
    0x69, 0xDD, 0x01, 0xA1, 0x97, 0x7C, 0x34, 0x1A, 0x96, 0x43, 0x28, 0xCA, 0x72, 0xF6, 0x2E, 0x5B,
    0x63, 0xD4, 0xA1, 0x38, 0x09, 0x6B, 0xB4, 0x63, 0x99, 0x02, 0x87, 0x9F, 0xB0, 0xDC, 0xCA, 0x63,
    0x1B, 0xDF, 0xB3, 0x61, 0xBA, 0x93, 0xD0, 0x5D, 0x62, 0x64, 0xB5, 0x8A, 0x6E, 0x49, 0xD7, 0x42,
    0x31, 0xB1, 0x00, 0x14, 0x17, 0x8B, 0x8C, 0xC5, 0xC6, 0xA2, 0xD3, 0xE3, 0x43, 0xDB, 0x6F, 0x40,
    0xC9, 0xE2, 0x64, 0x91, 0xB2, 0x58, 0x59, 0xB4, 0x2C, 0x5E, 0x16, 0x31, 0x8B, 0x99, 0xA2, 0x46,
    0x82, 0xDB, 0x66, 0x3C, 0x97, 0x4A, 0xDC, 0x90, 0x5B, 0xC3, 0xC2, 0x12, 0xFC, 0x46, 0xF9, 0x36,
    0xAD, 0x72, 0x44, 0x90, 0x28, 0xF0, 0x92, 0x02, 0xAB, 0x15, 0x51, 0xAA, 0x23, 0x9E, 0x3C, 0x68,
    0xAD, 0x72, 0x68, 0x40, 0x86, 0xB5, 0x0A, 0x78, 0x58, 0x74, 0x2C, 0x3E, 0x0F, 0x4D, 0xAB, 0x0E,
    0x89, 0x24, 0x97, 0x44, 0x90, 0xEC, 0x2A, 0x58, 0x8E, 0xEC, 0x28, 0x58, 0x8C, 0x4B, 0x0F, 0x5E,
    0xAB, 0x0E, 0x51, 0x8F, 0x8B, 0x45, 0xC6, 0x62, 0x63, 0xD1, 0x79, 0x68, 0x5A, 0x85, 0x22, 0x0C,
    0x9B, 0x3B, 0xB8, 0x96, 0x6F, 0x11, 0xB8, 0xA6, 0x58, 0xEE, 0x7E, 0x4C, 0x97, 0xFF, 0xB5, 0x52,
    0x4B, 0x10, 0xA4, 0xA2, 0x22, 0xAC, 0x28, 0xEC, 0x74, 0xD5, 0xB8, 0xB0, 0xA1, 0x0E, 0xB5, 0xBD,
    0x74, 0x02, 0xC7, 0x1F, 0xD1, 0x67, 0x7C, 0x92, 0xFA, 0xAF, 0xFA, 0x0F, 0x35, 0x8D, 0x2A, 0x88,
    0xA9, 0x76, 0xA5, 0xBB, 0x98, 0xA0, 0xF1, 0x35, 0x1E, 0xF6, 0x88, 0xC0, 0x2F, 0x0B, 0xF0, 0x08,
    0x1E, 0x59, 0x7A, 0x87, 0x26, 0x8D, 0xB0, 0xAF, 0x82, 0x95, 0x66, 0x5C, 0xB1, 0x46, 0xBB, 0x2D,
    0xBA, 0x3A, 0x02, 0x37, 0xDA, 0x5C, 0x21, 0x99, 0xC0, 0x01, 0x2D, 0x5E, 0x95, 0x71, 0x44, 0x4D,
    0x47, 0x57, 0xB7, 0x37, 0x39, 0xB5, 0xBF, 0x89, 0xC8, 0x10, 0xDC, 0xA4, 0x51, 0x3A, 0x06, 0x13,
    0x80, 0x01, 0xE6, 0x97, 0xE6, 0x45, 0x1F, 0xEB, 0x1C, 0x14, 0x9A, 0x81, 0xCC, 0xAC, 0x3D, 0xCB,
    0x82, 0x9C, 0xEE, 0x77, 0x72, 0x6D, 0x9F, 0xEA, 0x00, 0x65, 0x46, 0xE0, 0x2E, 0x4E, 0x98, 0xD7,
    0x4D, 0x91, 0xF4, 0xFC, 0x4C, 0x13, 0xAC, 0x2D, 0x45, 0xB7, 0xA0, 0xCF, 0x0B, 0x58, 0x88, 0x44,
    0x4C, 0xF5, 0xED, 0xE2, 0x3A, 0x07, 0x91, 0xDA, 0xE7, 0x77, 0x50, 0xBE, 0x90, 0x81, 0x74, 0xA2,
    0x3F, 0x43, 0xC0, 0xE6, 0x9F, 0x1C, 0xFB, 0x7D, 0xF3, 0x0A, 0xF5, 0x13, 0xF0, 0xD0, 0x05, 0x26,
    0x5D, 0x8E, 0xE9, 0x5C, 0xAC, 0xAD, 0xD6, 0x8B, 0x92, 0x0A, 0xF4, 0x83, 0x7C, 0x9D, 0x3B, 0x3E,
    0x25, 0x22, 0x3B, 0x30, 0x64, 0x49, 0x12, 0x50, 0xA4, 0xCB, 0xB9, 0x2D, 0x69, 0x7A, 0xA8, 0x52,
    0xD5, 0xB5, 0xDB, 0xD2, 0x6E, 0x9D, 0x91, 0x80, 0x6E, 0x57, 0xF9, 0x67, 0x0D, 0xCA, 0x3D, 0x11,
    0xBC, 0x2C, 0xBD, 0x48, 0x22, 0x37, 0x6E, 0xFB, 0x75, 0x97, 0x2D, 0xAD, 0xB4, 0xBD, 0xD2, 0x8D,
    0x59, 0xF6, 0x6A, 0x97, 0x2F, 0x75, 0x2B, 0x41, 0x9F, 0x05, 0x2D, 0xDD, 0x2B, 0x25, 0x13, 0xC2,
    0x1D, 0xCD, 0xFD, 0x3C, 0xCD, 0x7E, 0x7C, 0x71, 0x2A, 0x9C, 0x36, 0x1A, 0x95, 0x7B, 0x44, 0xE7,
    0x71, 0x0B, 0x53, 0xCE, 0x2F, 0x83, 0x9F, 0x64, 0x69, 0x25, 0x8D, 0xE7, 0x1C, 0xEB, 0xE7, 0xE6,
    0xBD, 0x1C, 0xAF, 0x7C, 0xC5, 0xCB, 0x3B, 0xF5, 0xE0, 0xD9, 0x4D, 0x72, 0xCE, 0x99, 0x5C, 0x97,
    0x39, 0xE3, 0x50, 0x7C, 0x31, 0x7E, 0x2D, 0x9E, 0x89, 0x05, 0xFD, 0xEA, 0x96, 0x64, 0x3B, 0xA0,
    0xF9, 0xFC, 0xC3, 0xDE, 0x82, 0x8F, 0x42, 0xD7, 0x76, 0x3F, 0x22, 0x65, 0x1F, 0xB3, 0xE9, 0xBC,
    0xA2, 0xBB, 0x06, 0x5C, 0xA6, 0x52, 0x12, 0x54, 0x1B, 0x48, 0x76, 0x27, 0x69, 0x04, 0x27, 0x39,
    0x61, 0x56, 0x74, 0xD0, 0x87, 0x25, 0x62, 0x94, 0x82, 0x9F, 0x4C, 0x57, 0xEC, 0xCA, 0x6B, 0xA8,
    0x37, 0xA0, 0x74, 0xC7, 0xE8, 0xCA, 0xEB, 0xE3, 0x95, 0xE8, 0x04, 0x74, 0x40, 0x36, 0x53, 0x55,
    0xDA, 0x24, 0x9D, 0x3F, 0x90, 0x98, 0x47, 0x2D, 0x28, 0x90, 0x8D, 0x4D, 0x4E, 0x15, 0xC9, 0xC6,
    0x26, 0xA7, 0x1A, 0x17, 0xD8, 0x5B, 0x83, 0x5D, 0x36, 0xF4, 0xF8, 0x9F, 0x97, 0xC7, 0x7E, 0x4F,
    0x16, 0x50, 0xA1, 0x0E, 0xAC, 0x0D, 0x9B, 0x14, 0xBD, 0x66, 0xD5, 0x60, 0xE8, 0xA6, 0xD6, 0xDB,
    0x54, 0x60, 0x45, 0x9F, 0xB3, 0xB3, 0xE6, 0x79, 0xD0, 0xD5, 0x4F, 0xBD, 0x76, 0x92, 0x7B, 0x55,
    0x90, 0x7B, 0x1C, 0x37, 0xBD, 0xC2, 0xCF, 0x4F, 0x4C, 0x93, 0x97, 0x79, 0xBE, 0x69, 0x7F, 0x2D,
    0xAF, 0xCA, 0xB2, 0x1E, 0x8E, 0x2F, 0x60, 0x31, 0x73, 0x6A, 0x10, 0x40, 0xA0, 0xAB, 0x57, 0x9F,
    0xDE, 0xC9, 0x37, 0x89, 0xB6, 0x89, 0x58, 0xB8, 0x91, 0x55, 0x03, 0x8E, 0x76, 0x25, 0xDB, 0xA5,
    0x97, 0x87, 0x6C, 0xFA, 0x79, 0x50, 0x92, 0x5F, 0x30, 0x71, 0x1E, 0x2A, 0x0A, 0x0C, 0x17, 0x38,
    0xA2, 0x70, 0x1D, 0x91, 0xFC, 0xB0, 0x42, 0x4D, 0x86, 0xED, 0x49, 0x5E, 0xD9, 0x22, 0x42, 0xF7,
    0xDB, 0x93, 0xBA, 0x9D, 0xDB, 0x93, 0x66, 0xD0, 0xEE, 0x8D, 0xD0, 0x58, 0x9A, 0x3C, 0x8D, 0xB5,
    0x6B, 0x07, 0x08, 0x79, 0x25, 0xD6, 0x34, 0x72, 0x96, 0xBC, 0x97, 0x72, 0x88, 0xF2, 0x0B, 0x2E,
    0x7D, 0xBC, 0xEE, 0x3B, 0x37, 0x81, 0x90, 0x39, 0x09, 0xF7, 0x72, 0x01, 0x5A, 0xB3, 0x46, 0x07,
    0x5F, 0xEF, 0xD0, 0x7B, 0x29, 0xB1, 0x61, 0x23, 0x1F, 0x10, 0x22, 0x46, 0x68, 0x0A, 0x84, 0x6A,
    0xAD, 0x5A, 0x66, 0xFB, 0xA5, 0x44, 0xC5, 0x3E, 0xCB, 0x9A, 0xBF, 0xC1, 0xB1, 0xD4, 0x24, 0x44,
    0x67, 0x0E, 0xEF, 0x91, 0x34, 0x79, 0xDE, 0x27, 0x58, 0x45, 0x13, 0xF6, 0x6B, 0x86, 0xF3, 0xFF,
    0xB3, 0x8F, 0xEC, 0x85, 0x34, 0x65, 0xCD, 0x47, 0xB2, 0x21, 0x31, 0x02, 0x29, 0x08, 0x92, 0xB2,
    0xFF, 0x3A, 0x1B, 0xD8, 0x3D, 0x7A, 0x05, 0x33, 0xEA, 0x08, 0x5A, 0xEA, 0x9F, 0xC1, 0x30, 0x06,
    0xD2, 0x74, 0xDE, 0x67, 0x69, 0xA4, 0xEC, 0x99, 0x1E, 0x53, 0xF7, 0x24, 0x3A, 0xE6, 0x94, 0x9F,
    0x23, 0x7A, 0xBC, 0x44, 0x46, 0x54, 0x4A, 0xB2, 0x26, 0xE1, 0x9E, 0xBF, 0x76, 0xF1, 0x7C, 0xEB,
    0x90, 0xEC, 0xC2, 0x88, 0xB6, 0xF2, 0xFB, 0xB1, 0xDB, 0x31, 0x6E, 0x0C, 0xE3, 0x59, 0x19, 0x4B,
    0xB4, 0x51, 0xA9, 0xD0, 0xD5, 0x18, 0x19, 0x7D, 0x1E, 0xCF, 0xD3, 0x0B, 0x3C, 0xAE, 0x39, 0x29,
    0xBB, 0x9D, 0x5A, 0x9C, 0x4F, 0x23, 0x6E, 0x9A, 0x61, 0x8E, 0xCC, 0xCB, 0x92, 0x9D, 0x75, 0xD1,
    0x90, 0xA2, 0xFD, 0x45, 0xC7, 0x4C, 0xBA, 0x4C, 0x5F, 0xD3, 0x2D, 0x66, 0x48, 0xA4, 0xC3, 0x96,
    0xF9, 0x86, 0x9D, 0x68, 0x88, 0x30, 0x71, 0xC0, 0x92, 0x08, 0x36, 0x61, 0xD5, 0x7C, 0xC1, 0xBA,
    0x59, 0x5D, 0xF0, 0x4C, 0xD6, 0x33, 0x65, 0xC9, 0x31, 0xB3, 0x8C, 0xD3, 0xE5, 0x0D, 0x16, 0x19,
    0xDC, 0x30, 0xBB, 0xC9, 0xA9, 0x2C, 0xBF, 0x45, 0xAF, 0xCE, 0x9C, 0x5D, 0x26, 0x75, 0x1D, 0x14,
    0xAF, 0x23, 0x59, 0xC4, 0x14, 0x6B, 0x08, 0x10, 0x1C, 0xC2, 0xAE, 0x67, 0x30, 0x80, 0x68, 0xAC,
    0x70, 0x64, 0xF5, 0x2E, 0x1C, 0x16, 0x5E, 0x95, 0x47, 0x22, 0x23, 0xD9, 0x2F, 0xC5, 0x2E, 0x82,
    0xA1, 0x4D, 0x63, 0xEB, 0xFA, 0x3B, 0x0C, 0x65, 0x94, 0x33, 0xC4, 0x11, 0xFE, 0xF9, 0xE9, 0x3E,
    0x77, 0x93, 0xA8, 0x2A, 0x05, 0x83, 0x0E, 0xC3, 0x33, 0x77, 0x18, 0x34, 0xC7, 0x9B, 0x0E, 0x43,
    0x37, 0xB0, 0x3B, 0xD3, 0xA8, 0x6D, 0x97, 0xC4, 0xE6, 0x86, 0x10, 0x3B, 0x9A, 0x27, 0x68, 0x8E,
    0x04, 0x31, 0xDC, 0x72, 0x0C, 0x0F, 0x18, 0xC3, 0x7B, 0x69, 0x9D, 0x2F, 0x25, 0xBE, 0x54, 0xF7,
    0x52, 0xD8, 0xEF, 0xB0, 0x8E, 0xFD, 0xC4, 0x0F, 0xBB, 0xFA, 0xC2, 0x16, 0xF8, 0xB5, 0xC0, 0x0F,
    0xCD, 0xF4, 0xE0, 0x6F, 0x07, 0xFC, 0xE2, 0xFB, 0xC1, 0xEF, 0x29, 0xB7, 0x0A, 0xE4, 0x8F, 0xD5,
    0xBB, 0xF2, 0x2B, 0x4F, 0xFE, 0xDC, 0xCA, 0xA9, 0xA9, 0xFF, 0xBB, 0xBA, 0x50, 0x25, 0x55, 0xC2,
    0xAE, 0xEC, 0x34, 0x1A, 0xEB, 0x8E, 0xEC, 0xD0, 0xD4, 0x73, 0x2C, 0xA7, 0x2F, 0xA7, 0x37, 0x77,
    0xBA, 0x72, 0x22, 0x0B, 0x96, 0x73, 0x01, 0x05, 0x7B, 0xA5, 0xE7, 0xA9, 0x51, 0x29, 0xFB, 0xDD,
    0x60, 0x72, 0xB2, 0x38, 0xC5, 0x15, 0xD0, 0x0D, 0xC3, 0x8F, 0xB2, 0xD4, 0x91, 0x98, 0x33, 0x69,
    0xB0, 0x67, 0x36, 0xD0, 0xF8, 0x51, 0x44, 0xE6, 0xB5, 0xF8, 0x92, 0xCD, 0xBF, 0x2E, 0xD9, 0xDC,
    0x2A, 0x9A, 0xBF, 0x62, 0xAD, 0xB5, 0x50, 0xD7, 0x84, 0xF1, 0x90, 0xEC, 0xF7, 0x79, 0x5B, 0x80,
    0x9C, 0x22, 0x63, 0x82, 0x3D, 0x73, 0x87, 0xD5, 0xDB, 0xBC, 0xC4, 0x39, 0xD9, 0x94, 0x43, 0xFD,
    0xF2, 0x35, 0xE6, 0xF6, 0x1B, 0xD9, 0xAA, 0x89, 0x1B, 0xB6, 0x93, 0xBC, 0x61, 0xCE, 0xE4, 0x2D,
    0xC3, 0xCC, 0xAF, 0x51, 0x76, 0x23, 0x97, 0x45, 0x03, 0xF1, 0xFC, 0x2F, 0x0E, 0xC3, 0x76, 0xCE,
    0xC7, 0xFD, 0xA7, 0x93, 0xDB, 0xC2, 0x80, 0xAC, 0xC5, 0xB1, 0xB3, 0x80, 0x39, 0x31, 0xBB, 0xC3,
    0xDF, 0x68, 0x28, 0x62, 0x21, 0xB7, 0x4E, 0xBB, 0x60, 0xD2, 0x96, 0x55, 0x58, 0xAF, 0x2B, 0xA6,
    0x39, 0x45, 0x57, 0xEC, 0xB2, 0x4B, 0x2D, 0xC6, 0x28, 0xC1, 0xC3, 0x64, 0xAC, 0x08, 0x11, 0xBB,
    0x96, 0x30, 0xF5, 0xF2, 0x49, 0xBE, 0x30, 0x0D, 0xEA, 0x79, 0x27, 0x76, 0x6A, 0x64, 0x16, 0x35,
    0x42, 0x4B, 0x7E, 0x28, 0x41, 0x5A, 0xBA, 0x08, 0x63, 0xD5, 0xB5, 0xC3, 0xBA, 0x26, 0xD1, 0x6B,
    0xCE, 0x2C, 0x81, 0x35, 0x40, 0x34, 0x93, 0x16, 0x1F, 0xB4, 0x38, 0x14, 0x2D, 0x4E, 0xEF, 0x5B,
    0x4B, 0x76, 0x0B, 0x72, 0x55, 0xD6, 0xD5, 0x01, 0xB2, 0x01, 0xC8, 0x06, 0x20, 0xEB, 0xDD, 0x81,
    0x3C, 0x8A, 0xD5, 0x1B, 0xEC, 0x59, 0x1F, 0x36, 0x36, 0xEE, 0x6A, 0x73, 0x16, 0xBF, 0x7E, 0xA6,
    0xDF, 0x8C, 0x7E, 0xE6, 0xBE, 0x36, 0xBF, 0xEE, 0x6E, 0xC3, 0xE3, 0x5E, 0x6C, 0x6E, 0x3C, 0x32,
    0xE4, 0x0D, 0xE1, 0x5C, 0x06, 0x5C, 0xC2, 0x5D, 0xD6, 0x08, 0xD8, 0x2D, 0xD3, 0xB5, 0xCE, 0x49,
    0x5D, 0x7C, 0x2D, 0x63, 0xBC, 0xA1, 0x16, 0x1F, 0x36, 0x93, 0xF4, 0x04, 0x9B, 0x07, 0x12, 0xD3,
    0xDB, 0x92, 0x9D, 0xA2, 0x71, 0x66, 0x68, 0x39, 0x96, 0x19, 0x64, 0x99, 0xEE, 0x8C, 0x3A, 0x0F,
    0xF0, 0x0D, 0x15, 0x7C, 0xC0, 0x0C, 0x08, 0x99, 0x63, 0xCB, 0x4C, 0xF3, 0x35, 0x66, 0x5E, 0x13,
    0xB0, 0x65, 0x06, 0x74, 0xE2, 0xBF, 0xA7, 0x47, 0x07, 0x6D, 0xE4, 0x0B, 0xB9, 0x46, 0x80, 0xDD,
    0xEB, 0x8D, 0x57, 0x39, 0x1D, 0xDB, 0x2E, 0x10, 0x61, 0x5A, 0xD5, 0x86, 0x5E, 0xDB, 0xFB, 0xDD,
    0xEE, 0x7B, 0xBC, 0x83, 0x9D, 0xD4, 0x01, 0x10, 0x3A, 0x19, 0x9E, 0x91, 0xAA, 0xA7, 0x82, 0xD2,
    0x5D, 0xB6, 0xCD, 0x98, 0x8D, 0xA1, 0xA6, 0xDF, 0x8B, 0x4D, 0xE2, 0xFB, 0xB2, 0xF5, 0xFB, 0x01,
    0x53, 0x80, 0x3A, 0xF7, 0xF2, 0x0B, 0x58, 0xA4, 0x43, 0x9F, 0x07, 0x1B, 0x48, 0xB7, 0xEC, 0x20,
    0xDD, 0x07, 0xFA, 0xA4, 0x16, 0x79, 0x46, 0x7C, 0xC5, 0x54, 0xFC, 0x44, 0x27, 0x34, 0x5D, 0x7C,
    0x8C, 0xE6, 0x97, 0x6E, 0x59, 0xF7, 0xD8, 0xA0, 0xB8, 0x34, 0xC3, 0x7F, 0xE5, 0x69, 0x85, 0x64,
    0xF6, 0xC8, 0x67, 0x8E, 0x3D, 0xCF, 0x7A, 0xDA, 0x48, 0x14, 0x49, 0x97, 0xED, 0xBA, 0x74, 0xEC,
    0xBC, 0x59, 0xFA, 0x1F, 0x34, 0xC1, 0xFB, 0x95, 0x97, 0xE7, 0xF7, 0xBD, 0xE5, 0xD5, 0x12, 0xCF,
    0xB4, 0xBB, 0xDB, 0xB6, 0xCE, 0x3A, 0xF1, 0xA3, 0x12, 0x35, 0x6A, 0x86, 0x78, 0xDA, 0x14, 0xDB,
    0xFB, 0xA1, 0x47, 0xA4, 0x2B, 0xC9, 0x3A, 0x0F, 0xB5, 0xAD, 0x10, 0xAB, 0xD9, 0x18, 0x90, 0x49,
    0x19, 0x78, 0xB4, 0xB1, 0x29, 0x84, 0x19, 0x35, 0x46, 0x7F, 0xDA, 0xDA, 0xF2, 0x69, 0xD8, 0xEE,
    0xAD, 0x4B, 0x0E, 0x81, 0xEC, 0xE1, 0x0A, 0x35, 0xC6, 0x20, 0x82, 0xB8, 0x35, 0x4A, 0xE9, 0x48,
    0xFA, 0x4A, 0x89, 0x34, 0xC3, 0x75, 0xCC, 0x90, 0x37, 0xC5, 0x47, 0x51, 0x30, 0x61, 0x1B, 0x07,
    0x07, 0xCD, 0xD3, 0xAC, 0x19, 0x73, 0xBD, 0xE2, 0x47, 0xF5, 0xB6, 0xA1, 0x37, 0x93, 0xEA, 0xAD,
    0x90, 0x36, 0x40, 0x56, 0xE9, 0x2E, 0x91, 0x56, 0xFB, 0x5C, 0x53, 0x92, 0x9E, 0x81, 0xD1, 0x5B,
    0x14, 0xDF, 0x91, 0xE6, 0xC2, 0x0F, 0x3E, 0xC0, 0xCD, 0x7F, 0x5B, 0x6E, 0xDE, 0x07, 0x72, 0x23,
    0xF3, 0x1F, 0x72, 0xCB, 0xDE, 0x16, 0x7E, 0x9A, 0x7F, 0xD8, 0x94, 0x2C, 0xED, 0x25, 0x7E, 0x91,
    0xAD, 0xD1, 0x05, 0x14, 0xEC, 0x26, 0xE3, 0xDB, 0x87, 0xAB, 0xB4, 0x90, 0xBA, 0xB6, 0x9B, 0x68,
    0x73, 0xBA, 0x93, 0xB4, 0x25, 0x42, 0x7C, 0xD3, 0x96, 0xC9, 0xB2, 0x36, 0xA0, 0x18, 0xE4, 0x5E,
    0xCA, 0x5F, 0x99, 0x15, 0x19, 0x54, 0x28, 0x61, 0x5E, 0xC7, 0x11, 0x38, 0x17, 0xC1, 0x73, 0x32,
    0x3B, 0xC6, 0xD3, 0x08, 0xF1, 0x03, 0xE1, 0x16, 0x8E, 0x46, 0xEB, 0x79, 0x77, 0x48, 0x9C, 0xC6,
    0xB7, 0xC1, 0xBC, 0xDF, 0x64, 0x58, 0x58, 0x13, 0x0E, 0xA0, 0x5D, 0x12, 0x37, 0x64, 0x08, 0xD9,
    0x25, 0xEC, 0x6C, 0xFC, 0x5F, 0x98, 0xFF, 0xDF, 0x1B, 0x05, 0x24, 0xFF, 0x46, 0x5F, 0x19, 0x06,
    0xFD, 0x78, 0x50, 0x46, 0x7E, 0x8B, 0x47, 0x46, 0x1F, 0x23, 0xBB, 0xF0, 0x12, 0x51, 0x79, 0x82,
    0x38, 0x2E, 0x3D, 0x40, 0xC6, 0x14, 0xBB, 0xE6, 0x72, 0x8C, 0x41, 0xB1, 0x2C, 0xBB, 0x9F, 0xD6,
    0x4B, 0xAC, 0x75, 0x4F, 0x31, 0xCF, 0x54, 0xC6, 0xA8, 0x91, 0x5C, 0xB6, 0x96, 0xD6, 0x6B, 0xD5,
    0xC1, 0x02, 0x4A, 0xE9, 0x48, 0xE6, 0x59, 0x19, 0xC0, 0x14, 0xCB, 0xA0, 0xE3, 0xBC, 0xD5, 0x6A,
    0xA1, 0x14, 0xAB, 0xB5, 0x2A, 0x45, 0xC0, 0x79, 0xDC, 0xB8, 0x66, 0x47, 0x5F, 0x99, 0xDC, 0xAF,
    0x4C, 0xED, 0x55, 0xD9, 0xD4, 0xE3, 0x24, 0xE8, 0x8B, 0xCC, 0xAB, 0xB7, 0x39, 0x3C, 0x7E, 0x50,
    0xA9, 0xAF, 0x43, 0xC7, 0x01, 0xE9, 0x0E, 0xD0, 0xD8, 0x60, 0x93, 0x67, 0x75, 0x1B, 0x17, 0x97,
    0x10, 0x60, 0x58, 0x40, 0x2D, 0x2E, 0x6B, 0x74, 0x7A, 0xAC, 0x6A, 0x07, 0x45, 0x36, 0x80, 0xD1,
    0x6C, 0xA3, 0x51, 0x30, 0x57, 0x98, 0xC4, 0xB3, 0xFF, 0x84, 0x30, 0xAC, 0x89, 0xA8, 0x72, 0xA9,
    0x6E, 0xA9, 0x6A, 0xA9, 0x66, 0xA9, 0x62, 0xA9, 0x5E, 0x59, 0xB5, 0x52, 0xAD, 0x52, 0xA5, 0x52,
    0x9D, 0x52, 0x95, 0xB2, 0x1A, 0xA5, 0x0A, 0xA5, 0xFA, 0x24, 0xEA, 0x24, 0xDA, 0xA4, 0xCA, 0xA4,
    0xBA, 0xA4, 0xAA, 0xB4, 0x25, 0x8B, 0x92, 0x8D, 0xDF, 0xB2, 0x81, 0xD2, 0x6E, 0xDB, 0x1D, 0xD3,
    0x6C, 0xD3, 0xA3, 0x6E, 0xE7, 0x0D, 0xD2, 0x1D, 0xFF, 0xC7, 0x62, 0x5F, 0xB9, 0xF9, 0xE9, 0xE0,
    0xD2, 0xFF, 0x00,
};

static const EpdGlyph notonaskh_16_boldGlyphs[] = {
    { 0, 0, 0, 0, 0, 0, 0 }, // U+0000
    { 0, 0, 0, 0, 0, 0, 0 }, // U+0001
    { 0, 0, 0, 0, 0, 0, 0 }, // U+0002
    { 0, 0, 0, 0, 0, 0, 0 }, // U+0003
    { 0, 0, 0, 0, 0, 0, 0 }, // U+0004
    { 0, 0, 0, 0, 0, 0, 0 }, // U+0005
    { 0, 0, 0, 0, 0, 0, 0 }, // U+0006
    { 0, 0, 0, 0, 0, 0, 0 }, // U+0007
    { 0, 0, 0, 0, 0, 0, 0 }, // U+0008
    { 0, 0, 0, 0, 0, 0, 0 }, // U+0009
    { 0, 0, 0, 0, 0, 0, 0 }, // U+000A
    { 0, 0, 0, 0, 0, 0, 0 }, // U+000B
    { 0, 0, 0, 0, 0, 0, 0 }, // U+000C
    { 0, 0, 0, 0, 0, 0, 0 }, // U+000D
    { 0, 0, 0, 0, 0, 0, 0 }, // U+000E
    { 0, 0, 0, 0, 0, 0, 0 }, // U+000F
    { 0, 0, 0, 0, 0, 0, 0 }, // U+0010
    { 0, 0, 0, 0, 0, 0, 0 }, // U+0011
    { 0, 0, 0, 0, 0, 0, 0 }, // U+0012
    { 0, 0, 0, 0, 0, 0, 0 }, // U+0013
    { 0, 0, 0, 0, 0, 0, 0 }, // U+0014
    { 0, 0, 0, 0, 0, 0, 0 }, // U+0015
    { 0, 0, 0, 0, 0, 0, 0 }, // U+0016
    { 0, 0, 0, 0, 0, 0, 0 }, // U+0017
    { 0, 0, 0, 0, 0, 0, 0 }, // U+0018
    { 0, 0, 0, 0, 0, 0, 0 }, // U+0019
    { 0, 0, 0, 0, 0, 0, 0 }, // U+001A
    { 0, 0, 0, 0, 0, 0, 0 }, // U+001B
    { 0, 0, 0, 0, 0, 0, 0 }, // U+001C
    { 0, 0, 0, 0, 0, 0, 0 }, // U+001D
    { 0, 0, 0, 0, 0, 0, 0 }, // U+001E
    { 0, 0, 0, 0, 0, 0, 0 }, // U+001F
    { 0, 0, 118, 0, 0, 0, 0 }, // U+0020
    { 7, 24, 139, 1, 22, 42, 0 }, // !
    { 13, 10, 271, 2, 24, 33, 42 }, // "
    { 17, 24, 301, 1, 24, 102, 75 }, // #
    { 17, 29, 301, 1, 26, 124, 177 }, // $
    { 29, 26, 483, 1, 25, 189, 301 }, // %
    { 26, 26, 427, 1, 25, 169, 490 }, // &
    { 6, 10, 155, 2, 24, 15, 659 }, // '
    { 12, 31, 214, 1, 26, 93, 674 }, // (
    { 11, 31, 214, 1, 26, 86, 767 }, // )
    { 15, 14, 268, 1, 26, 53, 853 }, // *
    { 15, 16, 301, 2, 20, 60, 906 }, // +
    { 7, 12, 157, 1, 6, 21, 966 }, // ,
    { 10, 4, 165, 0, 11, 10, 987 }, // -
    { 7, 6, 131, 1, 4, 11, 997 }, // .
    { 10, 31, 154, 0, 26, 78, 1008 }, // /
    { 17, 26, 298, 1, 25, 111, 1086 }, // 0
    { 16, 24, 298, 1, 24, 96, 1197 }, // 1
    { 17, 25, 298, 1, 25, 107, 1293 }, // 2
    { 18, 26, 298, 0, 25, 117, 1400 }, // 3
    { 18, 24, 298, 0, 24, 108, 1517 }, // 4
    { 16, 25, 298, 1, 24, 100, 1625 }, // 5
    { 17, 26, 298, 1, 25, 111, 1725 }, // 6
    { 17, 24, 298, 1, 24, 102, 1836 }, // 7
    { 17, 26, 298, 1, 25, 111, 1938 }, // 8
    { 17, 26, 298, 1, 25, 111, 2049 }, // 9
    { 7, 18, 146, 1, 16, 32, 2160 }, // :
    { 7, 25, 162, 1, 19, 44, 2192 }, // ;
    { 15, 18, 301, 2, 21, 68, 2236 }, // <
    { 15, 10, 301, 2, 17, 38, 2304 }, // =
    { 15, 18, 301, 2, 21, 68, 2342 }, // >
    { 16, 26, 278, 1, 25, 104, 2410 }, // ?
    { 29, 29, 491, 1, 24, 211, 2514 }, // @
    { 26, 24, 402, 0, 24, 156, 2725 }, // A
    { 22, 24, 369, 0, 24, 132, 2881 }, // B
    { 20, 26, 357, 1, 25, 130, 3013 }, // C
    { 24, 24, 409, 0, 24, 144, 3143 }, // D
    { 21, 24, 348, 0, 24, 126, 3287 }, // E
    { 20, 24, 331, 0, 24, 120, 3413 }, // F
    { 24, 26, 411, 1, 25, 156, 3533 }, // G
    { 27, 24, 437, 0, 24, 162, 3689 }, // H
    { 13, 24, 214, 0, 24, 78, 3851 }, // I
    { 14, 32, 211, -1, 24, 112, 3929 }, // J
    { 26, 24, 398, 0, 24, 156, 4041 }, // K
    { 21, 24, 349, 0, 24, 126, 4197 }, // L
    { 31, 24, 508, 0, 24, 186, 4323 }, // M
    { 26, 24, 420, 0, 24, 156, 4509 }, // N
    { 24, 26, 420, 1, 25, 156, 4665 }, // O
    { 21, 24, 340, 0, 24, 126, 4821 }, // P
    { 24, 33, 420, 1, 25, 198, 4947 }, // Q
    { 24, 24, 380, 0, 24, 144, 5145 }, // R
    { 18, 26, 309, 1, 25, 117, 5289 }, // S
    { 22, 24, 348, 0, 24, 132, 5406 }, // T
    { 25, 25, 398, 0, 24, 157, 5538 }, // U
    { 24, 24, 372, 0, 24, 144, 5695 }, // V
    { 36, 24, 569, 0, 24, 216, 5839 }, // W
    { 25, 24, 391, 0, 24, 150, 6055 }, // X
    { 24, 24, 370, 0, 24, 144, 6205 }, // Y
    { 20, 24, 356, 1, 24, 120, 6349 }, // Z
    { 10, 31, 221, 3, 26, 78, 6469 }, // [
    { 10, 31, 154, 0, 26, 78, 6547 }, // <backslash>
    { 10, 31, 221, 1, 26, 78, 6625 }, // ]
    { 17, 16, 301, 1, 24, 68, 6703 }, // ^
    { 17, 3, 245, -1, -2, 13, 6771 }, // _
    { 9, 6, 178, 1, 26, 14, 6784 }, // `
    { 18, 20, 320, 1, 19, 90, 6798 }, // a
    { 21, 27, 346, 0, 26, 142, 6888 }, // b
    { 16, 20, 281, 1, 19, 80, 7030 }, // c
    { 21, 27, 346, 1, 26, 142, 7110 }, // d
    { 17, 20, 305, 1, 19, 85, 7252 }, // e
    { 16, 26, 217, 0, 26, 104, 7337 }, // f
    { 19, 28, 299, 0, 20, 133, 7441 }, // g
    { 22, 26, 356, 0, 26, 143, 7574 }, // h
    { 12, 26, 188, 0, 26, 78, 7717 }, // i
    { 10, 34, 184, -1, 26, 85, 7795 }, // j
    { 22, 26, 340, 0, 26, 143, 7880 }, // k
    { 12, 26, 188, 0, 26, 78, 8023 }, // l
    { 33, 19, 526, 0, 19, 157, 8101 }, // m
    { 22, 19, 356, 0, 19, 105, 8258 }, // n
    { 18, 20, 327, 1, 19, 90, 8363 }, // o
    { 20, 27, 344, 0, 19, 135, 8453 }, // p
    { 21, 27, 346, 1, 19, 142, 8588 }, // q
    { 17, 19, 279, 0, 19, 81, 8730 }, // r
    { 14, 20, 256, 1, 19, 70, 8811 }, // s
    { 13, 23, 216, 0, 22, 75, 8881 }, // t
    { 22, 19, 356, 0, 18, 105, 8956 }, // u
    { 21, 18, 323, 0, 18, 95, 9061 }, // v
    { 30, 18, 456, -1, 18, 135, 9156 }, // w
    { 22, 18, 344, 0, 18, 99, 9291 }, // x
    { 20, 26, 309, 0, 18, 130, 9390 }, // y
    { 17, 18, 282, 0, 18, 77, 9520 }, // z
    { 13, 31, 236, 1, 26, 101, 9597 }, // {
    { 3, 34, 301, 8, 26, 26, 9698 }, // |
    { 13, 31, 236, 1, 26, 101, 9724 }, // }
    { 17, 8, 301, 1, 16, 34, 9825 }, // ~
    { 0, 0, 0, 0, 0, 0, 9859 }, // U+007F
    { 0, 0, 0, 0, 0, 0, 0 }, // U+0080
    { 0, 0, 0, 0, 0, 0, 0 }, // U+0081
    { 0, 0, 0, 0, 0, 0, 0 }, // U+0082
    { 0, 0, 0, 0, 0, 0, 0 }, // U+0083
    { 0, 0, 0, 0, 0, 0, 0 }, // U+0084
    { 0, 0, 0, 0, 0, 0, 0 }, // U+0085
    { 0, 0, 0, 0, 0, 0, 0 }, // U+0086
    { 0, 0, 0, 0, 0, 0, 0 }, // U+0087
    { 0, 0, 0, 0, 0, 0, 0 }, // U+0088
    { 0, 0, 0, 0, 0, 0, 0 }, // U+0089
    { 0, 0, 0, 0, 0, 0, 0 }, // U+008A
    { 0, 0, 0, 0, 0, 0, 0 }, // U+008B
    { 0, 0, 0, 0, 0, 0, 0 }, // U+008C
    { 0, 0, 0, 0, 0, 0, 0 }, // U+008D
    { 0, 0, 0, 0, 0, 0, 0 }, // U+008E
    { 0, 0, 0, 0, 0, 0, 0 }, // U+008F
    { 0, 0, 0, 0, 0, 0, 0 }, // U+0090
    { 0, 0, 0, 0, 0, 0, 0 }, // U+0091
    { 0, 0, 0, 0, 0, 0, 0 }, // U+0092
    { 0, 0, 0, 0, 0, 0, 0 }, // U+0093
    { 0, 0, 0, 0, 0, 0, 0 }, // U+0094
    { 0, 0, 0, 0, 0, 0, 0 }, // U+0095
    { 0, 0, 0, 0, 0, 0, 0 }, // U+0096
    { 0, 0, 0, 0, 0, 0, 0 }, // U+0097
    { 0, 0, 0, 0, 0, 0, 0 }, // U+0098
    { 0, 0, 0, 0, 0, 0, 0 }, // U+0099
    { 0, 0, 0, 0, 0, 0, 0 }, // U+009A
    { 0, 0, 0, 0, 0, 0, 0 }, // U+009B
    { 0, 0, 0, 0, 0, 0, 0 }, // U+009C
    { 0, 0, 0, 0, 0, 0, 0 }, // U+009D
    { 0, 0, 0, 0, 0, 0, 0 }, // U+009E
    { 0, 0, 0, 0, 0, 0, 0 }, // U+009F
    { 0, 0, 118, 0, 0, 0, 0 }, // U+00A0
    { 6, 24, 191, 4, 20, 36, 0 }, // U+00A1
    { 17, 24, 301, 1, 24, 102, 36 }, // U+00A2
    { 18, 26, 301, 0, 25, 117, 138 }, // U+00A3
    { 19, 24, 301, 0, 24, 114, 255 }, // U+00A5
    { 15, 30, 290, 2, 26, 113, 369 }, // U+00A7
    { 12, 6, 308, 4, 26, 18, 482 }, // U+00A8
    { 26, 26, 451, 1, 25, 169, 500 }, // U+00A9
    { 14, 12, 224, 0, 24, 42, 669 }, // U+00AA
    { 15, 13, 259, 1, 16, 49, 711 }, // U+00AB
    { 0, 0, 0, 0, 0, 0, 760 }, // U+00AD
    { 26, 26, 451, 1, 25, 169, 760 }, // U+00AE
    { 17, 3, 245, -1, 28, 13, 929 }, // U+00AF
    { 11, 12, 213, 1, 25, 33, 942 }, // U+00B0
    { 9, 6, 178, 1, 26, 14, 975 }, // U+00B4
    { 19, 30, 334, 1, 26, 143, 989 }, // U+00B6
    { 6, 6, 157, 2, 15, 9, 1132 }, // U+00B7
    { 9, 9, 178, 1, 1, 21, 1141 }, // U+00B8
    { 13, 12, 233, 1, 24, 39, 1162 }, // U+00BA
    { 15, 14, 259, 0, 16, 53, 1201 }, // U+00BB
    { 16, 25, 278, 1, 18, 100, 1254 }, // U+00BF
    { 26, 32, 402, 0, 32, 208, 1354 }, // U+00C0
    { 26, 32, 402, 0, 32, 208, 1562 }, // U+00C1
    { 26, 32, 402, 0, 32, 208, 1770 }, // U+00C2
    { 26, 32, 402, 0, 32, 208, 1978 }, // U+00C3
    { 26, 32, 402, 0, 32, 208, 2186 }, // U+00C4
    { 26, 30, 402, 0, 30, 195, 2394 }, // U+00C5
    { 33, 24, 530, 0, 24, 198, 2589 }, // U+00C6
    { 20, 33, 357, 1, 25, 165, 2787 }, // U+00C7
    { 21, 32, 348, 0, 32, 168, 2952 }, // U+00C8
    { 21, 32, 348, 0, 32, 168, 3120 }, // U+00C9
    { 21, 32, 348, 0, 32, 168, 3288 }, // U+00CA
    { 21, 32, 348, 0, 32, 168, 3456 }, // U+00CB
    { 13, 32, 214, 0, 32, 104, 3624 }, // U+00CC
    { 13, 32, 214, 0, 32, 104, 3728 }, // U+00CD
    { 13, 32, 214, 0, 32, 104, 3832 }, // U+00CE
    { 13, 32, 214, 0, 32, 104, 3936 }, // U+00CF
    { 24, 24, 409, 0, 24, 144, 4040 }, // U+00D0
    { 26, 32, 420, 0, 32, 208, 4184 }, // U+00D1
    { 24, 33, 420, 1, 32, 198, 4392 }, // U+00D2
    { 24, 33, 420, 1, 32, 198, 4590 }, // U+00D3
    { 24, 33, 420, 1, 32, 198, 4788 }, // U+00D4
    { 24, 33, 420, 1, 32, 198, 4986 }, // U+00D5
    { 24, 33, 420, 1, 32, 198, 5184 }, // U+00D6
    { 15, 14, 301, 2, 19, 53, 5382 }, // U+00D7
    { 24, 28, 420, 1, 26, 168, 5435 }, // U+00D8
    { 25, 33, 398, 0, 32, 207, 5603 }, // U+00D9
    { 25, 33, 398, 0, 32, 207, 5810 }, // U+00DA
    { 25, 33, 398, 0, 32, 207, 6017 }, // U+00DB
    { 25, 33, 398, 0, 32, 207, 6224 }, // U+00DC
    { 24, 32, 370, 0, 32, 192, 6431 }, // U+00DD
    { 21, 24, 340, 0, 24, 126, 6623 }, // U+00DE
    { 23, 27, 376, 0, 26, 156, 6749 }, // U+00DF
    { 18, 27, 320, 1, 26, 122, 6905 }, // U+00E0
    { 18, 27, 320, 1, 26, 122, 7027 }, // U+00E1
    { 18, 27, 320, 1, 26, 122, 7149 }, // U+00E2
    { 18, 27, 320, 1, 26, 122, 7271 }, // U+00E3
    { 18, 27, 320, 1, 26, 122, 7393 }, // U+00E4
    { 18, 29, 320, 1, 28, 131, 7515 }, // U+00E5
    { 27, 20, 467, 1, 19, 135, 7646 }, // U+00E6
    { 16, 27, 281, 1, 19, 108, 7781 }, // U+00E7
    { 17, 27, 305, 1, 26, 115, 7889 }, // U+00E8
    { 17, 27, 305, 1, 26, 115, 8004 }, // U+00E9
    { 17, 27, 305, 1, 26, 115, 8119 }, // U+00EA
    { 17, 27, 305, 1, 26, 115, 8234 }, // U+00EB
    { 13, 26, 188, -1, 26, 85, 8349 }, // U+00EC
    { 12, 26, 188, 0, 26, 78, 8434 }, // U+00ED
    { 13, 26, 188, -1, 26, 85, 8512 }, // U+00EE
    { 13, 26, 188, -1, 26, 85, 8597 }, // U+00EF
    { 18, 27, 327, 1, 26, 122, 8682 }, // U+00F0
    { 22, 26, 356, 0, 26, 143, 8804 }, // U+00F1
    { 18, 27, 327, 1, 26, 122, 8947 }, // U+00F2
    { 18, 27, 327, 1, 26, 122, 9069 }, // U+00F3
    { 18, 27, 327, 1, 26, 122, 9191 }, // U+00F4
    { 18, 27, 327, 1, 26, 122, 9313 }, // U+00F5
    { 18, 27, 327, 1, 26, 122, 9435 }, // U+00F6
    { 15, 18, 301, 2, 21, 68, 9557 }, // U+00F7
    { 18, 22, 327, 1, 20, 99, 9625 }, // U+00F8
    { 22, 27, 356, 0, 26, 149, 9724 }, // U+00F9
    { 22, 27, 356, 0, 26, 149, 9873 }, // U+00FA
    { 22, 27, 356, 0, 26, 149, 10022 }, // U+00FB
    { 22, 27, 356, 0, 26, 149, 10171 }, // U+00FC
    { 20, 34, 309, 0, 26, 170, 10320 }, // U+00FD
    { 20, 34, 344, 0, 26, 170, 10490 }, // U+00FE
    { 20, 34, 309, 0, 26, 170, 10660 }, // U+00FF
    { 26, 29, 402, 0, 29, 189, 0 }, // U+0100
    { 18, 24, 320, 1, 23, 108, 189 }, // U+0101
    { 26, 32, 402, 0, 32, 208, 297 }, // U+0102
    { 18, 27, 320, 1, 26, 122, 505 }, // U+0103
    { 26, 32, 402, 0, 24, 208, 627 }, // U+0104
    { 18, 27, 320, 1, 19, 122, 835 }, // U+0105
    { 20, 33, 357, 1, 32, 165, 957 }, // U+0106
    { 16, 27, 281, 1, 26, 108, 1122 }, // U+0107
    { 20, 33, 357, 1, 32, 165, 1230 }, // U+010A
    { 16, 27, 281, 1, 26, 108, 1395 }, // U+010B
    { 20, 33, 357, 1, 32, 165, 1503 }, // U+010C
    { 16, 27, 281, 1, 26, 108, 1668 }, // U+010D
    { 24, 32, 409, 0, 32, 192, 1776 }, // U+010E
    { 25, 27, 346, 1, 26, 169, 1968 }, // U+010F
    { 24, 24, 409, 0, 24, 144, 2137 }, // U+0110
    { 21, 27, 346, 1, 26, 142, 2281 }, // U+0111
    { 21, 29, 348, 0, 29, 153, 2423 }, // U+0112
    { 17, 24, 305, 1, 23, 102, 2576 }, // U+0113
    { 21, 31, 348, 0, 31, 163, 2678 }, // U+0116
    { 17, 27, 305, 1, 26, 115, 2841 }, // U+0117
    { 21, 32, 348, 0, 24, 168, 2956 }, // U+0118
    { 17, 27, 305, 1, 19, 115, 3124 }, // U+0119
    { 21, 32, 348, 0, 32, 168, 3239 }, // U+011A
    { 17, 27, 305, 1, 26, 115, 3407 }, // U+011B
    { 24, 33, 411, 1, 32, 198, 3522 }, // U+011E
    { 19, 34, 299, 0, 26, 162, 3720 }, // U+011F
    { 24, 33, 411, 1, 32, 198, 3882 }, // U+0120
    { 19, 34, 299, 0, 26, 162, 4080 }, // U+0121
    { 24, 33, 411, 1, 25, 198, 4242 }, // U+0122
    { 19, 34, 299, 0, 26, 162, 4440 }, // U+0123
    { 27, 24, 437, 0, 24, 162, 4602 }, // U+0126
    { 22, 26, 356, 0, 26, 143, 4764 }, // U+0127
    { 13, 29, 214, 0, 29, 95, 4907 }, // U+012A
    { 12, 23, 188, 0, 23, 69, 5002 }, // U+012B
    { 13, 32, 214, 0, 24, 104, 5071 }, // U+012E
    { 12, 34, 188, 0, 26, 102, 5175 }, // U+012F
    { 13, 32, 214, 0, 32, 104, 5277 }, // U+0130
    { 12, 18, 188, 0, 18, 54, 5381 }, // U+0131
    { 26, 32, 398, 0, 24, 208, 5435 }, // U+0136
    { 22, 34, 340, 0, 26, 187, 5643 }, // U+0137
    { 21, 32, 349, 0, 32, 168, 5830 }, // U+0139
    { 13, 32, 188, 0, 32, 104, 5998 }, // U+013A
    { 21, 32, 349, 0, 24, 168, 6102 }, // U+013B
    { 12, 34, 188, 0, 26, 102, 6270 }, // U+013C
    { 21, 24, 349, 0, 24, 126, 6372 }, // U+013D
    { 16, 26, 188, 0, 26, 104, 6498 }, // U+013E
    { 21, 24, 349, 0, 24, 126, 6602 }, // U+0141
    { 12, 26, 188, 0, 26, 78, 6728 }, // U+0142
    { 26, 32, 420, 0, 32, 208, 6806 }, // U+0143
    { 22, 26, 356, 0, 26, 143, 7014 }, // U+0144
    { 26, 32, 420, 0, 24, 208, 7157 }, // U+0145
    { 22, 27, 356, 0, 19, 149, 7365 }, // U+0146
    { 26, 32, 420, 0, 32, 208, 7514 }, // U+0147
    { 22, 26, 356, 0, 26, 143, 7722 }, // U+0148
    { 24, 33, 420, 1, 32, 198, 7865 }, // U+0150
    { 18, 27, 327, 1, 26, 122, 8063 }, // U+0151
    { 32, 26, 543, 1, 25, 208, 8185 }, // U+0152
    { 29, 20, 499, 1, 19, 145, 8393 }, // U+0153
    { 24, 32, 380, 0, 32, 192, 8538 }, // U+0154
    { 17, 26, 279, 0, 26, 111, 8730 }, // U+0155
    { 24, 32, 380, 0, 32, 192, 8841 }, // U+0158
    { 17, 26, 279, 0, 26, 111, 9033 }, // U+0159
    { 18, 33, 309, 1, 32, 149, 9144 }, // U+015A
    { 14, 27, 256, 1, 26, 95, 9293 }, // U+015B
    { 18, 33, 309, 1, 25, 149, 9388 }, // U+015E
    { 14, 27, 256, 1, 19, 95, 9537 }, // U+015F
    { 18, 33, 309, 1, 32, 149, 9632 }, // U+0160
    { 14, 27, 256, 1, 26, 95, 9781 }, // U+0161
    { 22, 32, 348, 0, 32, 176, 9876 }, // U+0164
    { 16, 27, 216, 0, 26, 108, 10052 }, // U+0165
    { 25, 30, 398, 0, 29, 188, 10160 }, // U+016A
    { 22, 24, 356, 0, 23, 132, 10348 }, // U+016B
    { 25, 35, 398, 0, 34, 219, 10480 }, // U+016E
    { 22, 29, 356, 0, 28, 160, 10699 }, // U+016F
    { 25, 33, 398, 0, 32, 207, 10859 }, // U+0170
    { 22, 27, 356, 0, 26, 149, 11066 }, // U+0171
    { 25, 32, 404, 0, 24, 200, 11215 }, // U+0172
    { 22, 26, 356, 0, 18, 143, 11415 }, // U+0173
    { 36, 32, 569, 0, 32, 288, 11558 }, // U+0174
    { 30, 26, 456, -1, 26, 195, 11846 }, // U+0175
    { 24, 32, 370, 0, 32, 192, 12041 }, // U+0176
    { 20, 34, 309, 0, 26, 170, 12233 }, // U+0177
    { 24, 32, 370, 0, 32, 192, 12403 }, // U+0178
    { 20, 32, 356, 1, 32, 160, 12595 }, // U+0179
    { 17, 26, 282, 0, 26, 111, 12755 }, // U+017A
    { 20, 32, 356, 1, 32, 160, 12866 }, // U+017B
    { 17, 26, 282, 0, 26, 111, 13026 }, // U+017C
    { 20, 32, 356, 1, 32, 160, 13137 }, // U+017D
    { 17, 26, 282, 0, 26, 111, 13297 }, // U+017E
    { 18, 33, 309, 1, 25, 149, 0 }, // U+0218
    { 14, 27, 256, 1, 19, 95, 149 }, // U+0219
    { 22, 32, 348, 0, 24, 176, 244 }, // U+021A
    { 13, 30, 216, 0, 22, 98, 420 }, // U+021B
    { 10, 6, 0, -16, 26, 15, 0 }, // U+0300
    { 9, 6, 0, -11, 26, 14, 15 }, // U+0301
    { 13, 6, 0, -16, 26, 20, 29 }, // U+0302
    { 14, 6, 0, -18, 26, 21, 49 }, // U+0303
    { 10, 3, 0, -5, 23, 8, 70 }, // U+0304
    { 12, 6, 0, -6, 26, 18, 78 }, // U+0306
    { 6, 6, 0, -3, 26, 9, 96 }, // U+0307
    { 12, 6, 0, -6, 26, 18, 105 }, // U+0308
    { 8, 9, 0, -4, 28, 18, 123 }, // U+030A
    { 14, 6, 0, -7, 26, 21, 141 }, // U+030B
    { 13, 6, 0, -17, 26, 20, 162 }, // U+030C
    { 6, 6, 0, -3, -2, 9, 182 }, // U+0326
    { 8, 9, 0, -4, 1, 18, 191 }, // U+0327
    { 8, 8, 0, -4, 0, 16, 209 }, // U+0328
    { 0, 0, 0, 0, 0, 0, 225 }, // U+034F
    { 43, 12, 686, 0, 10, 129, 0 }, // U+0600
    { 55, 11, 879, 0, 3, 152, 129 }, // U+0601
    { 44, 11, 717, 1, 9, 121, 281 }, // U+0602
    { 43, 12, 683, 0, 8, 129, 402 }, // U+0603
    { 81, 22, 1321, 1, 17, 446, 531 }, // U+0604
    { 35, 7, 533, -1, 32, 62, 977 }, // U+0605
    { 19, 24, 287, -1, 24, 114, 1039 }, // U+0606
    { 19, 23, 287, -1, 23, 110, 1153 }, // U+0607
    { 30, 24, 509, 1, 15, 180, 1263 }, // U+0608
    { 22, 20, 363, 0, 18, 110, 1443 }, // U+0609
    { 29, 20, 474, 0, 18, 145, 1553 }, // U+060A
    { 14, 34, 228, -1, 23, 119, 1698 }, // U+060B
    { 7, 10, 139, 1, 8, 18, 1817 }, // U+060C
    { 8, 13, 160, 0, 7, 26, 1835 }, // U+060D
    { 27, 12, 455, 2, 12, 81, 1861 }, // U+060E
    { 19, 29, 354, 1, 19, 138, 1942 }, // U+060F
    { 7, 8, 0, 0, 32, 14, 2080 }, // U+0610
    { 7, 8, 0, 0, 32, 14, 2094 }, // U+0611
    { 10, 8, 0, 0, 32, 20, 2108 }, // U+0612
    { 10, 10, 0, 0, 34, 25, 2128 }, // U+0613
    { 12, 5, 0, 0, 29, 15, 2153 }, // U+0614
    { 8, 8, 0, 0, 42, 16, 2168 }, // U+0615
    { 13, 12, 0, 0, 46, 39, 2184 }, // U+0616
    { 5, 11, 0, 0, 45, 14, 2223 }, // U+0617
    { 5, 4, 0, 0, 28, 5, 2237 }, // U+0618
    { 5, 7, 0, 0, 31, 9, 2242 }, // U+0619
    { 6, 4, 0, -1, -1, 6, 2251 }, // U+061A
    { 7, 19, 139, 1, 17, 34, 2257 }, // U+061B
    { 0, 0, 0, 0, 0, 0, 2291 }, // U+061C
    { 15, 20, 262, 1, 19, 75, 2291 }, // U+061D
    { 14, 11, 248, 1, 9, 39, 2366 }, // U+061E
    { 12, 23, 227, 1, 20, 69, 2405 }, // U+061F
    { 16, 22, 298, 2, 13, 88, 2474 }, // U+0620
    { 13, 13, 241, 2, 11, 43, 2562 }, // U+0621
    { 11, 28, 151, -1, 28, 77, 2605 }, // U+0622
    { 6, 32, 151, 2, 32, 48, 2682 }, // U+0623
    { 14, 28, 265, 1, 21, 98, 2730 }, // U+0624
    { 6, 32, 151, 2, 23, 48, 2828 }, // U+0625
    { 19, 22, 339, 2, 13, 105, 2876 }, // U+0626
    { 6, 23, 151, 2, 23, 35, 2981 }, // U+0627
    { 23, 23, 430, 2, 15, 133, 3016 }, // U+0628
    { 11, 22, 227, 2, 22, 61, 3149 }, // U+0629
    { 23, 17, 430, 2, 17, 98, 3210 }, // U+062A
    { 23, 19, 430, 2, 19, 110, 3308 }, // U+062B
    { 19, 24, 349, 2, 14, 114, 3418 }, // U+062C
    { 19, 24, 349, 2, 14, 114, 3532 }, // U+062D
    { 19, 31, 349, 2, 21, 148, 3646 }, // U+062E
    { 13, 15, 232, 1, 15, 49, 3794 }, // U+062F
    { 13, 22, 232, 1, 22, 72, 3843 }, // U+0630
    { 14, 20, 201, -2, 13, 70, 3915 }, // U+0631
    { 14, 27, 201, -2, 20, 95, 3985 }, // U+0632
    { 32, 22, 566, 2, 13, 176, 4080 }, // U+0633
    { 32, 29, 566, 2, 20, 232, 4256 }, // U+0634
    { 35, 23, 603, 2, 14, 202, 4488 }, // U+0635
    { 35, 30, 603, 2, 21, 263, 4690 }, // U+0636
    { 24, 23, 422, 1, 23, 138, 4953 }, // U+0637
    { 24, 23, 422, 1, 23, 138, 5091 }, // U+0638
    { 19, 27, 322, 2, 16, 129, 5229 }, // U+0639
    { 19, 34, 322, 2, 23, 162, 5358 }, // U+063A
    { 23, 24, 395, 2, 24, 138, 5520 }, // U+063B
    { 23, 32, 395, 2, 23, 184, 5658 }, // U+063C
    { 19, 22, 339, 2, 13, 105, 5842 }, // U+063D
    { 21, 22, 339, 0, 13, 116, 5947 }, // U+063E
    { 21, 22, 339, 0, 13, 116, 6063 }, // U+063F
    { 9, 5, 112, -1, 5, 12, 6179 }, // U+0640
    { 25, 25, 452, 2, 25, 157, 6191 }, // U+0641
    { 19, 29, 348, 2, 20, 138, 6348 }, // U+0642
    { 18, 23, 330, 1, 23, 104, 6486 }, // U+0643
    { 17, 32, 326, 2, 23, 136, 6590 }, // U+0644
    { 15, 24, 268, 1, 13, 90, 6726 }, // U+0645
    { 17, 23, 322, 2, 14, 98, 6816 }, // U+0646
    { 20, 17, 357, 1, 16, 85, 6914 }, // U+0647
    { 14, 20, 265, 1, 13, 70, 6999 }, // U+0648
    { 19, 22, 339, 2, 13, 105, 7069 }, // U+0649
    { 19, 28, 339, 2, 13, 133, 7174 }, // U+064A
    { 8, 9, 0, 0, 33, 18, 7307 }, // U+064B
    { 9, 8, 0, 0, 32, 18, 7325 }, // U+064C
    { 7, 6, 0, 0, -1, 11, 7343 }, // U+064D
    { 8, 6, 0, 0, 30, 12, 7354 }, // U+064E
    { 7, 8, 0, 0, 32, 14, 7366 }, // U+064F
    { 8, 6, 0, 0, 0, 12, 7380 }, // U+0650
    { 7, 7, 0, 0, 31, 13, 7392 }, // U+0651
    { 5, 6, 0, 0, 29, 8, 7405 }, // U+0652
    { 11, 4, 0, -1, 28, 11, 7413 }, // U+0653
    { 6, 8, 0, -1, 32, 12, 7424 }, // U+0654
    { 6, 8, 0, -1, 0, 12, 7436 }, // U+0655
    { 4, 10, 0, -1, 0, 10, 7448 }, // U+0656
    { 8, 8, 0, -1, 31, 16, 7458 }, // U+0657
    { 8, 6, 0, -1, 30, 12, 7474 }, // U+0658
    { 9, 3, 0, -1, 27, 7, 7486 }, // U+0659
    { 7, 7, 0, 0, 31, 13, 7493 }, // U+065A
    { 7, 7, 0, 0, 31, 13, 7506 }, // U+065B
    { 6, 6, 0, 0, -1, 9, 7519 }, // U+065C
    { 8, 8, 0, -1, 32, 16, 7528 }, // U+065D
    { 9, 7, 0, -1, 31, 16, 7544 }, // U+065E
    { 9, 8, 0, -1, 0, 18, 7560 }, // U+065F
    { 8, 9, 191, 2, 12, 18, 7578 }, // U+0660
    { 7, 20, 183, 2, 20, 35, 7596 }, // U+0661
    { 13, 20, 242, 2, 20, 65, 7631 }, // U+0662
    { 15, 20, 270, 2, 20, 75, 7696 }, // U+0663
    { 12, 23, 240, 2, 22, 69, 7771 }, // U+0664
    { 11, 18, 214, 1, 19, 50, 7840 }, // U+0665
    { 14, 21, 254, 0, 21, 74, 7890 }, // U+0666
    { 16, 20, 259, 0, 20, 80, 7964 }, // U+0667
    { 16, 20, 259, 0, 20, 80, 8044 }, // U+0668
    { 13, 22, 243, 1, 21, 72, 8124 }, // U+0669
    { 15, 20, 251, 0, 18, 75, 8196 }, // U+066A
    { 9, 15, 133, -2, 7, 34, 8271 }, // U+066B
    { 8, 15, 133, 0, 20, 30, 8305 }, // U+066C
    { 13, 13, 213, 0, 15, 43, 8335 }, // U+066D
    { 23, 15, 430, 2, 15, 87, 8378 }, // U+066E
    { 19, 22, 348, 2, 13, 105, 8465 }, // U+066F
    { 4, 10, 0, -1, 34, 10, 8570 }, // U+0670
    { 9, 31, 151, 0, 31, 70, 8580 }, // U+0671
    { 9, 31, 151, 0, 31, 70, 8650 }, // U+0672
    { 9, 33, 151, 0, 23, 75, 8720 }, // U+0673
    { 13, 13, 241, 2, 19, 43, 8795 }, // U+0674
    { 22, 23, 392, 2, 23, 127, 8838 }, // U+0675
    { 30, 26, 506, 1, 19, 195, 8965 }, // U+0676
    { 30, 30, 506, 1, 23, 225, 9160 }, // U+0677
    { 34, 28, 580, 2, 19, 238, 9385 }, // U+0678
    { 23, 19, 430, 2, 19, 110, 9623 }, // U+0679
    { 23, 20, 430, 2, 20, 115, 9733 }, // U+067A
    { 23, 25, 430, 2, 15, 144, 9848 }, // U+067B
    { 23, 21, 430, 2, 17, 121, 9992 }, // U+067C
    { 23, 19, 430, 2, 19, 110, 10113 }, // U+067D
    { 23, 24, 430, 2, 15, 138, 10223 }, // U+067E
    { 23, 19, 430, 2, 19, 110, 10361 }, // U+067F
    { 23, 24, 430, 2, 15, 138, 10471 }, // U+0680
    { 19, 33, 349, 2, 23, 157, 10609 }, // U+0681
    { 19, 33, 349, 2, 23, 157, 10766 }, // U+0682
    { 19, 24, 349, 2, 14, 114, 10923 }, // U+0683
    { 19, 24, 349, 2, 14, 114, 11037 }, // U+0684
    { 19, 32, 349, 2, 22, 152, 11151 }, // U+0685
    { 19, 24, 349, 2, 14, 114, 11303 }, // U+0686
    { 19, 24, 349, 2, 14, 114, 11417 }, // U+0687
    { 13, 24, 232, 1, 24, 78, 11531 }, // U+0688
    { 13, 19, 232, 1, 15, 62, 11609 }, // U+0689
    { 13, 22, 232, 1, 15, 72, 11671 }, // U+068A
    { 13, 31, 232, 1, 24, 101, 11743 }, // U+068B
    { 13, 22, 232, 1, 22, 72, 11844 }, // U+068C
    { 13, 22, 232, 1, 15, 72, 11916 }, // U+068D
    { 13, 24, 232, 1, 24, 78, 11988 }, // U+068E
    { 13, 24, 232, 1, 24, 78, 12066 }, // U+068F
    { 13, 24, 232, 1, 24, 78, 12144 }, // U+0690
    { 14, 29, 201, -2, 22, 102, 12222 }, // U+0691
    { 14, 28, 201, -2, 21, 98, 12324 }, // U+0692
    { 14, 22, 201, -2, 13, 77, 12422 }, // U+0693
    { 14, 27, 201, -2, 13, 95, 12499 }, // U+0694
    { 14, 26, 201, -2, 13, 91, 12594 }, // U+0695
    { 14, 27, 201, -2, 13, 95, 12685 }, // U+0696
    { 14, 27, 201, -2, 20, 95, 12780 }, // U+0697
    { 14, 28, 201, -2, 21, 98, 12875 }, // U+0698
    { 14, 29, 201, -2, 22, 102, 12973 }, // U+0699
    { 32, 27, 566, 2, 18, 216, 13075 }, // U+069A
    { 32, 22, 566, 2, 13, 176, 13291 }, // U+069B
    { 32, 29, 566, 2, 20, 232, 13467 }, // U+069C
    { 35, 23, 603, 2, 14, 202, 13699 }, // U+069D
    { 35, 31, 603, 2, 22, 272, 13901 }, // U+069E
    { 24, 23, 422, 1, 23, 138, 14173 }, // U+069F
    { 19, 36, 322, 2, 25, 171, 14311 }, // U+06A0
    { 25, 18, 452, 2, 18, 113, 14482 }, // U+06A1
    { 25, 26, 452, 2, 18, 163, 14595 }, // U+06A2
    { 25, 33, 452, 2, 25, 207, 14758 }, // U+06A3
    { 25, 26, 452, 2, 26, 163, 14965 }, // U+06A4
    { 25, 27, 452, 2, 18, 169, 15128 }, // U+06A5
    { 25, 26, 452, 2, 26, 163, 15297 }, // U+06A6
    { 19, 29, 348, 2, 20, 138, 15460 }, // U+06A7
    { 19, 31, 348, 2, 22, 148, 15598 }, // U+06A8
    { 23, 23, 395, 2, 23, 133, 15746 }, // U+06A9
    { 33, 20, 541, 0, 20, 165, 15879 }, // U+06AA
    { 23, 23, 395, 2, 23, 133, 16044 }, // U+06AB
    { 18, 23, 330, 1, 23, 104, 16177 }, // U+06AC
    { 18, 23, 330, 1, 23, 104, 16281 }, // U+06AD
    { 18, 32, 330, 1, 23, 144, 16385 }, // U+06AE
    { 23, 26, 395, 2, 26, 150, 16529 }, // U+06AF
    { 23, 26, 395, 2, 26, 150, 16679 }, // U+06B0
    { 23, 27, 395, 2, 27, 156, 16829 }, // U+06B1
    { 23, 33, 395, 2, 26, 190, 16985 }, // U+06B2
    { 23, 36, 395, 2, 26, 207, 17175 }, // U+06B3
    { 23, 29, 395, 2, 29, 167, 17382 }, // U+06B4
    { 17, 39, 326, 2, 30, 166, 17549 }, // U+06B5
    { 17, 39, 326, 2, 30, 166, 17715 }, // U+06B6
    { 17, 40, 326, 2, 31, 170, 17881 }, // U+06B7
    { 17, 39, 326, 2, 23, 166, 18051 }, // U+06B8
    { 17, 29, 322, 2, 14, 124, 18217 }, // U+06B9
    { 17, 18, 322, 2, 9, 77, 18341 }, // U+06BA
    { 17, 24, 322, 2, 15, 102, 18418 }, // U+06BB
    { 17, 26, 322, 2, 14, 111, 18520 }, // U+06BC
    { 17, 24, 322, 2, 15, 102, 18631 }, // U+06BD
    { 20, 17, 357, 1, 16, 85, 18733 }, // U+06BE
    { 19, 31, 349, 2, 21, 148, 18818 }, // U+06BF
    { 11, 24, 227, 2, 24, 66, 18966 }, // U+06C0
    { 11, 15, 227, 2, 15, 42, 19032 }, // U+06C1
    { 11, 24, 227, 2, 24, 66, 19074 }, // U+06C2
    { 11, 22, 227, 2, 22, 61, 19140 }, // U+06C3
    { 15, 22, 270, 1, 13, 83, 19201 }, // U+06C4
    { 15, 22, 270, 1, 13, 83, 19284 }, // U+06C5
    { 14, 28, 265, 1, 21, 98, 19367 }, // U+06C6
    { 14, 30, 265, 1, 23, 105, 19465 }, // U+06C7
    { 14, 35, 265, 1, 28, 123, 19570 }, // U+06C8
    { 14, 28, 265, 1, 21, 98, 19693 }, // U+06C9
    { 14, 26, 265, 1, 19, 91, 19791 }, // U+06CA
    { 14, 28, 265, 1, 21, 98, 19882 }, // U+06CB
    { 19, 22, 339, 2, 13, 105, 19980 }, // U+06CC
    { 24, 22, 339, -3, 13, 132, 20085 }, // U+06CD
    { 20, 22, 339, 1, 13, 110, 20217 }, // U+06CE
    { 14, 27, 265, 1, 20, 95, 20327 }, // U+06CF
    { 19, 30, 339, 2, 13, 143, 20422 }, // U+06D0
    { 19, 29, 339, 2, 13, 138, 20565 }, // U+06D1
    { 24, 12, 431, 2, 12, 72, 20703 }, // U+06D2
    { 24, 20, 431, 2, 20, 120, 20775 }, // U+06D3
    { 10, 5, 155, 0, 5, 13, 20895 }, // U+06D4
    { 11, 15, 227, 2, 15, 42, 20908 }, // U+06D5
    { 17, 13, 0, 0, 47, 56, 20950 }, // U+06D6
    { 13, 13, 0, 0, 47, 43, 21006 }, // U+06D7
    { 8, 8, 0, 0, 42, 16, 21049 }, // U+06D8
    { 6, 10, 0, 0, 44, 15, 21065 }, // U+06D9
    { 8, 10, 0, 0, 44, 20, 21080 }, // U+06DA
    { 7, 7, 0, 0, 41, 13, 21100 }, // U+06DB
    { 12, 9, 0, 0, 43, 27, 21113 }, // U+06DC
    { 38, 46, 672, 2, 36, 437, 21140 }, // U+06DD
    { 31, 30, 491, 0, 24, 233, 21577 }, // U+06DE
    { 6, 6, 0, -1, 30, 9, 21810 }, // U+06DF
    { 6, 7, 0, -1, 31, 11, 21819 }, // U+06E0
    { 7, 6, 0, -1, 30, 11, 21830 }, // U+06E1
    { 7, 10, 0, -1, 34, 18, 21841 }, // U+06E2
    { 12, 9, 0, 0, -1, 27, 21859 }, // U+06E3
    { 11, 4, 0, -1, 28, 11, 21886 }, // U+06E4
    { 7, 9, 109, 0, 8, 16, 21897 }, // U+06E5
    { 10, 5, 164, 0, 5, 13, 21913 }, // U+06E6
    { 9, 5, 0, 0, 30, 12, 21926 }, // U+06E7
    { 6, 8, 0, 0, 42, 12, 21938 }, // U+06E8
    { 17, 24, 272, 0, 22, 102, 21950 }, // U+06E9
    { 5, 6, 0, 0, -1, 8, 22052 }, // U+06EA
    { 5, 6, 0, 0, 30, 8, 22060 }, // U+06EB
    { 6, 6, 0, 0, 30, 9, 22068 }, // U+06EC
    { 7, 10, 0, -1, 0, 18, 22077 }, // U+06ED
    { 13, 23, 232, 1, 23, 75, 22095 }, // U+06EE
    { 14, 28, 201, -2, 21, 98, 22170 }, // U+06EF
    { 8, 9, 191, 2, 12, 18, 22268 }, // U+06F0
    { 7, 20, 183, 2, 20, 35, 22286 }, // U+06F1
    { 13, 20, 242, 2, 20, 65, 22321 }, // U+06F2
    { 15, 20, 270, 2, 20, 75, 22386 }, // U+06F3
    { 14, 22, 268, 2, 21, 77, 22461 }, // U+06F4
    { 14, 23, 255, 1, 22, 81, 22538 }, // U+06F5
    { 13, 20, 248, 2, 20, 65, 22619 }, // U+06F6
    { 16, 20, 259, 0, 20, 80, 22684 }, // U+06F7
    { 16, 20, 259, 0, 20, 80, 22764 }, // U+06F8
    { 13, 22, 243, 1, 21, 72, 22844 }, // U+06F9
    { 32, 29, 566, 2, 20, 232, 22916 }, // U+06FA
    { 35, 30, 603, 2, 21, 263, 23148 }, // U+06FB
    { 19, 34, 322, 2, 23, 162, 23411 }, // U+06FC
    { 13, 21, 241, 2, 11, 69, 23573 }, // U+06FD
    { 15, 24, 268, 1, 13, 90, 23642 }, // U+06FE
    { 20, 26, 357, 1, 25, 130, 23732 }, // U+06FF
    { 0, 0, 59, 0, 0, 0, 0 }, // U+2009
    { 0, 0, 0, 0, 0, 0, 0 }, // U+200B
    { 0, 0, 0, 0, 0, 0, 0 }, // U+200C
    { 0, 0, 0, 0, 0, 0, 0 }, // U+200D
    { 0, 0, 0, 0, 0, 0, 0 }, // U+200E
    { 0, 0, 0, 0, 0, 0, 0 }, // U+200F
    { 9, 5, 172, 1, 5, 12, 0 }, // U+2010
    { 18, 4, 267, -1, 11, 18, 12 }, // U+2013
    { 35, 4, 533, -1, 11, 35, 30 }, // U+2014
    { 7, 11, 149, 1, 24, 20, 65 }, // U+2018
    { 7, 11, 149, 1, 24, 20, 85 }, // U+2019
    { 7, 12, 157, 1, 6, 21, 105 }, // U+201A
    { 14, 11, 261, 1, 24, 39, 126 }, // U+201C
    { 14, 11, 261, 1, 24, 39, 165 }, // U+201D
    { 14, 12, 261, 1, 6, 42, 204 }, // U+201E
    { 11, 12, 213, 1, 18, 33, 246 }, // U+2022
    { 27, 7, 487, 2, 6, 48, 279 }, // U+2026
    { 0, 0, 0, 0, 0, 0, 327 }, // U+202A
    { 0, 0, 0, 0, 0, 0, 327 }, // U+202B
    { 0, 0, 0, 0, 0, 0, 327 }, // U+202C
    { 0, 0, 0, 0, 0, 0, 327 }, // U+202D
    { 0, 0, 0, 0, 0, 0, 327 }, // U+202E
    { 0, 0, 59, 0, 0, 0, 327 }, // U+202F
    { 8, 14, 188, 2, 16, 28, 327 }, // U+2039
    { 8, 14, 188, 2, 16, 28, 355 }, // U+203A
    { 7, 19, 139, 1, 13, 34, 383 }, // U+204F
    { 0, 0, 0, 0, 0, 0, 417 }, // U+2060
    { 0, 0, 0, 0, 0, 0, 417 }, // U+2061
    { 0, 0, 0, 0, 0, 0, 417 }, // U+2062
    { 0, 0, 0, 0, 0, 0, 417 }, // U+2063
    { 0, 0, 0, 0, 0, 0, 417 }, // U+2064
    { 0, 0, 0, 0, 0, 0, 417 }, // U+2066
    { 0, 0, 0, 0, 0, 0, 417 }, // U+2067
    { 0, 0, 0, 0, 0, 0, 417 }, // U+2068
    { 0, 0, 0, 0, 0, 0, 417 }, // U+2069
    { 0, 0, 0, 0, 0, 0, 417 }, // U+206A
    { 0, 0, 0, 0, 0, 0, 417 }, // U+206B
    { 0, 0, 0, 0, 0, 0, 417 }, // U+206C
    { 0, 0, 0, 0, 0, 0, 417 }, // U+206D
    { 0, 0, 0, 0, 0, 0, 417 }, // U+206E
    { 0, 0, 0, 0, 0, 0, 417 }, // U+206F
    { 8, 9, 118, 0, 33, 18, 0 }, // U+FE70
    { 9, 17, 112, -1, 17, 39, 18 }, // U+FE71
    { 9, 8, 118, 0, 32, 18, 57 }, // U+FE72
    { 12, 13, 202, 2, 4, 39, 75 }, // U+FE73
    { 8, 6, 118, 0, -1, 12, 114 }, // U+FE74
    { 8, 6, 118, 0, 30, 12, 126 }, // U+FE76
    { 9, 14, 112, -1, 14, 32, 138 }, // U+FE77
    { 8, 8, 118, 0, 32, 16, 170 }, // U+FE78
    { 9, 16, 112, -1, 16, 36, 186 }, // U+FE79
    { 8, 6, 118, 0, 0, 12, 222 }, // U+FE7A
    { 9, 15, 112, -1, 5, 34, 234 }, // U+FE7B
    { 8, 7, 118, 0, 31, 14, 268 }, // U+FE7C
    { 9, 16, 112, -1, 16, 36, 282 }, // U+FE7D
    { 5, 6, 118, 1, 29, 8, 318 }, // U+FE7E
    { 9, 13, 112, -1, 13, 30, 326 }, // U+FE7F
    { 13, 13, 241, 2, 11, 43, 356 }, // U+FE80
    { 11, 28, 151, -1, 28, 77, 399 }, // U+FE81
    { 12, 27, 154, -1, 27, 81, 476 }, // U+FE82
    { 6, 32, 151, 2, 32, 48, 557 }, // U+FE83
    { 9, 32, 154, 2, 32, 72, 605 }, // U+FE84
    { 14, 28, 265, 1, 21, 98, 677 }, // U+FE85
    { 16, 31, 260, 1, 24, 124, 775 }, // U+FE86
    { 6, 32, 151, 2, 23, 48, 899 }, // U+FE87
    { 9, 31, 154, 2, 23, 70, 947 }, // U+FE88
    { 19, 22, 339, 2, 13, 105, 1017 }, // U+FE89
    { 22, 21, 368, 2, 12, 116, 1122 }, // U+FE8A
    { 9, 23, 147, -1, 23, 52, 1238 }, // U+FE8B
    { 12, 19, 156, -1, 19, 57, 1290 }, // U+FE8C
    { 6, 23, 151, 2, 23, 35, 1347 }, // U+FE8D
    { 9, 23, 154, 2, 23, 52, 1382 }, // U+FE8E
    { 23, 23, 430, 2, 15, 133, 1434 }, // U+FE8F
    { 26, 19, 436, 2, 11, 124, 1567 }, // U+FE90
    { 9, 22, 147, -1, 14, 50, 1691 }, // U+FE91
    { 12, 17, 156, -1, 9, 51, 1741 }, // U+FE92
    { 11, 22, 227, 2, 22, 61, 1792 }, // U+FE93
    { 15, 22, 248, 2, 22, 83, 1853 }, // U+FE94
    { 23, 17, 430, 2, 17, 98, 1936 }, // U+FE95
    { 26, 17, 436, 2, 17, 111, 2034 }, // U+FE96
    { 10, 21, 147, -1, 21, 53, 2145 }, // U+FE97
    { 14, 17, 192, -1, 17, 60, 2198 }, // U+FE98
    { 23, 19, 430, 2, 19, 110, 2258 }, // U+FE99
    { 26, 19, 436, 2, 19, 124, 2368 }, // U+FE9A
    { 11, 23, 147, -1, 23, 64, 2492 }, // U+FE9B
    { 14, 19, 192, -1, 19, 67, 2556 }, // U+FE9C
    { 19, 24, 349, 2, 14, 114, 2623 }, // U+FE9D
    { 23, 23, 386, 2, 13, 133, 2737 }, // U+FE9E
    { 22, 19, 346, -1, 13, 105, 2870 }, // U+FE9F
    { 24, 19, 350, -1, 13, 114, 2975 }, // U+FEA0
    { 19, 24, 349, 2, 14, 114, 3089 }, // U+FEA1
    { 23, 23, 386, 2, 13, 133, 3203 }, // U+FEA2
    { 22, 13, 346, -1, 13, 72, 3336 }, // U+FEA3
    { 24, 13, 350, -1, 13, 78, 3408 }, // U+FEA4
    { 19, 31, 349, 2, 21, 148, 3486 }, // U+FEA5
    { 23, 30, 386, 2, 20, 173, 3634 }, // U+FEA6
    { 22, 20, 346, -1, 20, 110, 3807 }, // U+FEA7
    { 24, 20, 350, -1, 20, 120, 3917 }, // U+FEA8
    { 13, 15, 232, 1, 15, 49, 4037 }, // U+FEA9
    { 16, 15, 259, 1, 15, 60, 4086 }, // U+FEAA
    { 13, 22, 232, 1, 22, 72, 4146 }, // U+FEAB
    { 16, 22, 259, 1, 22, 88, 4218 }, // U+FEAC
    { 14, 20, 201, -2, 13, 70, 4306 }, // U+FEAD
    { 16, 20, 211, -2, 13, 80, 4376 }, // U+FEAE
    { 14, 27, 201, -2, 20, 95, 4456 }, // U+FEAF
    { 16, 27, 211, -2, 20, 108, 4551 }, // U+FEB0
    { 32, 22, 566, 2, 13, 176, 4659 }, // U+FEB1
    { 34, 20, 554, 2, 11, 170, 4835 }, // U+FEB2
    { 23, 13, 373, -1, 13, 75, 5005 }, // U+FEB3
    { 25, 11, 372, -1, 11, 69, 5080 }, // U+FEB4
    { 32, 29, 566, 2, 20, 232, 5149 }, // U+FEB5
    { 34, 29, 554, 2, 20, 247, 5381 }, // U+FEB6
    { 23, 20, 373, -1, 20, 115, 5628 }, // U+FEB7
    { 25, 20, 372, -1, 20, 125, 5743 }, // U+FEB8
    { 35, 23, 603, 2, 14, 202, 5868 }, // U+FEB9
    { 39, 23, 633, 2, 14, 225, 6070 }, // U+FEBA
    { 26, 14, 424, -1, 14, 91, 6295 }, // U+FEBB
    { 30, 14, 451, -1, 14, 105, 6386 }, // U+FEBC
    { 35, 30, 603, 2, 21, 263, 6491 }, // U+FEBD
    { 39, 30, 633, 2, 21, 293, 6754 }, // U+FEBE
    { 26, 21, 424, -1, 21, 137, 7047 }, // U+FEBF
    { 30, 21, 451, -1, 21, 158, 7184 }, // U+FEC0
    { 24, 23, 422, 1, 23, 138, 7342 }, // U+FEC1
    { 28, 23, 448, 1, 23, 161, 7480 }, // U+FEC2
    { 23, 23, 370, -1, 23, 133, 7641 }, // U+FEC3
    { 26, 23, 376, -1, 23, 150, 7774 }, // U+FEC4
    { 24, 23, 422, 1, 23, 138, 7924 }, // U+FEC5
    { 28, 23, 448, 1, 23, 161, 8062 }, // U+FEC6
    { 23, 23, 370, -1, 23, 133, 8223 }, // U+FEC7
    { 26, 23, 376, -1, 23, 150, 8356 }, // U+FEC8
    { 19, 27, 322, 2, 16, 129, 8506 }, // U+FEC9
    { 18, 25, 254, 2, 14, 113, 8635 }, // U+FECA
    { 18, 14, 276, -1, 14, 63, 8748 }, // U+FECB
    { 17, 14, 239, -1, 14, 60, 8811 }, // U+FECC
    { 19, 34, 322, 2, 23, 162, 8871 }, // U+FECD
    { 18, 32, 254, 2, 21, 144, 9033 }, // U+FECE
    { 18, 21, 276, -1, 21, 95, 9177 }, // U+FECF
    { 17, 21, 239, -1, 21, 90, 9272 }, // U+FED0
    { 25, 25, 452, 2, 25, 157, 9362 }, // U+FED1
    { 27, 21, 444, 2, 21, 142, 9519 }, // U+FED2
    { 14, 23, 228, -1, 23, 81, 9661 }, // U+FED3
    { 16, 21, 220, -1, 21, 84, 9742 }, // U+FED4
    { 19, 29, 348, 2, 20, 138, 9826 }, // U+FED5
    { 20, 29, 337, 2, 20, 145, 9964 }, // U+FED6
    { 14, 22, 228, -1, 22, 77, 10109 }, // U+FED7
    { 16, 21, 220, -1, 21, 84, 10186 }, // U+FED8
    { 18, 23, 330, 1, 23, 104, 10270 }, // U+FED9
    { 24, 24, 397, 2, 24, 144, 10374 }, // U+FEDA
    { 16, 23, 236, -1, 23, 92, 10518 }, // U+FEDB
    { 18, 23, 249, -1, 23, 104, 10610 }, // U+FEDC
    { 17, 32, 326, 2, 23, 136, 10714 }, // U+FEDD
    { 20, 32, 329, 2, 23, 160, 10850 }, // U+FEDE
    { 7, 23, 116, -1, 23, 41, 11010 }, // U+FEDF
    { 10, 23, 131, -1, 23, 58, 11051 }, // U+FEE0
    { 15, 24, 268, 1, 13, 90, 11109 }, // U+FEE1
    { 18, 24, 296, 2, 13, 108, 11199 }, // U+FEE2
    { 16, 13, 252, -1, 13, 52, 11307 }, // U+FEE3
    { 16, 13, 220, -1, 13, 52, 11359 }, // U+FEE4
    { 17, 23, 322, 2, 14, 98, 11411 }, // U+FEE5
    { 19, 23, 319, 2, 14, 110, 11509 }, // U+FEE6
    { 9, 21, 147, -1, 21, 48, 11619 }, // U+FEE7
    { 12, 17, 156, -1, 17, 51, 11667 }, // U+FEE8
    { 11, 15, 227, 2, 15, 42, 11718 }, // U+FEE9
    { 15, 17, 248, 2, 17, 64, 11760 }, // U+FEEA
    { 17, 17, 275, -1, 16, 73, 11824 }, // U+FEEB
    { 15, 22, 212, -1, 15, 83, 11897 }, // U+FEEC
    { 14, 20, 265, 1, 13, 70, 11980 }, // U+FEED
    { 16, 20, 260, 1, 13, 80, 12050 }, // U+FEEE
    { 19, 22, 339, 2, 13, 105, 12130 }, // U+FEEF
    { 22, 14, 368, 2, 5, 77, 12235 }, // U+FEF0
    { 19, 28, 339, 2, 13, 133, 12312 }, // U+FEF1
    { 22, 20, 368, 2, 5, 110, 12445 }, // U+FEF2
    { 12, 21, 183, -1, 14, 63, 12555 }, // U+FEF3
    { 14, 16, 192, -1, 9, 56, 12618 }, // U+FEF4
    { 21, 24, 291, -4, 24, 126, 12674 }, // U+FEF5
    { 25, 23, 336, -3, 23, 144, 12800 }, // U+FEF6
    { 18, 29, 291, -1, 29, 131, 12944 }, // U+FEF7
    { 22, 28, 336, 0, 28, 154, 13075 }, // U+FEF8
    { 16, 34, 291, 1, 24, 136, 13229 }, // U+FEF9
    { 21, 33, 336, 1, 23, 174, 13365 }, // U+FEFA
    { 16, 24, 291, 1, 24, 96, 13539 }, // U+FEFB
    { 21, 23, 336, 1, 23, 121, 13635 }, // U+FEFC
};

static const EpdUnicodeInterval notonaskh_16_boldIntervals[] = {
    { 0x0, 0xA3, 0x0 },
    { 0xA5, 0xA5, 0xA4 },
    { 0xA7, 0xAB, 0xA5 },
    { 0xAD, 0xB0, 0xAA },
    { 0xB4, 0xB4, 0xAE },
    { 0xB6, 0xB8, 0xAF },
    { 0xBA, 0xBB, 0xB2 },
    { 0xBF, 0x107, 0xB4 },
    { 0x10A, 0x113, 0xFD },
    { 0x116, 0x11B, 0x107 },
    { 0x11E, 0x123, 0x10D },
    { 0x126, 0x127, 0x113 },
    { 0x12A, 0x12B, 0x115 },
    { 0x12E, 0x131, 0x117 },
    { 0x136, 0x137, 0x11B },
    { 0x139, 0x13E, 0x11D },
    { 0x141, 0x148, 0x123 },
    { 0x150, 0x155, 0x12B },
    { 0x158, 0x15B, 0x131 },
    { 0x15E, 0x161, 0x135 },
    { 0x164, 0x165, 0x139 },
    { 0x16A, 0x16B, 0x13B },
    { 0x16E, 0x17E, 0x13D },
    { 0x218, 0x21B, 0x14E },
    { 0x300, 0x304, 0x152 },
    { 0x306, 0x308, 0x157 },
    { 0x30A, 0x30C, 0x15A },
    { 0x326, 0x328, 0x15D },
    { 0x34F, 0x34F, 0x160 },
    { 0x600, 0x6FF, 0x161 },
    { 0x2009, 0x2009, 0x261 },
    { 0x200B, 0x2010, 0x262 },
    { 0x2013, 0x2014, 0x268 },
    { 0x2018, 0x201A, 0x26A },
    { 0x201C, 0x201E, 0x26D },
    { 0x2022, 0x2022, 0x270 },
    { 0x2026, 0x2026, 0x271 },
    { 0x202A, 0x202F, 0x272 },
    { 0x2039, 0x203A, 0x278 },
    { 0x204F, 0x204F, 0x27A },
    { 0x2060, 0x2064, 0x27B },
    { 0x2066, 0x206F, 0x280 },
    { 0xFE70, 0xFE74, 0x28A },
    { 0xFE76, 0xFEFC, 0x28F },
};

static const EpdFontGroup notonaskh_16_boldGroups[] = {
    { 0, 4348, 10755, 128, 0 },
    { 4348, 3235, 11781, 117, 128 },
    { 7583, 3565, 14429, 89, 245 },
    { 11148, 276, 585, 4, 334 },
    { 11424, 205, 253, 15, 338 },
    { 11629, 6707, 25865, 256, 353 },
    { 18336, 281, 454, 41, 609 },
    { 18617, 4506, 14782, 140, 650 },
};

static const EpdKernClassEntry notonaskh_16_boldKernLeftClasses[] = {
    { 0x0022, 1 }, // "
    { 0x0026, 2 }, // &
    { 0x0027, 1 }, // '
    { 0x002A, 3 }, // *
    { 0x002C, 4 }, // ,
    { 0x0040, 5 }, // @
    { 0x0041, 6 }, // A
    { 0x0042, 7 }, // B
    { 0x0044, 8 }, // D
    { 0x0045, 9 }, // E
    { 0x0046, 10 }, // F
    { 0x0047, 11 }, // G
    { 0x004B, 12 }, // K
    { 0x004C, 13 }, // L
    { 0x004E, 14 }, // N
    { 0x004F, 8 }, // O
    { 0x0050, 3 }, // P
    { 0x0051, 8 }, // Q
    { 0x0052, 15 }, // R
    { 0x0053, 16 }, // S
    { 0x0054, 17 }, // T
    { 0x0055, 18 }, // U
    { 0x0056, 19 }, // V
    { 0x0057, 20 }, // W
    { 0x0058, 21 }, // X
    { 0x0059, 22 }, // Y
    { 0x005F, 23 }, // _
    { 0x0061, 24 }, // a
    { 0x0062, 25 }, // b
    { 0x0065, 26 }, // e
    { 0x0066, 27 }, // f
    { 0x0067, 28 }, // g
    { 0x0068, 24 }, // h
    { 0x006B, 29 }, // k
    { 0x006D, 24 }, // m
    { 0x006E, 24 }, // n
    { 0x006F, 25 }, // o
    { 0x0070, 25 }, // p
    { 0x0072, 30 }, // r
    { 0x0073, 31 }, // s
    { 0x0076, 32 }, // v
    { 0x0077, 33 }, // w
    { 0x0079, 34 }, // y
    { 0x00A1, 35 }, // U+00A1
    { 0x00BF, 36 }, // U+00BF
    { 0x00C0, 37 }, // U+00C0
    { 0x00C1, 37 }, // U+00C1
    { 0x00C2, 37 }, // U+00C2
    { 0x00C3, 37 }, // U+00C3
    { 0x00C4, 37 }, // U+00C4
    { 0x00C5, 37 }, // U+00C5
    { 0x00C6, 9 }, // U+00C6
    { 0x00C8, 9 }, // U+00C8
    { 0x00C9, 9 }, // U+00C9
    { 0x00CA, 9 }, // U+00CA
    { 0x00CB, 9 }, // U+00CB
    { 0x00D0, 8 }, // U+00D0
    { 0x00D1, 14 }, // U+00D1
    { 0x00D2, 8 }, // U+00D2
    { 0x00D3, 8 }, // U+00D3
    { 0x00D4, 8 }, // U+00D4
    { 0x00D5, 8 }, // U+00D5
    { 0x00D6, 8 }, // U+00D6
    { 0x00D8, 8 }, // U+00D8
    { 0x00D9, 18 }, // U+00D9
    { 0x00DA, 18 }, // U+00DA
    { 0x00DB, 18 }, // U+00DB
    { 0x00DC, 18 }, // U+00DC
    { 0x00DD, 22 }, // U+00DD
    { 0x00DE, 8 }, // U+00DE
    { 0x00DF, 25 }, // U+00DF
    { 0x00E0, 24 }, // U+00E0
    { 0x00E1, 24 }, // U+00E1
    { 0x00E2, 24 }, // U+00E2
    { 0x00E3, 24 }, // U+00E3
    { 0x00E4, 24 }, // U+00E4
    { 0x00E5, 24 }, // U+00E5
    { 0x00E6, 26 }, // U+00E6
    { 0x00E8, 26 }, // U+00E8
    { 0x00E9, 26 }, // U+00E9
    { 0x00EA, 26 }, // U+00EA
    { 0x00EB, 26 }, // U+00EB
    { 0x00F0, 25 }, // U+00F0
    { 0x00F1, 24 }, // U+00F1
    { 0x00F2, 25 }, // U+00F2
    { 0x00F3, 25 }, // U+00F3
    { 0x00F4, 25 }, // U+00F4
    { 0x00F5, 25 }, // U+00F5
    { 0x00F6, 25 }, // U+00F6
    { 0x00F8, 25 }, // U+00F8
    { 0x00FD, 34 }, // U+00FD
    { 0x00FE, 25 }, // U+00FE
    { 0x00FF, 34 }, // U+00FF
    { 0x0100, 6 }, // U+0100
    { 0x0102, 37 }, // U+0102
    { 0x0104, 37 }, // U+0104
    { 0x010E, 8 }, // U+010E
    { 0x010F, 38 }, // U+010F
    { 0x0110, 8 }, // U+0110
    { 0x0112, 9 }, // U+0112
    { 0x0113, 26 }, // U+0113
    { 0x0116, 9 }, // U+0116
    { 0x0117, 26 }, // U+0117
    { 0x0118, 9 }, // U+0118
    { 0x0119, 26 }, // U+0119
    { 0x011A, 9 }, // U+011A
    { 0x011B, 26 }, // U+011B
    { 0x011E, 11 }, // U+011E
    { 0x0120, 11 }, // U+0120
    { 0x0122, 11 }, // U+0122
    { 0x0127, 24 }, // U+0127
    { 0x0136, 12 }, // U+0136
    { 0x0137, 29 }, // U+0137
    { 0x0139, 13 }, // U+0139
    { 0x013B, 13 }, // U+013B
    { 0x013E, 38 }, // U+013E
    { 0x0141, 13 }, // U+0141
    { 0x0143, 14 }, // U+0143
    { 0x0144, 24 }, // U+0144
    { 0x0145, 14 }, // U+0145
    { 0x0146, 24 }, // U+0146
    { 0x0147, 14 }, // U+0147
    { 0x0148, 24 }, // U+0148
    { 0x0150, 8 }, // U+0150
    { 0x0151, 25 }, // U+0151
    { 0x0152, 9 }, // U+0152
    { 0x0153, 26 }, // U+0153
    { 0x0154, 15 }, // U+0154
    { 0x0155, 30 }, // U+0155
    { 0x0158, 15 }, // U+0158
    { 0x0159, 30 }, // U+0159
    { 0x015A, 16 }, // U+015A
    { 0x015B, 31 }, // U+015B
    { 0x015E, 16 }, // U+015E
    { 0x015F, 31 }, // U+015F
    { 0x0160, 16 }, // U+0160
    { 0x0161, 31 }, // U+0161
    { 0x0164, 17 }, // U+0164
    { 0x0165, 39 }, // U+0165
    { 0x016A, 18 }, // U+016A
    { 0x016E, 18 }, // U+016E
    { 0x0170, 18 }, // U+0170
    { 0x0172, 18 }, // U+0172
    { 0x0174, 20 }, // U+0174
    { 0x0175, 33 }, // U+0175
    { 0x0176, 22 }, // U+0176
    { 0x0177, 34 }, // U+0177
    { 0x0178, 22 }, // U+0178
    { 0x0218, 16 }, // U+0218
    { 0x0219, 31 }, // U+0219
    { 0x021A, 17 }, // U+021A
    { 0x2018, 40 }, // U+2018
    { 0x2019, 41 }, // U+2019
    { 0x201A, 4 }, // U+201A
    { 0x201C, 40 }, // U+201C
    { 0x201D, 41 }, // U+201D
    { 0x201E, 4 }, // U+201E
    { 0x2026, 4 }, // U+2026
};

static const EpdKernClassEntry notonaskh_16_boldKernRightClasses[] = {
    { 0x0022, 1 }, // "
    { 0x0026, 2 }, // &
    { 0x0027, 1 }, // '
    { 0x0029, 3 }, // )
    { 0x002A, 4 }, // *
    { 0x002C, 5 }, // ,
    { 0x003F, 6 }, // ?
    { 0x0040, 7 }, // @
    { 0x0041, 8 }, // A
    { 0x0042, 9 }, // B
    { 0x0043, 10 }, // C
    { 0x0044, 9 }, // D
    { 0x0045, 9 }, // E
    { 0x0046, 9 }, // F
    { 0x0047, 10 }, // G
    { 0x0048, 9 }, // H
    { 0x0049, 9 }, // I
    { 0x004A, 11 }, // J
    { 0x004B, 9 }, // K
    { 0x004C, 9 }, // L
    { 0x004D, 9 }, // M
    { 0x004E, 9 }, // N
    { 0x004F, 10 }, // O
    { 0x0050, 9 }, // P
    { 0x0051, 10 }, // Q
    { 0x0052, 9 }, // R
    { 0x0053, 12 }, // S
    { 0x0054, 13 }, // T
    { 0x0055, 14 }, // U
    { 0x0056, 15 }, // V
    { 0x0057, 16 }, // W
    { 0x0058, 17 }, // X
    { 0x0059, 18 }, // Y
    { 0x005A, 19 }, // Z
    { 0x005D, 3 }, // ]
    { 0x0061, 20 }, // a
    { 0x0062, 21 }, // b
    { 0x0063, 22 }, // c
    { 0x0064, 22 }, // d
    { 0x0065, 22 }, // e
    { 0x0067, 23 }, // g
    { 0x0068, 21 }, // h
    { 0x006B, 21 }, // k
    { 0x006C, 21 }, // l
    { 0x006F, 22 }, // o
    { 0x0071, 22 }, // q
    { 0x0073, 24 }, // s
    { 0x0075, 25 }, // u
    { 0x0076, 26 }, // v
    { 0x0077, 27 }, // w
    { 0x0079, 28 }, // y
    { 0x007A, 29 }, // z
    { 0x007D, 3 }, // }
    { 0x00B7, 30 }, // U+00B7
    { 0x00C0, 8 }, // U+00C0
    { 0x00C1, 8 }, // U+00C1
    { 0x00C2, 8 }, // U+00C2
    { 0x00C3, 8 }, // U+00C3
    { 0x00C4, 8 }, // U+00C4
    { 0x00C5, 8 }, // U+00C5
    { 0x00C6, 31 }, // U+00C6
    { 0x00C7, 10 }, // U+00C7
    { 0x00C8, 9 }, // U+00C8
    { 0x00C9, 9 }, // U+00C9
    { 0x00CA, 9 }, // U+00CA
    { 0x00CB, 9 }, // U+00CB
    { 0x00CC, 9 }, // U+00CC
    { 0x00CD, 9 }, // U+00CD
    { 0x00CE, 9 }, // U+00CE
    { 0x00CF, 9 }, // U+00CF
    { 0x00D0, 9 }, // U+00D0
    { 0x00D1, 9 }, // U+00D1
    { 0x00D2, 10 }, // U+00D2
    { 0x00D3, 10 }, // U+00D3
    { 0x00D4, 10 }, // U+00D4
    { 0x00D5, 10 }, // U+00D5
    { 0x00D6, 10 }, // U+00D6
    { 0x00D8, 10 }, // U+00D8
    { 0x00D9, 14 }, // U+00D9
    { 0x00DA, 14 }, // U+00DA
    { 0x00DB, 14 }, // U+00DB
    { 0x00DC, 14 }, // U+00DC
    { 0x00DD, 18 }, // U+00DD
    { 0x00DE, 9 }, // U+00DE
    { 0x00E0, 20 }, // U+00E0
    { 0x00E1, 20 }, // U+00E1
    { 0x00E2, 20 }, // U+00E2
    { 0x00E3, 20 }, // U+00E3
    { 0x00E4, 20 }, // U+00E4
    { 0x00E5, 20 }, // U+00E5
    { 0x00E6, 20 }, // U+00E6
    { 0x00E7, 22 }, // U+00E7
    { 0x00E8, 22 }, // U+00E8
    { 0x00E9, 22 }, // U+00E9
    { 0x00EA, 22 }, // U+00EA
    { 0x00EB, 22 }, // U+00EB
    { 0x00EC, 32 }, // U+00EC
    { 0x00EE, 32 }, // U+00EE
    { 0x00EF, 32 }, // U+00EF
    { 0x00F0, 22 }, // U+00F0
    { 0x00F2, 22 }, // U+00F2
    { 0x00F3, 22 }, // U+00F3
    { 0x00F4, 22 }, // U+00F4
    { 0x00F5, 22 }, // U+00F5
    { 0x00F6, 22 }, // U+00F6
    { 0x00F8, 22 }, // U+00F8
    { 0x00F9, 25 }, // U+00F9
    { 0x00FA, 25 }, // U+00FA
    { 0x00FB, 25 }, // U+00FB
    { 0x00FC, 25 }, // U+00FC
    { 0x00FD, 28 }, // U+00FD
    { 0x00FE, 21 }, // U+00FE
    { 0x00FF, 28 }, // U+00FF
    { 0x0100, 8 }, // U+0100
    { 0x0101, 20 }, // U+0101
    { 0x0102, 8 }, // U+0102
    { 0x0103, 20 }, // U+0103
    { 0x0104, 8 }, // U+0104
    { 0x0105, 20 }, // U+0105
    { 0x0106, 10 }, // U+0106
    { 0x0107, 22 }, // U+0107
    { 0x010A, 10 }, // U+010A
    { 0x010B, 22 }, // U+010B
    { 0x010C, 10 }, // U+010C
    { 0x010D, 22 }, // U+010D
    { 0x010E, 9 }, // U+010E
    { 0x010F, 22 }, // U+010F
    { 0x0110, 9 }, // U+0110
    { 0x0111, 22 }, // U+0111
    { 0x0112, 9 }, // U+0112
    { 0x0113, 22 }, // U+0113
    { 0x0116, 9 }, // U+0116
    { 0x0117, 22 }, // U+0117
    { 0x0118, 9 }, // U+0118
    { 0x0119, 22 }, // U+0119
    { 0x011A, 9 }, // U+011A
    { 0x011B, 22 }, // U+011B
    { 0x011E, 10 }, // U+011E
    { 0x011F, 22 }, // U+011F
    { 0x0120, 10 }, // U+0120
    { 0x0121, 22 }, // U+0121
    { 0x0122, 10 }, // U+0122
    { 0x0123, 22 }, // U+0123
    { 0x0126, 9 }, // U+0126
    { 0x0127, 21 }, // U+0127
    { 0x012A, 9 }, // U+012A
    { 0x012B, 32 }, // U+012B
    { 0x012E, 9 }, // U+012E
    { 0x0130, 9 }, // U+0130
    { 0x0136, 9 }, // U+0136
    { 0x0137, 21 }, // U+0137
    { 0x0139, 9 }, // U+0139
    { 0x013A, 21 }, // U+013A
    { 0x013B, 9 }, // U+013B
    { 0x013C, 21 }, // U+013C
    { 0x013D, 9 }, // U+013D
    { 0x013E, 21 }, // U+013E
    { 0x0141, 9 }, // U+0141
    { 0x0142, 21 }, // U+0142
    { 0x0143, 9 }, // U+0143
    { 0x0145, 9 }, // U+0145
    { 0x0147, 9 }, // U+0147
    { 0x0150, 10 }, // U+0150
    { 0x0151, 22 }, // U+0151
    { 0x0152, 10 }, // U+0152
    { 0x0153, 22 }, // U+0153
    { 0x0154, 9 }, // U+0154
    { 0x0158, 9 }, // U+0158
    { 0x015A, 12 }, // U+015A
    { 0x015B, 24 }, // U+015B
    { 0x015E, 12 }, // U+015E
    { 0x015F, 24 }, // U+015F
    { 0x0160, 12 }, // U+0160
    { 0x0161, 24 }, // U+0161
    { 0x0164, 13 }, // U+0164
    { 0x016A, 14 }, // U+016A
    { 0x016B, 25 }, // U+016B
    { 0x016E, 14 }, // U+016E
    { 0x016F, 25 }, // U+016F
    { 0x0170, 14 }, // U+0170
    { 0x0171, 25 }, // U+0171
    { 0x0172, 14 }, // U+0172
    { 0x0173, 25 }, // U+0173
    { 0x0174, 16 }, // U+0174
    { 0x0175, 27 }, // U+0175
    { 0x0176, 18 }, // U+0176
    { 0x0177, 28 }, // U+0177
    { 0x0178, 18 }, // U+0178
    { 0x0179, 19 }, // U+0179
    { 0x017A, 29 }, // U+017A
    { 0x017B, 19 }, // U+017B
    { 0x017C, 29 }, // U+017C
    { 0x017D, 19 }, // U+017D
    { 0x017E, 29 }, // U+017E
    { 0x0218, 12 }, // U+0218
    { 0x0219, 24 }, // U+0219
    { 0x021A, 13 }, // U+021A
    { 0x2018, 33 }, // U+2018
    { 0x2019, 4 }, // U+2019
    { 0x201A, 34 }, // U+201A
    { 0x201C, 33 }, // U+201C
    { 0x201D, 4 }, // U+201D
    { 0x201E, 34 }, // U+201E
    { 0x2026, 34 }, // U+2026
    { 0x2039, 35 }, // U+2039
    { 0x203A, 35 }, // U+203A
};

static const int8_t notonaskh_16_boldKernMatrix[] = {
       0,    0,    0,    0,    0,    0,    0,  -43,    0,    0,    0,    0,    0,    0,    0,    0,    0,    0,    0,    0,    0,  -11,  -32,    0,    0,    0,    0,    0,    0,    0,  -64,    0,    0,    0,    0,
       0,    0,    0,    0,    0,  -16,    0,    0,    0,    0,    0,    0,  -16,    0,  -21,  -21,    0,  -16,    0,    0,    0,    0,    0,    0,    0,    0,    0,    0,    0,    0,    0,    0,    0,    0,    0,
       0,   -5,    0,    0,  -64,    0,    0,  -27,    0,    0,    0,    0,    0,    0,    0,    0,    0,    0,    0,    0,    0,    0,    0,    0,    0,    0,    0,    0,    0,    0,  -43,    0,    0,  -64,    0,
       0,    0,    0,    0,    0,  -48,    0,    0,    0,  -11,    0,    0,  -48,  -11,  -59,  -48,    0,  -43,    0,    0,    0,    0,    0,    0,    0,  -37,  -32,  -27,    0,    0,    0,    0,    0,    0,    0,
       0,    0,    0,    0,    0,    0,    0,  -16,    0,    0,    0,    0,    0,    0,    0,    0,    0,   -5,    0,    0,    0,    0,    0,    0,    0,    0,    0,    0,    0,    0,    0,    0,    0,    0,    0,
     -43,    0,    0,  -37,    0,  -32,    0,    0,    0,  -11,    0,    0,  -32,  -11,  -43,  -37,    0,  -37,    0,    0,    0,  -11,  -11,    0,  -11,  -32,  -16,  -27,    0,    0,    0,    0,  -37,    0,    0,
       0,    0,    0,  -11,    0,  -11,    0,  -11,    0,    0,    0,    0,  -11,    0,  -21,  -16,  -11,  -21,  -11,    0,    0,    0,    0,    0,    0,    0,   -5,  -11,    0,    0,  -16,    0,    0,    0,    0,
       0,    0,    0,    0,  -11,  -11,    0,  -11,    0,    0,    0,    0,  -11,    0,  -11,  -11,  -11,  -16,    0,    0,    0,    0,    0,    0,    0,    0,    0,    0,    0,    0,  -27,    0,    0,  -11,    0,
       0,    0,    0,    0,    0,    0,    0,    0,    0,    0,    0,    0,    0,    0,  -11,  -11,    0,  -11,    0,    0,    0,    0,    0,    0,    0,    0,    0,    0,    0,    0,    0,    0,    0,    0,    0,
       0,  -11,    0,    0,  -64,    0,  -21,  -37,    0,    0,    0,    0,    0,    0,    0,    0,    0,    0,    0,  -21,    0,  -21,  -21,    0,    0,    0,    0,    0,    0,    0,  -59,    0,    0,  -64,    0,
       0,    0,    0,    0,    0,  -11,    0,    0,    0,    0,    0,    0,  -11,    0,  -11,  -11,    0,  -11,    0,    0,    0,    0,    0,    0,    0,    0,    0,    0,    0,    0,  -11,    0,    0,    0,    0,
       0,    0,    0,    0,    0,    0,    0,    0,    0,  -11,    0,    0,    0,    0,    0,    0,    0,    0,    0,    0,    0,  -11,  -11,    0,  -11,    0,  -16,  -16,    0,    0,    0,    0,    0,    0,    0,
     -32,    0,    0,  -43,    0,  -37,    0,    0,    0,    0,    0,    0,  -37,    0,  -27,  -27,    0,  -32,    0,    0,    0,    0,    0,    0,    0,  -11,   -5,  -16,    0,  -11,    0,    0,  -43,    0,    0,
       0,    0,    0,    0,    0,    0,    0,    0,    0,    0,    0,    0,    0,    0,    0,    0,    0,    0,    0,    0,    0,    0,    0,    0,    0,    0,    0,    0,    0,    0,    0,    0,    0,    0,   -5,
       0,    0,    0,  -11,    0,  -11,    0,    0,    0,  -11,    0,    0,  -11,   -5,  -16,  -16,    0,  -16,    0,    0,    0,    0,    0,    0,    0,   -5,   -5,  -11,    0,    0,    0,    0,    0,    0,    0,
       0,    0,    0,    0,    0,  -11,    0,  -11,    0,    0,    0,    0,  -11,    0,  -11,  -11,  -11,  -11,    0,    0,    0,    0,    0,    0,    0,    0,   -5,  -11,    0,    0,  -11,    0,    0,    0,    0,
       0,   -5,    0,    0,  -48,    0,  -16,  -32,    0,  -11,    0,    0,    0,    0,    0,    0,    0,    0,    0,  -16,    0,  -20,  -20,   -3,    0,    0,    0,    0,    0,    0,  -43,    0,    0,  -48,    0,
       0,    0,    0,    0,  -11,    0,   -5,  -11,    0,    0,    0,    0,    0,    0,    0,    0,    0,    0,    0,    0,    0,    0,    0,    0,    0,    0,    0,    0,    0,    0,  -21,    0,    0,  -11,    0,
       0,  -16,    0,    0,  -59,    0,  -27,  -43,    0,  -11,    0,    0,    0,    0,    0,    0,    0,    0,    0,  -32,    0,  -32,  -32,  -21,    0,    0,    0,    0,    0,    0,  -69,    0,    0,  -59,    0,
       0,    0,    0,    0,  -48,    0,  -27,  -37,    0,  -11,    0,    0,    0,    0,    0,    0,    0,    0,    0,  -34,    0,  -32,  -32,  -27,    0,    0,    0,    0,  -16,    0,  -69,    0,    0,  -48,    0,
       0,    0,    0,    0,    0,    0,    0,    0,    0,  -11,    0,   -5,    0,    0,    0,    0,    0,    0,    0,    0,    0,    0,    0,    0,    0,    0,  -16,  -27,    0,    0,    0,    0,    0,    0,    0,
       0,   -5,    0,    0,  -43,    0,  -21,  -37,    0,  -16,    0,  -11,    0,    0,    0,    0,    0,    0,    0,  -32,    0,  -37,  -37,  -32,    0,    0,    0,    0,  -11,    0,  -48,    0,    0,  -43,    0,
       0,    0,    0,    0,    0,    0,    0,    0,    0,    0,    0,    0,    0,    0,    0,    0,    0,    0,    0,    0,    0,    0,    0,    0,    0,    0,    0,    9,    0,    0,    0,    0,    0,    0,    0,
     -21,    0,    0,    0,    0,    0,    0,    0,    0,    0,    0,    0,    0,    0,    0,    0,    0,    0,    0,    0,    0,    0,    0,    0,    0,    0,    0,  -11,    0,    0,    0,    0,    0,    0,    0,
       0,    0,    0,    0,    0,    0,    0,    0,    0,    0,    0,    0,    0,    0,  -32,  -32,    0,  -37,    0,    0,    0,    0,    0,    0,    0,    0,    0,  -11,    0,    0,    0,    0,    0,    0,    0,
       0,    0,    0,    0,    0,    0,    0,    0,    0,    0,    0,    0,    0,    0,  -32,  -32,    0,  -32,    0,    0,    0,    0,    0,    0,    0,    0,    0,    0,    0,    0,    0,    0,    0,    0,    0,
      43,    0,   48,   43,    0,    0,    0,    0,    0,    0,    0,    0,    0,    0,    0,    0,    0,    0,    0,    0,    0,    0,    0,    0,    0,    0,    0,    0,    0,    0,    0,   21,    0,    0,    0,
       0,    0,    0,    0,    0,    0,    0,    0,    0,    0,    0,    0,    0,    0,    0,  -11,    0,    0,    0,    0,    0,    0,    0,    0,    0,    0,    0,    0,    0,    0,    0,    0,    0,    0,    0,
       0,    0,    0,    0,    0,    0,    0,    0,    0,    0,    0,    0,    0,    0,    0,    0,    0,    0,    0,    0,    0,  -11,  -11,    0,    0,    0,    0,    0,    0,    0,    0,    0,    0,    0,    0,
       0,    0,    0,   16,  -76,    0,    0,    0,    0,    0,    0,    0,    0,    0,    0,    0,    0,    0,    0,  -11,    0,    0,    0,    0,    0,    0,    0,    0,    0,    0,    0,    0,    0,  -76,    0,
       0,    0,    0,    0,    0,    0,    0,    0,    0,    0,    0,    0,    0,    0,    0,    0,    0,  -32,    0,    0,    0,    0,    0,    0,    0,    0,    0,    0,    0,    0,    0,    0,    0,    0,    0,
       0,    0,    0,    0,  -27,    0,    0,  -32,    0,    0,    0,    0,    0,    0,    0,    0,    0,    0,    0,    0,    0,    0,    0,    0,    0,    0,    0,    0,    0,    0,    0,    0,    0,  -37,    0,
       0,    0,    0,    0,  -37,    0,    0,  -16,    0,    0,    0,    0,    0,    0,    0,    0,    0,    0,    0,    0,    0,    0,    0,    0,    0,    0,    0,    0,    0,    0,    0,    0,    0,  -37,    0,
       0,    0,    0,    0,  -48,    0,    0,  -27,    0,    0,    0,    0,    0,    0,    0,    0,    0,    0,    0,    0,    0,   -5,   -5,    0,    0,    0,    0,    0,    0,    0,    0,    0,    0,  -48,    0,
       0,    0,    0,    0,    0,    0,    0,    0,    0,    0,    0,    0,    0,    0,  -16,  -11,    0,  -16,    0,    0,    0,    0,    0,    0,    0,    0,    0,    0,    0,    0,    0,    0,    0,    0,    0,
       0,    0,    0,    0,    0,  -11,    0,    0,    0,    0,    0,    0,  -11,    0,  -27,  -27,    0,  -27,    0,    0,    0,    0,    0,    0,    0,    0,    0,    0,    0,    0,    0,    0,    0,    0,    0,
     -43,    0,    0,  -37,    0,  -32,    0,    0,    0,  -11,    0,    0,  -32,  -11,  -43,  -37,    0,  -37,    0,    0,    0,  -11,  -11,    0,  -11,  -27,  -16,  -27,    0,    0,    0,    0,  -37,    0,    0,
       0,    0,   32,   21,    0,   43,    0,    0,   27,    0,   32,    0,   27,   37,   43,   37,   37,   53,   21,    0,   48,    0,    0,    0,    0,    0,    0,    0,    0,    0,    0,    0,    0,    0,    0,
       0,    0,    0,    0,    0,    0,    0,    0,    0,    0,    0,    0,    0,    0,    0,    0,    0,    0,    0,    0,   22,    0,    0,    0,    0,    0,    0,    0,    0,    0,    0,    0,    0,    0,    0,
       0,    0,    0,    0,    0,    0,    0,  -37,    0,    0,    0,    0,    0,    0,    0,    0,    0,    0,    0,    0,    0,    0,    0,    0,    0,    0,    0,    0,    0,    0,  -75,    0,    0,    0,    0,
       0,    0,    0,    0,    0,    0,    0,  -53,    0,  -11,    0,    0,    0,    0,    0,    0,    0,    0,    0,  -16,    0,  -21,  -21,  -27,    0,    0,    0,    0,    0,    0,    0,    0,    0,    0,    0,
};

static constexpr EpdFontData notonaskh_16_bold = {
    notonaskh_16_boldBitmaps,
    notonaskh_16_boldGlyphs,
    notonaskh_16_boldIntervals,
    44,
    57,
    36,
    -22,
    true,
    notonaskh_16_boldGroups,
    8,
    nullptr,
    notonaskh_16_boldKernLeftClasses,
    notonaskh_16_boldKernRightClasses,
    notonaskh_16_boldKernMatrix,
    158,
    206,
    41,
    35,
    nullptr,
    0,
};
