/**
 * generated by fontconvert.py
 * name: notonaskh_14_regular
 * size: 14
 * mode: 2-bit  compressed: true
 * Command used: fontconvert.py notonaskh_14_regular 14 ../builtinFonts/source/NotoNaskhArabic/NotoNaskhArabic-Regular.ttf --additional-intervals 0x0600,0x06FF --additional-intervals 0xFE70,0xFEFC --font-include-intervals 0:0x0000,0x024F --font-include-intervals 0:0x0300,0x036F --font-include-intervals 0:0x2000,0x206F --font-include-intervals 0:0x0600,0x06FF --font-include-intervals 0:0xFE70,0xFEFC --2bit --compress --pnum --darken-aa
 */
#pragma once
#include "EpdFontData.h"

static const uint8_t notonaskh_14_regularBitmaps[18685] = {
    0xAD, 0x59, 0x3F, 0x6C, 0xDD, 0xE6, 0x11, 0x3F, 0xF2, 0xB3, 0x43, 0x20, 0x2C, 0x4C, 0x0F, 0xD5,
    0x50, 0x18, 0x31, 0x33, 0x74, 0x28, 0x5A, 0xC9, 0xEC, 0xD0, 0xC1, 0x05, 0x9E, 0x44, 0xA6, 0x19,
    0x32, 0x74, 0x70, 0x86, 0x78, 0xEA, 0xA0, 0x0E, 0x5D, 0x5A, 0xB4, 0x50, 0x06, 0x0F, 0x1A, 0xE4,
    0x47, 0xA6, 0x19, 0x3A, 0x74, 0xF1, 0xD2, 0x2C, 0x05, 0x8A, 0x0C, 0x99, 0xE4, 0x41, 0x1E, 0x5C,
    0xC0, 0x83, 0x24, 0x32, 0xF1, 0xD0, 0x21, 0x83, 0xD9, 0xA4, 0x7B, 0xD8, 0x46, 0x4D, 0x50, 0x1B,
    0x85, 0x99, 0xF8, 0xB9, 0xA6, 0x15, 0x92, 0x5F, 0x7F, 0xBF, 0x23, 0x9F, 0x2C, 0x3B, 0xB6, 0x23,
    0x27, 0xD1, 0xE3, 0x1D, 0x9F, 0xC8, 0xEF, 0xCF, 0x7D, 0xF7, 0xDD, 0xFD, 0xEE, 0xEE, 0x7B, 0xDF,
    0x5D, 0xBF, 0xB6, 0xB1, 0x31, 0x19, 0xFF, 0x16, 0xBF, 0x2B, 0xDF, 0x5F, 0x99, 0x7E, 0x67, 0x1A,
    0x14, 0x2B, 0xB8, 0xFC, 0x62, 0x19, 0x97, 0x57, 0x4C, 0x4C, 0xB6, 0x68, 0x32, 0xC1, 0x5F, 0x20,
    0x95, 0x04, 0x4E, 0x25, 0xA7, 0xDD, 0x52, 0x96, 0xDC, 0x42, 0x16, 0x4D, 0x21, 0x13, 0x53, 0x84,
    0xD6, 0xF6, 0xA0, 0x4E, 0xD6, 0xFD, 0x44, 0xAE, 0x06, 0x22, 0xF5, 0x9C, 0x4E, 0x4B, 0x6C, 0x6D,
    0x93, 0x5A, 0xDB, 0x9A, 0x62, 0x22, 0x03, 0xAD, 0x8B, 0x97, 0x5D, 0x15, 0x3F, 0xB9, 0x22, 0xBE,
    0xD4, 0x22, 0xC3, 0xB8, 0x03, 0xE5, 0x8D, 0x78, 0x36, 0x97, 0xE0, 0x46, 0x98, 0x45, 0xE7, 0x82,
    0x22, 0x0A, 0x82, 0x24, 0x3A, 0x27, 0x12, 0xDE, 0xC0, 0x6B, 0x2B, 0x62, 0x6C, 0xA6, 0x6D, 0xF4,
    0x9F, 0x20, 0xCD, 0x24, 0x08, 0x8A, 0x49, 0xE0, 0x97, 0x1B, 0xA0, 0x29, 0xBE, 0xC7, 0x41, 0x98,
    0x85, 0xB7, 0x7B, 0x71, 0x6D, 0xF5, 0x60, 0x4C, 0xD2, 0x71, 0x19, 0xFF, 0xFC, 0x1E, 0x42, 0x49,
    0x74, 0x2E, 0x73, 0x2B, 0x59, 0xF1, 0x0A, 0x88, 0xBF, 0x61, 0x2A, 0x3F, 0x93, 0x6D, 0x43, 0x71,
    0x5B, 0x53, 0x9F, 0x51, 0x3E, 0x51, 0x7E, 0x4D, 0xF8, 0xBC, 0xFE, 0x51, 0x76, 0xD1, 0xFC, 0xAB,
    0xB2, 0xB3, 0x15, 0xEF, 0xFA, 0xF5, 0x6A, 0x3B, 0xDC, 0xFA, 0xF9, 0x1F, 0xCA, 0x65, 0xB7, 0x0B,
    0xFC, 0x62, 0x45, 0xE4, 0x0C, 0x26, 0x15, 0x99, 0x28, 0xBF, 0xA6, 0xBC, 0x26, 0x77, 0x2B, 0xBE,
    0x35, 0x85, 0x29, 0x37, 0xC4, 0xCF, 0xDC, 0xBA, 0xA5, 0x14, 0xB9, 0x2E, 0xF6, 0x40, 0x94, 0xBC,
    0x03, 0x73, 0xBB, 0x34, 0x11, 0xF1, 0xAA, 0xA0, 0x80, 0x6C, 0xA5, 0xFF, 0x80, 0xEB, 0x13, 0x53,
    0x87, 0x58, 0xB0, 0xDB, 0xEE, 0xB2, 0xBD, 0xAD, 0x8F, 0xBF, 0x26, 0x8E, 0xCD, 0x82, 0x5E, 0x82,
    0xDB, 0x65, 0x50, 0x4A, 0xFC, 0xCA, 0x2C, 0x48, 0x64, 0xD7, 0xE9, 0x28, 0xB9, 0xA4, 0xE7, 0xC8,
    0xC3, 0xFF, 0x92, 0xFB, 0x2D, 0xB9, 0x0B, 0x8E, 0x9E, 0x50, 0x55, 0x9C, 0x78, 0xB6, 0x90, 0xF0,
    0x7E, 0x7E, 0xEE, 0x2E, 0xF4, 0xDB, 0x50, 0x8D, 0x0B, 0x1C, 0x72, 0xBA, 0xB2, 0xB2, 0xBC, 0x3C,
    0x59, 0x1C, 0x34, 0x23, 0x82, 0xF5, 0x34, 0x62, 0x2A, 0x81, 0x00, 0x98, 0x3D, 0x4A, 0x04, 0xCB,
    0x19, 0xAE, 0xF4, 0x4B, 0xD7, 0xF8, 0x2A, 0x11, 0x48, 0x88, 0xC6, 0x5E, 0x29, 0x2E, 0x96, 0xB7,
    0x8D, 0xBD, 0x82, 0xC0, 0x1C, 0xEF, 0xAC, 0x48, 0x24, 0xF3, 0xE7, 0x90, 0x64, 0x07, 0xD3, 0x1D,
    0xEA, 0xC6, 0x2B, 0x93, 0x48, 0x2F, 0x7C, 0x89, 0x0F, 0x4D, 0x36, 0x65, 0x7B, 0x07, 0x92, 0xD4,
    0x1C, 0x19, 0x42, 0xBD, 0x38, 0x6A, 0x6C, 0x79, 0xA0, 0xB3, 0x8B, 0xA7, 0x25, 0xFF, 0xAD, 0x95,
    0xD0, 0xC2, 0x12, 0x6C, 0x22, 0x6B, 0xB6, 0x97, 0x7C, 0x31, 0x97, 0x9F, 0x4C, 0x4E, 0x0C, 0x6D,
    0x56, 0x86, 0xE5, 0x3C, 0x64, 0x01, 0xA0, 0x85, 0xD5, 0xF3, 0x09, 0xAC, 0xB1, 0xFA, 0xE1, 0xD6,
    0x66, 0xF6, 0xE8, 0x3B, 0xB6, 0xF7, 0xB3, 0xA8, 0x8C, 0x6A, 0xBF, 0x72, 0x2B, 0xB7, 0xF0, 0x93,
    0x65, 0x39, 0xC9, 0x39, 0x53, 0x9B, 0xE0, 0xC2, 0x17, 0xFA, 0x85, 0xEA, 0x29, 0x61, 0x7B, 0x5C,
    0xA7, 0x45, 0x96, 0xB0, 0xF5, 0x7A, 0xAD, 0x8B, 0x5C, 0xA1, 0x61, 0xE1, 0x72, 0xB0, 0xE2, 0x02,
    0x5B, 0x2F, 0xF0, 0x98, 0x83, 0xB6, 0x27, 0x1E, 0x6E, 0x7B, 0x55, 0xDB, 0xBE, 0x3D, 0x37, 0x84,
    0x99, 0x98, 0xFD, 0x0E, 0x6B, 0x8D, 0xA0, 0x73, 0x5A, 0x0F, 0xC9, 0xAF, 0xA6, 0xE2, 0xD5, 0xBB,
    0x50, 0x02, 0xA9, 0x3B, 0x44, 0xF3, 0x67, 0x7C, 0xCF, 0x76, 0x6C, 0xCF, 0x7E, 0xE4, 0xDE, 0x5D,
    0x6E, 0xF8, 0x6C, 0xB0, 0x32, 0xDA, 0x51, 0x5C, 0xC0, 0x64, 0xB0, 0x97, 0x1F, 0x15, 0x12, 0x9F,
    0x2B, 0xE4, 0x18, 0xAD, 0xEA, 0x99, 0xA9, 0x94, 0xE3, 0xE9, 0xDD, 0x04, 0x0E, 0x5E, 0x50, 0x5C,
    0x17, 0xE3, 0x07, 0x9F, 0xF4, 0xD8, 0x32, 0x7C, 0xB0, 0x7D, 0xB1, 0x84, 0xC5, 0xF3, 0x20, 0xA1,
    0x29, 0x70, 0xCF, 0x55, 0xFF, 0xB0, 0x04, 0x07, 0x72, 0x98, 0x12, 0xFD, 0xF1, 0xF8, 0xCC, 0xF8,
    0x08, 0xCB, 0xF6, 0x0A, 0xA9, 0x02, 0x71, 0xAA, 0x95, 0xF3, 0xBF, 0xA8, 0x00, 0x0C, 0x25, 0xE9,
    0xC1, 0xB8, 0x96, 0xE3, 0xEA, 0x98, 0x5C, 0xD7, 0xF3, 0x2A, 0x00, 0x4C, 0x84, 0x76, 0x41, 0x2B,
    0x5A, 0xAB, 0x06, 0x00, 0x70, 0xB8, 0x27, 0x11, 0x85, 0xAB, 0xE8, 0x2C, 0xA4, 0x1F, 0x80, 0x36,
    0xD0, 0xFE, 0x22, 0x65, 0x7A, 0xCB, 0x8A, 0x4F, 0x3D, 0xA8, 0x99, 0xC3, 0x92, 0x85, 0x6E, 0x86,
    0x3E, 0xE6, 0x76, 0x22, 0xDE, 0x16, 0xB6, 0x05, 0xCF, 0x96, 0x40, 0xEB, 0xA0, 0x3A, 0x4A, 0xDC,
    0x12, 0xBA, 0xCB, 0xA0, 0x45, 0xB4, 0x5D, 0x02, 0x2D, 0x9F, 0x4F, 0xFF, 0x94, 0x5B, 0x6B, 0x17,
    0x70, 0x1F, 0xFA, 0x93, 0x60, 0xA7, 0x4E, 0xBE, 0x07, 0xF0, 0x69, 0x7D, 0x6B, 0x71, 0x03, 0x6D,
    0x6E, 0x61, 0x6F, 0x4D, 0x72, 0x02, 0x36, 0x8F, 0x3D, 0x96, 0x17, 0x46, 0x5A, 0xFA, 0x4D, 0x22,
    0x11, 0xCC, 0xF3, 0x7B, 0x2E, 0xBC, 0x8F, 0xFD, 0x54, 0x3F, 0x0F, 0x2B, 0x76, 0x1D, 0xF2, 0x5F,
    0xC4, 0xBA, 0xE2, 0x5B, 0xD8, 0x7B, 0x0B, 0xC5, 0x9C, 0x1F, 0xED, 0x21, 0x02, 0x46, 0xF5, 0x6B,
    0x85, 0xA9, 0xFD, 0xC2, 0x07, 0x42, 0x05, 0x85, 0x49, 0x74, 0x76, 0x19, 0xC9, 0xDF, 0x23, 0xA8,
    0x4A, 0x5A, 0x46, 0x45, 0x8A, 0xCD, 0x19, 0x6C, 0x80, 0xB6, 0x60, 0x6A, 0xDE, 0xB1, 0x12, 0x80,
    0x07, 0x60, 0xA4, 0x44, 0xCF, 0xFB, 0x39, 0xF4, 0x05, 0xBD, 0x1D, 0x4F, 0xD8, 0xA7, 0x26, 0x4D,
    0x37, 0x2F, 0x57, 0x17, 0xB0, 0x0B, 0xAF, 0x43, 0x86, 0x17, 0x25, 0x48, 0x1E, 0xEC, 0xD9, 0xC5,
    0x61, 0x93, 0xA4, 0x19, 0x36, 0xCA, 0x90, 0xAA, 0xC1, 0x8E, 0x28, 0x72, 0x38, 0x36, 0x8D, 0xC7,
    0xA6, 0xED, 0x20, 0xAE, 0x83, 0x75, 0xFA, 0xFF, 0xCE, 0xB1, 0xFB, 0x61, 0x36, 0xDA, 0xEE, 0x48,
    0xB0, 0xC8, 0x22, 0x4C, 0x82, 0xE6, 0x22, 0xF6, 0x16, 0x63, 0xA1, 0x9D, 0xF7, 0x29, 0xDC, 0x36,
    0x4B, 0xF9, 0xAE, 0xDA, 0x19, 0xED, 0x79, 0x67, 0xB4, 0x67, 0xF6, 0x09, 0xCB, 0x34, 0x71, 0x2D,
    0x06, 0x5E, 0x48, 0xC6, 0xB1, 0x81, 0x46, 0xFB, 0xAD, 0x5A, 0xC3, 0x60, 0x6B, 0x41, 0xB1, 0xAB,
    0xE4, 0x97, 0xA0, 0x2A, 0x1F, 0xEC, 0xBF, 0x8A, 0x8B, 0xB8, 0xC2, 0x7E, 0x54, 0xAE, 0xFD, 0x63,
    0xA9, 0x06, 0x7B, 0xA0, 0xE7, 0x30, 0x39, 0x86, 0x9E, 0x8B, 0x80, 0x9F, 0xE8, 0xCF, 0xB0, 0x2F,
    0x9A, 0xDA, 0x6B, 0x18, 0x78, 0x92, 0x4E, 0x8F, 0x0D, 0xE2, 0xD3, 0xAF, 0x11, 0x65, 0x28, 0x6A,
    0x21, 0x8F, 0xFC, 0x85, 0xF0, 0x9F, 0x98, 0x1B, 0x50, 0x98, 0x2C, 0x94, 0x6B, 0xA2, 0x42, 0xBD,
    0x3A, 0x68, 0x05, 0xC6, 0xE7, 0x02, 0xC1, 0xA3, 0x4A, 0x1C, 0xEC, 0x57, 0x58, 0x0D, 0x7A, 0xC1,
    0xBF, 0xFA, 0x58, 0x22, 0x4C, 0x64, 0xF8, 0x05, 0x1E, 0x08, 0x7C, 0x1F, 0xFA, 0x89, 0x28, 0xFE,
    0x6C, 0x6E, 0x5E, 0x3A, 0x3C, 0x0B, 0xFE, 0xCF, 0xF8, 0x7C, 0xE1, 0xFC, 0xF9, 0xE4, 0xE4, 0x08,
    0x73, 0xDA, 0x9D, 0x0A, 0x46, 0x90, 0x13, 0xAF, 0x21, 0x4A, 0x64, 0x83, 0xB1, 0xE3, 0x01, 0x5F,
    0xC4, 0xE3, 0xF4, 0xE5, 0xB0, 0x75, 0x73, 0x88, 0xF4, 0xA0, 0xB0, 0xE8, 0x93, 0x8E, 0x66, 0x85,
    0xE7, 0x61, 0x76, 0xE6, 0x40, 0x11, 0xEA, 0x44, 0x58, 0x40, 0x2E, 0x1A, 0x18, 0x28, 0x30, 0xAD,
    0x8A, 0xE0, 0x3F, 0x27, 0x39, 0x84, 0xB3, 0xF9, 0x48, 0xE9, 0xFC, 0xE1, 0x73, 0x76, 0x4F, 0xC1,
    0xCA, 0xD2, 0xF3, 0x20, 0x11, 0x9D, 0x8E, 0x63, 0xCE, 0x14, 0xDA, 0x01, 0x6C, 0x70, 0xF7, 0x5F,
    0x03, 0x14, 0x11, 0x4E, 0x6D, 0x13, 0x70, 0xFF, 0x5F, 0x9A, 0x05, 0xF0, 0xFD, 0xD6, 0xA9, 0xFD,
    0x24, 0x74, 0x1A, 0x17, 0xB7, 0xC8, 0xD4, 0xB0, 0xEA, 0x64, 0x05, 0xB7, 0x0A, 0x08, 0xEB, 0x55,
    0xA6, 0x0C, 0x04, 0x37, 0xAF, 0xD0, 0x9B, 0x5F, 0x9C, 0x91, 0x65, 0x03, 0xE3, 0x9D, 0xE0, 0x56,
    0xC7, 0xD5, 0x0C, 0x4B, 0xB0, 0x35, 0x57, 0x84, 0x99, 0xCE, 0x24, 0x6A, 0x80, 0x32, 0xAC, 0x46,
    0x06, 0xF3, 0x7C, 0x0E, 0x26, 0xD2, 0x69, 0xC4, 0x90, 0x78, 0x7F, 0x6B, 0xA6, 0x62, 0xF6, 0xC9,
    0xA1, 0xA5, 0xAC, 0x28, 0x1F, 0x16, 0xA1, 0x30, 0x2E, 0x0A, 0x62, 0xCE, 0x47, 0xE4, 0xE6, 0x7D,
    0xEE, 0x8B, 0xB9, 0xCE, 0xB8, 0xEC, 0xBF, 0xCC, 0xDE, 0x81, 0x4B, 0x55, 0x9F, 0x56, 0xD3, 0x5E,
    0x92, 0x4E, 0xD7, 0xC5, 0xCE, 0xD3, 0x4D, 0xEA, 0x02, 0x80, 0x90, 0x11, 0xB9, 0x61, 0x28, 0xC8,
    0x7F, 0x02, 0x45, 0x79, 0xA8, 0x01, 0x80, 0xE6, 0xD5, 0x44, 0x39, 0x33, 0x93, 0xB5, 0x7F, 0xC8,
    0xA9, 0x4E, 0x60, 0xC1, 0xB9, 0xCD, 0x90, 0x14, 0x01, 0xB0, 0xB0, 0xB1, 0x78, 0x6D, 0x34, 0x9C,
    0xB5, 0x64, 0xB4, 0x79, 0xE9, 0x0F, 0xBE, 0xF1, 0x19, 0x3A, 0x1A, 0xA2, 0xAB, 0x21, 0x14, 0x9A,
    0xDA, 0xD1, 0x76, 0xF4, 0x09, 0x89, 0x95, 0x25, 0x0F, 0x33, 0x4E, 0xD7, 0xCB, 0xEA, 0xFE, 0x56,
    0x33, 0x8A, 0xA4, 0x71, 0x09, 0x2E, 0x96, 0x5F, 0xEE, 0xB0, 0x80, 0x1C, 0x32, 0xC5, 0x90, 0x6E,
    0x79, 0xBE, 0xE5, 0xF1, 0xA8, 0x82, 0x47, 0x49, 0xD1, 0x64, 0xC4, 0x51, 0xC5, 0xA7, 0x5A, 0x3C,
    0xD8, 0x56, 0x84, 0x51, 0xC1, 0x99, 0x43, 0xBD, 0x86, 0xAF, 0x3D, 0x23, 0x2C, 0x7D, 0xB7, 0x76,
    0xAC, 0x4A, 0x93, 0x31, 0x30, 0x97, 0x60, 0x3E, 0x76, 0x93, 0x6B, 0xAB, 0xB1, 0x72, 0xB2, 0xE6,
    0x49, 0x4C, 0xDF, 0xD6, 0xF3, 0x1E, 0xDA, 0x37, 0x2E, 0xB0, 0x08, 0x7B, 0x68, 0x11, 0x60, 0x2D,
    0xE6, 0x69, 0xF1, 0x78, 0x03, 0xEF, 0x27, 0x23, 0x1D, 0x33, 0x73, 0x24, 0x22, 0xED, 0x6F, 0x66,
    0x54, 0xD4, 0x43, 0xCF, 0x1E, 0x50, 0x40, 0x42, 0xFF, 0x70, 0x75, 0x7F, 0x93, 0xE8, 0x6D, 0x8F,
    0x34, 0x26, 0x89, 0x63, 0x72, 0xEC, 0xC7, 0x8F, 0x4B, 0x7D, 0xCB, 0x6A, 0x97, 0xC8, 0x18, 0xA9,
    0xD4, 0xCF, 0x60, 0x1C, 0xE9, 0x4D, 0x9B, 0xC1, 0x97, 0xA2, 0x92, 0xDB, 0x0F, 0xB4, 0x65, 0x06,
    0x51, 0x8C, 0x3A, 0x55, 0xE5, 0x0E, 0x86, 0x77, 0x98, 0x39, 0xB6, 0x55, 0x16, 0x13, 0xA5, 0xD0,
    0x8E, 0x10, 0x29, 0x8C, 0xDD, 0x60, 0x3E, 0xF3, 0x1D, 0xE8, 0x1F, 0xFF, 0xE4, 0x37, 0xB7, 0x0A,
    0x39, 0xA5, 0xA6, 0xBC, 0xC0, 0x69, 0xB3, 0xDC, 0x16, 0x6B, 0x7D, 0x12, 0xF5, 0x99, 0x47, 0x9D,
    0x8A, 0x2A, 0xF5, 0xAB, 0xF8, 0xFE, 0xE6, 0x65, 0xB5, 0x2B, 0x3B, 0x3B, 0x5A, 0x7B, 0xE5, 0x9E,
    0xF2, 0xD5, 0x4E, 0x4E, 0xF5, 0xC9, 0x30, 0x2F, 0x38, 0xA6, 0xE6, 0xF3, 0x67, 0xB9, 0xD0, 0x1E,
    0x83, 0xA0, 0x6F, 0x60, 0x1B, 0x42, 0xC7, 0x83, 0x94, 0xF1, 0x6B, 0x5D, 0x53, 0xA2, 0x0C, 0xFC,
    0x22, 0xAA, 0x09, 0x80, 0x18, 0xD6, 0x36, 0x10, 0x2A, 0xDF, 0xF3, 0x46, 0x9F, 0x58, 0xE6, 0x9C,
    0x5C, 0x83, 0xA1, 0x03, 0x21, 0xA1, 0xD7, 0x4C, 0xDE, 0xD4, 0x1B, 0x60, 0x9F, 0xC1, 0x9B, 0xCD,
    0x9D, 0x9E, 0xDB, 0x9C, 0x23, 0x03, 0x68, 0x01, 0x9D, 0xC8, 0xF6, 0x29, 0xA5, 0x47, 0x4D, 0x1A,
    0xF5, 0x36, 0x35, 0xED, 0x94, 0xEA, 0x8D, 0x2A, 0x08, 0x1E, 0xDC, 0xC7, 0x1C, 0xAE, 0x1A, 0x26,
    0xE6, 0x51, 0x03, 0x30, 0xCF, 0x46, 0xCE, 0xDC, 0x20, 0x47, 0xA3, 0x8C, 0x60, 0x94, 0xA3, 0x49,
    0xD2, 0x7C, 0xCA, 0xB5, 0x8E, 0x65, 0x4C, 0xE6, 0x41, 0xAE, 0x00, 0x12, 0x20, 0x4F, 0x38, 0xD3,
    0x68, 0x7A, 0xB2, 0x8C, 0x1B, 0xE0, 0xE9, 0xA7, 0xB8, 0xDD, 0x28, 0xE4, 0xAF, 0x8D, 0xC2, 0xD4,
    0x67, 0x0D, 0x71, 0xCA, 0xF9, 0xA7, 0xDE, 0xDC, 0x77, 0x71, 0x7B, 0xAF, 0x31, 0xBC, 0x15, 0xAD,
    0xF7, 0x06, 0x6F, 0x5D, 0xC0, 0x8C, 0xB9, 0x98, 0x0E, 0xB7, 0xF8, 0x05, 0xBD, 0x45, 0x1B, 0x7A,
    0x0B, 0x1B, 0xBD, 0x05, 0x33, 0xDC, 0x3C, 0x98, 0x19, 0x30, 0x62, 0x75, 0xCF, 0x54, 0x1E, 0x76,
    0x18, 0x65, 0x59, 0x64, 0x4B, 0xB8, 0x7A, 0x6C, 0x93, 0xB5, 0x19, 0x36, 0x5D, 0xBC, 0x96, 0xC1,
    0xDF, 0x68, 0x9D, 0x64, 0x00, 0x99, 0xE0, 0xB7, 0x0B, 0xF2, 0x1B, 0x15, 0xF9, 0xDF, 0x66, 0xE4,
    0xEF, 0xB5, 0xE4, 0x45, 0xAF, 0x3C, 0x55, 0x1E, 0x15, 0xE4, 0x41, 0x45, 0xEE, 0xD5, 0xE4, 0xA6,
    0x25, 0x97, 0x5E, 0x79, 0xAA, 0x3C, 0xAE, 0x89, 0x96, 0xD0, 0xFD, 0xEA, 0x1E, 0xB0, 0x40, 0xAC,
    0xC2, 0xE0, 0x18, 0x6B, 0x89, 0x37, 0x76, 0xB3, 0xA3, 0x79, 0xC7, 0x09, 0x20, 0x4C, 0xBD, 0x02,
    0xE9, 0x0C, 0xF7, 0x12, 0x9E, 0x62, 0x9A, 0x98, 0x91, 0x0B, 0x76, 0xE4, 0x3C, 0x96, 0xE9, 0x5B,
    0xB4, 0x73, 0x1B, 0xF6, 0x98, 0x85, 0xEC, 0x8B, 0x44, 0x00, 0x60, 0x33, 0x63, 0x9C, 0xB2, 0x6F,
    0x61, 0x45, 0x11, 0xD3, 0x10, 0xC6, 0x7F, 0x42, 0xF3, 0xDA, 0x7E, 0x5E, 0x01, 0xBC, 0x66, 0xC4,
    0x5B, 0x82, 0x31, 0x51, 0x79, 0x24, 0x7E, 0x6F, 0x87, 0xE7, 0xF8, 0xEC, 0xE7, 0x85, 0xB1, 0xF7,
    0x8F, 0x08, 0x0C, 0xDF, 0xEE, 0x32, 0xEA, 0x27, 0x2C, 0xA3, 0x1A, 0xA3, 0xF3, 0x00, 0x2B, 0x8A,
    0x37, 0x8A, 0x3C, 0x81, 0x06, 0x34, 0x0D, 0x74, 0x6B, 0x63, 0xFC, 0xC1, 0x2A, 0x9F, 0x14, 0x7F,
    0x1E, 0x09, 0x42, 0xD8, 0xA1, 0x7D, 0x64, 0x19, 0x86, 0xDD, 0x4C, 0x9D, 0x92, 0x0D, 0xAE, 0xA2,
    0x2E, 0xA5, 0x08, 0xCE, 0x51, 0x10, 0x70, 0x07, 0xE8, 0x46, 0x96, 0x51, 0xD2, 0xC1, 0x67, 0xF3,
    0x2C, 0x30, 0xB8, 0x69, 0x91, 0x53, 0x68, 0x96, 0x96, 0x4D, 0x51, 0xF6, 0x4C, 0xE7, 0x31, 0x86,
    0xF9, 0xEF, 0x8C, 0x21, 0x2A, 0x41, 0xBB, 0xD9, 0x90, 0xE1, 0x3A, 0x0C, 0x5C, 0x9A, 0xC1, 0x97,
    0xC8, 0xDC, 0xCB, 0xED, 0x81, 0x0A, 0xF4, 0xCB, 0xE2, 0xBF, 0xE7, 0x07, 0xD9, 0x3B, 0xAA, 0x03,
    0x5B, 0x90, 0x95, 0x1B, 0x6E, 0x63, 0xCA, 0x0B, 0x6E, 0xE3, 0x96, 0x57, 0xDD, 0xC6, 0x29, 0x4F,
    0xC2, 0x8A, 0xA9, 0x26, 0x56, 0x0E, 0x5F, 0x8F, 0x19, 0xB2, 0x53, 0xC4, 0x58, 0xC6, 0x68, 0x20,
    0x5D, 0xAC, 0x48, 0x87, 0x27, 0xD0, 0xB5, 0xA3, 0x28, 0x26, 0xDF, 0x0A, 0x9F, 0x8D, 0xDC, 0xA9,
    0x98, 0x7A, 0xB1, 0x24, 0xEA, 0x35, 0xA9, 0x4E, 0xF7, 0x73, 0x0D, 0xDC, 0x94, 0x43, 0x2B, 0x15,
    0x66, 0xF5, 0x7D, 0xBE, 0x2F, 0xD1, 0x7D, 0xC2, 0x53, 0xE5, 0xA9, 0x17, 0xD1, 0x65, 0x20, 0xAA,
    0x9F, 0x38, 0x7A, 0x8A, 0xD0, 0xB2, 0xF0, 0xDC, 0x65, 0x39, 0x99, 0xB2, 0x9A, 0x8C, 0x59, 0x4F,
    0x46, 0xD9, 0x8C, 0x11, 0x1C, 0xB3, 0x05, 0xEF, 0x32, 0x61, 0xFF, 0x98, 0x67, 0x07, 0x77, 0xC8,
    0xEE, 0xF1, 0xFC, 0xC0, 0x6A, 0xDE, 0x43, 0xD6, 0xCB, 0x90, 0xE2, 0xE7, 0x16, 0xE5, 0x8E, 0xB1,
    0xB3, 0x35, 0x0A, 0xE2, 0xE4, 0x15, 0x43, 0x4F, 0x85, 0x74, 0x97, 0x58, 0x55, 0x33, 0x89, 0x9B,
    0x11, 0x69, 0x97, 0xA8, 0xA7, 0x95, 0x19, 0x73, 0xBB, 0x96, 0xB0, 0xC4, 0x53, 0x11, 0x59, 0x6F,
    0x91, 0x08, 0x63, 0xA0, 0x2B, 0x84, 0x00, 0xC8, 0x80, 0xDC, 0xBD, 0xA6, 0x18, 0x55, 0xEC, 0x30,
    0x07, 0xFE, 0x59, 0x19, 0x23, 0x37, 0x92, 0xE8, 0xCD, 0x22, 0x7A, 0x99, 0x9B, 0x7B, 0xBD, 0x08,
    0xDF, 0xD4, 0x7B, 0x16, 0xBC, 0x0F, 0x59, 0xFC, 0x5B, 0x49, 0x70, 0x43, 0xE3, 0xA7, 0x78, 0x1F,
    0xA9, 0xAD, 0x2A, 0xD4, 0x90, 0x69, 0xB6, 0xEC, 0x0E, 0xC7, 0x16, 0x7A, 0x02, 0xD0, 0x72, 0xF7,
    0x33, 0x3B, 0x8B, 0x00, 0xF4, 0x95, 0xE6, 0x25, 0x30, 0xD6, 0x65, 0x1A, 0xFE, 0x35, 0xDA, 0x14,
    0x66, 0x0D, 0xAF, 0x73, 0xE8, 0x2F, 0x32, 0x1D, 0x47, 0xC6, 0x9E, 0xBD, 0x5A, 0xA3, 0x8E, 0xCD,
    0x83, 0x94, 0x73, 0x90, 0xE6, 0x34, 0xFD, 0x74, 0xC2, 0xFD, 0x9E, 0x61, 0x08, 0x17, 0x89, 0x12,
    0x0F, 0x26, 0xE2, 0x2C, 0xDA, 0x43, 0x3D, 0x07, 0x0C, 0x44, 0x3C, 0x46, 0x9C, 0xEB, 0x30, 0xD1,
    0x5A, 0x83, 0x56, 0x5E, 0x89, 0x91, 0x80, 0x53, 0x3D, 0xF5, 0x9D, 0x52, 0xDF, 0x71, 0x36, 0x61,
    0xDE, 0x79, 0x95, 0x75, 0x26, 0x5D, 0xFF, 0x73, 0x0C, 0xEA, 0x7C, 0x51, 0xCC, 0xD5, 0x9A, 0x3E,
    0x95, 0xE5, 0x9A, 0x96, 0x5E, 0x22, 0x36, 0xB4, 0xB4, 0x67, 0x1E, 0x87, 0x35, 0x1B, 0xC0, 0xBF,
    0x75, 0xD8, 0xFE, 0x05, 0x64, 0x42, 0x27, 0xB5, 0x5D, 0x3F, 0x2C, 0x80, 0xD6, 0x12, 0xD4, 0x43,
    0x42, 0x46, 0xC7, 0x61, 0xEF, 0x6E, 0x28, 0x06, 0xB8, 0x0A, 0x6C, 0xD3, 0x22, 0xBC, 0x66, 0x02,
    0x9F, 0x9F, 0xD8, 0xCD, 0xCD, 0x76, 0x88, 0x27, 0x71, 0xCF, 0x9A, 0xF9, 0x19, 0x3E, 0xFF, 0x89,
    0xA9, 0xED, 0x5A, 0x8F, 0x2D, 0xD6, 0xE7, 0x27, 0x13, 0x8B, 0x7A, 0xA8, 0x31, 0x9C, 0x58, 0xF8,
    0x08, 0x7A, 0x99, 0x1E, 0x63, 0x68, 0xB2, 0x2B, 0xD5, 0x78, 0xBC, 0xC1, 0xB3, 0x8B, 0xB3, 0xF3,
    0x0E, 0x2F, 0xE8, 0xC9, 0x46, 0xA0, 0xA7, 0x27, 0xCF, 0x51, 0x19, 0x8D, 0x87, 0x50, 0x73, 0xD4,
    0x8F, 0xDB, 0x6C, 0x35, 0xAC, 0x1D, 0x89, 0x5B, 0x63, 0x16, 0xBA, 0x82, 0x99, 0xAE, 0x72, 0x1E,
    0xC4, 0x4F, 0x14, 0xF3, 0x3C, 0x2F, 0xF4, 0xB2, 0xD3, 0x98, 0x21, 0x80, 0x71, 0xFA, 0xD9, 0xB2,
    0x3E, 0x71, 0x2B, 0x54, 0x49, 0x09, 0xAA, 0xA6, 0x77, 0x78, 0xB6, 0x28, 0x8A, 0xE8, 0x39, 0x80,
    0x07, 0x96, 0x5C, 0xC9, 0x49, 0x9E, 0xFD, 0x05, 0xFB, 0x9D, 0x96, 0x8C, 0x61, 0x12, 0x89, 0x77,
    0x50, 0xBE, 0xA3, 0xCC, 0x47, 0xF1, 0x12, 0xEE, 0x45, 0x3C, 0xB6, 0x48, 0x76, 0x41, 0x3B, 0x4A,
    0x71, 0x92, 0xA2, 0x36, 0x88, 0x6F, 0xDD, 0x28, 0x83, 0x1E, 0x9A, 0x7F, 0x75, 0x7E, 0x2C, 0xA3,
    0x65, 0x41, 0x3D, 0x56, 0x1A, 0x5F, 0x66, 0x84, 0xCA, 0x3B, 0xCC, 0xAD, 0x7A, 0xE6, 0xEB, 0x2D,
    0xD0, 0x0E, 0x5B, 0x17, 0x1F, 0x24, 0xED, 0x51, 0xF2, 0x65, 0x16, 0x8F, 0x4D, 0x1A, 0x6C, 0x38,
    0xCC, 0x1D, 0x42, 0xDE, 0xBA, 0x8D, 0x7C, 0xFD, 0x03, 0xC5, 0x73, 0x02, 0x40, 0xBE, 0x27, 0xDE,
    0x7E, 0xAF, 0x45, 0x34, 0x6A, 0x1E, 0x34, 0x3D, 0xA3, 0x15, 0x0C, 0x81, 0x74, 0x77, 0xA4, 0xE9,
    0x48, 0x43, 0xF2, 0xEE, 0x48, 0x58, 0x7A, 0x09, 0x8F, 0x23, 0x1C, 0x3B, 0x94, 0xF9, 0x47, 0x91,
    0x3E, 0x7F, 0x13, 0xA0, 0x62, 0xEF, 0x31, 0x6B, 0x8D, 0x99, 0x40, 0x05, 0x14, 0x0D, 0x8D, 0x53,
    0x9A, 0xD8, 0xF4, 0xA0, 0xF8, 0x50, 0x36, 0x3D, 0x60, 0x5A, 0x77, 0xC4, 0x34, 0x4E, 0xD4, 0xCA,
    0xE8, 0xDB, 0xDF, 0xBB, 0x0F, 0x6C, 0xF9, 0x60, 0x7E, 0x98, 0x88, 0x38, 0x63, 0x6C, 0x37, 0xC8,
    0x9E, 0xCC, 0x8F, 0x02, 0x82, 0x62, 0x7A, 0x7E, 0x95, 0xF8, 0x5D, 0xE4, 0xA8, 0x72, 0xA7, 0x8F,
    0x14, 0x1E, 0x41, 0xE1, 0x21, 0x01, 0xCA, 0x1F, 0xC8, 0xEE, 0xBC, 0xC3, 0xE8, 0x96, 0xC8, 0x36,
    0x62, 0x66, 0x13, 0x64, 0x3C, 0x41, 0x72, 0x47, 0x8A, 0xA1, 0x6A, 0x92, 0x7B, 0xE8, 0xD9, 0x57,
    0x52, 0x33, 0x00, 0x7C, 0xAA, 0x71, 0x5F, 0x7E, 0x25, 0xE9, 0xA7, 0x9D, 0xDB, 0xDB, 0x1D, 0xAF,
    0x8C, 0x8E, 0x05, 0x45, 0x98, 0x31, 0x36, 0x8F, 0x9F, 0xCC, 0x2F, 0xC2, 0x84, 0x51, 0x8F, 0xB2,
    0x38, 0x9F, 0x24, 0xB4, 0x7B, 0x62, 0x00, 0xC3, 0x21, 0xED, 0xA6, 0xF2, 0xAC, 0xAD, 0x23, 0x8C,
    0x0A, 0x00, 0x82, 0xF3, 0x92, 0x1C, 0x1E, 0xB9, 0x54, 0xE1, 0xCD, 0x1C, 0x89, 0x62, 0x73, 0x34,
    0x9B, 0x81, 0xAE, 0xCC, 0x3D, 0xCB, 0xF4, 0x8A, 0x81, 0xA0, 0x19, 0x02, 0xF2, 0xCE, 0x01, 0xDB,
    0x3D, 0x0A, 0x0B, 0x3B, 0xC9, 0x91, 0x97, 0x67, 0xF9, 0x38, 0x2E, 0x53, 0x77, 0xAC, 0x75, 0x7E,
    0xA4, 0xC0, 0x0D, 0xD5, 0x27, 0xEE, 0x53, 0x2F, 0x34, 0x38, 0xD5, 0x25, 0xA9, 0x56, 0xC3, 0x2D,
    0x0C, 0xB8, 0x95, 0x5F, 0x6A, 0xFA, 0xD2, 0x84, 0xFC, 0xFE, 0x15, 0x1F, 0x07, 0x55, 0x5D, 0x54,
    0xA6, 0xC9, 0x91, 0xD6, 0x1C, 0xDA, 0x39, 0xD3, 0xCA, 0xC0, 0x67, 0x4A, 0x11, 0x1E, 0xE4, 0xE6,
    0x44, 0xD3, 0x3B, 0x0D, 0xD5, 0x4C, 0xEC, 0x6B, 0x73, 0xCD, 0x3A, 0xB2, 0x47, 0xB3, 0x0E, 0xAC,
    0xD9, 0x26, 0x58, 0x73, 0xAC, 0x90, 0xCB, 0x3A, 0xF2, 0xD9, 0xAA, 0x91, 0x83, 0x8B, 0x03, 0xD9,
    0x22, 0xAA, 0xF2, 0x0C, 0xF1, 0x2D, 0xBA, 0x63, 0x6B, 0x58, 0xAC, 0xB1, 0x2E, 0xCC, 0x93, 0xE0,
    0x6B, 0x61, 0x99, 0xB0, 0x19, 0x42, 0x03, 0x54, 0x04, 0x55, 0x67, 0xCF, 0x7C, 0x33, 0xC3, 0xED,
    0x14, 0x37, 0x29, 0xAC, 0xA0, 0xDF, 0xBC, 0x0E, 0xDB, 0xB8, 0xCA, 0x4B, 0xCE, 0x86, 0xF4, 0xC9,
    0x3A, 0x1A, 0xE1, 0x76, 0x39, 0xCF, 0x94, 0x1B, 0x11, 0x1F, 0x85, 0x29, 0x6C, 0x60, 0xCC, 0xF8,
    0x12, 0x46, 0xC4, 0x0E, 0xE7, 0x5A, 0xD8, 0xC1, 0x7F, 0xC2, 0x02, 0xB8, 0x57, 0x0E, 0x47, 0x7F,
    0x3C, 0x12, 0xD6, 0xA3, 0xB4, 0x19, 0x46, 0x9F, 0x4D, 0xC7, 0xFF, 0xC7, 0x63, 0xC1, 0x2A, 0x80,
    0xB5, 0x7B, 0x77, 0xD3, 0x64, 0xEE, 0x6B, 0x79, 0x09, 0x00, 0x4B, 0x3F, 0xFE, 0x86, 0x00, 0x66,
    0xBE, 0x00, 0x80, 0x99, 0xCF, 0x01, 0x60, 0xA6, 0x5E, 0x78, 0xBC, 0x05, 0x84, 0x9D, 0x1E, 0x1B,
    0xF1, 0x98, 0x22, 0x7F, 0x03, 0x79, 0x87, 0xFD, 0x9F, 0x4D, 0xBE, 0x21, 0xEE, 0xD4, 0xC0, 0x9D,
    0x0F, 0x31, 0xF6, 0x82, 0x79, 0x92, 0xD9, 0xAD, 0xDE, 0x67, 0x12, 0x00, 0x83, 0x29, 0x81, 0xEC,
    0x77, 0x50, 0xDD, 0x7F, 0x11, 0x20, 0xA8, 0xFB, 0x05, 0x23, 0x2C, 0x51, 0xE1, 0x69, 0xA8, 0x41,
    0x6F, 0x82, 0x6F, 0x00, 0x6D, 0x90, 0xAF, 0xD9, 0x2C, 0xBC, 0x5C, 0x2F, 0x3B, 0xB3, 0x6D, 0xA9,
    0xB7, 0xE5, 0x12, 0xAB, 0xD8, 0x8A, 0xBF, 0x3E, 0xF1, 0x60, 0x12, 0x29, 0xAD, 0xDB, 0xFE, 0x58,
    0xB6, 0xAF, 0xCA, 0x76, 0x2B, 0xCD, 0xF4, 0x95, 0x3A, 0xC2, 0x22, 0x51, 0x5C, 0x24, 0x8C, 0x96,
    0x08, 0x45, 0x06, 0x4D, 0x6C, 0x99, 0xDB, 0xD2, 0xAB, 0xE4, 0xE9, 0x17, 0x6D, 0xB3, 0x7B, 0x55,
    0x30, 0xE6, 0x71, 0x49, 0x2B, 0xBF, 0x43, 0xB5, 0xE4, 0xF7, 0x47, 0x06, 0x84, 0x87, 0x58, 0x0F,
    0x99, 0x5C, 0xA4, 0x12, 0x76, 0x2B, 0xBD, 0x24, 0x71, 0x07, 0x35, 0x3B, 0x3C, 0xF4, 0xEB, 0x3C,
    0x00, 0x06, 0x19, 0xF2, 0x07, 0xA6, 0xDA, 0x08, 0xFA, 0x50, 0xAA, 0xBA, 0x04, 0x16, 0xD9, 0x30,
    0xC2, 0xB7, 0x44, 0xBC, 0x96, 0xBF, 0xF3, 0xED, 0x32, 0x24, 0xC7, 0xFC, 0x55, 0x24, 0xE6, 0x61,
    0x76, 0xC8, 0x33, 0xE1, 0x80, 0x08, 0xE7, 0x33, 0xD5, 0x67, 0x16, 0x92, 0xB7, 0xF2, 0x36, 0xD2,
    0xAB, 0xBC, 0x71, 0x66, 0x06, 0x63, 0x32, 0x3F, 0x9D, 0xB0, 0x46, 0x69, 0x71, 0xF3, 0x2B, 0x6F,
    0x47, 0x2E, 0xD0, 0x83, 0x57, 0x90, 0x5D, 0x98, 0xFA, 0x44, 0x8C, 0x79, 0xDC, 0xD9, 0x52, 0xF8,
    0x12, 0xB4, 0xD2, 0x4C, 0x82, 0xDF, 0x73, 0x9A, 0xB3, 0x01, 0x53, 0xB7, 0xED, 0x2B, 0xDE, 0x87,
    0x98, 0xEF, 0x62, 0x6D, 0x6E, 0xF1, 0xAC, 0xAE, 0xD2, 0x2C, 0x2E, 0x2E, 0x78, 0xA0, 0xCA, 0x74,
    0x80, 0x86, 0x13, 0x64, 0xA2, 0x79, 0x60, 0xD8, 0x63, 0x3F, 0xC0, 0x4C, 0xC3, 0xC3, 0x57, 0x95,
    0x75, 0x57, 0x25, 0xFC, 0xDD, 0x5C, 0x38, 0xAF, 0x9E, 0xE7, 0xF4, 0x01, 0x3B, 0x2E, 0x32, 0xC8,
    0x5C, 0x60, 0x16, 0x55, 0xA3, 0x0A, 0x33, 0xAC, 0x9F, 0xD6, 0xF6, 0x50, 0xDF, 0x6A, 0xAE, 0x97,
    0xB7, 0x1E, 0xF0, 0x84, 0x0C, 0xFA, 0x68, 0xA9, 0x0F, 0x3D, 0xFF, 0xA0, 0x3E, 0x1C, 0x4A, 0x79,
    0xA0, 0x8F, 0x1D, 0x2F, 0x1B, 0x55, 0x11, 0x91, 0x85, 0x7F, 0x11, 0x2D, 0xD7, 0x85, 0x65, 0xF2,
    0x60, 0x29, 0xFA, 0xFB, 0x16, 0x72, 0x12, 0x19, 0x7E, 0xEC, 0xD0, 0xC4, 0x5E, 0xF3, 0x19, 0x8D,
    0x74, 0xA7, 0xD8, 0x2C, 0xAE, 0x86, 0x93, 0x5F, 0xA5, 0x0D, 0x6C, 0xD1, 0xEB, 0x70, 0xB8, 0x17,
    0x69, 0xA7, 0x3C, 0x44, 0xD5, 0x44, 0x6F, 0x08, 0xEE, 0x4C, 0x79, 0x87, 0xC7, 0x06, 0x8F, 0xBD,
    0x04, 0x1E, 0x02, 0xD4, 0xB3, 0x3C, 0x1B, 0x1B, 0x7E, 0x19, 0x60, 0xE6, 0x2A, 0xED, 0xE3, 0x2F,
    0x16, 0xF7, 0x35, 0x8F, 0x89, 0xD7, 0x2A, 0x2D, 0x36, 0x9E, 0xD0, 0x8C, 0x5A, 0x8D, 0xDF, 0xA6,
    0xD7, 0xD5, 0x4F, 0xFB, 0xA3, 0xB7, 0xEA, 0xB9, 0x26, 0xBC, 0xC5, 0x79, 0xDC, 0xC5, 0xA1, 0x20,
    0x0C, 0x1C, 0x12, 0xCB, 0xEB, 0x46, 0x01, 0x1E, 0xB9, 0xD0, 0x97, 0x6A, 0x47, 0x71, 0x95, 0x70,
    0xC2, 0x2A, 0xEA, 0x9C, 0x6A, 0x82, 0x7A, 0xE0, 0xAC, 0x67, 0x8B, 0xF5, 0x21, 0x75, 0x96, 0xFF,
    0x03, 0xCD, 0x59, 0xBD, 0x6F, 0xDC, 0xC8, 0x15, 0x7F, 0xE4, 0x48, 0xE2, 0x41, 0x84, 0x35, 0x2E,
    0xCE, 0x48, 0x72, 0xC2, 0x99, 0x8D, 0x0B, 0x27, 0x38, 0x9B, 0xAD, 0x8A, 0xB5, 0x86, 0xC8, 0x15,
    0x29, 0xA3, 0xC2, 0x46, 0x4A, 0xB9, 0x48, 0xAF, 0xC6, 0x85, 0x90, 0xC8, 0x5A, 0x5E, 0xFC, 0x07,
    0x9C, 0x9A, 0xA4, 0x0C, 0x5C, 0xA4, 0xC8, 0xC9, 0x85, 0x5D, 0xA8, 0x70, 0x61, 0x2D, 0x19, 0x5F,
    0xE1, 0x22, 0x85, 0x09, 0xE4, 0x90, 0xEB, 0x12, 0x22, 0xE7, 0x20, 0x80, 0x5D, 0x98, 0x38, 0xD3,
    0x38, 0x9E, 0xCC, 0xE5, 0xE4, 0xF7, 0xDE, 0xEC, 0xAE, 0xD6, 0x3E, 0xFB, 0x02, 0xE1, 0x56, 0x8A,
    0x76, 0xF9, 0x1E, 0xC9, 0x21, 0xE7, 0xCD, 0x9B, 0x37, 0xEF, 0x73, 0x38, 0x47, 0xAB, 0x64, 0xE8,
    0x3C, 0xF1, 0xEF, 0x8C, 0xFC, 0x97, 0x46, 0x7F, 0x3D, 0xF5, 0x3F, 0xC3, 0x8F, 0x43, 0x80, 0x06,
    0x6C, 0xDC, 0x26, 0x65, 0x3B, 0xD2, 0x8F, 0x4D, 0x62, 0x74, 0x9C, 0x1A, 0xAD, 0x69, 0x80, 0xF6,
    0x7D, 0x40, 0x3B, 0x05, 0x7C, 0xBF, 0x0D, 0x30, 0x80, 0xF8, 0x53, 0x95, 0x68, 0xBB, 0x41, 0xBE,
    0x1D, 0x12, 0x45, 0x3B, 0x8E, 0x8E, 0x26, 0xF7, 0xEB, 0x77, 0xE4, 0x7F, 0x9B, 0xA5, 0x41, 0xA1,
    0x73, 0x9D, 0x87, 0xB9, 0x4E, 0x83, 0x54, 0xA7, 0x78, 0x9C, 0x3B, 0x08, 0x0A, 0xA2, 0x1F, 0xBD,
    0x5C, 0xA3, 0xCC, 0xB6, 0xE4, 0xD5, 0x78, 0xBF, 0x01, 0xB4, 0x80, 0x07, 0xA3, 0xEB, 0x8A, 0x48,
    0x15, 0x34, 0x17, 0xDA, 0x72, 0xD3, 0x58, 0x5B, 0xAF, 0x2C, 0x58, 0xF4, 0x98, 0x27, 0x3B, 0xD4,
    0x96, 0xFA, 0x4D, 0x00, 0x4E, 0x4B, 0xAA, 0x29, 0x2C, 0xF1, 0xA2, 0xAA, 0xFC, 0x82, 0xFC, 0x46,
    0x81, 0x6C, 0x1B, 0x24, 0x8E, 0x47, 0x32, 0x1F, 0x02, 0xC5, 0x3D, 0xE6, 0xE8, 0x3E, 0x86, 0xB3,
    0xB6, 0x22, 0xFF, 0xCE, 0x01, 0x98, 0x54, 0xA0, 0x8C, 0xAB, 0xDB, 0xDC, 0x56, 0xBA, 0x5B, 0x87,
    0x02, 0x46, 0xEB, 0xDF, 0x12, 0x79, 0xD6, 0xE6, 0x32, 0x07, 0x1F, 0x2F, 0xE8, 0xBF, 0x37, 0x10,
    0x66, 0x4B, 0x3D, 0xDA, 0x02, 0xAC, 0xE0, 0x1A, 0xB4, 0x31, 0x91, 0x08, 0x4C, 0x1A, 0x9B, 0xD2,
    0x1E, 0x08, 0x57, 0xD1, 0x90, 0x1A, 0xCF, 0xD2, 0x80, 0xE2, 0xC4, 0x14, 0x3A, 0x89, 0x86, 0x3A,
    0x09, 0xEC, 0x63, 0xA2, 0x0C, 0x82, 0x09, 0x79, 0x56, 0x38, 0xA3, 0xE7, 0x47, 0x58, 0x92, 0x1E,
    0x60, 0x15, 0x38, 0xFE, 0xA4, 0xA1, 0x90, 0x19, 0xB8, 0x46, 0xB4, 0x19, 0x52, 0x1B, 0xA5, 0x38,
    0x2E, 0x2C, 0x8E, 0xA4, 0x87, 0xA1, 0x3B, 0x1E, 0xE8, 0x69, 0x56, 0x92, 0xD7, 0xF2, 0x01, 0x61,
    0x50, 0x4C, 0x3A, 0xE9, 0xB7, 0x3A, 0x3D, 0xEF, 0xBF, 0xEC, 0xAB, 0xBC, 0x17, 0xE6, 0x91, 0x5F,
    0xF6, 0x74, 0xFA, 0x1E, 0x55, 0x9B, 0x11, 0x8B, 0xEC, 0x46, 0xCC, 0x78, 0x2F, 0x3E, 0xBC, 0x76,
    0xED, 0x3D, 0x96, 0x7C, 0x85, 0xF7, 0x95, 0x57, 0x5E, 0x56, 0x75, 0xA4, 0x72, 0x9D, 0x64, 0x6D,
    0x98, 0xAA, 0xC2, 0x03, 0x4D, 0xAF, 0x11, 0xC9, 0x9B, 0x7F, 0x6F, 0x94, 0x2C, 0x28, 0x1E, 0x97,
    0xE6, 0x21, 0x46, 0x4C, 0x6A, 0x35, 0xA6, 0x9E, 0x4E, 0x48, 0xA7, 0x91, 0x4D, 0xF7, 0x75, 0xDA,
    0x68, 0x66, 0x72, 0x90, 0xE5, 0xF1, 0xA3, 0xD2, 0x4F, 0x8B, 0xF0, 0x56, 0x7E, 0x3E, 0xA4, 0xDE,
    0x12, 0xF5, 0x2E, 0xC9, 0x11, 0x51, 0xAC, 0x53, 0xFD, 0x65, 0xE5, 0x25, 0xC9, 0xFF, 0x98, 0xC5,
    0xBA, 0x2D, 0x31, 0x8B, 0xE0, 0x60, 0x88, 0x59, 0xF8, 0x55, 0x8C, 0x59, 0xF8, 0x55, 0x04, 0x6E,
    0x05, 0xDF, 0xF0, 0xAB, 0x55, 0xCC, 0xC2, 0xB7, 0x0D, 0x5F, 0xBF, 0xAA, 0xA4, 0xBD, 0x06, 0xFF,
    0x7E, 0xF5, 0x40, 0xF0, 0xAA, 0x9B, 0xC5, 0xAD, 0x5C, 0xAF, 0x77, 0xFA, 0x59, 0xEA, 0x68, 0xBE,
    0x6B, 0x16, 0x50, 0x9E, 0x86, 0x81, 0x55, 0x7D, 0x48, 0x26, 0x4B, 0xB6, 0x82, 0xFC, 0xBE, 0xCA,
    0xF7, 0x54, 0x01, 0xBC, 0xAA, 0xF3, 0xC8, 0x92, 0xFF, 0x84, 0xBC, 0x35, 0x5D, 0x46, 0xE9, 0x2A,
    0xED, 0x91, 0x63, 0x5D, 0x5B, 0x6B, 0x8D, 0xFD, 0xB2, 0xCA, 0xEC, 0xAD, 0xDC, 0xBE, 0x01, 0xDC,
    0x66, 0x00, 0x31, 0x60, 0x01, 0x40, 0xC1, 0x11, 0x41, 0xDF, 0x2A, 0xC9, 0xDE, 0xB2, 0x58, 0xF9,
    0x6B, 0x73, 0x04, 0x73, 0x4B, 0x4D, 0xF2, 0x01, 0x79, 0x14, 0x40, 0x9B, 0x31, 0x8B, 0x07, 0xD4,
    0xFE, 0xB6, 0x36, 0x05, 0x33, 0xBB, 0x91, 0x3E, 0x08, 0xF2, 0x56, 0x95, 0x8D, 0x1C, 0xB8, 0xC0,
    0x2D, 0x1A, 0xF1, 0xE8, 0xA7, 0x8B, 0xB0, 0xBE, 0x3C, 0x78, 0x58, 0xF9, 0x65, 0xE5, 0x95, 0xB5,
    0x57, 0x56, 0x2A, 0xAF, 0x40, 0x3B, 0xD2, 0xC9, 0x7B, 0xF3, 0xC4, 0x96, 0x6F, 0x12, 0xEA, 0xA7,
    0x70, 0x02, 0x34, 0x37, 0xF2, 0x02, 0xF4, 0xA1, 0xB4, 0x5F, 0x26, 0xAF, 0xA3, 0xB0, 0xA6, 0x38,
    0xA7, 0xBE, 0xE8, 0x65, 0xCB, 0xC7, 0x8F, 0x5B, 0x32, 0xFB, 0x64, 0x0C, 0x75, 0x21, 0x0C, 0x72,
    0x37, 0x15, 0xD1, 0x41, 0x0C, 0x05, 0x8D, 0xAD, 0xC3, 0x59, 0x25, 0x51, 0x4F, 0xF0, 0x1C, 0x1D,
    0xFE, 0x56, 0x9D, 0xBD, 0x0B, 0xB6, 0xD2, 0x4D, 0xCC, 0xC7, 0xFB, 0x27, 0x63, 0xF5, 0xD7, 0x92,
    0xF1, 0xE7, 0x4C, 0x22, 0xFC, 0x98, 0x0D, 0x5D, 0xFB, 0x4C, 0xE8, 0xBC, 0x18, 0xFB, 0x25, 0x31,
    0x8C, 0x9E, 0x74, 0xDE, 0xDE, 0xCD, 0xB8, 0xAB, 0xB5, 0xAC, 0xAB, 0x14, 0xE5, 0x04, 0xA3, 0x86,
    0xA7, 0x80, 0x55, 0xC3, 0xC8, 0x83, 0x9C, 0xCD, 0x13, 0x6A, 0xAC, 0x6A, 0xDA, 0xF8, 0x82, 0x96,
    0x87, 0x04, 0x36, 0x33, 0x7E, 0x95, 0xAE, 0x0A, 0x8B, 0x4C, 0x99, 0x82, 0x52, 0x98, 0xE6, 0x56,
    0x90, 0xE6, 0xDF, 0xD9, 0x53, 0xC3, 0xE7, 0x39, 0x19, 0x37, 0xE3, 0x71, 0x3D, 0x19, 0x57, 0x7D,
    0xC5, 0x23, 0xEA, 0xA4, 0x16, 0x71, 0xBE, 0x7F, 0x4A, 0xF8, 0xF4, 0x44, 0x78, 0xBA, 0x5D, 0x02,
    0xBE, 0x6C, 0x99, 0xE6, 0x4A, 0x24, 0x0B, 0xEF, 0x25, 0xA7, 0x84, 0xC3, 0x20, 0xB9, 0xCD, 0x34,
    0x1F, 0x32, 0x4D, 0xFD, 0x17, 0xC6, 0x0B, 0xD2, 0xF2, 0xDA, 0xEF, 0xFF, 0xBB, 0xD6, 0xDB, 0xCE,
    0xF7, 0xB1, 0xF1, 0xC0, 0x2C, 0x19, 0xA7, 0xD5, 0xE4, 0xDA, 0x77, 0xC1, 0x25, 0x3B, 0xD4, 0x87,
    0x13, 0xE5, 0x0D, 0xBE, 0x90, 0x19, 0x5B, 0xB6, 0x2E, 0xFA, 0xDD, 0x4D, 0x15, 0x4E, 0x61, 0x9C,
    0x7A, 0x38, 0x2D, 0xC5, 0x29, 0xE1, 0xF4, 0x11, 0x4E, 0xE0, 0x6B, 0x25, 0x16, 0x5D, 0xA8, 0xDC,
    0xA9, 0x94, 0x93, 0xCA, 0xE3, 0xA7, 0x9F, 0xC1, 0xD0, 0xD2, 0x98, 0x63, 0xBE, 0x26, 0x69, 0x8C,
    0x76, 0x33, 0x3E, 0x19, 0x61, 0x85, 0x36, 0x5D, 0x63, 0x25, 0x27, 0xBF, 0xE4, 0xD3, 0x0A, 0x98,
    0xC2, 0x69, 0x33, 0xCC, 0x39, 0x74, 0x36, 0x1B, 0x5F, 0x78, 0xD9, 0xD3, 0x3B, 0xB5, 0x6D, 0x11,
    0x81, 0xAD, 0x18, 0x2E, 0x22, 0x61, 0x45, 0xD9, 0x9D, 0x21, 0xA6, 0x9A, 0x81, 0x7B, 0x83, 0x79,
    0x5C, 0xE1, 0xEE, 0x86, 0x1D, 0xF8, 0x68, 0x21, 0xDF, 0x04, 0x6E, 0xE7, 0xE7, 0x70, 0x64, 0x3C,
    0x7B, 0xD2, 0x15, 0x05, 0xAA, 0x45, 0x24, 0xB0, 0x98, 0x6A, 0xCC, 0x93, 0xAB, 0x47, 0x81, 0x37,
    0x4E, 0x9C, 0x53, 0x40, 0x24, 0x0B, 0x33, 0x17, 0x90, 0xD9, 0x69, 0x74, 0x23, 0x22, 0xFC, 0xC8,
    0xE7, 0xB5, 0x72, 0x1A, 0x0E, 0x9E, 0xDA, 0x0D, 0x00, 0xE4, 0xB7, 0x05, 0xCF, 0xD7, 0x1B, 0xC1,
    0x1C, 0x7B, 0xC1, 0x09, 0x1C, 0xEC, 0xA6, 0x0A, 0x59, 0xC2, 0x6B, 0x6D, 0x87, 0xA0, 0x19, 0xD0,
    0x3F, 0x5A, 0x3F, 0xD8, 0xCD, 0x40, 0xCF, 0x3A, 0xF3, 0x37, 0x2E, 0xC5, 0xF1, 0xF8, 0x25, 0x30,
    0xEC, 0xD1, 0xF1, 0x8D, 0xE7, 0xAD, 0x61, 0x9E, 0x78, 0x18, 0x61, 0xBC, 0x55, 0x18, 0x43, 0x8D,
    0xB9, 0x27, 0xCE, 0x84, 0x8F, 0x65, 0xBC, 0x3D, 0xF8, 0x8B, 0x16, 0x72, 0x66, 0xB8, 0x3E, 0x49,
    0x62, 0x8E, 0x65, 0x2C, 0x2C, 0xDD, 0x80, 0x03, 0x3E, 0x41, 0x9B, 0xA0, 0x5E, 0xB4, 0xE6, 0x06,
    0x4A, 0x37, 0xBA, 0x24, 0xE0, 0x5C, 0xF0, 0x08, 0x07, 0xDE, 0x5F, 0x1F, 0x72, 0x5F, 0x5E, 0x1E,
    0xAC, 0xCE, 0x3E, 0xEB, 0x0C, 0x96, 0xC6, 0xA3, 0x19, 0xD0, 0xC4, 0x12, 0x20, 0xCC, 0x62, 0x01,
    0x20, 0xFF, 0xFB, 0x3A, 0x71, 0xD2, 0xFF, 0x81, 0x34, 0x6F, 0x2C, 0x42, 0xC2, 0x9C, 0x83, 0xFD,
    0x7A, 0x71, 0x22, 0xE1, 0x1F, 0x44, 0xD0, 0xDA, 0x2E, 0xA1, 0x0D, 0x4E, 0x8F, 0x82, 0x0A, 0x09,
    0x2C, 0x1E, 0x99, 0x94, 0x05, 0x5E, 0x00, 0x85, 0x95, 0xBC, 0xC9, 0x3D, 0x6A, 0x46, 0xCD, 0xDD,
    0x83, 0x3F, 0xAB, 0x06, 0xAB, 0xA9, 0x1A, 0xB9, 0x9D, 0x20, 0x79, 0x5A, 0x8D, 0x7B, 0x48, 0x5F,
    0x93, 0x63, 0x08, 0x4B, 0xEB, 0x07, 0x77, 0x9B, 0x91, 0x8B, 0xF2, 0x76, 0x0E, 0x03, 0xCB, 0xF9,
    0x4C, 0xDC, 0x98, 0x6E, 0x65, 0x0A, 0x6B, 0x13, 0x6D, 0x81, 0xE5, 0xDB, 0x64, 0xA3, 0xA6, 0xE5,
    0x8E, 0x82, 0x96, 0xED, 0x44, 0x75, 0xEC, 0x48, 0x14, 0x3C, 0x38, 0xF0, 0xF3, 0x9C, 0xF1, 0x63,
    0xC9, 0xF8, 0x1F, 0xD5, 0x8C, 0x1F, 0xB6, 0x8C, 0xF3, 0x4E, 0x70, 0x5F, 0x70, 0x9C, 0x33, 0xD6,
    0x25, 0xE3, 0xA0, 0x62, 0xAC, 0x5A, 0xC6, 0xD4, 0x09, 0xEE, 0x0B, 0x36, 0x15, 0x3B, 0x48, 0x38,
    0x8C, 0xF5, 0x27, 0x6C, 0x25, 0x48, 0x16, 0x59, 0xD9, 0x24, 0xE5, 0xD1, 0xF9, 0x24, 0xE1, 0xA9,
    0x27, 0xE9, 0xCE, 0x24, 0xDB, 0x89, 0xD8, 0xAD, 0xD8, 0xDD, 0x21, 0x26, 0x0E, 0xDF, 0x03, 0x4F,
    0xC5, 0xC5, 0x0D, 0x64, 0x04, 0x5F, 0xA5, 0x2A, 0x38, 0x23, 0xD5, 0x40, 0x8B, 0xFC, 0x16, 0xEE,
    0xC9, 0x7B, 0x2B, 0x92, 0xA7, 0x78, 0xCF, 0x6F, 0xB8, 0x47, 0x1D, 0x71, 0x5F, 0xE4, 0x58, 0x10,
    0x59, 0xCD, 0x0E, 0xD2, 0xFE, 0x01, 0xF3, 0x8D, 0x6D, 0x35, 0xCE, 0x6A, 0xD8, 0x8A, 0xB9, 0xCE,
    0xC1, 0xC0, 0xE9, 0x38, 0xA8, 0xDD, 0x7F, 0x4D, 0x64, 0x27, 0xCC, 0x90, 0x20, 0xCB, 0x12, 0xE2,
    0xA0, 0x1A, 0x3C, 0x62, 0xB7, 0xCB, 0xEE, 0x6C, 0x6E, 0x92, 0x68, 0x9D, 0x2C, 0x43, 0x0B, 0xBC,
    0x64, 0x71, 0x8D, 0x45, 0xDA, 0xE6, 0x0C, 0xFF, 0x5E, 0x5C, 0x4D, 0x67, 0x2A, 0x27, 0xCB, 0xCB,
    0xA2, 0xC7, 0x75, 0xC8, 0x2D, 0xDC, 0xC6, 0x1F, 0x57, 0x7C, 0xBB, 0x33, 0x9D, 0x90, 0x9C, 0x28,
    0x2F, 0x67, 0x45, 0x7B, 0x35, 0xDD, 0x84, 0xCA, 0x44, 0x09, 0x6C, 0xFB, 0x6F, 0xA8, 0xBF, 0xC6,
    0x89, 0x09, 0x56, 0x4E, 0xFD, 0x07, 0x3D, 0x3F, 0xA9, 0xF1, 0xF4, 0x26, 0xB2, 0xFA, 0x08, 0xEF,
    0xCF, 0x4F, 0x18, 0x85, 0x79, 0x44, 0xF6, 0x59, 0x42, 0xF6, 0x8E, 0x9D, 0xF0, 0x6A, 0x98, 0xD7,
    0x6F, 0xC0, 0xAB, 0xF7, 0x15, 0x78, 0x55, 0x0F, 0xC1, 0x6B, 0xF0, 0x3B, 0xF0, 0xA5, 0x99, 0xB9,
    0x4B, 0x8C, 0x7A, 0x8C, 0xEE, 0x31, 0x2A, 0xC1, 0xAB, 0xCA, 0xC1, 0xEB, 0x2F, 0x52, 0xF0, 0xFA,
    0x29, 0xF3, 0xFA, 0x0F, 0xE6, 0xB5, 0x65, 0x5E, 0x9B, 0x31, 0xAF, 0xFE, 0x73, 0xCB, 0x96, 0x78,
    0x75, 0x3C, 0xAA, 0x68, 0xFA, 0xC8, 0xEE, 0x3C, 0x57, 0x68, 0xDC, 0x74, 0x85, 0x98, 0x7B, 0x3C,
    0x61, 0x2F, 0xB3, 0xA8, 0xBD, 0xD8, 0xE5, 0x2D, 0x77, 0x09, 0xA6, 0xEE, 0x89, 0x3B, 0xA3, 0x99,
    0xE0, 0x7A, 0x84, 0x91, 0x09, 0xF9, 0xAE, 0x52, 0xED, 0x38, 0xC6, 0x50, 0xFF, 0x20, 0x93, 0x0C,
    0x45, 0xD8, 0x72, 0x69, 0xFC, 0xA8, 0xE8, 0x68, 0xDE, 0x2C, 0x3A, 0x2E, 0xCB, 0xC3, 0xF7, 0x4F,
    0x19, 0xB7, 0x6E, 0x71, 0x8D, 0x4B, 0x3B, 0x99, 0x5B, 0xEF, 0x65, 0x2D, 0x2B, 0xDD, 0x13, 0xD1,
    0xCE, 0x9D, 0x2A, 0x6E, 0xFD, 0x62, 0x45, 0x34, 0x61, 0x7F, 0x82, 0xBD, 0xF4, 0xE2, 0xEB, 0xC9,
    0xFD, 0x29, 0xD2, 0x01, 0xA9, 0x3B, 0x45, 0x03, 0x44, 0x01, 0x2E, 0x4D, 0xD7, 0x9C, 0xC6, 0xE6,
    0x76, 0x18, 0x77, 0xC9, 0x46, 0x03, 0x45, 0x09, 0x0A, 0xD0, 0x43, 0xD0, 0xE9, 0x58, 0xA3, 0xFB,
    0x52, 0xA0, 0xA7, 0x3D, 0x0E, 0x37, 0x7B, 0x20, 0x5B, 0x72, 0xAA, 0xF3, 0x35, 0x06, 0xF3, 0x5E,
    0xE5, 0x23, 0x07, 0xEB, 0x6A, 0x97, 0x77, 0x22, 0xE6, 0x66, 0xC1, 0xEE, 0xB0, 0x5F, 0x69, 0x89,
    0xB7, 0xAB, 0x20, 0x0D, 0xD9, 0xC0, 0x92, 0xAC, 0xC9, 0x7E, 0x06, 0xB0, 0x88, 0xC3, 0x01, 0x42,
    0xB3, 0xD7, 0xA2, 0x6D, 0x08, 0xE8, 0x46, 0xC0, 0xD7, 0x68, 0xF3, 0x01, 0x08, 0xD8, 0x08, 0xCE,
    0xEA, 0xE0, 0x4F, 0xD2, 0x8F, 0xFB, 0xAF, 0x0F, 0x13, 0x72, 0xDB, 0x5F, 0x57, 0x65, 0x1B, 0x04,
    0x4C, 0xF5, 0x7F, 0x2E, 0x5B, 0x2B, 0x5B, 0x6C, 0x98, 0xAB, 0xE4, 0xD7, 0xC8, 0x94, 0x04, 0xC5,
    0xB5, 0x6F, 0xC9, 0xD4, 0xB1, 0xC5, 0x2D, 0x42, 0x93, 0x5F, 0x3F, 0x98, 0xA0, 0x6D, 0x46, 0xA6,
    0x00, 0xD2, 0x43, 0x20, 0xDF, 0x26, 0xDC, 0x23, 0xF7, 0x79, 0xC3, 0xCE, 0xAF, 0xAF, 0x2B, 0xA0,
    0x4A, 0x95, 0xAA, 0xAE, 0x55, 0xB1, 0x5C, 0xEF, 0x47, 0x79, 0x9F, 0xA9, 0x88, 0x17, 0x60, 0x47,
    0xA0, 0xC6, 0x7B, 0x81, 0xAB, 0x52, 0x20, 0x4F, 0xCC, 0x5F, 0xB6, 0xE3, 0x0E, 0x86, 0xC8, 0xF6,
    0x0D, 0xDC, 0x5A, 0x4C, 0x81, 0x64, 0xF6, 0x0E, 0x7C, 0x6B, 0x93, 0xE8, 0x49, 0x9C, 0x80, 0xAD,
    0x84, 0xB7, 0xE1, 0xF6, 0x05, 0x4C, 0xD2, 0x87, 0xBF, 0x33, 0xCF, 0x1E, 0x17, 0xBA, 0x43, 0xB8,
    0x5F, 0x1B, 0x2F, 0x5B, 0xEB, 0x04, 0x15, 0xE4, 0xCE, 0xC1, 0xCC, 0xCD, 0x90, 0xFE, 0xFC, 0xC8,
    0xD4, 0x78, 0xCB, 0xEB, 0x65, 0x2D, 0x46, 0x36, 0x36, 0xB1, 0x99, 0xD0, 0x67, 0xF9, 0x74, 0x2A,
    0xD1, 0xD9, 0x73, 0x3A, 0x13, 0x0C, 0x27, 0xB9, 0xC0, 0x2C, 0x68, 0xFB, 0xF9, 0x26, 0x74, 0xB9,
    0x15, 0xF0, 0xD3, 0x0B, 0x74, 0xB8, 0x17, 0x39, 0x03, 0xBE, 0xB9, 0x9C, 0x83, 0xCF, 0xF7, 0xCA,
    0x15, 0xF2, 0x0A, 0x68, 0x7E, 0xB9, 0x09, 0x19, 0x61, 0x0D, 0x3E, 0x48, 0x67, 0xC7, 0xBF, 0x2D,
    0xE3, 0x06, 0x54, 0x3A, 0x7E, 0x3F, 0x37, 0x95, 0xCE, 0x41, 0x29, 0x0F, 0x4B, 0xD0, 0x92, 0xEA,
    0x22, 0x4E, 0x05, 0xFF, 0xFE, 0x57, 0x95, 0xCF, 0x85, 0x44, 0x05, 0x9A, 0xBB, 0xBB, 0xB7, 0x8D,
    0xB0, 0x36, 0x10, 0xBC, 0x2F, 0xD5, 0x24, 0x68, 0x17, 0x04, 0xEA, 0xAF, 0x2A, 0xAF, 0x34, 0xCF,
    0xFE, 0x65, 0xEF, 0xE6, 0xDA, 0x26, 0x7D, 0xCB, 0xA2, 0x66, 0xF5, 0xCC, 0x9E, 0x50, 0x70, 0x00,
    0x3B, 0x06, 0xA7, 0x31, 0xFE, 0x06, 0x5E, 0x9F, 0x15, 0x95, 0x63, 0xEB, 0x60, 0x04, 0xDB, 0x23,
    0x70, 0x35, 0xAA, 0x47, 0x51, 0x11, 0x24, 0x21, 0x97, 0x65, 0xBC, 0xA3, 0xC2, 0x1A, 0xCD, 0x1B,
    0x6B, 0x12, 0xED, 0x6A, 0x57, 0x0F, 0xDE, 0x01, 0xF0, 0xEE, 0x0B, 0xCF, 0xA2, 0x19, 0xED, 0x82,
    0xF3, 0x06, 0x6E, 0x98, 0x1E, 0xE6, 0x33, 0xD0, 0x28, 0x85, 0xAA, 0x5B, 0xC6, 0x4D, 0xA2, 0xD4,
    0xC8, 0x95, 0xCE, 0xB7, 0xAF, 0xAD, 0xE7, 0x7D, 0x98, 0x6C, 0xB6, 0xBB, 0x9B, 0x6E, 0xBF, 0x51,
    0x1B, 0xEB, 0x3C, 0x48, 0x83, 0x2E, 0x73, 0xE3, 0x4A, 0x7E, 0xFB, 0x6E, 0xED, 0x9F, 0x09, 0xFD,
    0x73, 0xD3, 0xDA, 0xCF, 0x11, 0x7E, 0xEB, 0x30, 0xC0, 0xCC, 0x80, 0xFE, 0xBB, 0x34, 0x74, 0x16,
    0xB4, 0x5D, 0x09, 0xC8, 0x89, 0x55, 0x21, 0x5F, 0x1F, 0xC4, 0x8D, 0xA3, 0x52, 0x30, 0x35, 0x7B,
    0x79, 0xFF, 0x7B, 0x0F, 0xBC, 0xB0, 0x3C, 0x84, 0x8A, 0xE4, 0x4C, 0x08, 0x2A, 0x64, 0x78, 0x05,
    0x11, 0x43, 0xDC, 0xD2, 0x1D, 0x95, 0x08, 0xB4, 0x20, 0x80, 0x1E, 0xB7, 0x14, 0xC7, 0xB4, 0x19,
    0xA6, 0x6B, 0xB2, 0x31, 0x71, 0x54, 0x22, 0x9B, 0x61, 0xD2, 0xEA, 0x1C, 0xC7, 0x85, 0x85, 0x71,
    0x3C, 0x3A, 0xEA, 0x5C, 0x38, 0xBE, 0x95, 0x41, 0xE2, 0x75, 0x7D, 0xF7, 0xB9, 0x23, 0x86, 0xB2,
    0xB6, 0x88, 0xC8, 0x3B, 0xB1, 0x8B, 0x77, 0x1B, 0xCF, 0x72, 0x84, 0x8F, 0x52, 0x17, 0x51, 0x15,
    0x27, 0x61, 0x65, 0xA0, 0x55, 0xDB, 0xE8, 0xCE, 0x30, 0x90, 0x20, 0x20, 0xF7, 0xD2, 0x0E, 0x28,
    0xA3, 0x54, 0xE7, 0xE1, 0xCB, 0x7E, 0x32, 0x51, 0x16, 0xC9, 0xDE, 0x0D, 0x67, 0xEF, 0xBF, 0xE1,
    0x6D, 0xA0, 0x7B, 0x66, 0x3A, 0x7B, 0x37, 0x65, 0x56, 0x50, 0xFC, 0x02, 0x11, 0x57, 0x59, 0xAF,
    0xE5, 0x68, 0x3C, 0x60, 0xD3, 0xD8, 0x9E, 0x0A, 0x40, 0xDF, 0x8F, 0x14, 0xA3, 0xE5, 0x21, 0x99,
    0x1D, 0xCC, 0xC5, 0x54, 0x6C, 0x5A, 0x1E, 0x07, 0x95, 0xFD, 0x91, 0x69, 0x05, 0xE9, 0x64, 0xCB,
    0x87, 0xB2, 0x9A, 0x03, 0x26, 0x54, 0x22, 0xCA, 0x31, 0x93, 0x62, 0xC4, 0xB1, 0x70, 0x3F, 0x78,
    0xEB, 0x6C, 0x82, 0x52, 0x63, 0x36, 0xC1, 0xF4, 0x6C, 0x44, 0xF7, 0x07, 0x6E, 0x9F, 0x5C, 0xF6,
    0xD4, 0x52, 0x9A, 0xA4, 0xD5, 0xB3, 0xA0, 0xCF, 0x10, 0x73, 0x38, 0x86, 0x94, 0x9A, 0x86, 0xFC,
    0xF2, 0x0A, 0x4C, 0x6B, 0x7E, 0x76, 0xF4, 0xAF, 0x73, 0xE2, 0xA0, 0xD2, 0x30, 0xB3, 0xB4, 0x14,
    0x74, 0x87, 0x45, 0xE6, 0x0C, 0x68, 0x7B, 0xC5, 0x45, 0xF7, 0x36, 0xDE, 0xF2, 0x76, 0xA6, 0xB2,
    0xB9, 0x59, 0xF0, 0xBD, 0x38, 0x2A, 0x8F, 0x19, 0x0E, 0x77, 0x9E, 0xE8, 0xDC, 0xB5, 0x6B, 0x89,
    0x81, 0x76, 0xFE, 0x0C, 0xA6, 0x3F, 0x69, 0x5C, 0x98, 0x7A, 0x37, 0x94, 0x96, 0x92, 0xB2, 0x6F,
    0x58, 0x8B, 0x53, 0xC7, 0x43, 0x0C, 0x1E, 0x0C, 0xC6, 0x79, 0x51, 0x6D, 0xA3, 0xD6, 0x19, 0xA8,
    0xCF, 0xEB, 0x41, 0x08, 0x1E, 0x96, 0xC0, 0x43, 0x0F, 0xE3, 0xEF, 0x01, 0x2A, 0xF0, 0x90, 0x3B,
    0x4D, 0xD6, 0xE0, 0xE1, 0xD2, 0xFC, 0x48, 0x87, 0x24, 0x2B, 0x34, 0x34, 0x2E, 0xD6, 0x03, 0xB1,
    0x9F, 0x6A, 0x3A, 0x21, 0xEC, 0x97, 0xE1, 0x10, 0xCB, 0x17, 0xCA, 0x76, 0xC3, 0xE0, 0xC8, 0x08,
    0x55, 0x53, 0xEB, 0x63, 0x61, 0xEC, 0xDD, 0xFE, 0x0E, 0x99, 0x21, 0xAC, 0xC5, 0xD9, 0x8A, 0x30,
    0xC0, 0x3B, 0xA0, 0x6E, 0xF4, 0xAD, 0xC9, 0xB8, 0xC9, 0xF1, 0x8E, 0x2B, 0xF9, 0x2F, 0x5B, 0x54,
    0xC0, 0xB9, 0x9B, 0xFE, 0x25, 0x66, 0x7D, 0x85, 0xF7, 0x35, 0xCF, 0x8E, 0x07, 0x3E, 0x9E, 0x71,
    0x2F, 0xF9, 0xBC, 0x31, 0x8C, 0xAA, 0xD4, 0xA1, 0x9F, 0xF8, 0xE9, 0x54, 0x69, 0x70, 0x9C, 0x22,
    0xE6, 0xAF, 0xBE, 0x6E, 0x6B, 0x9F, 0x23, 0xB4, 0x5F, 0x4E, 0xD7, 0xA5, 0x59, 0x1B, 0xD8, 0x44,
    0x90, 0x2E, 0x11, 0x5F, 0xC3, 0x82, 0x37, 0x12, 0x2B, 0xA9, 0x2B, 0x38, 0x0C, 0x34, 0xBC, 0xBF,
    0xDC, 0xB2, 0x70, 0xF6, 0xD9, 0xED, 0xF0, 0xC7, 0x73, 0x8A, 0x19, 0x45, 0x7F, 0x94, 0x4D, 0x31,
    0x16, 0x62, 0x3B, 0x2E, 0x27, 0xFC, 0x6A, 0x4C, 0x9E, 0xEB, 0x0F, 0x29, 0x3F, 0x24, 0x67, 0x90,
    0xE8, 0xB5, 0xDC, 0x8A, 0x6F, 0x9C, 0x8C, 0x2B, 0xDF, 0x09, 0x26, 0x9F, 0xB0, 0xBF, 0x83, 0xB2,
    0x94, 0xD4, 0x0B, 0x38, 0x57, 0xD5, 0xF1, 0xC7, 0xD7, 0x96, 0xB6, 0x9D, 0x5B, 0xE4, 0x1D, 0x3A,
    0x46, 0x71, 0xF2, 0x5D, 0x34, 0xF2, 0x9C, 0x48, 0xC2, 0xFB, 0xA4, 0x86, 0x34, 0x24, 0xF5, 0xEA,
    0x39, 0x9C, 0xF0, 0xD7, 0x48, 0xD0, 0x54, 0x75, 0xEE, 0xED, 0x03, 0x45, 0x43, 0x29, 0xCB, 0x58,
    0x40, 0x17, 0xF9, 0x0B, 0xFC, 0x80, 0xB7, 0xD1, 0xF6, 0x19, 0x5D, 0x5C, 0x48, 0xA6, 0x2B, 0xB7,
    0x93, 0x17, 0xD3, 0x7F, 0x01, 0xCD, 0x5A, 0xBF, 0x8F, 0xDC, 0xD6, 0x11, 0x1E, 0x92, 0x3A, 0x13,
    0x0E, 0x81, 0x50, 0x85, 0xAE, 0xBA, 0xC0, 0x4C, 0x91, 0x22, 0x08, 0x2C, 0xD1, 0xA5, 0x11, 0xDC,
    0x89, 0x74, 0x5C, 0xA4, 0xCC, 0x15, 0x72, 0xAD, 0x14, 0xE9, 0x2F, 0x85, 0x0A, 0x15, 0xE7, 0x25,
    0x11, 0xFF, 0x03, 0xAA, 0x5C, 0x06, 0x2E, 0x52, 0xD8, 0xA7, 0x42, 0x2A, 0x54, 0xB8, 0xB8, 0x13,
    0x19, 0xBB, 0x48, 0xA1, 0x42, 0x8C, 0x9D, 0xD4, 0x5E, 0xC3, 0x42, 0x02, 0xC8, 0x85, 0x69, 0x8B,
    0x86, 0xE9, 0x15, 0x97, 0x2F, 0xDF, 0x37, 0x8F, 0xCB, 0xDD, 0x93, 0x25, 0xC5, 0x92, 0x6E, 0x65,
    0xED, 0xDD, 0x9B, 0xDD, 0xE5, 0x8F, 0xF7, 0x66, 0xE6, 0xCD, 0x8F, 0x6F, 0x86, 0x2B, 0xA1, 0x69,
    0x44, 0x24, 0x34, 0xAD, 0x3C, 0xF0, 0x3A, 0xAF, 0x34, 0x53, 0x6A, 0x52, 0xA5, 0x25, 0x88, 0xF3,
    0x19, 0xA9, 0x77, 0x6B, 0x4A, 0xFA, 0x71, 0x0D, 0x1A, 0xBC, 0xA9, 0x33, 0xB8, 0x9C, 0xE1, 0x15,
    0xE9, 0x40, 0xCF, 0xCA, 0x1C, 0x74, 0x5B, 0x6F, 0x9E, 0x1C, 0x14, 0xBC, 0xD5, 0x98, 0x5C, 0xA4,
    0x96, 0xA8, 0x14, 0xB7, 0x92, 0xB0, 0x14, 0xAF, 0x94, 0x60, 0x2A, 0x7E, 0x29, 0x7E, 0x2D, 0x61,
    0x2E, 0x5E, 0x23, 0x7B, 0xFF, 0x92, 0xAD, 0xB9, 0x98, 0x4E, 0x0A, 0x93, 0xFB, 0x78, 0xE3, 0x58,
    0xBC, 0x5C, 0x33, 0x95, 0x70, 0x36, 0xC7, 0xED, 0x89, 0x44, 0x69, 0x2C, 0xBE, 0xC4, 0xE0, 0xC8,
    0x0E, 0xD7, 0x98, 0x34, 0xBA, 0x13, 0xA7, 0x09, 0x3E, 0xDF, 0xC4, 0x38, 0xD2, 0x91, 0xA4, 0x19,
    0xB8, 0x4E, 0xBE, 0xBC, 0x5D, 0x85, 0x7D, 0x58, 0xCB, 0x2E, 0x26, 0xF9, 0x99, 0xBC, 0x46, 0x3E,
    0x85, 0x3C, 0xFB, 0xA6, 0xD6, 0x69, 0x29, 0x8B, 0x9C, 0x79, 0x41, 0xA4, 0xF6, 0xD2, 0x5F, 0xE0,
    0x8A, 0x6D, 0xB0, 0x85, 0x49, 0x0B, 0x2C, 0xB2, 0x71, 0x82, 0xD2, 0xFF, 0xA4, 0x92, 0x71, 0x1D,
    0x2E, 0x20, 0x01, 0x3F, 0x62, 0x0F, 0xF8, 0x8A, 0x2D, 0x55, 0x56, 0x42, 0x43, 0xEA, 0xF5, 0x27,
    0x20, 0xEB, 0x3E, 0xD6, 0x82, 0x18, 0x5E, 0x85, 0x5D, 0xC6, 0xF0, 0xB0, 0xAE, 0x47, 0x49, 0x0B,
    0x0C, 0x07, 0x9A, 0x00, 0x9B, 0x64, 0x58, 0x12, 0x2C, 0x78, 0x19, 0x63, 0xD7, 0x2A, 0x39, 0x80,
    0x45, 0x14, 0x57, 0xE7, 0x90, 0xBA, 0xC0, 0x15, 0x09, 0xAE, 0xD8, 0x89, 0xC1, 0x6C, 0x92, 0xDA,
    0x2B, 0xB3, 0x87, 0x0C, 0x1E, 0xE7, 0xF9, 0x18, 0xB3, 0x41, 0x11, 0x82, 0xD5, 0x7D, 0xAF, 0x83,
    0x5C, 0x06, 0x52, 0xC7, 0x10, 0x44, 0x2E, 0x88, 0x0E, 0x07, 0x4A, 0xF4, 0xC0, 0x53, 0x50, 0x5A,
    0xD9, 0x4F, 0x0D, 0xC6, 0x56, 0xDC, 0x11, 0x7F, 0xD6, 0x83, 0x1B, 0x48, 0x84, 0xBF, 0x44, 0xCE,
    0xE9, 0x2E, 0x4D, 0x30, 0x6E, 0x0E, 0x63, 0x32, 0x0C, 0xBB, 0x96, 0x23, 0x51, 0xE5, 0xA7, 0x81,
    0x31, 0xE2, 0xD0, 0x3B, 0x36, 0xD2, 0x61, 0xA2, 0x23, 0x8C, 0x7E, 0xB8, 0xE3, 0x57, 0x4B, 0x63,
    0x5E, 0x9B, 0x4C, 0xDC, 0xB1, 0x7C, 0x79, 0xD1, 0x4B, 0x2B, 0x0E, 0x74, 0x12, 0x32, 0x9D, 0xC1,
    0xA6, 0x9C, 0x73, 0x61, 0x08, 0xB7, 0x61, 0x58, 0xB0, 0x0C, 0x67, 0x2E, 0xE3, 0xBA, 0x6B, 0x92,
    0xC9, 0xC1, 0xA6, 0x78, 0xD5, 0xB6, 0x48, 0x0B, 0xB3, 0xCF, 0xB0, 0x57, 0x49, 0xB9, 0xD4, 0xEF,
    0x49, 0xC8, 0xB4, 0x2B, 0x20, 0xFB, 0xB4, 0xFF, 0x98, 0x86, 0x1F, 0x52, 0x24, 0x8F, 0x2E, 0xE6,
    0x0C, 0x06, 0x08, 0x6E, 0xFA, 0x54, 0xF6, 0x0C, 0x9C, 0xDF, 0xAF, 0x1D, 0x43, 0x83, 0x49, 0x72,
    0x90, 0xB0, 0x02, 0x09, 0x6A, 0x10, 0x9F, 0xC4, 0x6B, 0x48, 0xDA, 0x47, 0x11, 0x3D, 0x5B, 0x2F,
    0xEE, 0xD0, 0x7B, 0x93, 0x12, 0x3E, 0x69, 0xE4, 0xE2, 0xEC, 0x5A, 0x3B, 0xF8, 0xED, 0x20, 0x55,
    0x8D, 0xE5, 0x83, 0x9A, 0xBE, 0xF2, 0x35, 0x9D, 0xE4, 0x9B, 0x92, 0x9F, 0x52, 0x6B, 0xAA, 0xC5,
    0x3B, 0x58, 0xCF, 0x7C, 0xC7, 0x29, 0x12, 0x4C, 0x91, 0x42, 0x67, 0x09, 0x2E, 0x86, 0x3E, 0x31,
    0xD9, 0x84, 0x97, 0xDC, 0x1C, 0xC9, 0x64, 0x24, 0x09, 0xCF, 0x26, 0x54, 0x70, 0x5C, 0x46, 0xB8,
    0xB7, 0xFF, 0xEE, 0x7B, 0x78, 0xF4, 0x27, 0x58, 0x73, 0xF3, 0x49, 0x05, 0xBC, 0x36, 0x7B, 0xDF,
    0x6B, 0xB1, 0x41, 0xCF, 0x24, 0x20, 0xED, 0x85, 0x84, 0x12, 0x85, 0x88, 0x1E, 0x96, 0xE8, 0xD7,
    0x4D, 0x10, 0xD7, 0x7C, 0x81, 0x29, 0x66, 0xF7, 0x07, 0x76, 0x95, 0xF1, 0x64, 0x14, 0x70, 0xF2,
    0x68, 0x01, 0x83, 0x85, 0x80, 0xB3, 0x63, 0x02, 0x0A, 0x67, 0x5F, 0x61, 0x00, 0xCC, 0x74, 0x90,
    0xB7, 0xC3, 0x3D, 0xFB, 0xB8, 0x79, 0x7B, 0x18, 0xA7, 0xB8, 0xFE, 0x38, 0x66, 0x07, 0xB9, 0x67,
    0x4C, 0x79, 0xEC, 0xD8, 0x72, 0x84, 0x1C, 0xB8, 0x3F, 0xBA, 0x38, 0x3B, 0x28, 0x30, 0x9F, 0xF1,
    0x34, 0x35, 0xCE, 0x57, 0x1C, 0x6E, 0x0A, 0x1F, 0x99, 0x5B, 0xE3, 0x4C, 0xA3, 0x3C, 0xD1, 0x4F,
    0x61, 0x39, 0x79, 0xEB, 0x62, 0x99, 0x61, 0xDE, 0xE2, 0xE0, 0x20, 0x9F, 0x3C, 0xE0, 0x08, 0x61,
    0xE9, 0xE7, 0x7E, 0x5F, 0x1C, 0x0F, 0x22, 0x5C, 0xD0, 0x1F, 0x16, 0x76, 0xF2, 0xB5, 0xF1, 0xAF,
    0x13, 0x47, 0x43, 0xF0, 0xA0, 0xE7, 0x6E, 0xC8, 0x89, 0xCA, 0xB2, 0x1E, 0x9E, 0x91, 0xE4, 0x34,
    0x72, 0x9F, 0x1B, 0x12, 0x29, 0x57, 0x8F, 0xB1, 0x09, 0xC1, 0xFC, 0x99, 0x79, 0x66, 0x92, 0x62,
    0x58, 0xE0, 0xF4, 0x11, 0x4F, 0xFE, 0x9B, 0x41, 0x0E, 0x5F, 0x3E, 0x10, 0x41, 0x20, 0x91, 0x06,
    0x27, 0x76, 0xDE, 0xC6, 0x72, 0xAD, 0x46, 0x2E, 0x71, 0xD2, 0xB5, 0xED, 0x8D, 0x06, 0x41, 0x00,
    0x10, 0xE7, 0xDB, 0x46, 0xF7, 0xC2, 0x06, 0xC1, 0x13, 0xB4, 0xB3, 0x97, 0x98, 0x9D, 0x82, 0xF4,
    0x32, 0x53, 0x32, 0x45, 0x31, 0x90, 0xDD, 0x7A, 0x8E, 0x28, 0x28, 0x83, 0x46, 0xB3, 0xBB, 0x26,
    0x77, 0x11, 0x96, 0x2B, 0x02, 0x89, 0x0A, 0xE1, 0x3D, 0xC8, 0x69, 0x29, 0x3A, 0x9F, 0x4E, 0x6C,
    0x21, 0xCC, 0x2A, 0xC1, 0xF4, 0x4A, 0x70, 0x16, 0xD1, 0x0A, 0x4E, 0x5E, 0xE2, 0x8E, 0xB0, 0x0C,
    0x49, 0xE0, 0xA9, 0x61, 0x89, 0x60, 0x8F, 0x2F, 0xC5, 0xDD, 0x6B, 0xA5, 0x6C, 0x31, 0x06, 0xC9,
    0x66, 0x2A, 0x6E, 0xFE, 0x32, 0x76, 0x15, 0xFB, 0x49, 0xDE, 0xB2, 0x66, 0xE1, 0x07, 0x7F, 0x92,
    0xEC, 0xBF, 0x73, 0xB7, 0x37, 0x47, 0x7E, 0x15, 0x9F, 0x0A, 0xCB, 0x28, 0xE7, 0x3C, 0xC3, 0x5F,
    0x1E, 0x94, 0x51, 0xEA, 0xD5, 0xBA, 0x96, 0x38, 0xFF, 0x49, 0x09, 0x7A, 0x08, 0x79, 0x20, 0x4C,
    0x4F, 0x70, 0x32, 0xF5, 0x8D, 0xA9, 0x63, 0x71, 0x9B, 0x1D, 0xA4, 0x91, 0x7D, 0x1D, 0x4E, 0x9D,
    0x00, 0x81, 0x44, 0x77, 0x8B, 0xDC, 0x5D, 0x22, 0x6C, 0x05, 0x3E, 0x49, 0xBE, 0x10, 0xEA, 0xE5,
    0x63, 0xB0, 0xFB, 0xB9, 0x2A, 0xC1, 0x66, 0xF2, 0x72, 0x39, 0xDC, 0x91, 0x8F, 0xE7, 0xA0, 0x88,
    0xE7, 0x2C, 0xAA, 0x1A, 0x72, 0x32, 0x42, 0xE1, 0x7D, 0x92, 0x1B, 0xB2, 0x40, 0x80, 0x24, 0x30,
    0x49, 0x77, 0x6A, 0xA1, 0x63, 0x58, 0x3E, 0x17, 0x8B, 0x40, 0xB2, 0x28, 0x4C, 0xB9, 0xD7, 0xA7,
    0x71, 0x9F, 0xFB, 0x4C, 0x71, 0xA2, 0x39, 0x6E, 0xA0, 0xF4, 0x49, 0x53, 0x5E, 0x9D, 0x1D, 0x5C,
    0x9D, 0xE5, 0xAB, 0xC7, 0xE1, 0xD7, 0x57, 0x41, 0x71, 0xB2, 0x39, 0x76, 0xFD, 0xE3, 0xA9, 0xAF,
    0xF4, 0xE2, 0x5C, 0xB6, 0xFA, 0xD4, 0xAE, 0xFB, 0x90, 0x2C, 0x29, 0x19, 0xB7, 0x47, 0x89, 0x67,
    0x8F, 0x6D, 0x12, 0x1A, 0x00, 0x24, 0x79, 0xF7, 0xBF, 0x02, 0x77, 0x1D, 0xB0, 0x2C, 0xB8, 0x9C,
    0xF3, 0xEC, 0xD1, 0x71, 0x18, 0xF0, 0x18, 0x12, 0x21, 0x4C, 0x62, 0xC1, 0xBC, 0xA8, 0x41, 0xC6,
    0x04, 0x89, 0x0F, 0x90, 0x9C, 0x6C, 0x3D, 0xC9, 0x3F, 0xAE, 0x87, 0x0C, 0x86, 0xF3, 0xA4, 0xE3,
    0x54, 0xC4, 0x28, 0x0D, 0xC5, 0x73, 0x1F, 0xFB, 0x8F, 0x0B, 0xB6, 0xE6, 0x69, 0x66, 0xCA, 0x67,
    0x5C, 0x1A, 0x56, 0x82, 0x90, 0x1D, 0xA9, 0x2B, 0xC7, 0x44, 0x15, 0xE2, 0xF7, 0x43, 0x0E, 0xF5,
    0x74, 0x15, 0xB9, 0x22, 0x4F, 0xC7, 0x98, 0x34, 0xB4, 0x21, 0x80, 0xEB, 0x90, 0x76, 0x8D, 0x44,
    0x00, 0x33, 0x1A, 0x66, 0xB6, 0xDC, 0x3A, 0xB9, 0x9C, 0x88, 0xF6, 0x9E, 0x42, 0x63, 0xA6, 0xC5,
    0x82, 0xC5, 0x1D, 0x22, 0x20, 0x18, 0xBD, 0xEC, 0x70, 0x3E, 0x1A, 0x17, 0xFC, 0xC5, 0xAB, 0xA1,
    0x0F, 0xAF, 0x3E, 0x47, 0x46, 0xF7, 0x09, 0x23, 0x59, 0xF1, 0xDC, 0xEB, 0xE9, 0x08, 0x05, 0xBC,
    0xA2, 0x43, 0x22, 0xF1, 0xEA, 0x90, 0x1C, 0xF8, 0x34, 0x71, 0x38, 0xA8, 0x47, 0xC8, 0x06, 0x92,
    0xD1, 0xEE, 0xE3, 0x29, 0x98, 0x0A, 0xBF, 0xA7, 0x66, 0xCD, 0x20, 0xDE, 0x99, 0x45, 0x5D, 0xA3,
    0x15, 0xA8, 0xB0, 0x24, 0x15, 0x2D, 0x21, 0xF3, 0x87, 0xA2, 0xBB, 0x1F, 0x92, 0xC8, 0x2C, 0x88,
    0x4A, 0x1E, 0x90, 0x83, 0x68, 0xE4, 0x8F, 0x19, 0xF0, 0x1E, 0x8D, 0x9C, 0xE1, 0xDF, 0xEB, 0x0A,
    0x9E, 0x48, 0x28, 0x42, 0xA8, 0xC2, 0x28, 0xC6, 0x6C, 0x69, 0xB7, 0x26, 0x85, 0xC9, 0x26, 0xE5,
    0xB0, 0x28, 0xA3, 0x84, 0xC3, 0xF8, 0xE5, 0x6A, 0xFF, 0x40, 0x8B, 0x66, 0x9E, 0x73, 0x35, 0xC0,
    0xA4, 0x16, 0xD1, 0x30, 0xC6, 0xB4, 0xB6, 0xE2, 0x1D, 0x92, 0xB5, 0x82, 0x42, 0x28, 0x6F, 0x04,
    0x58, 0x4F, 0x30, 0x9C, 0x45, 0xA6, 0x1E, 0xB2, 0x75, 0x8C, 0x6C, 0xAD, 0x81, 0x81, 0xEB, 0x21,
    0xFA, 0xDD, 0xE4, 0x62, 0xC0, 0x27, 0x8E, 0x5D, 0x88, 0xC0, 0xF8, 0xC9, 0x4C, 0x62, 0xFC, 0xA7,
    0xB4, 0xBA, 0xD1, 0x27, 0xCF, 0xEA, 0x42, 0x79, 0x7A, 0xE1, 0xD4, 0xC6, 0xC8, 0x20, 0x5D, 0x54,
    0x8E, 0xCF, 0xCE, 0xB4, 0x9D, 0x9E, 0x47, 0x2A, 0xCE, 0x8D, 0xA9, 0x37, 0x46, 0xC5, 0xD3, 0x6A,
    0x6B, 0x54, 0x1C, 0x53, 0xAF, 0x76, 0x01, 0x85, 0x9C, 0xF4, 0x04, 0xA4, 0x31, 0x75, 0x17, 0xD4,
    0x28, 0x45, 0x6A, 0xEF, 0xEB, 0x12, 0x35, 0xD3, 0x89, 0xAB, 0xF9, 0x75, 0xC4, 0x5C, 0x46, 0x78,
    0x58, 0x64, 0x67, 0x61, 0x1F, 0xCD, 0xFD, 0x8B, 0xFF, 0xCF, 0x18, 0x90, 0x8C, 0xFF, 0x48, 0x6F,
    0x86, 0x77, 0x95, 0x70, 0x30, 0x18, 0x76, 0xDC, 0xC8, 0x6F, 0x1F, 0x38, 0xDB, 0x32, 0x2F, 0x64,
    0xAA, 0x4A, 0x2D, 0xB5, 0x3D, 0x75, 0xB9, 0x60, 0xBA, 0x28, 0xF6, 0xD9, 0x06, 0xE2, 0xEB, 0xF4,
    0x08, 0x11, 0x90, 0x14, 0x12, 0x93, 0xEE, 0x21, 0x42, 0xF4, 0xE2, 0x77, 0xEC, 0xBA, 0x78, 0x3D,
    0x93, 0xA8, 0x87, 0x2A, 0x08, 0xF4, 0xAB, 0x92, 0xF4, 0xF6, 0x94, 0xF4, 0x1F, 0x0D, 0xE9, 0x47,
    0x1D, 0x69, 0xD9, 0x2B, 0xCD, 0x94, 0xC6, 0x25, 0x69, 0x38, 0x25, 0xF5, 0x6B, 0x52, 0xAF, 0x23,
    0x95, 0x5E, 0x69, 0xA6, 0x14, 0xB1, 0x0A, 0x9B, 0x0A, 0x2D, 0x5C, 0xBC, 0x43, 0x43, 0x31, 0xBD,
    0xF5, 0x71, 0xAD, 0x9C, 0xC3, 0x6A, 0xA8, 0x27, 0x6C, 0x56, 0xD7, 0x84, 0xBE, 0x68, 0x8B, 0x24,
    0xD3, 0xA2, 0x92, 0xF8, 0x1E, 0x92, 0x99, 0x67, 0x90, 0xB7, 0x00, 0x33, 0x6E, 0x52, 0xCE, 0x09,
    0xE5, 0x4D, 0x7E, 0x0C, 0xF1, 0x48, 0xB6, 0xE6, 0x92, 0x5C, 0x81, 0x62, 0x92, 0xFA, 0xA7, 0x16,
    0xD8, 0xBE, 0xAC, 0x65, 0x27, 0x2B, 0xED, 0xCA, 0x6D, 0xA5, 0x97, 0x95, 0xFE, 0x71, 0x0D, 0x72,
    0xAF, 0x86, 0x64, 0x8D, 0xC6, 0x8A, 0xE0, 0xEA, 0xB1, 0xAB, 0xA7, 0xFD, 0x3D, 0xED, 0x6A, 0x79,
    0x25, 0x61, 0x95, 0xFB, 0x8D, 0xDE, 0xA2, 0xE8, 0x5E, 0x6C, 0xEC, 0xDC, 0x7C, 0x51, 0xAC, 0xE6,
    0x0C, 0x0D, 0x38, 0x62, 0xE4, 0x0E, 0x6E, 0x29, 0x50, 0x23, 0xEF, 0x9A, 0xBC, 0x2F, 0xAC, 0xC9,
    0x6A, 0x30, 0x33, 0x31, 0x54, 0x5B, 0xB0, 0xBE, 0xA6, 0x37, 0x7F, 0x84, 0x43, 0x31, 0xD3, 0xC6,
    0x19, 0x67, 0xA1, 0x94, 0x88, 0x5D, 0x28, 0x73, 0x30, 0xA7, 0x6F, 0x26, 0x29, 0x9C, 0x4E, 0xE1,
    0xAC, 0x5F, 0xC7, 0x4C, 0x49, 0x08, 0xF2, 0x5E, 0x8B, 0xFD, 0x76, 0x01, 0x7B, 0xC5, 0x79, 0x28,
    0xD1, 0xB3, 0xB8, 0xCE, 0x6D, 0x79, 0x47, 0x13, 0xF1, 0x5E, 0x78, 0x46, 0x58, 0x81, 0x17, 0x1C,
    0x31, 0xEF, 0x42, 0xC2, 0x58, 0x7B, 0xDE, 0x94, 0x72, 0xF3, 0x8D, 0x5D, 0x49, 0xFE, 0x30, 0x95,
    0x23, 0xF8, 0x4D, 0x7B, 0x1E, 0x31, 0xF3, 0x43, 0x24, 0xAA, 0xA1, 0x0D, 0x55, 0x28, 0xB0, 0xC4,
    0xFA, 0x51, 0x19, 0xA7, 0x41, 0x95, 0x70, 0x7D, 0x0C, 0x76, 0x3F, 0x00, 0xE6, 0x1A, 0xA8, 0xA2,
    0x99, 0x0C, 0xDF, 0xED, 0x39, 0x7F, 0x1A, 0x02, 0x12, 0xFB, 0xDF, 0x66, 0xE9, 0xF1, 0x9E, 0x24,
    0x85, 0xD2, 0x6E, 0x8C, 0x61, 0x70, 0x2A, 0x21, 0x58, 0x26, 0x41, 0x09, 0xD1, 0x32, 0x6E, 0x5D,
    0xA9, 0x6F, 0x60, 0x0D, 0xD8, 0x39, 0x05, 0xE3, 0x43, 0xD9, 0x38, 0xB4, 0xEC, 0x16, 0x6F, 0x07,
    0xEF, 0xEB, 0x9B, 0x69, 0x57, 0x0F, 0x2E, 0xAF, 0x1C, 0xEE, 0xD3, 0x59, 0xB4, 0xB5, 0x87, 0x37,
    0x8A, 0xCD, 0x37, 0x08, 0x9E, 0x31, 0x4B, 0x9B, 0x77, 0xCD, 0xC1, 0xB5, 0x29, 0x84, 0xC7, 0x6B,
    0xEC, 0x5E, 0x16, 0x8D, 0x6B, 0x50, 0x19, 0xF7, 0xA1, 0xA9, 0x21, 0x68, 0x21, 0x1D, 0x44, 0xED,
    0xE4, 0x28, 0x61, 0xB4, 0xCD, 0x12, 0xDD, 0x04, 0x08, 0xF8, 0xFD, 0x5B, 0xD9, 0x4D, 0x45, 0xD9,
    0x10, 0x7A, 0x76, 0xF0, 0xC1, 0x44, 0x43, 0xE2, 0x44, 0xBB, 0x76, 0x7A, 0x25, 0xBB, 0x41, 0x9D,
    0x9C, 0x82, 0xF8, 0x46, 0xCE, 0x42, 0x01, 0xD1, 0xFD, 0xCE, 0x31, 0xAD, 0x8F, 0x65, 0xA0, 0x84,
    0xCD, 0x85, 0xD1, 0x17, 0x0B, 0xAF, 0x51, 0xC8, 0xE0, 0x5B, 0x5F, 0x59, 0xB6, 0xFC, 0x44, 0xF6,
    0x66, 0x28, 0xAD, 0xFD, 0xDA, 0x62, 0x7F, 0x05, 0x46, 0x8A, 0xAE, 0xFB, 0x91, 0xCC, 0x17, 0x27,
    0x98, 0x3F, 0x66, 0x45, 0xCE, 0xEA, 0x82, 0x89, 0x20, 0x53, 0xD0, 0x52, 0x3E, 0x08, 0x5A, 0x90,
    0xE2, 0xE6, 0x62, 0x3B, 0x62, 0xB0, 0xC1, 0x0A, 0x5B, 0x10, 0x36, 0x2A, 0x38, 0x3B, 0xFA, 0x4C,
    0xBE, 0x8C, 0xE6, 0xAF, 0x2C, 0x9F, 0x7B, 0xE0, 0x92, 0x34, 0xB9, 0x87, 0x1D, 0xBA, 0x1F, 0x56,
    0x6E, 0x17, 0x94, 0x30, 0x78, 0xBD, 0x14, 0xB6, 0xFC, 0xC8, 0x41, 0x4D, 0x00, 0x17, 0xC2, 0x93,
    0xA7, 0xB6, 0x4B, 0x21, 0xC4, 0x56, 0xB2, 0x4F, 0xEF, 0x8F, 0xF5, 0xF1, 0x41, 0x2D, 0x2B, 0xB6,
    0xF0, 0xDC, 0xE4, 0xDC, 0x80, 0x50, 0x41, 0xFE, 0x21, 0xB0, 0x5D, 0x6D, 0x9F, 0x6F, 0x64, 0xE9,
    0x18, 0x7B, 0x9E, 0x59, 0x4E, 0xD5, 0xE1, 0x4A, 0x2B, 0x7F, 0x45, 0x87, 0xD8, 0x77, 0x09, 0xEF,
    0x1A, 0x14, 0x03, 0x31, 0x3B, 0x23, 0xF9, 0x44, 0xC2, 0x65, 0x3B, 0x18, 0xEA, 0x8E, 0x1A, 0x36,
    0x75, 0x52, 0x5C, 0x87, 0x0F, 0x71, 0xCF, 0x1B, 0x86, 0x16, 0x58, 0x58, 0xFD, 0x5A, 0x82, 0xEA,
    0xD0, 0x8E, 0x12, 0xF7, 0xE5, 0xC9, 0x3F, 0x0B, 0x5C, 0xDB, 0x58, 0xBE, 0x91, 0xE3, 0xC2, 0x29,
    0xF3, 0x1B, 0x22, 0xFD, 0x87, 0x43, 0x66, 0x83, 0xED, 0x46, 0x57, 0xEB, 0x1D, 0xA7, 0x39, 0x94,
    0xFA, 0x50, 0xAE, 0x64, 0x0C, 0x59, 0xAC, 0x41, 0x1C, 0x30, 0x89, 0x85, 0xDC, 0xEE, 0x35, 0x39,
    0xBC, 0x21, 0x87, 0x9D, 0xB4, 0x93, 0xDF, 0xD7, 0x31, 0x16, 0xBA, 0xB0, 0x3E, 0x1E, 0xCF, 0x5A,
    0xFF, 0x43, 0x14, 0xB0, 0x06, 0x4E, 0x78, 0xF2, 0x15, 0xC0, 0x28, 0xE6, 0x79, 0x62, 0x36, 0x31,
    0xDD, 0xDC, 0xD6, 0x53, 0x2C, 0x7F, 0x02, 0xAC, 0xD0, 0x2D, 0xFB, 0xF2, 0x0F, 0x69, 0x49, 0xAD,
    0x4B, 0xE9, 0x48, 0x11, 0x91, 0x5B, 0x23, 0x3D, 0x30, 0x25, 0xF5, 0x43, 0xCC, 0x78, 0x1A, 0xA5,
    0x9F, 0xE6, 0x7E, 0x6D, 0x13, 0xEB, 0x46, 0xF4, 0x8E, 0x80, 0x69, 0xC6, 0xEB, 0x64, 0xF9, 0xD0,
    0x09, 0xA1, 0x0D, 0xA1, 0x91, 0xA4, 0xDA, 0x77, 0x5B, 0xAF, 0xBA, 0xE4, 0xB6, 0x6E, 0x75, 0xC3,
    0x6D, 0x9D, 0xEA, 0x34, 0x2C, 0x33, 0x55, 0xF3, 0x7C, 0x5A, 0xA2, 0x0F, 0x17, 0xB6, 0xD8, 0xFD,
    0xD0, 0xC0, 0x37, 0x44, 0xA1, 0x46, 0xD2, 0x5A, 0x3E, 0xAF, 0x9C, 0xCF, 0x53, 0x44, 0x82, 0xC8,
    0x54, 0x85, 0xA9, 0xB0, 0x75, 0x8F, 0xFF, 0xA7, 0x3B, 0xCE, 0x77, 0x99, 0xB8, 0x37, 0x86, 0x82,
    0xE9, 0x78, 0x07, 0x5A, 0xA3, 0x1C, 0x32, 0x9D, 0x16, 0xA4, 0x58, 0x11, 0x4E, 0xE3, 0x28, 0xD2,
    0x95, 0x13, 0xA1, 0xCD, 0x40, 0x81, 0x35, 0xE0, 0x7D, 0x6C, 0xCE, 0xF4, 0xEA, 0x7E, 0xD9, 0xAC,
    0xD0, 0xE7, 0x41, 0xED, 0x88, 0x2F, 0x14, 0xBD, 0x66, 0xA6, 0x5C, 0xE1, 0x2B, 0x9B, 0x06, 0x73,
    0xE0, 0x81, 0xA0, 0xFF, 0xD1, 0xBD, 0x8A, 0x63, 0xA4, 0xC7, 0x92, 0x2E, 0xB6, 0xCD, 0x5C, 0xCB,
    0xAE, 0x48, 0x32, 0x47, 0x32, 0xB7, 0x15, 0x5D, 0x9C, 0x0F, 0x75, 0x0B, 0x94, 0x5D, 0xDE, 0x50,
    0xE0, 0x73, 0x89, 0x9F, 0xAB, 0xEB, 0x03, 0xC4, 0xC1, 0xEB, 0x37, 0xE9, 0x0B, 0xA5, 0x1C, 0x35,
    0x0A, 0x7D, 0xCE, 0x7A, 0x96, 0x95, 0xD7, 0xAB, 0x7E, 0x3A, 0x7C, 0x0A, 0x69, 0x96, 0xCE, 0xDF,
    0xD6, 0xAB, 0xB0, 0x4D, 0xCD, 0x05, 0x05, 0xDB, 0x6A, 0x42, 0xA0, 0x82, 0x60, 0xF1, 0x36, 0xED,
    0xA8, 0x6C, 0x34, 0x1F, 0xBE, 0x58, 0xAA, 0x72, 0x76, 0xDF, 0x62, 0x24, 0x83, 0x89, 0x87, 0x9F,
    0xE0, 0x68, 0xF4, 0x26, 0xF6, 0x73, 0x87, 0x59, 0xF3, 0xF4, 0xC6, 0x3A, 0xB5, 0x04, 0xCB, 0x45,
    0xE0, 0x88, 0xFB, 0x9C, 0xB2, 0xB7, 0xE4, 0xD6, 0x5D, 0x03, 0x45, 0x14, 0x20, 0xFA, 0x35, 0x5A,
    0x83, 0x27, 0xB3, 0x22, 0xA5, 0xEC, 0x1A, 0x94, 0xA2, 0x74, 0x59, 0x4C, 0xD8, 0x1E, 0x6D, 0x23,
    0x23, 0xE4, 0x17, 0xFD, 0x9D, 0x88, 0xC4, 0xF5, 0x3A, 0x84, 0x7F, 0x43, 0xA1, 0x11, 0x6D, 0x23,
    0x24, 0x0F, 0xD1, 0x58, 0x73, 0xAA, 0xBD, 0xDA, 0x9E, 0xD0, 0x02, 0x4C, 0x84, 0x43, 0x39, 0x92,
    0x58, 0xE6, 0xE4, 0xF0, 0xD0, 0xBE, 0x2B, 0x00, 0x91, 0x01, 0x8D, 0x2C, 0xCD, 0x29, 0xF5, 0x01,
    0xF4, 0x9A, 0x3D, 0x6E, 0xB5, 0x53, 0x4C, 0xD9, 0x1E, 0x46, 0xDC, 0xD3, 0xA7, 0x1F, 0x35, 0x12,
    0x38, 0xE1, 0x71, 0x8D, 0x24, 0x06, 0xD5, 0x9C, 0x6F, 0x20, 0x3A, 0xF0, 0xFE, 0x4E, 0x4B, 0x15,
    0x74, 0x72, 0xB9, 0x63, 0xC2, 0xED, 0xE5, 0x3A, 0xCB, 0x0F, 0x60, 0x49, 0xC0, 0x5F, 0x3E, 0x16,
    0x96, 0x69, 0xC2, 0xA2, 0x27, 0xF9, 0x5D, 0x95, 0xF0, 0xA1, 0x50, 0xFC, 0x4E, 0x19, 0xBF, 0xC9,
    0x8C, 0xF2, 0x71, 0x19, 0xBD, 0xA3, 0xEF, 0x79, 0x78, 0x0B, 0x9C, 0x07, 0x5F, 0xA6, 0xE1, 0x6D,
    0x0D, 0x94, 0xE2, 0x7F, 0x26, 0x5A, 0x67, 0x78, 0xBD, 0xFD, 0x89, 0x83, 0xC7, 0xD0, 0xE9, 0x6A,
    0x61, 0xA1, 0xCA, 0x75, 0x3A, 0x59, 0xA6, 0x04, 0x9B, 0x1E, 0x6C, 0xAA, 0x80, 0x22, 0x2E, 0xDA,
    0x2D, 0xD1, 0x1E, 0x93, 0x4D, 0x27, 0x0B, 0xC1, 0x3A, 0x79, 0xCF, 0x33, 0x65, 0xD1, 0x3A, 0x8D,
    0x07, 0xE0, 0x43, 0x78, 0xBD, 0x4D, 0xB8, 0xDF, 0xE1, 0x2D, 0x98, 0xFA, 0x47, 0x72, 0x89, 0x70,
    0xE9, 0xBC, 0x5C, 0xC7, 0xDB, 0xCF, 0x13, 0x6E, 0x7E, 0x73, 0x36, 0x7A, 0x63, 0x2A, 0x4E, 0xBB,
    0x1D, 0xFE, 0x05, 0xB3, 0x75, 0xAF, 0x83, 0x63, 0x28, 0xEF, 0xBA, 0xFF, 0x29, 0xB8, 0x7D, 0xBB,
    0xF6, 0xBE, 0x64, 0x35, 0x39, 0xD5, 0x72, 0x28, 0x29, 0xB5, 0x20, 0x42, 0xA2, 0x9C, 0xDB, 0x7D,
    0xE8, 0x46, 0xCF, 0xD0, 0x6A, 0x89, 0x01, 0xD6, 0xFB, 0x94, 0x40, 0x12, 0xB9, 0x04, 0xF9, 0x79,
    0xE8, 0x08, 0x24, 0xA6, 0x34, 0xF3, 0xB8, 0x4F, 0xF7, 0x5A, 0x30, 0xE3, 0x03, 0x62, 0x71, 0x47,
    0x7B, 0x3E, 0xD7, 0xCA, 0x08, 0x95, 0x92, 0x7C, 0x9B, 0x6D, 0xF5, 0x1B, 0xEC, 0x29, 0x10, 0x28,
    0x7C, 0x03, 0xED, 0x39, 0xF7, 0xCB, 0x61, 0xD2, 0x1F, 0x76, 0xF9, 0x8F, 0x11, 0x7A, 0xE8, 0x4B,
    0xE6, 0x0A, 0x6B, 0x8A, 0x6E, 0x28, 0xFC, 0x7D, 0x8D, 0x67, 0x64, 0x4D, 0x1F, 0xA8, 0x5F, 0xE6,
    0x33, 0xB4, 0xDD, 0x85, 0x86, 0x8A, 0xCE, 0x37, 0xA9, 0x12, 0x6C, 0x77, 0x87, 0x3C, 0xAF, 0x8D,
    0x4A, 0x8D, 0x05, 0x0E, 0x95, 0xC0, 0xAD, 0xEB, 0xA8, 0xD5, 0x23, 0x02, 0xF2, 0x84, 0xCF, 0xDE,
    0x62, 0x7D, 0x00, 0xF7, 0xD7, 0xC5, 0xA4, 0x7E, 0xB7, 0xE8, 0x81, 0xAC, 0xB4, 0xFA, 0x58, 0xD0,
    0x06, 0xA3, 0x99, 0x92, 0xB3, 0xAD, 0x4E, 0x2B, 0x46, 0x7D, 0x9C, 0x91, 0x23, 0xF8, 0x87, 0x7F,
    0x6F, 0x07, 0xE2, 0xA6, 0xEF, 0xAD, 0x18, 0xE2, 0xF3, 0x53, 0x8E, 0x6E, 0xD4, 0x7C, 0x89, 0xF6,
    0x19, 0xE2, 0x4F, 0x8D, 0x68, 0xA3, 0xE5, 0xD8, 0x47, 0x3D, 0x7C, 0x19, 0xD6, 0x72, 0x09, 0x5B,
    0x7D, 0x5A, 0xE7, 0xE8, 0x07, 0x64, 0xDB, 0x58, 0xFF, 0xE2, 0xAF, 0x24, 0x88, 0xA0, 0x0A, 0x3B,
    0x15, 0x8D, 0x92, 0x7D, 0x2A, 0xE8, 0xF2, 0x55, 0x58, 0xC5, 0x36, 0xE2, 0xF7, 0xB6, 0x39, 0x38,
    0xE8, 0xF8, 0x0C, 0x52, 0xE1, 0x11, 0xEF, 0xF3, 0x87, 0xCA, 0xE2, 0xEC, 0xB2, 0x47, 0x94, 0xA0,
    0x90, 0xE4, 0xD8, 0xC7, 0xFC, 0x7F, 0x86, 0x99, 0xFF, 0x52, 0x91, 0xF3, 0x74, 0x98, 0xDF, 0xFE,
    0x72, 0x62, 0xFC, 0x6D, 0xCC, 0xD4, 0xC3, 0x61, 0x1F, 0xB5, 0x60, 0x98, 0x16, 0xB8, 0x67, 0xEC,
    0x1A, 0x72, 0xDE, 0x60, 0xB8, 0x6F, 0x6C, 0x7E, 0xAF, 0x4B, 0x96, 0xE1, 0xE9, 0x5C, 0x32, 0xFC,
    0xA2, 0xE4, 0xE5, 0xD5, 0x0D, 0x7C, 0x46, 0x59, 0x18, 0x97, 0x18, 0xA3, 0x58, 0x23, 0xC5, 0x03,
    0x6F, 0x43, 0x4C, 0x5B, 0x87, 0x2C, 0xF6, 0x59, 0xEE, 0xBE, 0xED, 0xC5, 0xB0, 0x13, 0x43, 0xE0,
    0xBC, 0x79, 0x32, 0xB2, 0xFC, 0x0F, 0x9D, 0x90, 0x31, 0x4E, 0x03, 0x31, 0x10, 0x45, 0x9F, 0xBD,
    0x8A, 0x52, 0xA4, 0x58, 0x0A, 0xA8, 0x28, 0x42, 0x49, 0xE7, 0x1C, 0x80, 0x68, 0xB7, 0xA3, 0x4D,
    0xC1, 0x51, 0x28, 0xD1, 0xC6, 0x47, 0xE0, 0x1E, 0xB4, 0x29, 0x2D, 0x65, 0x8F, 0x60, 0x6E, 0xB0,
    0x35, 0x95, 0x8B, 0x14, 0x2E, 0x96, 0x98, 0x6F, 0x82, 0x28, 0x29, 0xB0, 0xFC, 0xBF, 0xAC, 0x99,
    0x3F, 0x7F, 0x66, 0x0C, 0x60, 0x4A, 0xA6, 0xFD, 0x28, 0xB8, 0xDE, 0xF9, 0x8E, 0xD6, 0x0F, 0xB4,
    0x0C, 0x8A, 0x77, 0x15, 0x1E, 0xD6, 0x27, 0x58, 0x95, 0x5E, 0x3A, 0x3D, 0xDC, 0xB9, 0x16, 0x28,
    0xEA, 0x46, 0x68, 0xE3, 0x3D, 0xAB, 0x18, 0x2E, 0x18, 0x55, 0xE7, 0xBB, 0xF7, 0xA3, 0xB4, 0xD2,
    0xDD, 0xA8, 0x78, 0x21, 0xB8, 0xFE, 0x62, 0xB4, 0x15, 0x1E, 0x84, 0x3B, 0xB0, 0xC5, 0xAF, 0xDF,
    0xD2, 0xD6, 0x9C, 0x02, 0x29, 0xF0, 0xBA, 0x97, 0x60, 0xA2, 0x2D, 0xB2, 0x9D, 0x6A, 0x2F, 0x3B,
    0x6F, 0x08, 0x07, 0xC2, 0x4C, 0x1E, 0x1E, 0x93, 0x53, 0xAF, 0x27, 0xB8, 0x86, 0x19, 0x32, 0x26,
    0x61, 0x23, 0xC6, 0xB3, 0x2F, 0xA5, 0x8C, 0x95, 0xE2, 0x8B, 0xCD, 0x4D, 0x7C, 0xB6, 0xD9, 0xC6,
    0x83, 0xCD, 0x26, 0x5E, 0xD9, 0x4C, 0x8F, 0x88, 0xFF, 0x52, 0x53, 0xE9, 0xF6, 0xAC, 0xC1, 0x8B,
    0x26, 0xFA, 0x39, 0xBB, 0x9A, 0x48, 0xBF, 0xA4, 0xE5, 0x59, 0xFA, 0x5A, 0x51, 0x93, 0x92, 0x4E,
    0x98, 0x89, 0x46, 0x0B, 0x94, 0x78, 0x2C, 0x71, 0x39, 0xF1, 0xF7, 0x95, 0x4B, 0xF3, 0xB9, 0x43,
    0xFE, 0x8B, 0xEF, 0xE5, 0xF4, 0xDF, 0xA1, 0xEE, 0x87, 0xDC, 0x3D, 0x5F, 0x15, 0xCE, 0x31, 0x0E,
    0x82, 0x30, 0x18, 0x06, 0xD0, 0xAF, 0xD6, 0xD0, 0x81, 0xC4, 0x32, 0xE0, 0x68, 0x58, 0x1D, 0x30,
    0x2C, 0x6E, 0x62, 0xFF, 0x1E, 0xA1, 0x83, 0x47, 0x71, 0x70, 0xD0, 0xD0, 0x23, 0x70, 0x14, 0x46,
    0x06, 0x63, 0x1A, 0x4F, 0xD0, 0x23, 0x70, 0x84, 0x0E, 0x0C, 0x0C, 0x4D, 0x2A, 0x9E, 0xE0, 0xBD,
    0x3D, 0x08, 0x95, 0x15, 0x0E, 0x01, 0x05, 0x33, 0x72, 0xAA, 0xAC, 0xC2, 0x08, 0x0D, 0x66, 0x20,
    0x16, 0xC8, 0x08, 0x22, 0x8C, 0xB9, 0x35, 0xD0, 0x99, 0x46, 0x33, 0xD7, 0x2A, 0x2D, 0x43, 0x13,
    0xC0, 0x34, 0x25, 0xD7, 0x25, 0x0F, 0xE0, 0xCC, 0x5C, 0xCB, 0x5D, 0x93, 0x6C, 0x9E, 0x00, 0x03,
    0xBC, 0xD2, 0xA7, 0xAC, 0xB9, 0xED, 0xA4, 0x27, 0xE9, 0x8E, 0x1B, 0x9D, 0x4F, 0x14, 0xEF, 0x87,
    0x61, 0xF7, 0x38, 0x51, 0xCC, 0x7A, 0x66, 0x6E, 0x22, 0x44, 0xF9, 0x9D, 0x1B, 0xEE, 0x5B, 0xA9,
    0x8B, 0x2D, 0x0C, 0xD3, 0x2B, 0xB0, 0x32, 0x2B, 0x26, 0xE6, 0x3F, 0x5C, 0xAA, 0xE7, 0x18, 0x7A,
    0x06, 0xAE, 0x45, 0x60, 0x11, 0x4F, 0xBC, 0x2F, 0x0B, 0x4D, 0xDC, 0x57, 0x50, 0xB8, 0xAE, 0x5F,
    0x8A, 0x79, 0xFC, 0x01, 0xDD, 0x5C, 0x6F, 0x6C, 0x1C, 0xD7, 0x71, 0x9F, 0xDD, 0xA5, 0xB8, 0x94,
    0x96, 0xE4, 0xDE, 0x07, 0xC9, 0x95, 0x2D, 0x52, 0x47, 0xB4, 0x42, 0x4B, 0x41, 0x14, 0x8F, 0xB5,
    0xAF, 0xC1, 0x41, 0x3E, 0x72, 0x9F, 0xED, 0x02, 0x69, 0x51, 0xA0, 0x61, 0x13, 0x53, 0x28, 0xE2,
    0xA6, 0x26, 0x82, 0x7C, 0x50, 0xED, 0xD6, 0x24, 0x0C, 0xB6, 0x65, 0x13, 0x89, 0xF7, 0x64, 0xB7,
    0x8D, 0x01, 0x07, 0x01, 0x0B, 0xA8, 0x6D, 0x60, 0xB8, 0x0D, 0x3F, 0x58, 0x48, 0x24, 0xC7, 0xD6,
    0x05, 0x11, 0x1A, 0x26, 0x25, 0x79, 0x6B, 0x09, 0xA8, 0x0B, 0x04, 0x68, 0xD6, 0xAE, 0x81, 0x04,
    0x51, 0x8B, 0xAC, 0x6B, 0x1B, 0x8E, 0xA5, 0x36, 0xDE, 0xC8, 0xA7, 0xFA, 0x24, 0x1F, 0x6F, 0x3B,
    0x33, 0xEF, 0xED, 0xF2, 0x28, 0xCB, 0x36, 0xFF, 0x4B, 0xEE, 0xDE, 0xED, 0xEE, 0xFD, 0xDB, 0x99,
    0x79, 0xF3, 0xE6, 0xCD, 0xFC, 0x66, 0xDE, 0xDB, 0x03, 0xE0, 0x6D, 0x27, 0xE8, 0xAD, 0xA6, 0xCF,
    0x56, 0xA4, 0x5F, 0xB8, 0x52, 0xBF, 0xE8, 0x02, 0x18, 0x3A, 0xFD, 0xB7, 0x23, 0x23, 0x23, 0x8F,
    0x3C, 0x2B, 0xBC, 0x58, 0x6D, 0xB0, 0x43, 0x9D, 0xDF, 0xC2, 0xEF, 0x45, 0x42, 0x22, 0x03, 0x76,
    0x72, 0xF1, 0x9E, 0x7A, 0x9F, 0x5B, 0x55, 0x14, 0xF6, 0xC4, 0xF5, 0xBC, 0x37, 0xE7, 0x35, 0x4E,
    0xC0, 0xB6, 0x33, 0x71, 0xA3, 0x37, 0x3F, 0xE9, 0xBD, 0xC7, 0x97, 0x36, 0xC4, 0x78, 0x21, 0x72,
    0x83, 0x1C, 0xBE, 0xBC, 0x0A, 0x10, 0x78, 0x81, 0x29, 0x60, 0xDB, 0xE9, 0x61, 0xBA, 0x24, 0xE7,
    0x43, 0xBA, 0xED, 0x80, 0xA6, 0x2D, 0x61, 0xE5, 0x56, 0xF5, 0x0B, 0xAF, 0xAE, 0x5F, 0x8C, 0xF7,
    0xE9, 0x17, 0xE5, 0x2E, 0xFD, 0x62, 0x61, 0x7E, 0x64, 0xE4, 0xA1, 0xD3, 0xCF, 0xC6, 0x51, 0x22,
    0x73, 0xE4, 0xA8, 0xF3, 0x35, 0x4D, 0xC5, 0xD4, 0xE7, 0xAC, 0x16, 0xBA, 0xA4, 0x54, 0x50, 0x0E,
    0x27, 0xE9, 0x64, 0xBC, 0xE3, 0x17, 0xA6, 0x4E, 0x8E, 0x8C, 0x3C, 0x1C, 0x3F, 0xA5, 0x28, 0x54,
    0xE2, 0xA0, 0x15, 0x4F, 0x35, 0xAF, 0xA1, 0x7E, 0xDE, 0x03, 0x1F, 0xB9, 0x19, 0xFE, 0x75, 0x1F,
    0x58, 0xD7, 0x7D, 0x60, 0xDE, 0x17, 0x2C, 0xFF, 0xC0, 0xBE, 0x2F, 0x5C, 0xFE, 0x81, 0x6B, 0x46,
    0xCD, 0xEF, 0x02, 0xE8, 0x84, 0xE6, 0x0F, 0xB0, 0xFD, 0x59, 0xD1, 0xFC, 0xC1, 0x54, 0x7C, 0xB1,
    0xD2, 0x68, 0xA6, 0x11, 0x65, 0x51, 0xE8, 0x66, 0x2E, 0x81, 0x51, 0x09, 0xC7, 0x9A, 0xE4, 0x30,
    0x82, 0xEB, 0xA5, 0x56, 0x1F, 0x54, 0x2E, 0x9E, 0x56, 0xDB, 0x49, 0xCD, 0xB1, 0x14, 0xA7, 0x9B,
    0x52, 0xC1, 0x8E, 0xA5, 0x0F, 0xE2, 0xEB, 0x1A, 0xB6, 0xED, 0xCC, 0xF5, 0x4D, 0x07, 0x36, 0x06,
    0x53, 0x2A, 0xBD, 0xB8, 0x0D, 0x54, 0xBE, 0x51, 0x11, 0x53, 0x7C, 0x71, 0x15, 0x86, 0x5B, 0x95,
    0x19, 0xE0, 0x36, 0x32, 0x9C, 0xDA, 0x93, 0x7D, 0x1B, 0x40, 0xC1, 0x1E, 0x03, 0x28, 0x5A, 0xF8,
    0x5D, 0xB7, 0x89, 0x34, 0x5D, 0xC0, 0x83, 0x43, 0x07, 0x4B, 0xE2, 0xC1, 0xF4, 0x89, 0x4F, 0x08,
    0x15, 0x81, 0x42, 0xC6, 0x02, 0x26, 0x48, 0x5D, 0x45, 0x0B, 0x5B, 0xD0, 0xE7, 0xE0, 0x37, 0x9D,
    0x2E, 0xB2, 0x71, 0x72, 0xA4, 0xF9, 0x79, 0x3A, 0x90, 0xB5, 0x18, 0x6C, 0x3B, 0xDC, 0xA4, 0xE1,
    0x66, 0xF9, 0x32, 0x30, 0x83, 0xDC, 0x88, 0x47, 0xD1, 0xC2, 0xB7, 0xDD, 0x36, 0x12, 0x71, 0x8D,
    0x30, 0xE1, 0xF6, 0x18, 0x4A, 0x6E, 0x9E, 0x23, 0x02, 0xE1, 0x17, 0x36, 0x80, 0x5B, 0xB2, 0xF9,
    0x4B, 0x76, 0xE1, 0x09, 0x8B, 0x3A, 0x2E, 0x0E, 0xE8, 0x64, 0xC5, 0x11, 0x11, 0xB7, 0x8E, 0xD7,
    0xE9, 0x62, 0x07, 0xE6, 0xA0, 0x4C, 0x63, 0x61, 0x90, 0x4E, 0x0E, 0xE4, 0xC6, 0x02, 0xD8, 0xE7,
    0x5C, 0xAC, 0xC4, 0xD2, 0xAC, 0x5B, 0xA4, 0xBF, 0x6C, 0x0D, 0xE2, 0xB7, 0x71, 0x9C, 0xE6, 0x49,
    0x43, 0xD0, 0x83, 0xA7, 0x4E, 0x24, 0x55, 0x40, 0xC1, 0xF0, 0x54, 0x54, 0xA3, 0xDB, 0x83, 0x2C,
    0xD1, 0x47, 0x7B, 0xA0, 0x4E, 0xB0, 0x63, 0x65, 0xEE, 0xCF, 0x0B, 0x6D, 0xCD, 0xDB, 0x91, 0xB4,
    0x2B, 0x23, 0xF0, 0xCE, 0x05, 0x90, 0x3D, 0xEF, 0x83, 0xE9, 0x08, 0x26, 0x06, 0x07, 0x15, 0x09,
    0xE2, 0x4C, 0xB2, 0x98, 0xE7, 0x82, 0x49, 0xEB, 0x7C, 0xAD, 0xE1, 0xD8, 0x57, 0x1B, 0xAE, 0x11,
    0x15, 0xBB, 0xF1, 0xE3, 0xB6, 0x74, 0x44, 0x6C, 0xE7, 0x9F, 0x11, 0x1D, 0x60, 0x4A, 0xC0, 0xB4,
    0x40, 0x51, 0x53, 0xF4, 0x14, 0x45, 0x45, 0x53, 0x51, 0xD5, 0x0A, 0x22, 0xCA, 0x7B, 0x81, 0x68,
    0x7B, 0x92, 0xA8, 0x97, 0x24, 0xD1, 0x77, 0xA1, 0x9B, 0x7F, 0xD2, 0x96, 0xEA, 0x0C, 0x47, 0x78,
    0x89, 0x9A, 0xA3, 0x3F, 0xBA, 0x03, 0x6D, 0x35, 0x00, 0xD4, 0xD7, 0xB9, 0x9A, 0x25, 0xE6, 0x2C,
    0x18, 0xB4, 0xC4, 0x10, 0x2A, 0xC5, 0x88, 0x7F, 0x0A, 0xFB, 0x91, 0x5F, 0xFF, 0xAE, 0xB1, 0x7A,
    0x29, 0x0E, 0x4B, 0xCA, 0xBA, 0x0C, 0x96, 0x41, 0x3D, 0x1D, 0xD4, 0x02, 0x3F, 0x4D, 0xFA, 0xA6,
    0xB5, 0xA3, 0x38, 0x79, 0x76, 0x31, 0x26, 0xA9, 0x42, 0x2B, 0x70, 0xA4, 0x8B, 0x02, 0x4E, 0xA0,
    0x60, 0x4B, 0xC3, 0xC3, 0x60, 0xC5, 0x39, 0x3C, 0x9A, 0xB2, 0x7F, 0x1F, 0xB1, 0x82, 0x49, 0xFC,
    0x01, 0x7C, 0x40, 0x47, 0x01, 0x8F, 0x46, 0xDD, 0x3B, 0x31, 0x7E, 0xB8, 0x12, 0xB9, 0x64, 0xD5,
    0xD2, 0xC4, 0x03, 0xDA, 0xD4, 0x11, 0xEA, 0x4D, 0x09, 0x6E, 0x1C, 0xC2, 0x5E, 0xF4, 0x60, 0x45,
    0xDD, 0x74, 0x0F, 0x5A, 0xA5, 0x17, 0x60, 0x1B, 0xD1, 0x9B, 0x5A, 0xF8, 0x1D, 0x2C, 0xE0, 0x87,
    0x55, 0x65, 0x0B, 0x96, 0x30, 0x50, 0xBA, 0x4A, 0xD4, 0x69, 0xC7, 0xF5, 0x8E, 0xEC, 0xD5, 0xF9,
    0x8E, 0x29, 0xE8, 0x74, 0xAA, 0xB0, 0x03, 0xAD, 0xAC, 0x13, 0xF7, 0xAE, 0xEC, 0x55, 0xB3, 0x56,
    0xA8, 0xC4, 0x61, 0x39, 0x1B, 0x0B, 0xC1, 0xF6, 0xF3, 0xD5, 0x30, 0x1A, 0xAD, 0xF8, 0x27, 0x61,
    0x9A, 0xDE, 0xC9, 0xDF, 0x16, 0xFF, 0x99, 0xA9, 0x84, 0xDF, 0xE3, 0x77, 0xD0, 0xFE, 0xBD, 0xF6,
    0xAF, 0x5F, 0xEC, 0x35, 0x47, 0x3B, 0x8E, 0xD7, 0x48, 0x56, 0xF8, 0xE5, 0xBF, 0x82, 0xDF, 0xBD,
    0x04, 0xD1, 0xAF, 0x40, 0x7C, 0x0E, 0x4E, 0xD9, 0x30, 0xAD, 0x5C, 0x68, 0x4B, 0x06, 0x1E, 0x19,
    0x8F, 0x2F, 0x51, 0x5F, 0xB5, 0xC0, 0x6E, 0x54, 0xED, 0xF6, 0xA8, 0x73, 0xF7, 0x73, 0x67, 0xEF,
    0x10, 0xF0, 0x5B, 0x00, 0x5F, 0xE1, 0xE7, 0xD3, 0x00, 0x7F, 0x00, 0xF0, 0xFB, 0xE0, 0xFC, 0x2B,
    0xA0, 0x8B, 0xBC, 0x78, 0xBA, 0x76, 0xDB, 0x29, 0xD1, 0xD6, 0xD6, 0xB2, 0xC3, 0x32, 0xCD, 0xE7,
    0x7A, 0xA0, 0xBF, 0x0A, 0x2D, 0xC5, 0x23, 0x43, 0xA8, 0x16, 0x99, 0x93, 0xE4, 0x42, 0x4D, 0xB4,
    0xC1, 0x3E, 0x6C, 0xEA, 0x2C, 0x2C, 0x42, 0x05, 0x2D, 0x57, 0x6D, 0xFB, 0x60, 0x08, 0xA6, 0xA0,
    0x5D, 0x77, 0x7D, 0x98, 0x3C, 0x23, 0x6E, 0xBF, 0xE7, 0x83, 0xED, 0x93, 0xDB, 0x34, 0xD5, 0xF3,
    0x85, 0xD0, 0x78, 0xA9, 0x0A, 0x68, 0xDF, 0x5E, 0xA8, 0x9C, 0x07, 0x46, 0x27, 0x8A, 0x31, 0x3E,
    0xEC, 0xDB, 0x0D, 0x43, 0x1E, 0x4C, 0x79, 0xD0, 0xBE, 0x1D, 0x60, 0x17, 0x98, 0xB1, 0xEF, 0xC6,
    0x51, 0xEE, 0xDE, 0x08, 0x35, 0x3B, 0x0E, 0x70, 0x16, 0x2D, 0x44, 0x40, 0x2E, 0x04, 0x07, 0x9B,
    0x5C, 0x67, 0x7D, 0xE3, 0x33, 0xAF, 0xFD, 0x90, 0x59, 0x05, 0xAB, 0x9A, 0x58, 0x1E, 0xB8, 0xD8,
    0xE4, 0x12, 0x92, 0x47, 0xAF, 0x49, 0x03, 0xCF, 0x91, 0xCA, 0x4A, 0xDB, 0x95, 0xA1, 0x81, 0xFB,
    0x3A, 0xEE, 0xE8, 0xDE, 0xCC, 0x18, 0xF9, 0x1A, 0x78, 0x0D, 0xBB, 0x04, 0x14, 0xB2, 0x02, 0x1E,
    0x0E, 0xA1, 0x2C, 0xF6, 0xAC, 0xF1, 0x8C, 0xA2, 0x54, 0xC1, 0x7E, 0x14, 0xCE, 0xE3, 0xA2, 0x03,
    0xAD, 0x01, 0x2F, 0x3A, 0x3E, 0x87, 0xBD, 0x97, 0x8B, 0xAB, 0x53, 0x49, 0xD4, 0xCA, 0x3D, 0x2B,
    0xB5, 0xE7, 0x14, 0x60, 0x86, 0xD4, 0x16, 0x7C, 0xE2, 0x8B, 0xF4, 0x69, 0x34, 0x3D, 0xE1, 0x86,
    0xCF, 0x80, 0x0D, 0xE7, 0xBB, 0xF8, 0xB2, 0x24, 0x1A, 0xD8, 0x94, 0x16, 0xE8, 0xC7, 0xF7, 0x1E,
    0x1E, 0xD5, 0x63, 0xAF, 0x7E, 0x74, 0x2E, 0x7B, 0x74, 0xB0, 0xDD, 0x73, 0x4B, 0x0F, 0xFA, 0x4A,
    0x0F, 0x59, 0xA4, 0xE4, 0x49, 0x35, 0x66, 0x1D, 0x7A, 0x8D, 0x0A, 0x59, 0x40, 0x4D, 0x85, 0x83,
    0xA8, 0xFE, 0x2C, 0x2A, 0xDF, 0xC5, 0xDD, 0x06, 0xE3, 0xDA, 0x19, 0xF4, 0x48, 0x31, 0x7E, 0xFF,
    0x26, 0x2C, 0x79, 0x83, 0x39, 0x38, 0xF4, 0x6C, 0x04, 0x39, 0x1C, 0x08, 0x66, 0x03, 0x56, 0x2E,
    0x03, 0x64, 0xE5, 0x21, 0x39, 0x8E, 0x9D, 0x3C, 0x25, 0x46, 0x81, 0xC9, 0x18, 0xA8, 0x31, 0x14,
    0xCB, 0xBD, 0x04, 0x83, 0xD2, 0x23, 0xC1, 0x8E, 0x52, 0xF0, 0x8F, 0xC8, 0x17, 0x06, 0x24, 0x5B,
    0x40, 0x00, 0xA5, 0x31, 0x8D, 0xE3, 0xAC, 0xB2, 0x88, 0xDF, 0x66, 0x63, 0x92, 0x7D, 0x0F, 0xF9,
    0x35, 0x1A, 0x9D, 0x48, 0xC0, 0x83, 0x3D, 0x11, 0x76, 0x0F, 0xF6, 0x8F, 0x1D, 0x2F, 0x6A, 0x6F,
    0x96, 0x99, 0xAD, 0xD7, 0x67, 0x71, 0x9B, 0xC4, 0xAD, 0xA0, 0xB6, 0x7C, 0x1A, 0xB0, 0xCF, 0xA6,
    0x58, 0xA7, 0x4E, 0x26, 0x75, 0x94, 0x0E, 0x45, 0x3E, 0xD0, 0x78, 0xEE, 0x43, 0x0D, 0x98, 0xB5,
    0xD2, 0xC9, 0xC3, 0x68, 0x4B, 0x38, 0x78, 0x05, 0x8E, 0xE0, 0xE9, 0x65, 0xEE, 0x9A, 0x7C, 0xB8,
    0x41, 0x97, 0x5B, 0xB5, 0xD4, 0x6D, 0xD1, 0x88, 0xE9, 0x80, 0x41, 0x0F, 0x2A, 0x1E, 0xF4, 0xB1,
    0x4B, 0x42, 0xD3, 0x45, 0x03, 0x33, 0x17, 0xB9, 0x75, 0xAE, 0xDF, 0x65, 0xFB, 0x05, 0x2B, 0xCC,
    0x1B, 0x41, 0xC1, 0xF0, 0x87, 0xC6, 0x64, 0x2E, 0x06, 0xA7, 0xCE, 0xD7, 0x00, 0x5E, 0x25, 0x7A,
    0xA0, 0xE4, 0xA1, 0x58, 0x78, 0xE5, 0x6A, 0xC5, 0x22, 0xBB, 0x62, 0x78, 0x60, 0x52, 0x90, 0xE9,
    0x78, 0x10, 0x5B, 0xE8, 0xE5, 0x90, 0x54, 0x77, 0xDB, 0x5A, 0x5A, 0xE8, 0x62, 0x40, 0x43, 0x93,
    0xC6, 0xC0, 0x3C, 0x34, 0x86, 0x3D, 0x9E, 0xE1, 0x6E, 0x77, 0xE2, 0x13, 0xF8, 0x21, 0x59, 0x1D,
    0x69, 0xD7, 0x0C, 0xD9, 0xBB, 0x90, 0xC9, 0xE0, 0x38, 0xC6, 0x2E, 0x3D, 0x46, 0xE3, 0xA4, 0x41,
    0x87, 0x82, 0x1A, 0x31, 0x1C, 0x76, 0x78, 0x0C, 0x91, 0x86, 0xEE, 0xF0, 0x81, 0xFC, 0x20, 0x5A,
    0x0A, 0x0A, 0x68, 0x8C, 0xC0, 0x9A, 0x18, 0x01, 0x8F, 0x26, 0x4D, 0x7E, 0xE9, 0xF0, 0x51, 0x8C,
    0xA6, 0x13, 0xBD, 0xA8, 0x9E, 0x5A, 0x06, 0xAB, 0xB6, 0x44, 0x02, 0x0C, 0x2A, 0xB6, 0x24, 0x4F,
    0x81, 0x40, 0x02, 0xC7, 0x39, 0x01, 0x01, 0x94, 0x04, 0x0D, 0xBC, 0x38, 0x74, 0x78, 0xD6, 0x8B,
    0x23, 0xF2, 0x1C, 0x6D, 0x1C, 0xC6, 0x2A, 0x2A, 0x4C, 0x2B, 0x44, 0xB8, 0x82, 0xAB, 0x0C, 0x49,
    0x41, 0xC2, 0x62, 0x0F, 0x42, 0xFD, 0xAF, 0x7F, 0xC0, 0x54, 0x0A, 0xFC, 0x44, 0xCF, 0x12, 0xFE,
    0x51, 0xC5, 0x2F, 0xC5, 0xEC, 0x00, 0xD1, 0x43, 0xE6, 0x04, 0x8D, 0xF6, 0xCE, 0x34, 0x92, 0xAD,
    0x92, 0x02, 0x6F, 0x03, 0xEA, 0xA4, 0xA0, 0x77, 0xA6, 0xC6, 0x90, 0x29, 0xA4, 0xE0, 0x11, 0x99,
    0xC1, 0x1C, 0xD2, 0x8C, 0x2C, 0xBF, 0x98, 0x9E, 0xE0, 0xEA, 0x83, 0x8D, 0x3F, 0xDE, 0x49, 0xBE,
    0x23, 0xAE, 0x21, 0xB9, 0xCA, 0x62, 0xAE, 0x9A, 0x67, 0xC2, 0x34, 0x82, 0x7B, 0x15, 0x36, 0xC9,
    0x73, 0x24, 0x34, 0x22, 0x85, 0x4D, 0x7C, 0xEE, 0x98, 0x18, 0xDE, 0x8F, 0x4D, 0x54, 0xD8, 0x6E,
    0xC2, 0xCF, 0xD6, 0x2B, 0x7C, 0x2A, 0x1C, 0xE3, 0xD3, 0xBC, 0x3A, 0x15, 0x77, 0xDF, 0x4C, 0x01,
    0x49, 0xA5, 0xCA, 0xC9, 0xD7, 0x35, 0x56, 0x88, 0x15, 0xA0, 0xAF, 0x72, 0x32, 0x93, 0xC9, 0x0A,
    0x9B, 0x2C, 0x2A, 0x3A, 0xCA, 0xBE, 0xDD, 0x88, 0x22, 0x4E, 0x0E, 0x30, 0xC9, 0x50, 0x74, 0xE3,
    0x37, 0x1E, 0x88, 0x41, 0x4B, 0x43, 0x9C, 0x17, 0xC8, 0x38, 0xB5, 0x3C, 0x89, 0x40, 0x89, 0x44,
    0x89, 0x48, 0x89, 0x4C, 0x89, 0x50, 0xA9, 0x54, 0x37, 0x12, 0xCB, 0xD2, 0x03, 0xC0, 0xD1, 0x2E,
    0xCB, 0xF4, 0x3F, 0x28, 0x67, 0xB9, 0x05, 0xDB, 0xD1, 0x96, 0xC2, 0x45, 0xEE, 0xEA, 0xA9, 0xF4,
    0xED, 0xD2, 0x61, 0x30, 0xC5, 0x95, 0xFD, 0x70, 0x3B, 0xC0, 0x5E, 0x03, 0x83, 0x93, 0xEB, 0x20,
    0x21, 0xD7, 0x3B, 0xDE, 0x00, 0xB7, 0x86, 0x4C, 0x9C, 0x10, 0xA3, 0x06, 0xC2, 0x50, 0x77, 0x18,
    0x01, 0xE5, 0x5C, 0x65, 0x71, 0x64, 0xAC, 0x4A, 0xB9, 0x91, 0x6F, 0x54, 0x88, 0xDF, 0xFB, 0x78,
    0xEC, 0xA4, 0xB7, 0x53, 0x74, 0x68, 0xD0, 0xA1, 0xB8, 0x7E, 0x1E, 0xC6, 0x0C, 0x35, 0x92, 0x10,
    0x40, 0x8E, 0x90, 0xE4, 0x64, 0x0A, 0x7F, 0x59, 0x0B, 0x75, 0xC0, 0xCC, 0xA1, 0x72, 0x6F, 0x03,
    0x18, 0x57, 0x28, 0x1F, 0x45, 0x30, 0x85, 0x10, 0x91, 0x06, 0xCE, 0x9C, 0xDA, 0x26, 0x2A, 0xD4,
    0x87, 0xBE, 0x14, 0x56, 0x23, 0x52, 0x79, 0x18, 0x23, 0x0E, 0x41, 0x8C, 0x12, 0xE1, 0x49, 0xE3,
    0x7E, 0x9D, 0x75, 0x71, 0x4A, 0xCF, 0xA9, 0xF9, 0x75, 0xB9, 0xDE, 0xCD, 0x10, 0x48, 0x81, 0x6D,
    0x57, 0xF4, 0x03, 0xBC, 0x4B, 0xE8, 0x21, 0xF4, 0x6A, 0x0A, 0x1F, 0x33, 0x04, 0x61, 0x10, 0xAC,
    0xD8, 0x33, 0x52, 0x62, 0xAC, 0x7D, 0xA0, 0xA6, 0xD0, 0x15, 0x21, 0x08, 0x62, 0x6D, 0x05, 0x79,
    0x32, 0x3D, 0xB2, 0x21, 0xC2, 0x7B, 0x66, 0xE8, 0x9D, 0x3C, 0x5C, 0xF1, 0x09, 0x73, 0x93, 0xB9,
    0x36, 0x79, 0xFA, 0x7E, 0x62, 0x47, 0x74, 0x36, 0x8F, 0x47, 0x0B, 0x69, 0x81, 0xF8, 0x78, 0x1E,
    0x19, 0xC7, 0x13, 0x89, 0xBA, 0x9B, 0x34, 0x3D, 0x87, 0x4D, 0x26, 0x20, 0x20, 0x11, 0xE6, 0x74,
    0xFA, 0xF8, 0xB3, 0xDE, 0x10, 0x9D, 0xED, 0xC0, 0x38, 0x4B, 0x10, 0xE8, 0xC3, 0xEA, 0x61, 0x0E,
    0xF5, 0x1A, 0x8B, 0x4F, 0xF9, 0xC2, 0x35, 0x4C, 0x0A, 0x10, 0xDE, 0x15, 0xBD, 0x2C, 0x36, 0x6A,
    0x88, 0xE0, 0x6E, 0x5B, 0x5E, 0x0F, 0xB9, 0x6D, 0xE0, 0x3D, 0x83, 0x9E, 0x3F, 0x17, 0x23, 0x2E,
    0xB5, 0x63, 0x1F, 0x23, 0x59, 0xAB, 0xDF, 0x49, 0xAE, 0xD4, 0x25, 0x02, 0xAE, 0xDF, 0x5A, 0xA7,
    0x3E, 0x8A, 0xA8, 0x59, 0x48, 0xF5, 0xC0, 0x74, 0x42, 0x59, 0x20, 0x65, 0x2B, 0x44, 0xCA, 0xD6,
    0xEB, 0x48, 0xB9, 0xEF, 0x91, 0x2C, 0xB5, 0x91, 0x42, 0xC4, 0x3A, 0x28, 0xEF, 0xBA, 0xBF, 0xD4,
    0x28, 0x35, 0xD2, 0x64, 0x58, 0x25, 0xC7, 0x2A, 0x40, 0x2F, 0x2B, 0x6B, 0x28, 0x17, 0x55, 0x57,
    0xCE, 0x80, 0xDA, 0xEA, 0x56, 0xA8, 0x53, 0xBA, 0x28, 0x27, 0x87, 0x5E, 0xC6, 0x3C, 0xBD, 0x40,
    0x9D, 0xD3, 0xFF, 0x00, 0x1D, 0xDD, 0xB8, 0x8A, 0xBA, 0xB2, 0x6B, 0x13, 0x3C, 0x7E, 0x27, 0x86,
    0xA8, 0xEA, 0x14, 0x65, 0xDF, 0x1A, 0x39, 0x13, 0x07, 0x54, 0xF3, 0x41, 0x8D, 0x55, 0x54, 0xD5,
    0x47, 0xA0, 0xC1, 0x9B, 0xFF, 0x45, 0xC6, 0x70, 0x99, 0xC2, 0x74, 0x90, 0x82, 0xBB, 0x2C, 0x8D,
    0x93, 0x0A, 0xD1, 0x7D, 0x8F, 0x00, 0x92, 0x3F, 0x4F, 0x39, 0x18, 0x76, 0x95, 0x05, 0x59, 0x82,
    0x01, 0x98, 0xD8, 0x5B, 0xD7, 0x2A, 0x62, 0x27, 0xA2, 0x25, 0x89, 0x9D, 0xF4, 0x65, 0x91, 0xA7,
    0xEF, 0xF3, 0x94, 0x3C, 0x16, 0x08, 0x08, 0x14, 0x29, 0x7E, 0xE6, 0x84, 0xB3, 0xAC, 0x93, 0x1E,
    0x91, 0x49, 0xCD, 0x8A, 0xC0, 0x04, 0x59, 0x05, 0xEF, 0xA1, 0x7A, 0x6F, 0xB2, 0xFB, 0x84, 0x56,
    0x6C, 0x77, 0x3F, 0xEE, 0x79, 0xDC, 0x3D, 0x51, 0xC6, 0x1C, 0xE7, 0x2C, 0xBE, 0x9F, 0xC0, 0xC8,
    0x55, 0xD0, 0x03, 0xAA, 0x70, 0x68, 0xE4, 0xB3, 0xB5, 0x0A, 0xEA, 0xB1, 0xA4, 0xEA, 0x38, 0x42,
    0x85, 0x41, 0x52, 0x05, 0xB9, 0x62, 0x4E, 0x17, 0x69, 0x0F, 0xD4, 0xDE, 0x44, 0x5B, 0xE9, 0xB4,
    0x79, 0x27, 0xF4, 0x3B, 0x81, 0xFB, 0x24, 0x3A, 0xB7, 0x02, 0x05, 0xFA, 0xBC, 0xDA, 0x7B, 0xF1,
    0xF5, 0x38, 0xB9, 0x63, 0x72, 0xC5, 0xE4, 0x86, 0xD9, 0x05, 0x27, 0xEE, 0x17, 0x47, 0x85, 0x49,
    0xAD, 0xBA, 0x80, 0xCE, 0x8D, 0x21, 0xD5, 0x22, 0x3B, 0x6D, 0xE3, 0x4C, 0x8C, 0xA6, 0xBA, 0x08,
    0xDE, 0xB5, 0xFB, 0x93, 0xB8, 0x99, 0x0A, 0x9D, 0x24, 0xB9, 0x7D, 0xDA, 0x63, 0xF6, 0x27, 0x7E,
    0x62, 0x1B, 0x29, 0x5B, 0xA8, 0xDC, 0xC3, 0xD5, 0x75, 0x17, 0x96, 0xCD, 0xD0, 0x3B, 0x54, 0x51,
    0x36, 0x8A, 0xC8, 0xB3, 0x4D, 0xB2, 0xE5, 0x6F, 0x2C, 0x1B, 0x77, 0x1F, 0x09, 0x63, 0xD1, 0x20,
    0x70, 0x29, 0x43, 0xCB, 0x66, 0x29, 0xDD, 0x73, 0x4A, 0x78, 0x8D, 0xF3, 0x20, 0x26, 0xDB, 0xCE,
    0xA7, 0x10, 0x93, 0xB9, 0xE8, 0xB1, 0xDC, 0x45, 0xCB, 0xDF, 0xF5, 0x40, 0xE3, 0x3E, 0x9F, 0xCA,
    0x58, 0xD2, 0x69, 0x38, 0x1C, 0x6B, 0x6E, 0x5F, 0x77, 0xF6, 0xC3, 0x1F, 0x90, 0x04, 0xF4, 0x8B,
    0x4B, 0xAC, 0x18, 0x60, 0x34, 0xA5, 0x2D, 0x7A, 0x5D, 0x03, 0x7C, 0xD3, 0x28, 0x63, 0x8E, 0x0C,
    0xBF, 0xA8, 0xD3, 0xD8, 0xA3, 0xC1, 0x17, 0xA5, 0xB5, 0xCC, 0x51, 0x27, 0x6C, 0xC0, 0x4B, 0x51,
    0x4E, 0xCE, 0xF2, 0x20, 0x35, 0x23, 0xEB, 0x0B, 0x5F, 0xAC, 0x9D, 0xFA, 0x19, 0xF5, 0x18, 0xCC,
    0x64, 0xE5, 0x95, 0xF2, 0x98, 0xE4, 0x64, 0x37, 0x63, 0x46, 0x25, 0x59, 0xE5, 0x22, 0x6A, 0xA7,
    0xDF, 0xE5, 0xBB, 0xA1, 0x2B, 0x6A, 0xCB, 0x3E, 0x27, 0xD1, 0xBE, 0x32, 0xF3, 0xC3, 0xE0, 0x2A,
    0x25, 0x64, 0xF3, 0x3F, 0x78, 0x71, 0x81, 0x0A, 0xCD, 0xD9, 0x4B, 0xFE, 0x97, 0xE2, 0x64, 0xC0,
    0x1D, 0x92, 0x03, 0x98, 0xEB, 0x0D, 0x89, 0x9E, 0xEB, 0xDE, 0x65, 0xF2, 0x98, 0xB0, 0xF5, 0xF6,
    0xF6, 0x60, 0x8F, 0x3B, 0x72, 0x01, 0xEE, 0x16, 0x9F, 0x10, 0x7B, 0x49, 0xB2, 0x9E, 0xF1, 0x81,
    0xA1, 0x90, 0x7C, 0xF3, 0xAE, 0x6F, 0x52, 0xA5, 0x76, 0x66, 0x74, 0x36, 0x1C, 0xF4, 0xB3, 0xD2,
    0x65, 0x7C, 0x30, 0x84, 0xED, 0x7C, 0x53, 0x9E, 0xF3, 0x55, 0xE8, 0x8E, 0x21, 0x16, 0x0B, 0x5C,
    0x8C, 0x3A, 0x00, 0x77, 0x89, 0x0A, 0x1A, 0x9C, 0xAA, 0xA2, 0x76, 0xB5, 0x75, 0x4D, 0x5A, 0x41,
    0xFF, 0xF0, 0x78, 0x19, 0xAD, 0x6E, 0xD4, 0xA8, 0x59, 0xBF, 0x69, 0x9D, 0xB8, 0xA3, 0x7E, 0x77,
    0xA8, 0xE2, 0xBA, 0x27, 0x2B, 0xBE, 0x27, 0x5A, 0xF1, 0xAB, 0x09, 0x8C, 0x7D, 0xF3, 0x48, 0x11,
    0x9D, 0x98, 0x70, 0xA5, 0xE3, 0xDB, 0xBE, 0xA5, 0x1F, 0x26, 0x3D, 0x64, 0x06, 0xE4, 0x04, 0x04,
    0x75, 0x23, 0x98, 0xB7, 0x7C, 0x2F, 0xF6, 0x31, 0xA1, 0xC3, 0xE0, 0xEF, 0x2A, 0xD8, 0xEE, 0x33,
    0xB2, 0x4E, 0x9E, 0xBA, 0x8E, 0x21, 0x21, 0x63, 0xB4, 0x4D, 0x38, 0xED, 0x75, 0xA7, 0x6B, 0xDE,
    0xAD, 0x63, 0x38, 0xCD, 0x35, 0x42, 0xB7, 0x7A, 0x83, 0x4B, 0xCC, 0xA6, 0x4B, 0x68, 0x9B, 0xA4,
    0x1C, 0x06, 0x41, 0x05, 0x76, 0x40, 0x1F, 0x8F, 0x28, 0x0F, 0x5F, 0x57, 0xD9, 0x65, 0x46, 0x9C,
    0x66, 0x4A, 0xAA, 0x5F, 0x61, 0x8A, 0xE2, 0xBC, 0x31, 0x63, 0xC7, 0x91, 0x91, 0xD4, 0x61, 0x31,
    0x47, 0xB5, 0x10, 0x92, 0xC4, 0xD0, 0xED, 0x8A, 0x82, 0x2D, 0x07, 0x2C, 0x7F, 0xDC, 0xF4, 0x67,
    0xF8, 0x59, 0xB6, 0xE4, 0xFC, 0x18, 0xA0, 0x17, 0xCE, 0x21, 0x22, 0x11, 0xB0, 0x7F, 0x9B, 0xF4,
    0xE2, 0x00, 0x5B, 0x61, 0x1C, 0x4E, 0x78, 0x2F, 0x49, 0x13, 0x70, 0x55, 0x22, 0x62, 0x83, 0xAB,
    0xB1, 0x39, 0x16, 0x55, 0x1E, 0x90, 0x61, 0x47, 0x62, 0xA3, 0x9E, 0x5C, 0x31, 0x8F, 0xA6, 0x46,
    0xD9, 0x7F, 0x0E, 0xBF, 0x74, 0xE5, 0x51, 0x6C, 0xD2, 0x59, 0xF4, 0x44, 0x28, 0xDE, 0xAB, 0xA8,
    0xD8, 0xCB, 0x28, 0xD0, 0xBB, 0xB8, 0xFF, 0xB3, 0x54, 0xF6, 0xEB, 0x69, 0x67, 0xB0, 0x5B, 0xC7,
    0xCE, 0x3E, 0x8D, 0xDD, 0x4A, 0x3A, 0xFA, 0xBE, 0x2D, 0xC0, 0xF8, 0x11, 0x72, 0x3E, 0x8F, 0x02,
    0x9C, 0x0F, 0xC1, 0x7E, 0x0C, 0x8D, 0x17, 0x59, 0xBB, 0xC8, 0xA9, 0x1F, 0x7B, 0xB6, 0x88, 0x04,
    0xE6, 0xD0, 0x5C, 0xCE, 0x22, 0xDF, 0x1E, 0x74, 0x9E, 0x0A, 0xD1, 0x22, 0x56, 0x1D, 0xAA, 0x43,
    0x79, 0x10, 0xA2, 0xBD, 0xD0, 0xF8, 0x43, 0x6E, 0x5B, 0x03, 0x8C, 0x4F, 0xA5, 0x75, 0x3E, 0x41,
    0x6A, 0x56, 0x09, 0x0F, 0xB9, 0x46, 0xA5, 0xDA, 0x9E, 0xED, 0x50, 0x76, 0x65, 0xE4, 0x9D, 0x0B,
    0xB2, 0xE7, 0x7D, 0x2A, 0x4F, 0xBA, 0x3C, 0xBC, 0x8B, 0xEC, 0x25, 0x51, 0xFA, 0x97, 0x03, 0xEB,
    0x7C, 0xCD, 0xF9, 0x64, 0xCD, 0x35, 0xA2, 0x2E, 0x0D, 0x0F, 0x2D, 0x69, 0x47, 0xE8, 0xC3, 0xCB,
    0xA8, 0x82, 0x32, 0x44, 0x56, 0xE8, 0xF8, 0x39, 0x39, 0xCF, 0xA0, 0xC9, 0x09, 0xB3, 0x72, 0x08,
    0xAF, 0x2D, 0xE3, 0x23, 0x40, 0x79, 0x17, 0xD0, 0x22, 0xB7, 0xB3, 0x9A, 0xF6, 0xB1, 0x43, 0x2C,
    0x12, 0x86, 0x72, 0xE2, 0xC0, 0x88, 0xD1, 0x95, 0x82, 0xF5, 0xA2, 0x6C, 0x85, 0x04, 0x80, 0xAF,
    0xBD, 0x2C, 0xB1, 0x59, 0x41, 0x2B, 0x1D, 0x81, 0x70, 0xD4, 0xF8, 0x79, 0xF6, 0xE7, 0xBF, 0x9A,
    0xCC, 0xB1, 0x08, 0x33, 0xB4, 0xB0, 0xFD, 0x66, 0xA8, 0x1E, 0x86, 0x7E, 0xC0, 0xF2, 0x47, 0x80,
    0x4D, 0xAE, 0x9B, 0x7F, 0x69, 0xBE, 0xB2, 0x63, 0x91, 0x47, 0xD6, 0x0A, 0xAF, 0x32, 0x30, 0x95,
    0x76, 0x7D, 0xD7, 0x77, 0xA4, 0x7A, 0xD8, 0xFA, 0x61, 0x2D, 0x7F, 0x28, 0xBF, 0x38, 0x6D, 0x45,
    0x4E, 0xC6, 0xB9, 0xFF, 0x40, 0xED, 0xED, 0x60, 0x05, 0xA5, 0x37, 0x32, 0x56, 0x98, 0x55, 0x90,
    0x36, 0x39, 0xCC, 0xAA, 0x83, 0x1B, 0xE1, 0x01, 0xBD, 0xFF, 0x2C, 0x85, 0x9B, 0x49, 0x08, 0x32,
    0x30, 0x49, 0xC8, 0x6D, 0x12, 0x6A, 0x7B, 0xFC, 0x49, 0x44, 0xAD, 0x7E, 0xC1, 0xC4, 0x0C, 0xA6,
    0x60, 0xBF, 0xDE, 0x8C, 0x70, 0xAF, 0x3B, 0xE4, 0xAF, 0xC3, 0x2D, 0xB6, 0xC2, 0x33, 0x59, 0xA5,
    0xB6, 0xC1, 0x76, 0x35, 0x3F, 0xD5, 0x92, 0x56, 0xBB, 0x31, 0xE0, 0x1C, 0x6B, 0x0D, 0x89, 0x6B,
    0x0E, 0x23, 0xD6, 0x42, 0xDD, 0xA0, 0xBA, 0x41, 0x38, 0x68, 0x5E, 0x05, 0x0E, 0x3E, 0x9C, 0x9C,
    0xB9, 0xEA, 0x64, 0xF3, 0x58, 0xA6, 0x28, 0x04, 0x2A, 0x10, 0x81, 0x8E, 0x45, 0x69, 0x29, 0x5D,
    0xD7, 0xD2, 0x39, 0x52, 0x70, 0x5C, 0x62, 0x30, 0xCF, 0x5A, 0xD1, 0xD1, 0x89, 0x51, 0x41, 0xD3,
    0xC4, 0x5E, 0x98, 0x4C, 0x3C, 0x90, 0x9C, 0xE8, 0x66, 0x48, 0x4E, 0xEB, 0x56, 0x90, 0xB3, 0x79,
    0x4B, 0xD2, 0x54, 0x4F, 0x67, 0x82, 0xB3, 0x05, 0x1D, 0x53, 0xA0, 0xF9, 0x3C, 0x47, 0xDD, 0xC4,
    0x11, 0xB2, 0x44, 0xA4, 0xDC, 0x4B, 0x26, 0x23, 0x4D, 0x0F, 0xAC, 0xD7, 0xD3, 0x50, 0xD9, 0x84,
    0x2C, 0x97, 0x5F, 0xCC, 0x61, 0x93, 0xFB, 0xB0, 0xB2, 0xA8, 0xBA, 0x31, 0x1B, 0xEB, 0xEE, 0xDC,
    0xA3, 0xFB, 0xD6, 0xD5, 0x39, 0xE1, 0x9C, 0xCA, 0x52, 0xF7, 0x44, 0x3A, 0x4B, 0xF5, 0x15, 0x30,
    0x5D, 0x5C, 0x9E, 0xA5, 0x72, 0x62, 0xC3, 0x06, 0x6A, 0x1D, 0xA1, 0xB7, 0x44, 0xCD, 0xFE, 0x32,
    0x8E, 0x6F, 0x77, 0x71, 0x6D, 0xE3, 0x5B, 0x26, 0x79, 0xBB, 0xEA, 0x41, 0xA1, 0x64, 0xEF, 0xA1,
    0x9E, 0x3C, 0x4B, 0x09, 0xC6, 0xEA, 0x8B, 0x7C, 0xEB, 0x2C, 0x81, 0x0E, 0x27, 0x98, 0x5D, 0xE5,
    0xED, 0x99, 0x04, 0x49, 0xA8, 0x21, 0x55, 0x86, 0xA5, 0x6A, 0xE8, 0xFA, 0x2A, 0x9B, 0xD6, 0xD3,
    0xD4, 0xE8, 0x6F, 0xA5, 0xC5, 0x1C, 0x4E, 0xB2, 0x72, 0x49, 0x92, 0xD5, 0xFD, 0x44, 0xAA, 0x83,
    0x70, 0xEB, 0x75, 0x40, 0x95, 0x28, 0x9B, 0xAA, 0x7E, 0xD9, 0x1F, 0xD2, 0x4C, 0xE4, 0xE7, 0x53,
    0x42, 0x67, 0x97, 0xCF, 0xDB, 0x92, 0xF1, 0x75, 0x16, 0xD4, 0x05, 0x3D, 0xF4, 0x16, 0x43, 0x56,
    0x71, 0xEB, 0xC5, 0x65, 0x4B, 0xFD, 0x47, 0x3A, 0xFC, 0x03, 0xC9, 0x42, 0x9A, 0xB4, 0x7E, 0x4A,
    0x87, 0xAF, 0x2E, 0xCF, 0xB5, 0xB8, 0x52, 0x4A, 0xD0, 0x8E, 0x87, 0x32, 0x4F, 0x5D, 0x92, 0xD3,
    0x63, 0xBC, 0xBE, 0x35, 0x05, 0xDB, 0xB4, 0x52, 0xA1, 0xB0, 0x9A, 0x48, 0x46, 0xAE, 0x59, 0x7D,
    0x5F, 0x76, 0xB8, 0x35, 0x02, 0xAD, 0x9A, 0x91, 0x81, 0xDE, 0xB4, 0xC3, 0x79, 0x32, 0x80, 0x76,
    0xF7, 0x07, 0x3E, 0xB4, 0xDB, 0xF7, 0x8A, 0x4D, 0x60, 0xD4, 0xA3, 0x66, 0x83, 0xB1, 0x45, 0x73,
    0xD4, 0x8E, 0x0C, 0x1D, 0x8A, 0x74, 0x58, 0xD0, 0x31, 0xFD, 0x43, 0x18, 0xA5, 0x3A, 0x85, 0x2B,
    0x24, 0x16, 0xA1, 0xFA, 0xDC, 0x83, 0x34, 0xCB, 0xDB, 0xFA, 0x31, 0xD0, 0xAE, 0xF5, 0xB8, 0x8F,
    0xDA, 0xBD, 0x80, 0xDA, 0xB5, 0x4E, 0x4A, 0xE4, 0x71, 0x4C, 0xB7, 0x7C, 0xC3, 0x19, 0x99, 0x17,
    0x04, 0x74, 0x98, 0x17, 0x88, 0xFC, 0x3D, 0x78, 0x30, 0xDE, 0x25, 0x6E, 0x6F, 0x8A, 0x8F, 0x62,
    0xD4, 0xC3, 0xBE, 0xF0, 0x4E, 0x89, 0x10, 0xDD, 0x98, 0x28, 0xA7, 0x48, 0x7C, 0x45, 0x15, 0xFD,
    0x95, 0xFC, 0x06, 0xC3, 0xE9, 0xBB, 0x8C, 0x95, 0x57, 0xF2, 0x63, 0xB5, 0xED, 0xE6, 0x5A, 0x69,
    0x9C, 0x4C, 0xB5, 0xAF, 0x47, 0xC2, 0x1B, 0x12, 0x14, 0xBE, 0xF5, 0xEF, 0x91, 0xF3, 0x5A, 0x64,
    0xF9, 0x72, 0x23, 0x5B, 0xCA, 0xF0, 0xC4, 0x3A, 0xDF, 0x44, 0x19, 0xDD, 0xD6, 0x10, 0xE6, 0x0D,
    0xC2, 0xF8, 0x97, 0xD0, 0x7A, 0x27, 0x32, 0x56, 0xCE, 0x0E, 0xD1, 0xE7, 0xF9, 0xD0, 0x7E, 0x2D,
    0x32, 0x7F, 0x2C, 0x89, 0xC2, 0xC1, 0x55, 0xB4, 0xD7, 0x78, 0x53, 0x1A, 0xD8, 0xEB, 0xF7, 0x70,
    0xFE, 0xF2, 0xDA, 0x8A, 0x39, 0xEE, 0x64, 0xE4, 0xB0, 0x5F, 0xD2, 0xB2, 0xA2, 0x6F, 0x4D, 0x40,
    0x25, 0x5C, 0xFB, 0x94, 0xCB, 0xF4, 0x34, 0x54, 0x7D, 0x18, 0xF2, 0x69, 0xF6, 0xC6, 0x5D, 0xEB,
    0xD4, 0xCD, 0x2A, 0x7E, 0x2F, 0x9C, 0x6B, 0x3E, 0x1C, 0xF2, 0x29, 0x7B, 0x58, 0x83, 0xB4, 0x3C,
    0x39, 0xEF, 0x44, 0xC9, 0xCC, 0xC2, 0xEA, 0x29, 0xB4, 0xED, 0x06, 0xB7, 0x00, 0xCE, 0x38, 0x5D,
    0xC4, 0x93, 0x0A, 0xCB, 0x29, 0x0C, 0xD7, 0x8C, 0xDA, 0x51, 0xAB, 0x56, 0x84, 0x68, 0xC5, 0x32,
    0x88, 0x19, 0xF3, 0x72, 0xCD, 0xBA, 0x5C, 0x35, 0x82, 0xE1, 0xB5, 0x88, 0xD4, 0xA2, 0x12, 0xC8,
    0x61, 0x78, 0xB5, 0x6A, 0x5E, 0xA9, 0x42, 0x34, 0xBA, 0xC6, 0x7E, 0x44, 0xFB, 0x79, 0xC7, 0x87,
    0x8C, 0x80, 0xEF, 0x07, 0xF0, 0xA8, 0xBF, 0x46, 0x22, 0x7A, 0xB5, 0x9A, 0xA3, 0xC0, 0xAB, 0xAB,
    0xCC, 0xCA, 0x92, 0x9B, 0x36, 0x37, 0x87, 0x22, 0x52, 0xD1, 0xCD, 0x0E, 0x79, 0x7A, 0xC6, 0xE5,
    0x24, 0x91, 0x84, 0xBE, 0xC1, 0xD4, 0xD7, 0x86, 0x72, 0x6F, 0x61, 0xEE, 0x5D, 0xFD, 0xCC, 0xDD,
    0xF3, 0x98, 0xFB, 0xC1, 0x27, 0x14, 0xF7, 0x88, 0xB9, 0x9B, 0xC1, 0x4D, 0x9D, 0x19, 0x5C, 0xAD,
    0x80, 0x5B, 0x35, 0xA3, 0x66, 0x58, 0x82, 0x45, 0x22, 0x00, 0x42, 0x32, 0x65, 0x11, 0x83, 0x70,
    0xB9, 0x14, 0x61, 0xC8, 0x8D, 0x66, 0x06, 0x93, 0xC5, 0x94, 0x3A, 0x3D, 0xD4, 0x39, 0x13, 0x9A,
    0xE0, 0x23, 0x7A, 0x25, 0xA1, 0xA7, 0xDF, 0xB7, 0x7D, 0xFC, 0x66, 0x0A, 0x5B, 0x68, 0x16, 0x6F,
    0x90, 0x82, 0xD5, 0x20, 0x2A, 0xC5, 0x7C, 0x31, 0x80, 0xA2, 0xFD, 0x5A, 0x88, 0xAF, 0x30, 0x72,
    0xAC, 0x7B, 0xA6, 0x30, 0x5D, 0x76, 0x61, 0xE8, 0x65, 0x17, 0x40, 0xCB, 0x2E, 0x30, 0x2F, 0xD9,
    0x7E, 0x53, 0xE7, 0xD5, 0x36, 0x6F, 0xD6, 0x64, 0xD3, 0x29, 0x53, 0x91, 0x2C, 0x99, 0x78, 0x55,
    0x73, 0x72, 0x50, 0xB8, 0x6E, 0xD1, 0xCD, 0xD6, 0xCF, 0x15, 0xAD, 0x4C, 0xB6, 0x4C, 0x93, 0x63,
    0xB9, 0xC2, 0x0E, 0x9A, 0x6B, 0xE5, 0xB9, 0xAF, 0xD3, 0xE0, 0x68, 0xC6, 0xD5, 0x1F, 0xB7, 0x7E,
    0x61, 0x2B, 0x3F, 0x4F, 0x23, 0x98, 0x46, 0x0E, 0xBE, 0xFE, 0x31, 0x0F, 0xF7, 0x21, 0x48, 0x6D,
    0xF1, 0x7D, 0xE9, 0x2E, 0x38, 0x4C, 0x97, 0x93, 0x4C, 0x70, 0x9E, 0x67, 0xA9, 0x3E, 0xB7, 0xA9,
    0x72, 0xF2, 0x88, 0xCB, 0x09, 0x5E, 0x3C, 0x9B, 0xE4, 0x1C, 0x4B, 0xDB, 0xE6, 0x4D, 0xEA, 0x71,
    0x0B, 0xB9, 0x04, 0xC6, 0xBD, 0xFD, 0x2A, 0xF6, 0x3F, 0x21, 0x04, 0x80, 0x70, 0x74, 0x0B, 0x66,
    0x14, 0xB7, 0x6C, 0x72, 0x5B, 0x73, 0x21, 0x46, 0xBA, 0xD6, 0xE5, 0x6A, 0x7F, 0xEB, 0xC9, 0x65,
    0x77, 0x0D, 0x98, 0x49, 0x0C, 0x49, 0x62, 0xCA, 0x1B, 0x87, 0x4F, 0x73, 0x21, 0x87, 0xD6, 0xC1,
    0x52, 0xB7, 0x57, 0xE2, 0xC6, 0xE9, 0xA4, 0xCC, 0x97, 0x40, 0x59, 0x1B, 0xBE, 0x3F, 0x32, 0x32,
    0xF2, 0xD0, 0x99, 0x18, 0xBF, 0x55, 0x8B, 0xCA, 0xA9, 0x7A, 0xD1, 0x38, 0xF9, 0xC1, 0x6D, 0x44,
    0xD9, 0xBD, 0x6B, 0xC8, 0x6A, 0x61, 0x02, 0x0F, 0x11, 0x85, 0x99, 0xC6, 0xB6, 0x75, 0xB4, 0x51,
    0xCD, 0xCC, 0xB6, 0x61, 0xD4, 0xF6, 0x68, 0xBF, 0x2F, 0x84, 0xEE, 0xF5, 0xCE, 0xCC, 0x36, 0xCD,
    0xF4, 0xEE, 0x45, 0x78, 0xB7, 0xFD, 0xDE, 0x10, 0xBE, 0xF3, 0x72, 0x08, 0xDF, 0x7E, 0x61, 0xFD,
    0xF4, 0xD6, 0x3F, 0x73, 0xAC, 0x0C, 0xB7, 0x80, 0x01, 0x70, 0x1E, 0xB3, 0xB8, 0xC1, 0xAF, 0xA9,
    0x49, 0xE4, 0xA6, 0x7B, 0x12, 0x28, 0xEC, 0x18, 0xD4, 0x5D, 0x39, 0x62, 0xD3, 0x40, 0xED, 0xE7,
    0x5E, 0x6E, 0x60, 0xDF, 0xA3, 0xF6, 0xAD, 0xF3, 0x1B, 0x6E, 0x61, 0x1F, 0xCE, 0x6D, 0x63, 0xFB,
    0xDA, 0x54, 0xB9, 0x3B, 0xB2, 0x7C, 0x87, 0x58, 0x46, 0xB7, 0x40, 0x03, 0x37, 0x69, 0xC0, 0x42,
    0x4B, 0x3B, 0x57, 0x5F, 0x89, 0x32, 0x1D, 0x8A, 0x4D, 0xF0, 0x6D, 0xCB, 0x05, 0x62, 0x88, 0xC8,
    0x30, 0x50, 0x59, 0x99, 0x48, 0x56, 0xC6, 0x58, 0x37, 0x58, 0x8D, 0x94, 0x4F, 0xD7, 0x71, 0xFD,
    0x92, 0x4F, 0x1D, 0x75, 0xCF, 0x96, 0x75, 0x14, 0xC0, 0x28, 0x66, 0x08, 0xC5, 0x71, 0x74, 0x38,
    0xA1, 0x5A, 0x26, 0xED, 0xC8, 0x25, 0x90, 0xBC, 0x95, 0xAB, 0x2D, 0x4C, 0xBD, 0x4C, 0x9B, 0x44,
    0xB7, 0xC5, 0xCD, 0x91, 0x81, 0x32, 0x2A, 0xBA, 0x9D, 0x85, 0x52, 0xCD, 0xDF, 0xC0, 0xB8, 0x5E,
    0xC7, 0x0C, 0x69, 0x62, 0xDF, 0xCD, 0x91, 0x65, 0xAB, 0xF9, 0x21, 0x9C, 0x2B, 0x57, 0xC1, 0xBC,
    0x8A, 0xEF, 0xFF, 0x77, 0x54, 0x05, 0x71, 0x27, 0xB9, 0xA5, 0x69, 0x23, 0x57, 0xAE, 0x68, 0xEC,
    0x92, 0xD3, 0xF4, 0x3A, 0x97, 0xE1, 0xC9, 0xB5, 0xD1, 0x4C, 0x66, 0xD3, 0xFB, 0xA6, 0xD5, 0xFD,
    0x71, 0x7F, 0x32, 0xA9, 0xF1, 0xC7, 0x3A, 0x68, 0x6E, 0x54, 0x9B, 0x2B, 0x48, 0xE3, 0x3B, 0xB8,
    0xFF, 0xB9, 0x50, 0x31, 0x9D, 0xEF, 0x46, 0x10, 0x5C, 0x5B, 0x81, 0x6F, 0x57, 0xC1, 0xA0, 0x55,
    0x28, 0xAA, 0xBC, 0x72, 0xB3, 0x57, 0x03, 0x6D, 0xE0, 0xBA, 0xF1, 0x35, 0x17, 0xAC, 0xA9, 0x86,
    0x35, 0x4E, 0x3F, 0xB3, 0x6B, 0x94, 0x8A, 0xB6, 0xAD, 0xEC, 0x86, 0x82, 0x15, 0xDD, 0x74, 0xB0,
    0x56, 0xE2, 0x6B, 0xB9, 0xC1, 0x81, 0x7C, 0x88, 0x17, 0xAD, 0x70, 0x61, 0x55, 0x37, 0x1A, 0xC1,
    0x51, 0xB0, 0x9E, 0xAF, 0xC2, 0x97, 0xCE, 0x84, 0xA8, 0x63, 0xA9, 0x20, 0xE7, 0x6A, 0x68, 0x54,
    0x9E, 0x03, 0xB8, 0xB7, 0xCE, 0x99, 0xE2, 0x17, 0xC7, 0x9A, 0x68, 0xA4, 0xFE, 0x1D, 0x53, 0xF0,
    0x83, 0x81, 0xF6, 0xEF, 0x4D, 0xF9, 0xD3, 0x7A, 0x17, 0x80, 0xB1, 0x2F, 0x8A, 0xB4, 0xAD, 0xF8,
    0xEA, 0x1E, 0x47, 0x0B, 0x36, 0x8E, 0xBE, 0xA1, 0x67, 0xE5, 0x78, 0x17, 0x0A, 0x64, 0x27, 0xBB,
    0xF9, 0x21, 0x77, 0x9F, 0xAE, 0x97, 0x2F, 0x55, 0x1C, 0xF9, 0xB6, 0x46, 0xBA, 0xBF, 0x11, 0xDB,
    0x97, 0x1F, 0xDF, 0x38, 0xDA, 0x19, 0xEC, 0x8F, 0x2A, 0xDA, 0x6C, 0x0D, 0xAF, 0x2F, 0xF7, 0x6C,
    0x90, 0xBC, 0x7A, 0x58, 0x39, 0x38, 0x84, 0xFF, 0x14, 0x63, 0x56, 0x1D, 0xE9, 0x4C, 0x6C, 0x10,
    0xED, 0xCD, 0x5C, 0xE4, 0xA7, 0x96, 0x17, 0x30, 0x6D, 0x45, 0x5C, 0x51, 0xD7, 0xCB, 0x17, 0xA2,
    0xA6, 0x25, 0x0B, 0x01, 0x97, 0x23, 0x90, 0x05, 0x3A, 0x0E, 0xE4, 0x91, 0xAB, 0x12, 0x93, 0x29,
    0xE6, 0xD2, 0xA3, 0x96, 0x2B, 0xA8, 0xC5, 0x0A, 0x6A, 0xA9, 0x82, 0x5A, 0xA8, 0xA0, 0x97, 0x29,
    0xA4, 0x0B, 0x0A, 0x67, 0xC6, 0x91, 0xD3, 0x64, 0x48, 0xB7, 0x5C, 0xD1, 0x5A, 0xE4, 0xAC, 0x3C,
    0x4A, 0xAE, 0x78, 0xBD, 0xAD, 0x48, 0x70, 0x4B, 0xCE, 0x5F, 0x0A, 0x98, 0xB7, 0xB6, 0xDE, 0xB7,
    0xA5, 0xD9, 0x7B, 0x76, 0x69, 0xA2, 0x3C, 0xB9, 0x1F, 0x70, 0x59, 0x1B, 0x36, 0xAD, 0xE7, 0x29,
    0xD6, 0x95, 0x67, 0x09, 0x92, 0x93, 0x67, 0xFE, 0xA7, 0x9E, 0xE4, 0xA6, 0xFB, 0x66, 0xE7, 0x04,
    0xE9, 0x1A, 0x8B, 0x56, 0x0E, 0x45, 0x5C, 0x37, 0xB1, 0xAF, 0xA6, 0xC2, 0x73, 0xC8, 0x37, 0xA4,
    0xF7, 0xD6, 0xC8, 0x67, 0x63, 0x9F, 0xEF, 0x53, 0x17, 0x26, 0xA6, 0x7C, 0xCF, 0xA4, 0xF7, 0x83,
    0xF3, 0xF1, 0x62, 0xD3, 0xDD, 0xE8, 0x0C, 0x8D, 0x8D, 0xAB, 0xCD, 0x15, 0xDC, 0xB5, 0xD0, 0xDF,
    0x36, 0x9C, 0x8B, 0xBC, 0x70, 0x85, 0x41, 0x47, 0xCD, 0xEE, 0x27, 0xFB, 0xB4, 0x19, 0xC0, 0x70,
    0xC7, 0x04, 0xFC, 0xDE, 0xCC, 0x3E, 0x1B, 0x33, 0x53, 0x2A, 0x8F, 0x5E, 0x3C, 0x05, 0x70, 0x9B,
    0x16, 0xFA, 0xB1, 0x19, 0x38, 0x0E, 0x70, 0x3C, 0x84, 0xC7, 0x06, 0xE0, 0x33, 0xF8, 0xAB, 0x13,
    0x4E, 0x1C, 0x4D, 0xF2, 0x4F, 0xE8, 0x17, 0x91, 0x39, 0x61, 0x1D, 0xB1, 0xA3, 0x83, 0xAA, 0x40,
    0x25, 0x1F, 0x93, 0xBF, 0x10, 0xDD, 0xC2, 0x82, 0x56, 0xD1, 0x2F, 0x6F, 0x87, 0x86, 0x70, 0xC2,
    0x02, 0xFC, 0x0D, 0x3C, 0x8E, 0x7C, 0x0E, 0xCD, 0xB4, 0x0A, 0xE0, 0x1B, 0x0F, 0x1F, 0xF5, 0x2F,
    0xFB, 0x99, 0x64, 0xB1, 0x1D, 0x12, 0xBD, 0x50, 0x96, 0xA7, 0xA6, 0xA5, 0x84, 0x4B, 0x22, 0xF9,
    0xFB, 0x83, 0x04, 0xED, 0x27, 0x77, 0xC9, 0xC0, 0x98, 0x2E, 0x56, 0x64, 0x17, 0xB3, 0x35, 0xB5,
    0x9E, 0xB2, 0xE8, 0x72, 0x45, 0xC7, 0x91, 0xC7, 0x72, 0xBC, 0xD4, 0xB5, 0xE8, 0xBC, 0xF7, 0x5E,
    0x8D, 0x4C, 0xA7, 0x3A, 0x8F, 0x3F, 0xFB, 0x1D, 0xD4, 0x03, 0xA5, 0x1F, 0x06, 0xA2, 0x0E, 0x85,
    0x25, 0x30, 0x53, 0xE1, 0xDB, 0xAD, 0xC1, 0x5A, 0xD4, 0x45, 0x6B, 0x4C, 0x52, 0xB4, 0xA9, 0x1D,
    0xD3, 0x65, 0x34, 0x18, 0xD2, 0x13, 0xA9, 0xF8, 0x85, 0x5E, 0xAC, 0xE4, 0x8A, 0xD9, 0xE4, 0xEF,
    0x17, 0xF4, 0x32, 0x5A, 0x47, 0xEA, 0x6A, 0xA7, 0xE3, 0xEB, 0x17, 0xF6, 0xD2, 0x8B, 0xF4, 0x37,
    0xE9, 0x55, 0x73, 0x09, 0x9D, 0x94, 0xB2, 0xE6, 0xE5, 0x2D, 0x71, 0xD7, 0xF2, 0x2C, 0x26, 0x12,
    0xF2, 0x4A, 0x51, 0xF5, 0x6F, 0x02, 0x8C, 0x9D, 0xA8, 0x15, 0x46, 0x75, 0x16, 0x84, 0xFB, 0x24,
    0xBE, 0x9B, 0x74, 0x2F, 0x5D, 0xAB, 0xB9, 0x4C, 0x73, 0xA1, 0x24, 0xE6, 0x18, 0x1F, 0x15, 0x5D,
    0x35, 0x11, 0x95, 0xAB, 0xBB, 0x2A, 0xC4, 0x1A, 0x95, 0x64, 0x92, 0x38, 0xFD, 0x03, 0x09, 0x90,
    0x37, 0xB0, 0x62, 0x30, 0xFE, 0x43, 0x89, 0xCE, 0x63, 0xED, 0xA1, 0xE7, 0x4F, 0x5F, 0xC4, 0x3E,
    0xBD, 0x76, 0xED, 0xF4, 0x02, 0x36, 0xE0, 0x25, 0x1F, 0xBA, 0x7A, 0x01, 0x7E, 0x84, 0xDF, 0x1E,
    0x01, 0xF8, 0x6F, 0xFC, 0xED, 0xCF, 0xD4, 0x28, 0x9B, 0x54, 0xA9, 0xE2, 0x41, 0x4A, 0x03, 0xEA,
    0x08, 0x9A, 0xBB, 0x02, 0xEB, 0x93, 0xB0, 0x3F, 0x18, 0x08, 0x2C, 0x0B, 0x7A, 0xC7, 0xFB, 0xF8,
    0x14, 0x3A, 0x81, 0xF9, 0x3F, 0x70, 0x40, 0xA2, 0x6D, 0x65, 0x08, 0x63, 0x46, 0x6A, 0xE9, 0x56,
    0x5D, 0x15, 0xA9, 0x2E, 0xA0, 0x5C, 0xDF, 0x04, 0x78, 0xD9, 0x87, 0x4E, 0xE4, 0xF0, 0xC6, 0x95,
    0x91, 0xBF, 0x38, 0x02, 0x5C, 0x76, 0xAA, 0x31, 0x52, 0x53, 0xB3, 0xBB, 0xFF, 0xA6, 0xD7, 0x9A,
    0x2D, 0x21, 0xF1, 0x7E, 0xB8, 0x4B, 0x3C, 0x4A, 0x55, 0x3B, 0xC8, 0xC1, 0x9D, 0xE2, 0xF3, 0xE2,
    0x4E, 0x7E, 0x6D, 0x60, 0xFE, 0x7C, 0x77, 0x60, 0x92, 0xFB, 0x44, 0xFB, 0xFA, 0x35, 0xD1, 0xEA,
    0x7B, 0x72, 0x18, 0x46, 0x61, 0x00, 0x3E, 0xD4, 0xCA, 0xD2, 0xD5, 0xCF, 0x3B, 0x20, 0x27, 0x7F,
    0xDD, 0xF7, 0x7C, 0xC7, 0x7F, 0x58, 0xF6, 0xEB, 0xFF, 0xB8, 0x18, 0x20, 0x60, 0xC9, 0xC3, 0x0D,
    0x01, 0x21, 0xAA, 0x74, 0xB7, 0xDC, 0xE5, 0x0B, 0x5F, 0xFA, 0x2F, 0xF8, 0xB1, 0xD8, 0xA9, 0x73,
    0x32, 0x94, 0x72, 0xDF, 0x0C, 0xC0, 0x37, 0x8E, 0x80, 0xF9, 0xB5, 0x9F, 0xC0, 0x8E, 0x87, 0xFE,
    0x4C, 0xEE, 0x3F, 0xF1, 0xB9, 0x99, 0xBB, 0x7A, 0xEE, 0x1A, 0xD8, 0xFF, 0xCA, 0xD3, 0xC1, 0x8E,
    0x13, 0x7F, 0x27, 0xAD, 0x13, 0x4F, 0x81, 0xF9, 0x01, 0xBB, 0xF5, 0xD4, 0x53, 0x78, 0xCD, 0x77,
    0x45, 0x17, 0xFD, 0xD9, 0x46, 0x1C, 0x47, 0x99, 0x23, 0x7F, 0xDD, 0x0B, 0x7C, 0x68, 0x5E, 0x32,
    0xFD, 0xBE, 0xF6, 0xB4, 0xF1, 0xCD, 0x20, 0x77, 0x23, 0x7E, 0xF7, 0xA9, 0x83, 0x56, 0x38, 0x0B,
    0xDE, 0xCA, 0xF8, 0xFE, 0x80, 0x0F, 0x9F, 0x08, 0x60, 0x60, 0x66, 0xAD, 0x53, 0xE0, 0xB7, 0xDE,
    0x9A, 0xEC, 0x0C, 0x8E, 0x34, 0x2F, 0xAC, 0x4F, 0x8E, 0xCE, 0x97, 0xC1, 0x9B, 0x3A, 0x9A, 0x8B,
    0x6B, 0x6E, 0x1C, 0x7E, 0x38, 0x17, 0xE5, 0x79, 0xB1, 0xBD, 0x66, 0x9D, 0xD7, 0xFE, 0xC6, 0xD2,
    0x75, 0x83, 0x6E, 0x2B, 0x2A, 0x1A, 0xD5, 0x3C, 0xCC, 0x8E, 0x13, 0x2C, 0x2D, 0xCE, 0x40, 0x57,
    0x39, 0xDF, 0x55, 0x9E, 0x2C, 0x96, 0xE2, 0x2A, 0x6A, 0xD0, 0x79, 0x52, 0xC2, 0x33, 0x18, 0x2A,
    0xE8, 0xC6, 0xF3, 0x7E, 0x90, 0xBC, 0x7E, 0xB8, 0xCD, 0x83, 0xB9, 0xDC, 0x7B, 0x75, 0x64, 0x67,
    0x60, 0x16, 0x52, 0x67, 0x1C, 0xEF, 0x53, 0xD8, 0x1C, 0x64, 0xCD, 0xF5, 0xFC, 0xBF, 0x58, 0x93,
    0x7D, 0xD3, 0x6E, 0xF4, 0x5C, 0xF9, 0x6C, 0xF7, 0x2D, 0x7B, 0x43, 0x65, 0x8F, 0x9E, 0x26, 0xAD,
    0xAB, 0x69, 0x52, 0xAA, 0xF3, 0xF1, 0x34, 0xE9, 0xC4, 0x0D, 0xA6, 0x49, 0x37, 0xF1, 0xAE, 0x40,
    0x04, 0xDF, 0x5D, 0x94, 0x3F, 0xF7, 0xD2, 0x87, 0x05, 0xCA, 0x89, 0x56, 0x38, 0x7B, 0xF9, 0x51,
    0xFF, 0x9E, 0x40, 0xDB, 0x4F, 0x18, 0xCA, 0x7C, 0x03, 0xE0, 0xD3, 0x40, 0x0B, 0x73, 0x56, 0x73,
    0x73, 0x12, 0x55, 0xBE, 0xDB, 0x7D, 0xDC, 0x03, 0x28, 0xB6, 0x4F, 0xF3, 0xDE, 0xD7, 0x22, 0x96,
    0xDF, 0x9C, 0xA4, 0x16, 0xB8, 0x52, 0x33, 0x2D, 0xAA, 0x1D, 0xD9, 0x64, 0x3D, 0x3B, 0x3A, 0x96,
    0x77, 0xE7, 0x46, 0x54, 0x19, 0xFE, 0x0F, 0x35, 0x8F, 0x31, 0x4E, 0xC4, 0x30, 0x10, 0x45, 0x7F,
    0x6C, 0x96, 0x08, 0x8D, 0x50, 0x28, 0x68, 0x57, 0x69, 0x28, 0xB6, 0xC9, 0xFA, 0x02, 0x89, 0xEC,
    0x9E, 0x86, 0x02, 0xEE, 0x42, 0xB1, 0x92, 0x2D, 0x71, 0x81, 0x3D, 0x02, 0x87, 0xA0, 0xD8, 0x62,
    0x45, 0xDC, 0xD3, 0x58, 0x9C, 0xC0, 0xE2, 0x04, 0x16, 0x4A, 0x91, 0x62, 0xB3, 0x66, 0x22, 0x36,
    0x5F, 0x1E, 0xCF, 0xE8, 0x7D, 0x7D, 0x6B, 0xFC, 0xF2, 0x9C, 0xA7, 0x3C, 0xE9, 0x9C, 0xCF, 0x5C,
    0x19, 0xAC, 0xB9, 0xB3, 0x86, 0xA5, 0x63, 0xD1, 0xBE, 0x0C, 0x6B, 0xB4, 0xD8, 0xC1, 0x1A, 0xEB,
    0xB5, 0x5B, 0xA1, 0x72, 0x2A, 0xD6, 0x89, 0xA2, 0x08, 0xD2, 0x93, 0xE9, 0x70, 0x07, 0x72, 0x2A,
    0xA8, 0x99, 0x44, 0x71, 0x21, 0xD8, 0xDF, 0x94, 0xE1, 0xB8, 0x16, 0xA1, 0x95, 0x6E, 0x57, 0x7A,
    0xFB, 0x98, 0xEC, 0xD7, 0xA8, 0xDF, 0xC6, 0x15, 0x9E, 0x2A, 0x37, 0xAA, 0x9F, 0xA9, 0xFE, 0x3D,
    0x53, 0xFC, 0x14, 0xA1, 0x91, 0xBE, 0x25, 0x93, 0xBA, 0xD2, 0x73, 0x88, 0xDC, 0xA0, 0xBE, 0x27,
    0xF5, 0x6F, 0xC5, 0x46, 0xCC, 0xD6, 0x30, 0x5B, 0x05, 0xAE, 0xDF, 0xA1, 0x27, 0xD8, 0x8C, 0x7E,
    0x39, 0x3C, 0x33, 0xA1, 0x01, 0x1D, 0xB6, 0xA8, 0xD1, 0xF3, 0x7E, 0xDA, 0xE5, 0xF9, 0xF6, 0x16,
    0x1A, 0xCA, 0x5C, 0xF6, 0xBF, 0xC7, 0x47, 0x91, 0xCA, 0x50, 0x79, 0x6D, 0x34, 0x6A, 0x47, 0x5E,
    0x24, 0x0C, 0xD8, 0x3C, 0xA0, 0x41, 0x05, 0xF2, 0x32, 0x89, 0x53, 0x71, 0x92, 0x89, 0x42, 0x65,
    0xB6, 0xD8, 0xE0, 0x8A, 0xDF, 0xEB, 0xF9, 0xBF, 0x4B, 0xB8, 0x47, 0xC6, 0x01, 0xAF, 0x4C, 0x6E,
    0x41, 0x4C, 0xFE, 0x00, 0xCD, 0x5A, 0x4F, 0x8C, 0xDC, 0x66, 0x15, 0x7F, 0xB6, 0x97, 0x38, 0x5D,
    0x27, 0xF1, 0x0A, 0x76, 0xD3, 0xB4, 0x9B, 0x74, 0x22, 0x11, 0xA1, 0x45, 0x34, 0x3B, 0x3D, 0xAC,
    0xD0, 0x10, 0xCD, 0x8E, 0xDD, 0x96, 0x2B, 0xD2, 0x1E, 0x92, 0x1C, 0x9A, 0xC3, 0xE6, 0xD0, 0x0B,
    0xB4, 0xEA, 0x46, 0xB0, 0xA0, 0x20, 0xB6, 0x6B, 0x47, 0x05, 0x71, 0x80, 0xC3, 0x4A, 0x04, 0x71,
    0xE0, 0x40, 0x0E, 0xAD, 0x84, 0x28, 0x74, 0x73, 0x58, 0xA9, 0x7B, 0x98, 0x64, 0x0C, 0x17, 0x0E,
    0x3D, 0xD4, 0x28, 0x48, 0x45, 0x80, 0x54, 0x37, 0x6C, 0x81, 0x36, 0x48, 0x75, 0x53, 0xA7, 0x4C,
    0x36, 0x9E, 0xF9, 0xF8, 0xBD, 0xF7, 0xD9, 0x33, 0xB3, 0xF9, 0xD7, 0x6C, 0xB2, 0xDB, 0x32, 0xB6,
    0xDF, 0x78, 0x3C, 0xF6, 0x7B, 0xEF, 0x7B, 0xFF, 0xBE, 0xF7, 0xDE, 0x67, 0x3A, 0x64, 0xA7, 0xC1,
    0xD7, 0xCF, 0xAD, 0x56, 0xE3, 0x1A, 0xE1, 0xB3, 0xCF, 0xCC, 0xBC, 0x1F, 0x1E, 0x6A, 0x56, 0x92,
    0x69, 0xEA, 0x7F, 0xC6, 0x8E, 0x06, 0xDD, 0xA0, 0x4B, 0x33, 0x46, 0x66, 0x3D, 0xFB, 0xFD, 0xF6,
    0xEF, 0xFE, 0x5D, 0xF1, 0x89, 0x46, 0x89, 0xF0, 0xC0, 0x94, 0xEC, 0x38, 0xA9, 0x13, 0x79, 0x34,
    0x52, 0x51, 0xA9, 0xAD, 0x52, 0xBA, 0xE8, 0xD3, 0x21, 0x27, 0x79, 0xF1, 0xF4, 0xB8, 0xC6, 0x49,
    0xC6, 0x4A, 0x35, 0x3E, 0xAD, 0x51, 0x2D, 0x38, 0x49, 0xE3, 0x16, 0xCC, 0x46, 0xB8, 0x23, 0x1E,
    0x3E, 0x69, 0x65, 0xF6, 0x12, 0x53, 0x35, 0x42, 0xEB, 0x9C, 0xFD, 0x84, 0xD5, 0xB6, 0xE3, 0x5B,
    0xEF, 0xEC, 0xE3, 0x2A, 0x7F, 0xDF, 0x84, 0xF5, 0x89, 0x2F, 0x4C, 0x7D, 0x31, 0x6D, 0x84, 0x72,
    0xFE, 0xF8, 0xE7, 0x7F, 0xFA, 0xA5, 0xBC, 0x7A, 0xF2, 0x66, 0x1C, 0x43, 0xE0, 0xF4, 0x3B, 0xE1,
    0xB7, 0x43, 0x8F, 0x86, 0x88, 0x7C, 0x2B, 0x1D, 0x9E, 0x1A, 0x9E, 0xB2, 0x52, 0xF2, 0x37, 0xD2,
    0x21, 0x6A, 0x91, 0xA5, 0x7C, 0xE7, 0x25, 0x7F, 0x37, 0x11, 0x76, 0xF7, 0x4C, 0xD3, 0x56, 0x79,
    0x55, 0x65, 0x8B, 0xC5, 0x8D, 0x54, 0x7D, 0x35, 0x54, 0x9A, 0x01, 0x9F, 0xCC, 0x84, 0x80, 0x02,
    0x3B, 0x4E, 0x7A, 0xBB, 0x31, 0xB0, 0xD3, 0x6D, 0xF7, 0x98, 0x9F, 0x76, 0xDF, 0x8F, 0x3D, 0x15,
    0xF6, 0xB9, 0x9C, 0x27, 0xCA, 0x64, 0x5F, 0x19, 0xD8, 0xE7, 0x65, 0xAF, 0xDD, 0xB2, 0x4F, 0x10,
    0x4D, 0xCE, 0x90, 0x2B, 0xB4, 0x31, 0xAE, 0xD7, 0x81, 0x35, 0xF0, 0xBB, 0x14, 0x62, 0x6C, 0x93,
    0xF8, 0xED, 0x01, 0xEA, 0xED, 0xB1, 0x62, 0xDB, 0xB3, 0x61, 0xDB, 0x4D, 0x2C, 0x8D, 0xFF, 0x82,
    0x11, 0xFD, 0x14, 0xD1, 0x01, 0x9A, 0xC6, 0x76, 0xB8, 0xD8, 0x0E, 0x60, 0x1B, 0xBC, 0x7F, 0x98,
    0x9C, 0xB3, 0x56, 0x4E, 0x39, 0x19, 0xCC, 0x78, 0x44, 0x74, 0x38, 0x12, 0x0B, 0xA0, 0x0A, 0x86,
    0xE2, 0xE1, 0xF9, 0x83, 0x38, 0x77, 0xF8, 0x1C, 0xFC, 0x5F, 0xCC, 0x31, 0xC8, 0x69, 0x32, 0xA2,
    0x0A, 0x99, 0x91, 0x8B, 0xC3, 0x26, 0x63, 0x7D, 0x99, 0x48, 0x29, 0xFC, 0xFF, 0x2F, 0x46, 0x80,
    0xE3, 0x30, 0x8E, 0x26, 0x1D, 0x79, 0x35, 0xA5, 0xAA, 0x8A, 0xC9, 0x64, 0x81, 0xEE, 0x00, 0x9E,
    0x0A, 0xF0, 0xD6, 0xC2, 0x02, 0x77, 0xA2, 0x71, 0xF3, 0xB9, 0x9B, 0x68, 0xDC, 0xEB, 0xC0, 0x0D,
    0xFB, 0x30, 0x04, 0xAF, 0x43, 0x66, 0x0C, 0xDC, 0xDD, 0x5F, 0xCC, 0x00, 0x77, 0x4A, 0xE3, 0x38,
    0x36, 0xE0, 0xCE, 0x7A, 0xB8, 0xEF, 0x55, 0x2A, 0x20, 0x1A, 0x1E, 0x09, 0x4F, 0x91, 0x17, 0x2D,
    0xFA, 0x27, 0x45, 0x27, 0x19, 0xB6, 0x95, 0x62, 0x9B, 0xC7, 0x56, 0x1B, 0xD8, 0x26, 0xA0, 0x03,
    0x37, 0xB5, 0x52, 0x03, 0x4F, 0x7D, 0x2D, 0x7C, 0x82, 0xAA, 0x91, 0xE7, 0xB3, 0x20, 0x40, 0xDC,
    0x80, 0x11, 0x41, 0x50, 0xEE, 0x15, 0x9A, 0x86, 0xC1, 0x61, 0x08, 0x0B, 0x30, 0x9C, 0x88, 0x75,
    0xE5, 0xC7, 0x2C, 0xAD, 0x98, 0x3D, 0xA9, 0xBB, 0x04, 0x24, 0xAD, 0x0E, 0xFE, 0xAD, 0x28, 0x1E,
    0xE5, 0x38, 0x6B, 0xD6, 0x65, 0x9F, 0x6A, 0x82, 0xD7, 0xF1, 0x94, 0x5C, 0xA5, 0x22, 0xB2, 0x55,
    0x07, 0x28, 0x5F, 0x83, 0xF9, 0x19, 0x54, 0x48, 0x1F, 0x48, 0x49, 0xCB, 0x05, 0x48, 0x89, 0x91,
    0x92, 0xA8, 0xE0, 0x37, 0x47, 0xE1, 0x9E, 0xAA, 0x5B, 0x63, 0x30, 0xC5, 0xC2, 0x03, 0xB0, 0x53,
    0xE0, 0xA3, 0xF3, 0xF0, 0x30, 0x23, 0xAD, 0x86, 0x34, 0x17, 0x01, 0x69, 0x17, 0xDC, 0x29, 0x48,
    0xF4, 0x5B, 0x2F, 0x8B, 0x9B, 0xB6, 0xAD, 0x5F, 0xDB, 0x64, 0xE5, 0xF6, 0xDA, 0x0E, 0x04, 0x02,
    0x90, 0x6F, 0x82, 0xDB, 0x69, 0x91, 0xD2, 0xEE, 0xBD, 0x79, 0x90, 0x05, 0x62, 0xF9, 0x39, 0x99,
    0x7F, 0x27, 0x2B, 0x84, 0xB8, 0xC9, 0x6C, 0x93, 0xA9, 0xBD, 0xE1, 0x21, 0x78, 0x9B, 0x04, 0x81,
    0x15, 0x7A, 0x58, 0xCD, 0x04, 0x1F, 0xA4, 0x8B, 0x76, 0x3A, 0xB2, 0x9A, 0xE7, 0xAB, 0xF8, 0x9C,
    0xC6, 0xA7, 0xA6, 0x3F, 0x53, 0xF7, 0x2A, 0x49, 0xD2, 0xE3, 0x10, 0xD3, 0x27, 0x6A, 0x0B, 0xDD,
    0x84, 0x1D, 0x9D, 0x41, 0x5D, 0x00, 0xDF, 0xF3, 0x38, 0xAC, 0xC0, 0x6C, 0x07, 0xAF, 0x1C, 0x57,
    0x69, 0x55, 0x29, 0xE5, 0x9B, 0x4A, 0x2D, 0xD1, 0xE0, 0x67, 0x46, 0x86, 0x05, 0x60, 0x09, 0x8E,
    0x74, 0xC3, 0x9F, 0x49, 0x0F, 0x0E, 0x09, 0x3C, 0x20, 0xFF, 0xD7, 0x49, 0x90, 0x52, 0xF0, 0xCA,
    0x33, 0xC0, 0xC6, 0x68, 0x67, 0x33, 0xC6, 0x6B, 0x66, 0x1B, 0x1E, 0xA6, 0x43, 0x02, 0x5F, 0x14,
    0xA8, 0xC3, 0x40, 0xAD, 0xFF, 0xE7, 0x1D, 0xA5, 0x47, 0x27, 0x21, 0xE5, 0x5C, 0x08, 0xDD, 0x4E,
    0x66, 0xC5, 0xE3, 0x07, 0x59, 0xF3, 0x04, 0x75, 0x4B, 0xD4, 0x1C, 0xDA, 0x4D, 0xD3, 0x1E, 0xB5,
    0x3C, 0x7A, 0x7C, 0x27, 0xFF, 0x34, 0x23, 0xB2, 0x32, 0x32, 0x3B, 0x62, 0x59, 0x6E, 0xB4, 0xDF,
    0x8E, 0x6A, 0x56, 0x32, 0x65, 0xC4, 0x35, 0x23, 0x6A, 0xCC, 0x85, 0x55, 0x45, 0x0E, 0xDC, 0xD3,
    0x0C, 0xC9, 0xF9, 0x49, 0x42, 0xEE, 0x1B, 0x31, 0xD9, 0x4F, 0x15, 0x11, 0xCB, 0x80, 0x89, 0x58,
    0x30, 0xB8, 0x2A, 0x0E, 0xF8, 0x83, 0x7D, 0x39, 0x26, 0xD7, 0x88, 0xC1, 0x44, 0x4C, 0x0D, 0x1C,
    0xDE, 0x7A, 0x42, 0x8E, 0xBA, 0x4E, 0x74, 0x21, 0x88, 0xC4, 0x01, 0x87, 0xD8, 0x0F, 0xA6, 0xD9,
    0x94, 0x03, 0x0F, 0x4C, 0x82, 0xFA, 0x26, 0x15, 0x31, 0x34, 0x2C, 0x96, 0x59, 0x65, 0x23, 0xF5,
    0xAA, 0xCC, 0xC5, 0x81, 0xCF, 0xDD, 0xB7, 0xF4, 0x81, 0xAC, 0x52, 0x09, 0xBD, 0x59, 0x7F, 0xCF,
    0x8E, 0xBE, 0x94, 0xB5, 0x8F, 0xB0, 0x53, 0xC1, 0xAE, 0x27, 0x09, 0xB2, 0x86, 0xF3, 0xEE, 0xCD,
    0x29, 0xC8, 0x88, 0xE5, 0xED, 0xC7, 0xE6, 0xE5, 0xCC, 0xBE, 0x9A, 0x1A, 0x71, 0xCF, 0x2C, 0x96,
    0x44, 0x7E, 0x11, 0xB9, 0xFE, 0x58, 0xEB, 0x5A, 0xD0, 0x55, 0x41, 0x12, 0x90, 0xC4, 0x7E, 0x93,
    0xC9, 0x8B, 0x92, 0x77, 0xCF, 0x42, 0x01, 0x5E, 0x15, 0x43, 0x3E, 0xB0, 0xE9, 0x21, 0xEB, 0x69,
    0xC4, 0x10, 0x45, 0x1A, 0xD7, 0x18, 0xEE, 0xE1, 0xD9, 0x92, 0xAA, 0xB3, 0x0C, 0xFB, 0xAC, 0x6F,
    0xDE, 0xF8, 0x46, 0x64, 0x4E, 0xB8, 0x46, 0x4E, 0xC5, 0xAF, 0xFE, 0x2A, 0x74, 0xEF, 0x5D, 0x08,
    0x98, 0xE5, 0x2A, 0xD8, 0x7D, 0x7A, 0x27, 0xB5, 0xAE, 0x66, 0x94, 0xDC, 0x5D, 0x14, 0x1C, 0x59,
    0x14, 0x9E, 0xF2, 0x54, 0xD7, 0xA7, 0xC6, 0x1C, 0x62, 0xF5, 0x88, 0x04, 0x6C, 0x47, 0x9D, 0xC5,
    0x45, 0x9E, 0xB0, 0x38, 0x0A, 0x99, 0xCC, 0xB2, 0xC5, 0x7A, 0x75, 0xD8, 0x11, 0x76, 0xB3, 0x1F,
    0xEC, 0x62, 0x37, 0xD8, 0xC5, 0x5E, 0xB0, 0x4B, 0xC6, 0xCD, 0xC0, 0x09, 0xB5, 0xEF, 0x3D, 0x1A,
    0x01, 0x09, 0x26, 0x39, 0xCC, 0x9F, 0x90, 0xCB, 0x31, 0x20, 0x60, 0x2E, 0xAA, 0x9A, 0x10, 0x44,
    0x5C, 0x73, 0x14, 0x9F, 0x07, 0x20, 0x64, 0xB1, 0x09, 0x56, 0xFF, 0x01, 0x13, 0x6C, 0xC2, 0x38,
    0x41, 0xA8, 0x7B, 0xD4, 0xF2, 0xC9, 0xCB, 0x87, 0x29, 0x74, 0xF2, 0x5D, 0xAC, 0xA5, 0x5D, 0x30,
    0x7F, 0xD0, 0x48, 0x64, 0x5E, 0x06, 0xBB, 0x2C, 0x59, 0x7B, 0xCD, 0x78, 0x81, 0x20, 0xA9, 0x36,
    0x23, 0x01, 0x51, 0x83, 0x3D, 0xBF, 0x15, 0x32, 0x3A, 0xDC, 0x6C, 0xDD, 0x00, 0x6B, 0x26, 0x79,
    0xCC, 0xB5, 0xA3, 0x10, 0xEC, 0x0C, 0x9E, 0x22, 0xE6, 0xD6, 0xCF, 0x8D, 0x2D, 0x77, 0xF9, 0x01,
    0x5C, 0x0F, 0xAE, 0xF7, 0xBD, 0xD7, 0xEC, 0xC5, 0x57, 0x89, 0xAA, 0x4E, 0x79, 0xBD, 0x25, 0xA3,
    0x51, 0x12, 0x4F, 0x6E, 0x28, 0xB9, 0xD1, 0x5B, 0xE3, 0x3F, 0x6C, 0x26, 0x02, 0xF2, 0xAC, 0xC2,
    0xB9, 0xCE, 0x0C, 0x01, 0xAD, 0xFB, 0x73, 0x1F, 0x78, 0x6D, 0x15, 0x31, 0xE2, 0x56, 0xB4, 0x01,
    0xB5, 0xC6, 0xAD, 0x91, 0xF7, 0xB1, 0xD3, 0xFD, 0x08, 0x9F, 0x0A, 0x21, 0xEC, 0xDA, 0x08, 0xB6,
    0x5E, 0xF8, 0x88, 0x2A, 0x37, 0xD1, 0xD8, 0x72, 0xE1, 0x3F, 0x90, 0x78, 0x97, 0x4A, 0xEF, 0xD5,
    0x91, 0x3E, 0xF9, 0xB4, 0x65, 0x7A, 0x47, 0x0E, 0x3E, 0x15, 0x61, 0xEB, 0xC9, 0x32, 0xE7, 0xA0,
    0xD3, 0x29, 0x72, 0xC8, 0x81, 0xCF, 0x7D, 0xF8, 0x81, 0xE0, 0x13, 0x84, 0x05, 0xC6, 0x9B, 0x50,
    0x3E, 0xA0, 0xBA, 0xE0, 0x06, 0x36, 0x66, 0x28, 0x24, 0x35, 0x31, 0x67, 0xAE, 0x46, 0x26, 0x93,
    0x3C, 0x22, 0x58, 0xBD, 0x71, 0x7C, 0xD5, 0x53, 0x69, 0x85, 0x47, 0x86, 0xD1, 0x5A, 0x51, 0x71,
    0xC4, 0x3A, 0x40, 0x4B, 0x60, 0x65, 0x8A, 0x0B, 0x3C, 0xA5, 0x50, 0xE3, 0x78, 0x0B, 0xB9, 0xB3,
    0xCA, 0x2A, 0xEA, 0xC9, 0x8C, 0x76, 0xF2, 0x15, 0x64, 0xED, 0x3C, 0xAB, 0xF6, 0x9C, 0xED, 0x13,
    0xA9, 0xEC, 0x14, 0x44, 0x18, 0xB7, 0xC4, 0xE0, 0x81, 0xCF, 0x26, 0xA9, 0x1B, 0x21, 0xDF, 0x6A,
    0x49, 0x1D, 0xC0, 0xF7, 0x16, 0x84, 0x84, 0x1B, 0x9D, 0xAA, 0x23, 0x47, 0x4F, 0xBE, 0xD9, 0x8A,
    0xA0, 0x79, 0xA7, 0xCD, 0x55, 0x4E, 0x81, 0x1B, 0x32, 0xE7, 0x7C, 0xC7, 0x1C, 0xC4, 0xDD, 0xF0,
    0xF5, 0x2C, 0xCD, 0xE6, 0x59, 0xD3, 0x79, 0x0B, 0xEE, 0xC3, 0xC3, 0x62, 0x37, 0xFC, 0x38, 0x67,
    0x0F, 0x98, 0x51, 0x91, 0x16, 0xEF, 0x29, 0x19, 0xDE, 0x2C, 0x07, 0x0F, 0x91, 0xA0, 0x90, 0xD4,
    0x7A, 0xCF, 0xC0, 0xC0, 0x1F, 0x94, 0x33, 0x5D, 0x87, 0xE9, 0x2F, 0x9D, 0x33, 0x8D, 0xF0, 0xE5,
    0x11, 0x4A, 0xD8, 0x9C, 0x52, 0x33, 0x6E, 0xB2, 0x24, 0xAD, 0xA8, 0xDE, 0xFB, 0xA2, 0xEB, 0xB3,
    0xDD, 0xE7, 0x39, 0x63, 0x85, 0x55, 0x03, 0x69, 0xAB, 0x53, 0xCD, 0x74, 0x55, 0xC9, 0xA9, 0xED,
    0x04, 0x95, 0x95, 0x26, 0xC6, 0x22, 0x1A, 0xF0, 0xA4, 0x3A, 0xE0, 0xA4, 0x58, 0x5B, 0x9B, 0x26,
    0xFA, 0x9A, 0xDF, 0x1B, 0xC1, 0xC8, 0x3E, 0xD2, 0x04, 0x25, 0x23, 0x4B, 0xCD, 0x68, 0x85, 0x34,
    0xAD, 0x54, 0x7F, 0x87, 0xE2, 0x9B, 0xD7, 0x67, 0xDF, 0xEA, 0xF8, 0x9A, 0xAA, 0x8A, 0x98, 0x6C,
    0x57, 0x39, 0x51, 0x41, 0xB7, 0x24, 0x5C, 0x52, 0x2E, 0x49, 0x97, 0xB4, 0x4B, 0xE2, 0x3D, 0xEA,
    0x83, 0xE4, 0x0F, 0x96, 0xA9, 0xE6, 0x93, 0x6C, 0x33, 0x31, 0xA6, 0x6E, 0x2B, 0x6A, 0xD3, 0x8A,
    0x15, 0x36, 0x29, 0x75, 0xC2, 0xFA, 0xF8, 0xB5, 0xD9, 0xEE, 0xE9, 0x00, 0x44, 0xB3, 0xC5, 0xA0,
    0x3D, 0xC7, 0xF7, 0xF9, 0x9C, 0x4B, 0x1A, 0x31, 0xB8, 0x1C, 0x11, 0x1E, 0x57, 0x84, 0xC3, 0xD4,
    0x79, 0x2A, 0x26, 0xDC, 0xFC, 0xCB, 0xEB, 0x14, 0x08, 0x8F, 0x8B, 0xC1, 0x7A, 0xD7, 0x11, 0xEA,
    0x86, 0x26, 0x64, 0xE9, 0x69, 0xC5, 0xFA, 0xB3, 0x4E, 0x3F, 0x75, 0x2E, 0x7A, 0x41, 0x7F, 0xD5,
    0xF7, 0x7D, 0x96, 0x2A, 0x28, 0x18, 0x2C, 0x39, 0x2C, 0x59, 0x2C, 0x79, 0x2C, 0x99, 0x04, 0x97,
    0x37, 0x05, 0x95, 0xCF, 0x54, 0x75, 0x66, 0x2F, 0xC2, 0x3B, 0x1C, 0xB4, 0xBF, 0xDB, 0xE4, 0x10,
    0xC8, 0x12, 0x9B, 0x3F, 0xB8, 0x59, 0x9D, 0xEA, 0x79, 0x5E, 0x70, 0x69, 0x64, 0x1A, 0x9B, 0x46,
    0x07, 0x7C, 0x83, 0x81, 0x66, 0xB3, 0xDA, 0x17, 0x0F, 0x95, 0x04, 0x22, 0xD7, 0x3F, 0xCB, 0x01,
    0x65, 0x92, 0x51, 0x8C, 0x54, 0x7C, 0x9B, 0xA5, 0x94, 0x2E, 0x48, 0xE3, 0xC1, 0x48, 0x53, 0xC9,
    0xFC, 0x8D, 0x8F, 0x22, 0x2D, 0x00, 0xF5, 0xEE, 0x09, 0x45, 0x85, 0xAA, 0x59, 0x48, 0x17, 0x79,
    0x62, 0xDC, 0x0A, 0xBB, 0xDF, 0x02, 0xBE, 0xD6, 0x34, 0x5F, 0x37, 0xBA, 0x05, 0x5F, 0x8B, 0x5B,
    0xC0, 0x97, 0x21, 0xE2, 0xAF, 0xC8, 0x2C, 0xD6, 0xE2, 0x79, 0xC5, 0x6A, 0x73, 0x47, 0xC1, 0x0D,
    0x11, 0xDC, 0x6A, 0x0D, 0xD6, 0xEA, 0xCA, 0x0A, 0xC3, 0x6B, 0x28, 0x7F, 0xA2, 0x71, 0xF5, 0xDE,
    0x71, 0xE5, 0xB3, 0xC4, 0x73, 0x5A, 0x34, 0x5B, 0xBA, 0x2F, 0xA3, 0x31, 0x14, 0x28, 0x34, 0x8E,
    0x02, 0x89, 0xC6, 0x52, 0xA0, 0x29, 0xF0, 0x68, 0x44, 0x24, 0x98, 0xB4, 0xF2, 0xBA, 0xCA, 0x17,
    0x5C, 0xD5, 0x0D, 0x52, 0xB2, 0x8A, 0x0C, 0xC1, 0x29, 0xAA, 0x3E, 0x33, 0xA2, 0xDB, 0x7F, 0xFE,
    0x4F, 0xD5, 0xFD, 0x19, 0x8C, 0x63, 0x3B, 0xCC, 0x43, 0x98, 0xD2, 0x1D, 0x07, 0x5D, 0x7F, 0xDF,
    0x86, 0xFF, 0x07, 0x37, 0x21, 0x3D, 0x74, 0x4D, 0xA6, 0xA0, 0x73, 0x07, 0x41, 0x6D, 0xA1, 0xB1,
    0xED, 0xD4, 0xA2, 0x28, 0xDB, 0x14, 0x8B, 0xBD, 0x9F, 0x7D, 0x20, 0x6D, 0x5E, 0xEE, 0x93, 0xA1,
    0x70, 0x7C, 0x04, 0xA5, 0xA3, 0xA1, 0x62, 0x72, 0x1D, 0x48, 0xC9, 0xF5, 0xCE, 0x74, 0xC9, 0x6D,
    0x43, 0x82, 0x4E, 0x42, 0x2E, 0x39, 0x3E, 0xB9, 0x33, 0xC8, 0x8F, 0x9A, 0xAD, 0xCE, 0xB1, 0x39,
    0x64, 0x3C, 0x08, 0x48, 0x46, 0x8B, 0x85, 0xB9, 0x93, 0x7A, 0xB8, 0x8A, 0x66, 0xC8, 0xE2, 0xC0,
    0x95, 0x41, 0xA8, 0x3B, 0xCA, 0x42, 0x0B, 0x25, 0xEA, 0x23, 0x9C, 0x51, 0x33, 0x35, 0x4D, 0x4E,
    0xD3, 0xD3, 0x04, 0x35, 0x45, 0x21, 0x49, 0x4C, 0xF3, 0x02, 0x31, 0x51, 0x35, 0xC3, 0x54, 0x3F,
    0x48, 0x99, 0x2C, 0x52, 0x92, 0x99, 0xB2, 0xCC, 0xEE, 0xD7, 0xED, 0x66, 0xDA, 0x2B, 0xBD, 0x6F,
    0x02, 0x19, 0xAD, 0x42, 0x60, 0x0E, 0x64, 0x79, 0x1A, 0x69, 0x1F, 0xD5, 0xDA, 0x28, 0xB1, 0x91,
    0xC1, 0x34, 0xB9, 0x61, 0x56, 0x67, 0x63, 0xE1, 0x8E, 0x54, 0x35, 0xD9, 0xFB, 0xCF, 0x65, 0x51,
    0xDC, 0x1A, 0x04, 0xF9, 0x72, 0xD9, 0x3D, 0xDA, 0x06, 0x1A, 0x6B, 0xA0, 0xF1, 0xB1, 0x0A, 0x98,
    0xCE, 0xAD, 0x3A, 0x1A, 0xE5, 0x9F, 0x8B, 0x0C, 0xBA, 0x24, 0x0F, 0x6E, 0x8F, 0x8E, 0x46, 0xA9,
    0xA0, 0xA3, 0x09, 0x69, 0x4A, 0xDB, 0xA8, 0xA3, 0x19, 0xC8, 0x0F, 0x22, 0x30, 0x53, 0x54, 0x47,
    0xB8, 0x96, 0x6E, 0x87, 0x8E, 0x0E, 0xB2, 0x8E, 0xDA, 0x38, 0x33, 0x73, 0xBE, 0x76, 0x7E, 0x8B,
    0x74, 0x64, 0x9C, 0x63, 0xDF, 0xEB, 0x4A, 0x19, 0x17, 0x16, 0x3D, 0xB9, 0xF3, 0x3D, 0x9C, 0x39,
    0xC1, 0xD3, 0x5A, 0x4F, 0x75, 0x8B, 0xFA, 0x4E, 0x6A, 0x4D, 0x6E, 0x50, 0x90, 0x1D, 0x15, 0x2D,
    0x6E, 0xDA, 0xCF, 0x60, 0xA2, 0xD7, 0x22, 0x14, 0x20, 0x45, 0x8A, 0xFC, 0xEB, 0xAE, 0xD1, 0x73,
    0xDC, 0x87, 0x2D, 0x2B, 0x30, 0xE3, 0x28, 0x0E, 0x14, 0x57, 0x2E, 0xCA, 0x28, 0xEF, 0xFD, 0x1C,
    0xC2, 0x5E, 0xA0, 0x4A, 0x58, 0x47, 0x9C, 0x45, 0x06, 0x71, 0x0D, 0x34, 0x03, 0xCE, 0xBF, 0xDF,
    0xF5, 0xE9, 0x86, 0x4A, 0xAC, 0xA8, 0x15, 0x3B, 0x45, 0x6D, 0xBA, 0xBB, 0x38, 0x1C, 0x89, 0xC9,
    0xC6, 0x2A, 0xE2, 0x6B, 0x06, 0x8C, 0xBE, 0x54, 0x88, 0x1C, 0x3F, 0x02, 0xC4, 0xDD, 0xEE, 0x6B,
    0x12, 0x76, 0x7A, 0x95, 0x4D, 0x4A, 0x43, 0x66, 0xC7, 0xC8, 0xC7, 0x10, 0xAC, 0x30, 0xE0, 0xA5,
    0xA0, 0xCB, 0xB5, 0x29, 0x4A, 0x08, 0xC4, 0x2E, 0x77, 0xBD, 0x85, 0x88, 0x53, 0x25, 0x3B, 0x01,
    0x9B, 0xD9, 0x24, 0x8C, 0x03, 0xF4, 0xAB, 0x19, 0x8D, 0xB5, 0xAE, 0xFB, 0x41, 0x57, 0x25, 0xC1,
    0x52, 0x35, 0x91, 0xB8, 0x26, 0x51, 0x4D, 0x62, 0x9A, 0x11, 0x6F, 0x0C, 0x65, 0x9F, 0xBE, 0xE0,
    0xC4, 0xD6, 0x1B, 0xB2, 0x7A, 0x33, 0x50, 0x08, 0x6E, 0x83, 0x40, 0x4D, 0x89, 0xC7, 0xBA, 0x89,
    0x33, 0xD8, 0xC2, 0xD9, 0x8C, 0xA0, 0x77, 0xDC, 0x01, 0xC7, 0x66, 0x14, 0x50, 0xB8, 0x80, 0x14,
    0xB7, 0x65, 0xEB, 0xE1, 0xA6, 0x3E, 0x37, 0x3B, 0x47, 0xAE, 0x67, 0x3F, 0x9E, 0xF5, 0x5C, 0xE9,
    0x46, 0xED, 0xB7, 0x59, 0x57, 0x13, 0x12, 0xCF, 0x26, 0x28, 0xC5, 0xAC, 0x39, 0x79, 0x82, 0x21,
    0x84, 0x04, 0x31, 0xDB, 0xED, 0x79, 0x09, 0x17, 0xF3, 0x2C, 0xCA, 0xF1, 0xB4, 0xF2, 0xDE, 0xB1,
    0x65, 0x15, 0x3B, 0xF0, 0xED, 0x0E, 0x4F, 0x49, 0xEB, 0xFE, 0x2D, 0x3D, 0x02, 0x3D, 0xA5, 0x9F,
    0x1F, 0x20, 0x39, 0x2A, 0x74, 0x95, 0x9E, 0x7D, 0xD9, 0x4C, 0x2A, 0x6F, 0x70, 0x8A, 0xDE, 0xB0,
    0x18, 0xD6, 0x8D, 0x58, 0xA6, 0x6A, 0x2E, 0x3D, 0xA6, 0xED, 0xA8, 0x21, 0x16, 0x22, 0x54, 0xCE,
    0x32, 0x15, 0x90, 0x69, 0xA9, 0xEB, 0x4E, 0xA7, 0xA8, 0xE9, 0x83, 0x52, 0x95, 0x8F, 0x82, 0x7A,
    0x4C, 0x2A, 0x35, 0xFF, 0xD0, 0xB6, 0xFC, 0xA6, 0x45, 0xD3, 0x96, 0xDF, 0x80, 0x01, 0x18, 0xEA,
    0x6D, 0xFA, 0x32, 0x64, 0x34, 0x39, 0x36, 0x07, 0xE1, 0x26, 0xDC, 0x63, 0xB8, 0x53, 0x71, 0xCB,
    0xBD, 0x68, 0xD8, 0x0A, 0x37, 0x27, 0xAC, 0x64, 0x95, 0xEC, 0xB0, 0x06, 0xC9, 0xD7, 0x11, 0xC7,
    0x6A, 0x64, 0x5F, 0x4E, 0xE9, 0x61, 0x75, 0x8D, 0x27, 0xD1, 0x28, 0xB8, 0xAC, 0x20, 0x24, 0x1F,
    0xF6, 0x6B, 0x5E, 0x86, 0x48, 0xB9, 0x6F, 0x4A, 0x03, 0x4D, 0xE4, 0x0A, 0x8F, 0xA7, 0xC5, 0xA2,
    0xBB, 0xC1, 0xFD, 0xDA, 0xE8, 0x02, 0x6E, 0xF1, 0xC1, 0xA8, 0xC5, 0x9D, 0x56, 0x2B, 0x74, 0x7D,
    0xB2, 0xD6, 0x5B, 0xFE, 0xA8, 0xA9, 0x14, 0xF0, 0xB7, 0x7E, 0xEC, 0x4F, 0xF1, 0xFF, 0xBC, 0x06,
    0xC3, 0x26, 0xBC, 0x87, 0x23, 0xED, 0x02, 0xB8, 0x73, 0x36, 0x2C, 0xEC, 0xBC, 0x20, 0x29, 0xC2,
    0x1D, 0x49, 0x52, 0xAF, 0x63, 0xC8, 0x74, 0x8D, 0x8F, 0x73, 0xB6, 0x2B, 0xA1, 0xDB, 0x28, 0xE9,
    0x46, 0x10, 0x81, 0xD5, 0x9D, 0x5D, 0x1A, 0x65, 0x43, 0xAD, 0xD1, 0x57, 0x54, 0xF6, 0x49, 0x74,
    0xD9, 0x35, 0x5F, 0x90, 0xAE, 0x75, 0x64, 0x5D, 0x4A, 0x9D, 0x8F, 0x50, 0x6F, 0x85, 0x9B, 0x93,
    0x33, 0xF8, 0x35, 0xAF, 0xB6, 0x85, 0x5B, 0x23, 0x9E, 0xB9, 0x0F, 0x19, 0x73, 0x9F, 0xC5, 0x2C,
    0x3A, 0x0D, 0x96, 0xEE, 0x26, 0xC8, 0x6F, 0x53, 0x72, 0x40, 0xB8, 0x48, 0x8A, 0x59, 0x2F, 0x85,
    0xA9, 0xA4, 0x08, 0xD2, 0xE7, 0xC9, 0x0C, 0x57, 0xF0, 0x7B, 0x1E, 0x15, 0x62, 0xAD, 0x08, 0x08,
    0xB5, 0x23, 0xC7, 0x9E, 0x69, 0xB7, 0x94, 0x4A, 0x81, 0x73, 0x20, 0xFC, 0xC8, 0xA9, 0x39, 0x08,
    0x93, 0x3E, 0x34, 0xFA, 0x70, 0x54, 0x60, 0x9B, 0xDB, 0x75, 0x48, 0x37, 0x13, 0x31, 0xE8, 0x84,
    0x74, 0x7F, 0x79, 0xC4, 0x58, 0x01, 0x9C, 0x02, 0x8B, 0x49, 0xD1, 0xEC, 0x90, 0x25, 0x34, 0xF2,
    0x5E, 0x39, 0xB6, 0xDC, 0xF1, 0x5D, 0x29, 0xCB, 0xA0, 0xE3, 0xB5, 0xA2, 0x2C, 0x93, 0x72, 0x0F,
    0x71, 0xC6, 0x51, 0x32, 0x7E, 0x98, 0xAF, 0xB4, 0x4A, 0xF8, 0x19, 0x36, 0x43, 0x5E, 0xB6, 0x1C,
    0x56, 0x85, 0x16, 0x25, 0x66, 0x66, 0x45, 0x53, 0x85, 0xEF, 0x58, 0xA5, 0xB1, 0xE5, 0x14, 0x72,
    0x89, 0x28, 0xE8, 0x35, 0x51, 0x98, 0x59, 0xB8, 0xB8, 0x0D, 0xF7, 0x69, 0xB5, 0xC5, 0x7B, 0xD9,
    0xE1, 0x1B, 0x05, 0x3E, 0x97, 0xBB, 0x48, 0xB7, 0xE0, 0xAB, 0x17, 0x71, 0xAF, 0x09, 0x7C, 0xEA,
    0x6C, 0xA0, 0xDE, 0xCC, 0x83, 0xB6, 0x78, 0x67, 0xD1, 0xCF, 0x62, 0xB7, 0xE7, 0x3C, 0x7B, 0xB0,
    0xB7, 0x25, 0xFD, 0xAD, 0xBE, 0xCC, 0x75, 0xFC, 0x18, 0x3C, 0x56, 0x8A, 0xFE, 0xDF, 0x69, 0x5E,
    0xF5, 0xE7, 0x5E, 0xD2, 0x94, 0x3E, 0x26, 0x70, 0x7E, 0x8A, 0x73, 0x6D, 0xCE, 0xB3, 0x39, 0xC7,
    0x96, 0xFC, 0x5A, 0xE7, 0xD6, 0x7E, 0x59, 0xFE, 0x4B, 0x38, 0x97, 0xD4, 0x5E, 0x7E, 0x6A, 0x10,
    0xF7, 0x40, 0x52, 0x6A, 0xE5, 0xB6, 0x59, 0x55, 0xDA, 0x5B, 0x04, 0x9C, 0xD7, 0xD9, 0x0B, 0x38,
    0xF0, 0xB8, 0xE4, 0xF7, 0x74, 0xBD, 0x2F, 0x89, 0x7F, 0x8D, 0xFF, 0x95, 0x94, 0x5F, 0xF2, 0x7D,
    0x49, 0xF6, 0x75, 0xA6, 0x2F, 0xAC, 0xF8, 0x56, 0x64, 0x47, 0x56, 0x6F, 0x33, 0x23, 0x33, 0x36,
    0xB0, 0xC1, 0x44, 0x12, 0xBD, 0x8D, 0x47, 0x41, 0x24, 0xAB, 0x40, 0x7A, 0x3D, 0x64, 0x70, 0xC7,
    0x15, 0x98, 0x8F, 0xDE, 0x0D, 0xD9, 0x69, 0x60, 0x1F, 0xE7, 0x94, 0x3B, 0x0A, 0x66, 0xB5, 0xFE,
    0x5B, 0x1C, 0xEF, 0xE0, 0x56, 0x7F, 0x43, 0x6A, 0x24, 0xC9, 0x62, 0x47, 0x2A, 0x10, 0x63, 0x59,
    0x51, 0x05, 0x2E, 0xEE, 0xAD, 0x1F, 0x2D, 0x1B, 0x2A, 0x3D, 0xE3, 0xAD, 0x0F, 0x68, 0xEC, 0xB0,
    0x24, 0x78, 0xC5, 0x7C, 0xC7, 0xE1, 0xBC, 0x92, 0x73, 0x67, 0x03, 0x53, 0x41, 0x85, 0xDC, 0xDC,
    0xA5, 0xC9, 0xD4, 0x0D, 0xA7, 0xDA, 0x76, 0x34, 0xD5, 0xFA, 0x59, 0x56, 0xAB, 0xAA, 0xBC, 0x66,
    0xAA, 0x85, 0xFA, 0x00, 0x8E, 0xC3, 0xC5, 0xF1, 0x18, 0xC9, 0x82, 0x8F, 0x1C, 0x3B, 0xA9, 0x58,
    0x00, 0x65, 0x63, 0x74, 0x21, 0x96, 0xE9, 0x8A, 0x4F, 0xA7, 0x31, 0xE7, 0xA4, 0x4E, 0x64, 0x66,
    0x36, 0x6A, 0x95, 0x57, 0xA3, 0xA0, 0xA5, 0xA2, 0x17, 0x39, 0x50, 0xB3, 0x19, 0x73, 0x6B, 0x18,
    0x01, 0xC6, 0x68, 0x67, 0x50, 0x4F, 0x13, 0xB1, 0xAC, 0x0E, 0x8B, 0xF1, 0x68, 0xBC, 0x3B, 0x1B,
    0xC2, 0xBF, 0x92, 0xE0, 0xC4, 0xC7, 0x09, 0xF1, 0x1A, 0x5E, 0xA5, 0x88, 0xAD, 0xAE, 0xEE, 0xDA,
    0x68, 0x4D, 0x19, 0x65, 0x8F, 0x34, 0x83, 0x96, 0xB8, 0x8D, 0xB4, 0x3A, 0x60, 0x27, 0x53, 0xB7,
    0xB5, 0x13, 0x59, 0x0F, 0x94, 0x15, 0x32, 0xC6, 0x56, 0xA0, 0x13, 0x7C, 0xD4, 0xCB, 0xB4, 0xB5,
    0x61, 0x74, 0xA4, 0x88, 0x0D, 0xB9, 0xDB, 0x13, 0x6E, 0x50, 0xFD, 0xD4, 0x5D, 0x54, 0xBF, 0x64,
    0x64, 0x98, 0x12, 0xD3, 0xBB, 0xAC, 0xC9, 0x1E, 0x64, 0x87, 0x67, 0x07, 0x19, 0xEC, 0x6F, 0xDF,
    0x6E, 0x69, 0xF6, 0x5E, 0x96, 0x5D, 0xEF, 0x6B, 0x99, 0x75, 0x5F, 0x11, 0x32, 0x03, 0x84, 0x50,
    0x5E, 0x91, 0xBF, 0xA4, 0x7C, 0xDB, 0xBF, 0x12, 0x39, 0xF4, 0x51, 0xE2, 0x3C, 0xF9, 0x4E, 0x6A,
    0x5D, 0x8A, 0x33, 0x98, 0xD5, 0xCA, 0x5E, 0x15, 0x9F, 0x0A, 0x38, 0xCC, 0x9D, 0x41, 0x68, 0x96,
    0x5A, 0xBA, 0x88, 0x9C, 0xEC, 0x5A, 0x15, 0x0C, 0x71, 0x1A, 0xC7, 0x2A, 0xE7, 0xD5, 0xC0, 0x93,
    0x40, 0x7D, 0xD1, 0x79, 0x1C, 0x09, 0x3D, 0xFC, 0xF6, 0x8F, 0x38, 0xDC, 0xB2, 0xFA, 0xC2, 0xCA,
    0xEF, 0x73, 0xB0, 0x56, 0x45, 0x86, 0x0C, 0x41, 0x77, 0x1E, 0xD3, 0x99, 0x8A, 0x9B, 0x3D, 0xF8,
    0x2B, 0x1B, 0xF4, 0xE0, 0xAF, 0x66, 0xC8, 0x05, 0x5E, 0x50, 0x60, 0x54, 0x57, 0x8A, 0xAE, 0xBC,
    0x84, 0x47, 0xAD, 0xBF, 0xB8, 0x00, 0x9B, 0x7F, 0x5D, 0x82, 0xEE, 0xF7, 0x85, 0x88, 0xED, 0x63,
    0xE8, 0x14, 0x8E, 0x0F, 0x79, 0x0A, 0x6F, 0xB3, 0xA9, 0xA6, 0x03, 0xED, 0xC0, 0xFB, 0xE2, 0x74,
    0x84, 0x63, 0xC6, 0xEA, 0x05, 0x9E, 0xBC, 0x98, 0xE5, 0xF9, 0x43, 0x1B, 0xD7, 0x04, 0x78, 0x05,
    0x24, 0x62, 0x9B, 0xD4, 0x2F, 0x25, 0x51, 0x3C, 0xB6, 0x1C, 0x21, 0x8F, 0x0D, 0xD6, 0xCA, 0xBB,
    0x8C, 0xC8, 0xFE, 0x63, 0xEA, 0xBE, 0x95, 0x58, 0x67, 0xC2, 0xBB, 0xAE, 0x0C, 0xC3, 0xE6, 0x96,
    0xCC, 0xCB, 0x99, 0xB5, 0x61, 0x45, 0xBD, 0x72, 0x25, 0x3A, 0x40, 0x3F, 0xE8, 0xCA, 0xBC, 0xA4,
    0x65, 0x04, 0x70, 0x8E, 0x35, 0x9C, 0x73, 0x3C, 0x53, 0x1C, 0x90, 0x82, 0x78, 0x0F, 0x37, 0x7A,
    0x38, 0x13, 0xBB, 0xC0, 0xA0, 0xF2, 0x0D, 0x9E, 0x13, 0xFE, 0xD3, 0xCB, 0x1C, 0x57, 0xCB, 0x33,
    0xFB, 0x0D, 0xF6, 0x06, 0x0B, 0x42, 0xEA, 0x2C, 0x87, 0x3C, 0x44, 0xA4, 0x52, 0xAA, 0xB4, 0xB0,
    0xEA, 0x95, 0x10, 0x46, 0x7F, 0xA3, 0x5B, 0xB4, 0x95, 0x9D, 0x12, 0x1A, 0x3E, 0x43, 0x4B, 0x3A,
    0x21, 0x70, 0x77, 0x37, 0x62, 0x37, 0xE5, 0x35, 0xD6, 0x96, 0x40, 0x37, 0x72, 0xC5, 0x25, 0xA5,
    0x15, 0x94, 0x4A, 0x0E, 0xB5, 0x72, 0x84, 0x61, 0xED, 0xAB, 0x92, 0x09, 0x5F, 0x95, 0x7A, 0xE3,
    0x43, 0x81, 0x7F, 0x92, 0x0C, 0x2B, 0x82, 0x7B, 0xCE, 0x29, 0xE2, 0x45, 0xFD, 0xB6, 0xA4, 0x91,
    0x3A, 0x99, 0xFC, 0x9E, 0xCF, 0xB3, 0xBF, 0x11, 0x7B, 0x91, 0x95, 0x2C, 0xFA, 0x56, 0x3A, 0x83,
    0x69, 0x77, 0x18, 0x06, 0xEE, 0x46, 0x66, 0xE2, 0xA6, 0x46, 0x62, 0x77, 0xE4, 0xF5, 0x2B, 0xF0,
    0x11, 0x43, 0xD0, 0x19, 0x6C, 0x63, 0x51, 0xBB, 0xB8, 0x64, 0x06, 0xFC, 0xBD, 0x80, 0x0C, 0x06,
    0x59, 0xB6, 0xFB, 0x57, 0xD4, 0x9D, 0x5C, 0x8D, 0x28, 0xDD, 0x3B, 0x13, 0xA9, 0xBD, 0x5E, 0xAC,
    0x1A, 0x0E, 0x51, 0x10, 0xC2, 0x76, 0x2E, 0xB2, 0xF5, 0x84, 0x0C, 0x46, 0x19, 0x34, 0xC4, 0x98,
    0x42, 0xAE, 0x9A, 0x62, 0x00, 0xE4, 0x70, 0x39, 0x0B, 0x18, 0x60, 0x9A, 0x05, 0xE7, 0x72, 0x86,
    0xEF, 0x3C, 0xFD, 0x5B, 0x8C, 0xF3, 0xA5, 0xE7, 0x21, 0xCB, 0x37, 0x79, 0x46, 0x51, 0x5C, 0x3F,
    0x75, 0xF6, 0xF3, 0x72, 0xA2, 0xBB, 0xB4, 0x43, 0xA5, 0x6E, 0x86, 0x2C, 0xBB, 0x7C, 0x8F, 0xC5,
    0xF6, 0x75, 0xF1, 0xA1, 0x25, 0x34, 0x81, 0xF4, 0xCC, 0x03, 0x9B, 0x5E, 0x64, 0x87, 0x95, 0xCC,
    0x0A, 0x8D, 0x8E, 0x15, 0x52, 0xF5, 0xE9, 0x90, 0xEC, 0x4B, 0xA8, 0x77, 0x6E, 0x14, 0x0B, 0x64,
    0x93, 0xFA, 0xDB, 0xB8, 0xCA, 0x36, 0x85, 0x50, 0xF6, 0x5C, 0x42, 0x9C, 0x74, 0xA9, 0xFE, 0xEB,
    0x6B, 0x8C, 0xDD, 0x7E, 0xB6, 0xA8, 0x99, 0x72, 0x1D, 0x9C, 0x8A, 0x77, 0x3E, 0x86, 0x7A, 0x4D,
    0x88, 0xA6, 0x06, 0xDB, 0x33, 0xAE, 0x91, 0xF2, 0x8D, 0x21, 0xEB, 0x2F, 0x0C, 0x7A, 0xD5, 0x8F,
    0x94, 0x96, 0x66, 0xDF, 0xD1, 0xB6, 0x7C, 0xFC, 0xDB, 0x3E, 0xBE, 0xFF, 0x01,
};

static const EpdGlyph notonaskh_14_regularGlyphs[] = {
    { 0, 0, 0, 0, 0, 0, 0 }, // U+0000
    { 0, 0, 0, 0, 0, 0, 0 }, // U+0001
    { 0, 0, 0, 0, 0, 0, 0 }, // U+0002
    { 0, 0, 0, 0, 0, 0, 0 }, // U+0003
    { 0, 0, 0, 0, 0, 0, 0 }, // U+0004
    { 0, 0, 0, 0, 0, 0, 0 }, // U+0005
    { 0, 0, 0, 0, 0, 0, 0 }, // U+0006
    { 0, 0, 0, 0, 0, 0, 0 }, // U+0007
    { 0, 0, 0, 0, 0, 0, 0 }, // U+0008
    { 0, 0, 0, 0, 0, 0, 0 }, // U+0009
    { 0, 0, 0, 0, 0, 0, 0 }, // U+000A
    { 0, 0, 0, 0, 0, 0, 0 }, // U+000B
    { 0, 0, 0, 0, 0, 0, 0 }, // U+000C
    { 0, 0, 0, 0, 0, 0, 0 }, // U+000D
    { 0, 0, 0, 0, 0, 0, 0 }, // U+000E
    { 0, 0, 0, 0, 0, 0, 0 }, // U+000F
    { 0, 0, 0, 0, 0, 0, 0 }, // U+0010
    { 0, 0, 0, 0, 0, 0, 0 }, // U+0011
    { 0, 0, 0, 0, 0, 0, 0 }, // U+0012
    { 0, 0, 0, 0, 0, 0, 0 }, // U+0013
    { 0, 0, 0, 0, 0, 0, 0 }, // U+0014
    { 0, 0, 0, 0, 0, 0, 0 }, // U+0015
    { 0, 0, 0, 0, 0, 0, 0 }, // U+0016
    { 0, 0, 0, 0, 0, 0, 0 }, // U+0017
    { 0, 0, 0, 0, 0, 0, 0 }, // U+0018
    { 0, 0, 0, 0, 0, 0, 0 }, // U+0019
    { 0, 0, 0, 0, 0, 0, 0 }, // U+001A
    { 0, 0, 0, 0, 0, 0, 0 }, // U+001B
    { 0, 0, 0, 0, 0, 0, 0 }, // U+001C
    { 0, 0, 0, 0, 0, 0, 0 }, // U+001D
    { 0, 0, 0, 0, 0, 0, 0 }, // U+001E
    { 0, 0, 0, 0, 0, 0, 0 }, // U+001F
    { 0, 0, 103, 0, 0, 0, 0 }, // U+0020
    { 4, 20, 96, 1, 18, 20, 0 }, // !
    { 10, 8, 190, 1, 21, 20, 20 }, // "
    { 16, 21, 261, 0, 21, 84, 40 }, // #
    { 14, 26, 261, 1, 23, 91, 124 }, // $
    { 24, 23, 418, 1, 22, 138, 215 }, // %
    { 21, 23, 346, 1, 22, 121, 353 }, // &
    { 4, 8, 103, 1, 21, 8, 474 }, // '
    { 9, 27, 161, 1, 23, 61, 482 }, // (
    { 9, 27, 161, 0, 23, 61, 543 }, // )
    { 13, 12, 233, 1, 23, 39, 604 }, // *
    { 14, 13, 261, 1, 17, 46, 643 }, // +
    { 6, 9, 117, 0, 4, 14, 689 }, // ,
    { 9, 4, 145, 0, 10, 9, 703 }, // -
    { 4, 4, 96, 1, 2, 4, 712 }, // .
    { 9, 27, 134, 0, 23, 61, 716 }, // /
    { 14, 23, 261, 1, 22, 81, 777 }, // 0
    { 13, 21, 261, 1, 21, 69, 858 }, // 1
    { 14, 22, 261, 1, 22, 77, 927 }, // 2
    { 14, 23, 261, 1, 22, 81, 1004 }, // 3
    { 16, 21, 261, 0, 21, 84, 1085 }, // 4
    { 14, 22, 261, 1, 21, 77, 1169 }, // 5
    { 14, 23, 261, 1, 22, 81, 1246 }, // 6
    { 14, 21, 261, 1, 21, 74, 1327 }, // 7
    { 14, 23, 261, 1, 22, 81, 1401 }, // 8
    { 14, 23, 261, 1, 22, 81, 1482 }, // 9
    { 4, 15, 96, 1, 13, 15, 1563 }, // :
    { 6, 21, 133, 1, 16, 32, 1578 }, // ;
    { 14, 15, 261, 1, 18, 53, 1610 }, // <
    { 14, 9, 261, 1, 15, 32, 1663 }, // =
    { 14, 15, 261, 1, 18, 53, 1695 }, // >
    { 13, 23, 221, 0, 22, 75, 1748 }, // ?
    { 25, 26, 430, 1, 21, 163, 1823 }, // @
    { 21, 21, 329, 0, 21, 111, 1986 }, // A
    { 17, 21, 305, 1, 21, 90, 2097 }, // B
    { 16, 23, 287, 1, 22, 92, 2187 }, // C
    { 19, 21, 339, 1, 21, 100, 2279 }, // D
    { 16, 21, 291, 1, 21, 84, 2379 }, // E
    { 15, 21, 275, 1, 21, 79, 2463 }, // F
    { 20, 23, 333, 1, 22, 115, 2542 }, // G
    { 22, 21, 370, 1, 21, 116, 2657 }, // H
    { 9, 21, 171, 1, 21, 48, 2773 }, // I
    { 11, 28, 167, -1, 21, 77, 2821 }, // J
    { 20, 21, 327, 1, 21, 105, 2898 }, // K
    { 16, 21, 291, 1, 21, 84, 3003 }, // L
    { 26, 21, 438, 1, 21, 137, 3087 }, // M
    { 21, 21, 356, 1, 21, 111, 3224 }, // N
    { 19, 23, 346, 1, 22, 110, 3335 }, // O
    { 16, 21, 282, 1, 21, 84, 3445 }, // P
    { 19, 29, 346, 1, 22, 138, 3529 }, // Q
    { 19, 21, 306, 1, 21, 100, 3667 }, // R
    { 14, 23, 254, 1, 22, 81, 3767 }, // S
    { 18, 21, 286, 0, 21, 95, 3848 }, // T
    { 21, 22, 335, 0, 21, 116, 3943 }, // U
    { 20, 21, 315, 0, 21, 105, 4059 }, // V
    { 31, 21, 489, 0, 21, 163, 4164 }, // W
    { 20, 21, 308, 0, 21, 105, 4327 }, // X
    { 20, 21, 292, -1, 21, 105, 4432 }, // Y
    { 16, 21, 276, 1, 21, 84, 4537 }, // Z
    { 8, 27, 168, 2, 23, 54, 4621 }, // [
    { 9, 27, 134, 0, 23, 61, 4675 }, // <backslash>
    { 7, 27, 168, 1, 23, 48, 4736 }, // ]
    { 14, 14, 261, 1, 21, 49, 4784 }, // ^
    { 15, 3, 214, -1, -2, 12, 4833 }, // _
    { 6, 6, 128, 1, 23, 9, 4845 }, // `
    { 15, 17, 263, 1, 16, 64, 4854 }, // a
    { 17, 24, 287, 0, 23, 102, 4918 }, // b
    { 13, 17, 230, 1, 16, 56, 5020 }, // c
    { 17, 24, 287, 1, 23, 102, 5076 }, // d
    { 14, 17, 250, 1, 16, 60, 5178 }, // e
    { 13, 23, 172, 0, 23, 75, 5238 }, // f
    { 16, 24, 251, 0, 17, 96, 5313 }, // g
    { 18, 23, 296, 0, 23, 104, 5409 }, // h
    { 9, 23, 149, 0, 23, 52, 5513 }, // i
    { 8, 30, 140, -1, 23, 60, 5565 }, // j
    { 18, 23, 273, 0, 23, 104, 5625 }, // k
    { 9, 23, 145, 0, 23, 52, 5729 }, // l
    { 27, 16, 441, 0, 16, 108, 5781 }, // m
    { 18, 16, 301, 0, 16, 72, 5889 }, // n
    { 15, 17, 269, 1, 16, 64, 5961 }, // o
    { 17, 23, 287, 0, 16, 98, 6025 }, // p
    { 17, 23, 287, 1, 16, 98, 6123 }, // q
    { 14, 16, 220, 0, 16, 56, 6221 }, // r
    { 11, 17, 211, 1, 16, 47, 6277 }, // s
    { 10, 21, 164, 0, 20, 53, 6324 }, // t
    { 18, 17, 296, 0, 16, 77, 6377 }, // u
    { 17, 16, 270, 0, 16, 68, 6454 }, // v
    { 26, 16, 402, 0, 16, 104, 6522 }, // w
    { 17, 16, 270, 0, 16, 68, 6626 }, // x
    { 17, 23, 264, 0, 16, 98, 6694 }, // y
    { 13, 16, 239, 1, 16, 52, 6792 }, // z
    { 11, 27, 200, 1, 23, 75, 6844 }, // {
    { 3, 30, 261, 7, 23, 23, 6919 }, // |
    { 11, 27, 200, 1, 23, 75, 6942 }, // }
    { 14, 6, 261, 1, 13, 21, 7017 }, // ~
    { 0, 0, 0, 0, 0, 0, 7038 }, // U+007F
    { 0, 0, 0, 0, 0, 0, 0 }, // U+0080
    { 0, 0, 0, 0, 0, 0, 0 }, // U+0081
    { 0, 0, 0, 0, 0, 0, 0 }, // U+0082
    { 0, 0, 0, 0, 0, 0, 0 }, // U+0083
    { 0, 0, 0, 0, 0, 0, 0 }, // U+0084
    { 0, 0, 0, 0, 0, 0, 0 }, // U+0085
    { 0, 0, 0, 0, 0, 0, 0 }, // U+0086
    { 0, 0, 0, 0, 0, 0, 0 }, // U+0087
    { 0, 0, 0, 0, 0, 0, 0 }, // U+0088
    { 0, 0, 0, 0, 0, 0, 0 }, // U+0089
    { 0, 0, 0, 0, 0, 0, 0 }, // U+008A
    { 0, 0, 0, 0, 0, 0, 0 }, // U+008B
    { 0, 0, 0, 0, 0, 0, 0 }, // U+008C
    { 0, 0, 0, 0, 0, 0, 0 }, // U+008D
    { 0, 0, 0, 0, 0, 0, 0 }, // U+008E
    { 0, 0, 0, 0, 0, 0, 0 }, // U+008F
    { 0, 0, 0, 0, 0, 0, 0 }, // U+0090
    { 0, 0, 0, 0, 0, 0, 0 }, // U+0091
    { 0, 0, 0, 0, 0, 0, 0 }, // U+0092
    { 0, 0, 0, 0, 0, 0, 0 }, // U+0093
    { 0, 0, 0, 0, 0, 0, 0 }, // U+0094
    { 0, 0, 0, 0, 0, 0, 0 }, // U+0095
    { 0, 0, 0, 0, 0, 0, 0 }, // U+0096
    { 0, 0, 0, 0, 0, 0, 0 }, // U+0097
    { 0, 0, 0, 0, 0, 0, 0 }, // U+0098
    { 0, 0, 0, 0, 0, 0, 0 }, // U+0099
    { 0, 0, 0, 0, 0, 0, 0 }, // U+009A
    { 0, 0, 0, 0, 0, 0, 0 }, // U+009B
    { 0, 0, 0, 0, 0, 0, 0 }, // U+009C
    { 0, 0, 0, 0, 0, 0, 0 }, // U+009D
    { 0, 0, 0, 0, 0, 0, 0 }, // U+009E
    { 0, 0, 0, 0, 0, 0, 0 }, // U+009F
    { 0, 0, 103, 0, 0, 0, 0 }, // U+00A0
    { 5, 21, 155, 4, 18, 27, 0 }, // U+00A1
    { 13, 21, 261, 2, 21, 69, 27 }, // U+00A2
    { 15, 23, 261, 1, 22, 87, 96 }, // U+00A3
    { 17, 21, 261, 0, 21, 90, 183 }, // U+00A5
    { 13, 27, 254, 2, 23, 88, 273 }, // U+00A7
    { 9, 4, 269, 4, 22, 9, 361 }, // U+00A8
    { 23, 23, 394, 1, 22, 133, 370 }, // U+00A9
    { 10, 10, 178, 1, 21, 25, 503 }, // U+00AA
    { 11, 10, 193, 1, 12, 28, 528 }, // U+00AB
    { 0, 0, 0, 0, 0, 0, 556 }, // U+00AD
    { 23, 23, 394, 1, 22, 133, 556 }, // U+00AE
    { 15, 2, 214, -1, 24, 8, 689 }, // U+00AF
    { 10, 10, 187, 1, 22, 25, 697 }, // U+00B0
    { 6, 6, 128, 1, 23, 9, 722 }, // U+00B4
    { 16, 27, 288, 1, 23, 108, 731 }, // U+00B6
    { 5, 5, 117, 1, 13, 7, 839 }, // U+00B7
    { 7, 8, 155, 1, 1, 14, 846 }, // U+00B8
    { 10, 10, 185, 1, 21, 25, 860 }, // U+00BA
    { 11, 10, 193, 0, 12, 28, 885 }, // U+00BB
    { 12, 22, 221, 1, 16, 66, 913 }, // U+00BF
    { 21, 28, 329, 0, 28, 147, 979 }, // U+00C0
    { 21, 28, 329, 0, 28, 147, 1126 }, // U+00C1
    { 21, 28, 329, 0, 28, 147, 1273 }, // U+00C2
    { 21, 27, 329, 0, 27, 142, 1420 }, // U+00C3
    { 21, 27, 329, 0, 27, 142, 1562 }, // U+00C4
    { 21, 26, 329, 0, 26, 137, 1704 }, // U+00C5
    { 27, 21, 444, 0, 21, 142, 1841 }, // U+00C6
    { 16, 29, 287, 1, 22, 116, 1983 }, // U+00C7
    { 16, 28, 291, 1, 28, 112, 2099 }, // U+00C8
    { 16, 28, 291, 1, 28, 112, 2211 }, // U+00C9
    { 16, 28, 291, 1, 28, 112, 2323 }, // U+00CA
    { 16, 27, 291, 1, 27, 108, 2435 }, // U+00CB
    { 9, 28, 171, 1, 28, 63, 2543 }, // U+00CC
    { 9, 28, 171, 1, 28, 63, 2606 }, // U+00CD
    { 9, 28, 171, 1, 28, 63, 2669 }, // U+00CE
    { 9, 27, 171, 1, 27, 61, 2732 }, // U+00CF
    { 19, 21, 339, 1, 21, 100, 2793 }, // U+00D0
    { 21, 27, 356, 1, 27, 142, 2893 }, // U+00D1
    { 19, 29, 346, 1, 28, 138, 3035 }, // U+00D2
    { 19, 29, 346, 1, 28, 138, 3173 }, // U+00D3
    { 19, 29, 346, 1, 28, 138, 3311 }, // U+00D4
    { 19, 28, 346, 1, 27, 133, 3449 }, // U+00D5
    { 19, 28, 346, 1, 27, 133, 3582 }, // U+00D6
    { 13, 13, 261, 2, 17, 43, 3715 }, // U+00D7
    { 19, 25, 346, 1, 23, 119, 3758 }, // U+00D8
    { 21, 29, 335, 0, 28, 153, 3877 }, // U+00D9
    { 21, 29, 335, 0, 28, 153, 4030 }, // U+00DA
    { 21, 29, 335, 0, 28, 153, 4183 }, // U+00DB
    { 21, 28, 335, 0, 27, 147, 4336 }, // U+00DC
    { 20, 28, 292, -1, 28, 140, 4483 }, // U+00DD
    { 16, 21, 282, 1, 21, 84, 4623 }, // U+00DE
    { 18, 24, 302, 0, 23, 108, 4707 }, // U+00DF
    { 15, 24, 263, 1, 23, 90, 4815 }, // U+00E0
    { 15, 24, 263, 1, 23, 90, 4905 }, // U+00E1
    { 15, 24, 263, 1, 23, 90, 4995 }, // U+00E2
    { 15, 23, 263, 1, 22, 87, 5085 }, // U+00E3
    { 15, 23, 263, 1, 22, 87, 5172 }, // U+00E4
    { 15, 25, 263, 1, 24, 94, 5259 }, // U+00E5
    { 23, 17, 393, 1, 16, 98, 5353 }, // U+00E6
    { 13, 23, 230, 1, 16, 75, 5451 }, // U+00E7
    { 14, 24, 250, 1, 23, 84, 5526 }, // U+00E8
    { 14, 24, 250, 1, 23, 84, 5610 }, // U+00E9
    { 14, 24, 250, 1, 23, 84, 5694 }, // U+00EA
    { 14, 23, 250, 1, 22, 81, 5778 }, // U+00EB
    { 9, 23, 149, 0, 23, 52, 5859 }, // U+00EC
    { 10, 23, 149, 0, 23, 58, 5911 }, // U+00ED
    { 9, 23, 149, 0, 23, 52, 5969 }, // U+00EE
    { 9, 22, 149, 0, 22, 50, 6021 }, // U+00EF
    { 15, 24, 269, 1, 23, 90, 6071 }, // U+00F0
    { 18, 22, 301, 0, 22, 99, 6161 }, // U+00F1
    { 15, 24, 269, 1, 23, 90, 6260 }, // U+00F2
    { 15, 24, 269, 1, 23, 90, 6350 }, // U+00F3
    { 15, 24, 269, 1, 23, 90, 6440 }, // U+00F4
    { 15, 23, 269, 1, 22, 87, 6530 }, // U+00F5
    { 15, 23, 269, 1, 22, 87, 6617 }, // U+00F6
    { 14, 15, 261, 1, 18, 53, 6704 }, // U+00F7
    { 15, 19, 269, 1, 17, 72, 6757 }, // U+00F8
    { 18, 24, 296, 0, 23, 108, 6829 }, // U+00F9
    { 18, 24, 296, 0, 23, 108, 6937 }, // U+00FA
    { 18, 24, 296, 0, 23, 108, 7045 }, // U+00FB
    { 18, 23, 296, 0, 22, 104, 7153 }, // U+00FC
    { 17, 30, 264, 0, 23, 128, 7257 }, // U+00FD
    { 17, 30, 287, 0, 23, 128, 7385 }, // U+00FE
    { 17, 29, 264, 0, 22, 124, 7513 }, // U+00FF
    { 21, 25, 329, 0, 25, 132, 0 }, // U+0100
    { 15, 21, 263, 1, 20, 79, 132 }, // U+0101
    { 21, 27, 329, 0, 27, 142, 211 }, // U+0102
    { 15, 23, 263, 1, 22, 87, 353 }, // U+0103
    { 21, 28, 329, 0, 21, 147, 440 }, // U+0104
    { 15, 23, 263, 1, 16, 87, 587 }, // U+0105
    { 16, 29, 287, 1, 28, 116, 674 }, // U+0106
    { 13, 24, 230, 1, 23, 78, 790 }, // U+0107
    { 16, 29, 287, 1, 28, 116, 868 }, // U+010A
    { 13, 24, 230, 1, 23, 78, 984 }, // U+010B
    { 16, 29, 287, 1, 28, 116, 1062 }, // U+010C
    { 13, 24, 230, 1, 23, 78, 1178 }, // U+010D
    { 19, 28, 339, 1, 28, 133, 1256 }, // U+010E
    { 19, 24, 287, 1, 23, 114, 1389 }, // U+010F
    { 19, 21, 339, 1, 21, 100, 1503 }, // U+0110
    { 17, 24, 287, 1, 23, 102, 1603 }, // U+0111
    { 16, 25, 291, 1, 25, 100, 1705 }, // U+0112
    { 14, 21, 250, 1, 20, 74, 1805 }, // U+0113
    { 16, 27, 291, 1, 27, 108, 1879 }, // U+0116
    { 14, 24, 250, 1, 23, 84, 1987 }, // U+0117
    { 16, 28, 291, 1, 21, 112, 2071 }, // U+0118
    { 14, 23, 250, 1, 16, 81, 2183 }, // U+0119
    { 16, 28, 291, 1, 28, 112, 2264 }, // U+011A
    { 14, 24, 250, 1, 23, 84, 2376 }, // U+011B
    { 20, 28, 333, 1, 27, 140, 2460 }, // U+011E
    { 16, 29, 251, 0, 22, 116, 2600 }, // U+011F
    { 20, 29, 333, 1, 28, 145, 2716 }, // U+0120
    { 16, 30, 251, 0, 23, 120, 2861 }, // U+0121
    { 20, 29, 333, 1, 22, 145, 2981 }, // U+0122
    { 16, 30, 251, 0, 23, 120, 3126 }, // U+0123
    { 22, 21, 370, 1, 21, 116, 3246 }, // U+0126
    { 18, 23, 296, 0, 23, 104, 3362 }, // U+0127
    { 9, 25, 171, 1, 25, 57, 3466 }, // U+012A
    { 9, 20, 149, 0, 20, 45, 3523 }, // U+012B
    { 9, 28, 171, 1, 21, 63, 3568 }, // U+012E
    { 9, 30, 149, 0, 23, 68, 3631 }, // U+012F
    { 9, 28, 171, 1, 28, 63, 3699 }, // U+0130
    { 9, 16, 149, 0, 16, 36, 3762 }, // U+0131
    { 20, 28, 327, 1, 21, 140, 3798 }, // U+0136
    { 18, 30, 273, 0, 23, 135, 3938 }, // U+0137
    { 16, 28, 291, 1, 28, 112, 4073 }, // U+0139
    { 9, 29, 145, 0, 29, 66, 4185 }, // U+013A
    { 16, 28, 291, 1, 21, 112, 4251 }, // U+013B
    { 9, 30, 145, 0, 23, 68, 4363 }, // U+013C
    { 16, 22, 291, 1, 22, 88, 4431 }, // U+013D
    { 11, 23, 145, 0, 23, 64, 4519 }, // U+013E
    { 16, 21, 291, 1, 21, 84, 4583 }, // U+0141
    { 10, 23, 151, 0, 23, 58, 4667 }, // U+0142
    { 21, 28, 356, 1, 28, 147, 4725 }, // U+0143
    { 18, 23, 301, 0, 23, 104, 4872 }, // U+0144
    { 21, 28, 356, 1, 21, 147, 4976 }, // U+0145
    { 18, 23, 301, 0, 16, 104, 5123 }, // U+0146
    { 21, 28, 356, 1, 28, 147, 5227 }, // U+0147
    { 18, 23, 301, 0, 23, 104, 5374 }, // U+0148
    { 19, 29, 346, 1, 28, 138, 5478 }, // U+0150
    { 15, 24, 269, 1, 23, 90, 5616 }, // U+0151
    { 26, 23, 448, 1, 22, 150, 5706 }, // U+0152
    { 24, 17, 422, 1, 16, 102, 5856 }, // U+0153
    { 19, 28, 306, 1, 28, 133, 5958 }, // U+0154
    { 14, 23, 220, 0, 23, 81, 6091 }, // U+0155
    { 19, 28, 306, 1, 28, 133, 6172 }, // U+0158
    { 14, 23, 220, 0, 23, 81, 6305 }, // U+0159
    { 14, 29, 254, 1, 28, 102, 6386 }, // U+015A
    { 11, 24, 211, 1, 23, 66, 6488 }, // U+015B
    { 14, 29, 254, 1, 22, 102, 6554 }, // U+015E
    { 11, 23, 211, 1, 16, 64, 6656 }, // U+015F
    { 14, 29, 254, 1, 28, 102, 6720 }, // U+0160
    { 11, 24, 211, 1, 23, 66, 6822 }, // U+0161
    { 18, 28, 286, 0, 28, 126, 6888 }, // U+0164
    { 11, 24, 164, 0, 23, 66, 7014 }, // U+0165
    { 21, 26, 335, 0, 25, 137, 7080 }, // U+016A
    { 18, 21, 296, 0, 20, 95, 7217 }, // U+016B
    { 21, 30, 335, 0, 29, 158, 7312 }, // U+016E
    { 18, 25, 296, 0, 24, 113, 7470 }, // U+016F
    { 21, 29, 335, 0, 28, 153, 7583 }, // U+0170
    { 18, 24, 296, 0, 23, 108, 7736 }, // U+0171
    { 21, 28, 338, 0, 21, 147, 7844 }, // U+0172
    { 18, 23, 296, 0, 16, 104, 7991 }, // U+0173
    { 31, 28, 489, 0, 28, 217, 8095 }, // U+0174
    { 26, 23, 402, 0, 23, 150, 8312 }, // U+0175
    { 20, 28, 292, -1, 28, 140, 8462 }, // U+0176
    { 17, 30, 264, 0, 23, 128, 8602 }, // U+0177
    { 20, 27, 292, -1, 27, 135, 8730 }, // U+0178
    { 16, 28, 276, 1, 28, 112, 8865 }, // U+0179
    { 13, 23, 239, 1, 23, 75, 8977 }, // U+017A
    { 16, 28, 276, 1, 28, 112, 9052 }, // U+017B
    { 13, 23, 239, 1, 23, 75, 9164 }, // U+017C
    { 16, 28, 276, 1, 28, 112, 9239 }, // U+017D
    { 13, 23, 239, 1, 23, 75, 9351 }, // U+017E
    { 14, 29, 254, 1, 22, 102, 0 }, // U+0218
    { 11, 23, 211, 1, 16, 64, 102 }, // U+0219
    { 18, 28, 286, 0, 21, 126, 166 }, // U+021A
    { 10, 27, 164, 0, 20, 68, 292 }, // U+021B
    { 7, 6, 0, -13, 23, 11, 0 }, // U+0300
    { 6, 6, 0, -9, 23, 9, 11 }, // U+0301
    { 9, 6, 0, -13, 23, 14, 20 }, // U+0302
    { 11, 5, 0, -15, 22, 14, 34 }, // U+0303
    { 10, 3, 0, -5, 20, 8, 48 }, // U+0304
    { 10, 5, 0, -5, 22, 13, 56 }, // U+0306
    { 4, 5, 0, -2, 23, 5, 69 }, // U+0307
    { 10, 4, 0, -5, 22, 10, 74 }, // U+0308
    { 8, 7, 0, -4, 24, 14, 84 }, // U+030A
    { 12, 6, 0, -5, 23, 18, 98 }, // U+030B
    { 9, 6, 0, -13, 23, 14, 116 }, // U+030C
    { 4, 6, 0, -2, -1, 6, 130 }, // U+0326
    { 8, 8, 0, -4, 1, 16, 136 }, // U+0327
    { 8, 7, 0, -4, 0, 14, 152 }, // U+0328
    { 0, 0, 0, 0, 0, 0, 166 }, // U+034F
    { 33, 8, 531, 0, 7, 66, 0 }, // U+0600
    { 48, 9, 767, 0, 2, 108, 66 }, // U+0601
    { 35, 8, 576, 1, 7, 70, 174 }, // U+0602
    { 31, 9, 505, 0, 6, 70, 244 }, // U+0603
    { 66, 18, 1084, 1, 14, 297, 314 }, // U+0604
    { 30, 5, 467, 0, 27, 38, 611 }, // U+0605
    { 17, 22, 251, -1, 21, 94, 649 }, // U+0606
    { 17, 22, 251, -1, 21, 94, 743 }, // U+0607
    { 26, 21, 463, 1, 13, 137, 837 }, // U+0608
    { 16, 17, 258, 0, 15, 68, 974 }, // U+0609
    { 21, 17, 337, 0, 15, 90, 1042 }, // U+060A
    { 12, 30, 196, -1, 20, 90, 1132 }, // U+060B
    { 4, 8, 99, 1, 6, 8, 1222 }, // U+060C
    { 6, 10, 140, 1, 5, 15, 1230 }, // U+060D
    { 24, 10, 399, 1, 10, 60, 1245 }, // U+060E
    { 16, 25, 302, 1, 16, 100, 1305 }, // U+060F
    { 6, 7, 0, 0, 28, 11, 1405 }, // U+0610
    { 6, 7, 0, 0, 28, 11, 1416 }, // U+0611
    { 8, 7, 0, 0, 28, 14, 1427 }, // U+0612
    { 9, 8, 0, 0, 29, 18, 1441 }, // U+0613
    { 11, 4, 0, 0, 25, 11, 1459 }, // U+0614
    { 7, 7, 0, 0, 37, 13, 1470 }, // U+0615
    { 11, 10, 0, 0, 40, 28, 1483 }, // U+0616
    { 4, 9, 0, 0, 39, 9, 1511 }, // U+0617
    { 4, 4, 0, 0, 25, 4, 1520 }, // U+0618
    { 4, 6, 0, 0, 27, 6, 1524 }, // U+0619
    { 5, 4, 0, -1, -1, 5, 1530 }, // U+061A
    { 5, 15, 99, 1, 13, 19, 1535 }, // U+061B
    { 0, 0, 0, 0, 0, 0, 1554 }, // U+061C
    { 11, 17, 202, 1, 16, 47, 1554 }, // U+061D
    { 9, 8, 166, 1, 6, 18, 1601 }, // U+061E
    { 10, 20, 198, 1, 17, 50, 1619 }, // U+061F
    { 14, 18, 253, 1, 10, 63, 1669 }, // U+0620
    { 12, 11, 204, 1, 9, 33, 1732 }, // U+0621
    { 9, 24, 111, -1, 24, 54, 1765 }, // U+0622
    { 5, 27, 111, 1, 27, 34, 1819 }, // U+0623
    { 13, 23, 218, 0, 17, 75, 1853 }, // U+0624
    { 5, 27, 111, 1, 20, 34, 1928 }, // U+0625
    { 17, 18, 288, 1, 10, 77, 1962 }, // U+0626
    { 4, 20, 111, 2, 20, 20, 2039 }, // U+0627
    { 20, 19, 360, 2, 12, 95, 2059 }, // U+0628
    { 10, 17, 190, 1, 17, 43, 2154 }, // U+0629
    { 20, 13, 360, 2, 13, 65, 2197 }, // U+062A
    { 20, 15, 360, 2, 15, 75, 2262 }, // U+062B
    { 18, 21, 297, 1, 12, 95, 2337 }, // U+062C
    { 18, 21, 297, 1, 12, 95, 2432 }, // U+062D
    { 18, 26, 297, 1, 17, 117, 2527 }, // U+062E
    { 11, 12, 193, 0, 12, 33, 2644 }, // U+062F
    { 11, 18, 193, 0, 18, 50, 2677 }, // U+0630
    { 11, 16, 180, -1, 10, 44, 2727 }, // U+0631
    { 11, 22, 180, -1, 16, 61, 2771 }, // U+0632
    { 28, 18, 473, 1, 10, 126, 2832 }, // U+0633
    { 28, 23, 473, 1, 15, 161, 2958 }, // U+0634
    { 30, 19, 512, 1, 11, 143, 3119 }, // U+0635
    { 30, 25, 512, 1, 17, 188, 3262 }, // U+0636
    { 20, 20, 359, 1, 20, 100, 3450 }, // U+0637
    { 20, 20, 359, 1, 20, 100, 3550 }, // U+0638
    { 17, 23, 282, 2, 14, 98, 3650 }, // U+0639
    { 17, 29, 282, 2, 20, 124, 3748 }, // U+063A
    { 20, 20, 337, 1, 20, 100, 3872 }, // U+063B
    { 20, 28, 337, 1, 20, 140, 3972 }, // U+063C
    { 17, 18, 288, 1, 10, 77, 4112 }, // U+063D
    { 18, 18, 288, 0, 10, 81, 4189 }, // U+063E
    { 18, 18, 288, 0, 10, 81, 4270 }, // U+063F
    { 8, 3, 98, -1, 3, 6, 4351 }, // U+0640
    { 23, 20, 396, 1, 20, 115, 4357 }, // U+0641
    { 17, 23, 302, 1, 15, 98, 4472 }, // U+0642
    { 15, 20, 260, 0, 20, 75, 4570 }, // U+0643
    { 15, 28, 278, 1, 20, 105, 4645 }, // U+0644
    { 13, 20, 228, 1, 11, 65, 4750 }, // U+0645
    { 15, 19, 274, 1, 11, 72, 4815 }, // U+0646
    { 17, 14, 295, 0, 13, 60, 4887 }, // U+0647
    { 13, 16, 218, 0, 10, 52, 4947 }, // U+0648
    { 17, 18, 288, 1, 10, 77, 4999 }, // U+0649
    { 17, 23, 288, 1, 10, 98, 5076 }, // U+064A
    { 7, 7, 0, 0, 28, 13, 5174 }, // U+064B
    { 8, 7, 0, 0, 28, 14, 5187 }, // U+064C
    { 7, 6, 0, 0, -1, 11, 5201 }, // U+064D
    { 6, 5, 0, 0, 26, 8, 5212 }, // U+064E
    { 6, 7, 0, 0, 28, 11, 5220 }, // U+064F
    { 6, 5, 0, 0, -1, 8, 5231 }, // U+0650
    { 6, 6, 0, 0, 27, 9, 5239 }, // U+0651
    { 4, 6, 0, 0, 26, 6, 5248 }, // U+0652
    { 9, 4, 0, -1, 25, 9, 5254 }, // U+0653
    { 5, 7, 0, -1, 28, 9, 5263 }, // U+0654
    { 5, 7, 0, -1, 0, 9, 5272 }, // U+0655
    { 3, 9, 0, -1, 0, 7, 5281 }, // U+0656
    { 7, 6, 0, -1, 27, 11, 5288 }, // U+0657
    { 7, 6, 0, -1, 27, 11, 5299 }, // U+0658
    { 8, 2, 0, -1, 24, 4, 5310 }, // U+0659
    { 6, 7, 0, 0, 28, 11, 5314 }, // U+065A
    { 6, 6, 0, 0, 27, 9, 5325 }, // U+065B
    { 5, 6, 0, 0, 0, 8, 5334 }, // U+065C
    { 7, 7, 0, -1, 28, 13, 5342 }, // U+065D
    { 7, 7, 0, -1, 28, 13, 5355 }, // U+065E
    { 8, 7, 0, -1, 0, 14, 5368 }, // U+065F
    { 5, 6, 147, 2, 10, 8, 5382 }, // U+0660
    { 5, 17, 147, 2, 17, 22, 5390 }, // U+0661
    { 10, 17, 193, 2, 17, 43, 5412 }, // U+0662
    { 12, 17, 223, 2, 17, 51, 5455 }, // U+0663
    { 11, 19, 196, 1, 18, 53, 5506 }, // U+0664
    { 9, 15, 178, 1, 16, 34, 5559 }, // U+0665
    { 12, 18, 208, 0, 17, 54, 5593 }, // U+0666
    { 13, 17, 204, 0, 17, 56, 5647 }, // U+0667
    { 13, 17, 204, 0, 17, 56, 5703 }, // U+0668
    { 10, 19, 202, 1, 18, 48, 5759 }, // U+0669
    { 11, 17, 187, 0, 15, 47, 5807 }, // U+066A
    { 7, 13, 104, -1, 6, 23, 5854 }, // U+066B
    { 7, 12, 104, 0, 17, 21, 5877 }, // U+066C
    { 12, 11, 187, 0, 12, 33, 5898 }, // U+066D
    { 20, 12, 360, 2, 12, 60, 5931 }, // U+066E
    { 17, 18, 302, 1, 10, 77, 5991 }, // U+066F
    { 3, 9, 0, -1, 30, 7, 6068 }, // U+0670
    { 8, 27, 111, -1, 27, 54, 6075 }, // U+0671
    { 8, 27, 111, -1, 27, 54, 6129 }, // U+0672
    { 7, 29, 111, 0, 20, 51, 6183 }, // U+0673
    { 12, 11, 204, 1, 16, 33, 6234 }, // U+0674
    { 18, 20, 315, 2, 20, 90, 6267 }, // U+0675
    { 26, 22, 422, 0, 16, 143, 6357 }, // U+0676
    { 26, 24, 422, 0, 18, 156, 6500 }, // U+0677
    { 30, 24, 492, 1, 16, 180, 6656 }, // U+0678
    { 20, 16, 360, 2, 16, 80, 6836 }, // U+0679
    { 20, 16, 360, 2, 16, 80, 6916 }, // U+067A
    { 20, 21, 360, 2, 12, 105, 6996 }, // U+067B
    { 20, 16, 360, 2, 13, 80, 7101 }, // U+067C
    { 20, 15, 360, 2, 15, 75, 7181 }, // U+067D
    { 20, 20, 360, 2, 12, 100, 7256 }, // U+067E
    { 20, 15, 360, 2, 15, 75, 7356 }, // U+067F
    { 20, 20, 360, 2, 12, 100, 7431 }, // U+0680
    { 18, 27, 297, 1, 18, 122, 7531 }, // U+0681
    { 18, 29, 297, 1, 20, 131, 7653 }, // U+0682
    { 18, 21, 297, 1, 12, 95, 7784 }, // U+0683
    { 18, 21, 297, 1, 12, 95, 7879 }, // U+0684
    { 18, 28, 297, 1, 19, 126, 7974 }, // U+0685
    { 18, 21, 297, 1, 12, 95, 8100 }, // U+0686
    { 18, 21, 297, 1, 12, 95, 8195 }, // U+0687
    { 11, 20, 193, 0, 20, 55, 8290 }, // U+0688
    { 11, 15, 193, 0, 12, 42, 8345 }, // U+0689
    { 11, 19, 193, 0, 12, 53, 8387 }, // U+068A
    { 11, 27, 193, 0, 20, 75, 8440 }, // U+068B
    { 11, 17, 193, 0, 17, 47, 8515 }, // U+068C
    { 11, 18, 193, 0, 12, 50, 8562 }, // U+068D
    { 11, 19, 193, 0, 19, 53, 8612 }, // U+068E
    { 11, 19, 193, 0, 19, 53, 8665 }, // U+068F
    { 11, 19, 193, 0, 19, 53, 8718 }, // U+0690
    { 11, 24, 180, -1, 18, 66, 8771 }, // U+0691
    { 11, 24, 180, -1, 18, 66, 8837 }, // U+0692
    { 11, 18, 180, -1, 10, 50, 8903 }, // U+0693
    { 11, 22, 180, -1, 10, 61, 8953 }, // U+0694
    { 11, 22, 180, -1, 10, 61, 9014 }, // U+0695
    { 11, 22, 180, -1, 10, 61, 9075 }, // U+0696
    { 11, 21, 180, -1, 15, 58, 9136 }, // U+0697
    { 11, 23, 180, -1, 17, 64, 9194 }, // U+0698
    { 11, 23, 180, -1, 17, 64, 9258 }, // U+0699
    { 28, 22, 473, 1, 14, 154, 9322 }, // U+069A
    { 28, 18, 473, 1, 10, 126, 9476 }, // U+069B
    { 28, 23, 473, 1, 15, 161, 9602 }, // U+069C
    { 30, 19, 512, 1, 11, 143, 9763 }, // U+069D
    { 30, 27, 512, 1, 19, 203, 9906 }, // U+069E
    { 20, 20, 359, 1, 20, 100, 10109 }, // U+069F
    { 17, 30, 282, 2, 21, 128, 10209 }, // U+06A0
    { 23, 15, 396, 1, 15, 87, 10337 }, // U+06A1
    { 23, 21, 396, 1, 15, 121, 10424 }, // U+06A2
    { 23, 26, 396, 1, 20, 150, 10545 }, // U+06A3
    { 23, 21, 396, 1, 21, 121, 10695 }, // U+06A4
    { 23, 22, 396, 1, 15, 127, 10816 }, // U+06A5
    { 23, 21, 396, 1, 21, 121, 10943 }, // U+06A6
    { 17, 24, 302, 1, 16, 102, 11064 }, // U+06A7
    { 17, 25, 302, 1, 17, 107, 11166 }, // U+06A8
    { 20, 20, 337, 1, 20, 100, 11273 }, // U+06A9
    { 29, 16, 474, 0, 16, 116, 11373 }, // U+06AA
    { 20, 20, 337, 1, 20, 100, 11489 }, // U+06AB
    { 15, 20, 260, 0, 20, 75, 11589 }, // U+06AC
    { 15, 20, 260, 0, 20, 75, 11664 }, // U+06AD
    { 15, 28, 260, 0, 20, 105, 11739 }, // U+06AE
    { 20, 22, 337, 1, 22, 110, 11844 }, // U+06AF
    { 20, 22, 337, 1, 22, 110, 11954 }, // U+06B0
    { 20, 23, 337, 1, 23, 115, 12064 }, // U+06B1
    { 20, 29, 337, 1, 22, 145, 12179 }, // U+06B2
    { 20, 31, 337, 1, 22, 155, 12324 }, // U+06B3
    { 20, 25, 337, 1, 25, 125, 12479 }, // U+06B4
    { 15, 35, 278, 1, 27, 132, 12604 }, // U+06B5
    { 15, 33, 278, 1, 25, 124, 12736 }, // U+06B6
    { 16, 35, 278, 1, 27, 140, 12860 }, // U+06B7
    { 15, 35, 278, 1, 20, 132, 13000 }, // U+06B8
    { 15, 25, 274, 1, 11, 94, 13132 }, // U+06B9
    { 15, 15, 274, 1, 7, 57, 13226 }, // U+06BA
    { 15, 21, 274, 1, 13, 79, 13283 }, // U+06BB
    { 15, 22, 274, 1, 11, 83, 13362 }, // U+06BC
    { 15, 21, 274, 1, 13, 79, 13445 }, // U+06BD
    { 17, 14, 295, 0, 13, 60, 13524 }, // U+06BE
    { 18, 26, 297, 1, 17, 117, 13584 }, // U+06BF
    { 10, 19, 190, 1, 19, 48, 13701 }, // U+06C0
    { 10, 12, 190, 1, 12, 30, 13749 }, // U+06C1
    { 10, 19, 190, 1, 19, 48, 13779 }, // U+06C2
    { 10, 17, 190, 1, 17, 43, 13827 }, // U+06C3
    { 13, 17, 218, 0, 10, 56, 13870 }, // U+06C4
    { 13, 17, 218, 0, 10, 56, 13926 }, // U+06C5
    { 13, 24, 218, 0, 18, 78, 13982 }, // U+06C6
    { 13, 24, 218, 0, 18, 78, 14060 }, // U+06C7
    { 13, 30, 218, 0, 24, 98, 14138 }, // U+06C8
    { 13, 23, 218, 0, 17, 75, 14236 }, // U+06C9
    { 13, 21, 218, 0, 15, 69, 14311 }, // U+06CA
    { 13, 23, 218, 0, 17, 75, 14380 }, // U+06CB
    { 17, 18, 288, 1, 10, 77, 14455 }, // U+06CC
    { 21, 18, 288, -3, 10, 95, 14532 }, // U+06CD
    { 17, 18, 288, 1, 10, 77, 14627 }, // U+06CE
    { 13, 22, 218, 0, 16, 72, 14704 }, // U+06CF
    { 17, 26, 288, 1, 10, 111, 14776 }, // U+06D0
    { 17, 25, 288, 1, 10, 107, 14887 }, // U+06D1
    { 22, 10, 361, 1, 10, 55, 14994 }, // U+06D2
    { 22, 16, 361, 1, 16, 88, 15049 }, // U+06D3
    { 7, 3, 113, 0, 3, 6, 15137 }, // U+06D4
    { 10, 12, 190, 1, 12, 30, 15143 }, // U+06D5
    { 15, 11, 0, 0, 41, 42, 15173 }, // U+06D6
    { 11, 11, 0, 0, 41, 31, 15215 }, // U+06D7
    { 7, 6, 0, 0, 36, 11, 15246 }, // U+06D8
    { 5, 9, 0, 0, 39, 12, 15257 }, // U+06D9
    { 7, 8, 0, 0, 38, 14, 15269 }, // U+06DA
    { 6, 6, 0, 0, 36, 9, 15283 }, // U+06DB
    { 10, 8, 0, 0, 38, 20, 15292 }, // U+06DC
    { 33, 39, 588, 2, 31, 322, 15312 }, // U+06DD
    { 27, 27, 430, 0, 21, 183, 15634 }, // U+06DE
    { 5, 5, 0, -1, 26, 7, 15817 }, // U+06DF
    { 5, 6, 0, -1, 27, 8, 15824 }, // U+06E0
    { 6, 6, 0, -1, 27, 9, 15832 }, // U+06E1
    { 6, 8, 0, -1, 29, 12, 15841 }, // U+06E2
    { 10, 8, 0, 0, 0, 20, 15853 }, // U+06E3
    { 9, 4, 0, -1, 25, 9, 15873 }, // U+06E4
    { 6, 7, 96, 0, 6, 11, 15882 }, // U+06E5
    { 9, 4, 137, 0, 4, 9, 15893 }, // U+06E6
    { 8, 4, 0, 0, 26, 8, 15902 }, // U+06E7
    { 6, 8, 0, 0, 38, 12, 15910 }, // U+06E8
    { 15, 21, 238, 0, 19, 79, 15922 }, // U+06E9
    { 4, 5, 0, 0, -1, 5, 16001 }, // U+06EA
    { 4, 5, 0, 0, 26, 5, 16006 }, // U+06EB
    { 5, 6, 0, 0, 27, 8, 16011 }, // U+06EC
    { 6, 8, 0, -1, -1, 12, 16019 }, // U+06ED
    { 11, 18, 193, 0, 18, 50, 16031 }, // U+06EE
    { 11, 23, 180, -1, 17, 64, 16081 }, // U+06EF
    { 5, 6, 147, 2, 10, 8, 16145 }, // U+06F0
    { 5, 17, 147, 2, 17, 22, 16153 }, // U+06F1
    { 10, 17, 193, 2, 17, 43, 16175 }, // U+06F2
    { 12, 17, 223, 2, 17, 51, 16218 }, // U+06F3
    { 11, 17, 218, 2, 17, 47, 16269 }, // U+06F4
    { 11, 18, 212, 1, 18, 50, 16316 }, // U+06F5
    { 12, 17, 207, 1, 17, 51, 16366 }, // U+06F6
    { 13, 17, 204, 0, 17, 56, 16417 }, // U+06F7
    { 13, 17, 204, 0, 17, 56, 16473 }, // U+06F8
    { 10, 19, 202, 1, 18, 48, 16529 }, // U+06F9
    { 28, 23, 473, 1, 15, 161, 16577 }, // U+06FA
    { 30, 25, 512, 1, 17, 188, 16738 }, // U+06FB
    { 17, 29, 282, 2, 20, 124, 16926 }, // U+06FC
    { 12, 18, 204, 1, 9, 54, 17050 }, // U+06FD
    { 13, 20, 228, 1, 11, 65, 17104 }, // U+06FE
    { 17, 21, 295, 0, 20, 90, 17169 }, // U+06FF
    { 0, 0, 52, 0, 0, 0, 0 }, // U+2009
    { 0, 0, 0, 0, 0, 0, 0 }, // U+200B
    { 0, 0, 0, 0, 0, 0, 0 }, // U+200C
    { 0, 0, 0, 0, 0, 0, 0 }, // U+200D
    { 0, 0, 0, 0, 0, 0, 0 }, // U+200E
    { 0, 0, 0, 0, 0, 0, 0 }, // U+200F
    { 8, 3, 150, 1, 3, 6, 0 }, // U+2010
    { 16, 3, 233, -1, 9, 12, 6 }, // U+2013
    { 31, 3, 467, -1, 9, 24, 18 }, // U+2014
    { 6, 9, 117, 1, 21, 14, 42 }, // U+2018
    { 6, 9, 117, 0, 21, 14, 56 }, // U+2019
    { 6, 9, 117, 0, 4, 14, 70 }, // U+201A
    { 12, 9, 210, 1, 21, 27, 84 }, // U+201C
    { 12, 9, 210, 0, 21, 27, 111 }, // U+201D
    { 12, 9, 210, 0, 4, 27, 138 }, // U+201E
    { 9, 9, 169, 1, 15, 21, 165 }, // U+2022
    { 21, 5, 400, 2, 4, 27, 186 }, // U+2026
    { 0, 0, 0, 0, 0, 0, 213 }, // U+202A
    { 0, 0, 0, 0, 0, 0, 213 }, // U+202B
    { 0, 0, 0, 0, 0, 0, 213 }, // U+202C
    { 0, 0, 0, 0, 0, 0, 213 }, // U+202D
    { 0, 0, 0, 0, 0, 0, 213 }, // U+202E
    { 0, 0, 52, 0, 0, 0, 213 }, // U+202F
    { 7, 12, 155, 1, 14, 21, 213 }, // U+2039
    { 7, 12, 155, 1, 14, 21, 234 }, // U+203A
    { 5, 16, 99, 1, 11, 20, 255 }, // U+204F
    { 0, 0, 0, 0, 0, 0, 275 }, // U+2060
    { 0, 0, 0, 0, 0, 0, 275 }, // U+2061
    { 0, 0, 0, 0, 0, 0, 275 }, // U+2062
    { 0, 0, 0, 0, 0, 0, 275 }, // U+2063
    { 0, 0, 0, 0, 0, 0, 275 }, // U+2064
    { 0, 0, 0, 0, 0, 0, 275 }, // U+2066
    { 0, 0, 0, 0, 0, 0, 275 }, // U+2067
    { 0, 0, 0, 0, 0, 0, 275 }, // U+2068
    { 0, 0, 0, 0, 0, 0, 275 }, // U+2069
    { 0, 0, 0, 0, 0, 0, 275 }, // U+206A
    { 0, 0, 0, 0, 0, 0, 275 }, // U+206B
    { 0, 0, 0, 0, 0, 0, 275 }, // U+206C
    { 0, 0, 0, 0, 0, 0, 275 }, // U+206D
    { 0, 0, 0, 0, 0, 0, 275 }, // U+206E
    { 0, 0, 0, 0, 0, 0, 275 }, // U+206F
    { 7, 7, 103, 0, 28, 13, 0 }, // U+FE70
    { 8, 14, 98, -1, 14, 28, 13 }, // U+FE71
    { 8, 7, 103, 0, 28, 14, 41 }, // U+FE72
    { 11, 10, 161, 1, 2, 28, 55 }, // U+FE73
    { 7, 6, 103, 0, -1, 11, 83 }, // U+FE74
    { 7, 5, 103, 0, 26, 9, 94 }, // U+FE76
    { 8, 12, 98, -1, 12, 24, 103 }, // U+FE77
    { 7, 7, 103, 0, 28, 13, 127 }, // U+FE78
    { 8, 14, 98, -1, 14, 28, 140 }, // U+FE79
    { 7, 5, 103, 0, -1, 9, 168 }, // U+FE7A
    { 8, 10, 98, -1, 3, 20, 177 }, // U+FE7B
    { 7, 6, 103, 0, 27, 11, 197 }, // U+FE7C
    { 8, 13, 98, -1, 13, 26, 208 }, // U+FE7D
    { 5, 6, 103, 1, 26, 8, 234 }, // U+FE7E
    { 8, 12, 98, -1, 12, 24, 242 }, // U+FE7F
    { 12, 11, 204, 1, 9, 33, 266 }, // U+FE80
    { 9, 24, 111, -1, 24, 54, 299 }, // U+FE81
    { 10, 25, 118, -2, 25, 63, 353 }, // U+FE82
    { 5, 27, 111, 1, 27, 34, 416 }, // U+FE83
    { 7, 27, 118, 1, 27, 48, 450 }, // U+FE84
    { 13, 23, 218, 0, 17, 75, 498 }, // U+FE85
    { 15, 23, 218, 0, 17, 87, 573 }, // U+FE86
    { 5, 27, 111, 1, 20, 34, 660 }, // U+FE87
    { 6, 27, 118, 2, 20, 41, 694 }, // U+FE88
    { 17, 18, 288, 1, 10, 77, 735 }, // U+FE89
    { 20, 17, 321, 1, 9, 85, 812 }, // U+FE8A
    { 8, 18, 128, -1, 18, 36, 897 }, // U+FE8B
    { 11, 15, 136, -1, 15, 42, 933 }, // U+FE8C
    { 4, 20, 111, 2, 20, 20, 975 }, // U+FE8D
    { 6, 20, 118, 2, 20, 30, 995 }, // U+FE8E
    { 20, 19, 360, 2, 12, 95, 1025 }, // U+FE8F
    { 23, 16, 381, 2, 9, 92, 1120 }, // U+FE90
    { 8, 18, 128, -1, 11, 36, 1212 }, // U+FE91
    { 11, 14, 136, -1, 7, 39, 1248 }, // U+FE92
    { 10, 17, 190, 1, 17, 43, 1287 }, // U+FE93
    { 13, 17, 211, 1, 17, 56, 1330 }, // U+FE94
    { 20, 13, 360, 2, 13, 65, 1386 }, // U+FE95
    { 23, 13, 381, 2, 13, 75, 1451 }, // U+FE96
    { 9, 17, 128, -1, 17, 39, 1526 }, // U+FE97
    { 12, 13, 168, -1, 13, 39, 1565 }, // U+FE98
    { 20, 15, 360, 2, 15, 75, 1604 }, // U+FE99
    { 23, 15, 381, 2, 15, 87, 1679 }, // U+FE9A
    { 9, 19, 128, -1, 19, 43, 1766 }, // U+FE9B
    { 12, 15, 168, -1, 15, 45, 1809 }, // U+FE9C
    { 18, 21, 297, 1, 12, 95, 1854 }, // U+FE9D
    { 19, 20, 311, 1, 11, 95, 1949 }, // U+FE9E
    { 19, 16, 297, -1, 10, 76, 2044 }, // U+FE9F
    { 21, 16, 311, -1, 10, 84, 2120 }, // U+FEA0
    { 18, 21, 297, 1, 12, 95, 2204 }, // U+FEA1
    { 19, 20, 311, 1, 11, 95, 2299 }, // U+FEA2
    { 19, 10, 297, -1, 10, 48, 2394 }, // U+FEA3
    { 21, 10, 311, -1, 10, 53, 2442 }, // U+FEA4
    { 18, 26, 297, 1, 17, 117, 2495 }, // U+FEA5
    { 19, 25, 311, 1, 16, 119, 2612 }, // U+FEA6
    { 19, 16, 297, -1, 16, 76, 2731 }, // U+FEA7
    { 21, 16, 311, -1, 16, 84, 2807 }, // U+FEA8
    { 11, 12, 193, 0, 12, 33, 2891 }, // U+FEA9
    { 15, 12, 221, 0, 12, 45, 2924 }, // U+FEAA
    { 11, 18, 193, 0, 18, 50, 2969 }, // U+FEAB
    { 15, 18, 221, 0, 18, 68, 3019 }, // U+FEAC
    { 11, 16, 180, -1, 10, 44, 3087 }, // U+FEAD
    { 14, 16, 189, -1, 10, 56, 3131 }, // U+FEAE
    { 11, 22, 180, -1, 16, 61, 3187 }, // U+FEAF
    { 14, 22, 189, -1, 16, 77, 3248 }, // U+FEB0
    { 28, 18, 473, 1, 10, 126, 3325 }, // U+FEB1
    { 30, 16, 475, 1, 8, 120, 3451 }, // U+FEB2
    { 19, 10, 307, -1, 10, 48, 3571 }, // U+FEB3
    { 21, 8, 309, -1, 8, 42, 3619 }, // U+FEB4
    { 28, 23, 473, 1, 15, 161, 3661 }, // U+FEB5
    { 30, 23, 475, 1, 15, 173, 3822 }, // U+FEB6
    { 19, 15, 307, -1, 15, 72, 3995 }, // U+FEB7
    { 21, 15, 309, -1, 15, 79, 4067 }, // U+FEB8
    { 30, 19, 512, 1, 11, 143, 4146 }, // U+FEB9
    { 32, 19, 513, 1, 11, 152, 4289 }, // U+FEBA
    { 22, 11, 367, -1, 11, 61, 4441 }, // U+FEBB
    { 25, 11, 363, -1, 11, 69, 4502 }, // U+FEBC
    { 30, 25, 512, 1, 17, 188, 4571 }, // U+FEBD
    { 32, 25, 513, 1, 17, 200, 4759 }, // U+FEBE
    { 22, 17, 367, -1, 17, 94, 4959 }, // U+FEBF
    { 25, 17, 363, -1, 17, 107, 5053 }, // U+FEC0
    { 20, 20, 359, 1, 20, 100, 5160 }, // U+FEC1
    { 23, 20, 362, 1, 20, 115, 5260 }, // U+FEC2
    { 19, 20, 308, -1, 20, 95, 5375 }, // U+FEC3
    { 20, 20, 294, -1, 20, 100, 5470 }, // U+FEC4
    { 20, 20, 359, 1, 20, 100, 5570 }, // U+FEC5
    { 23, 20, 362, 1, 20, 115, 5670 }, // U+FEC6
    { 19, 20, 308, -1, 20, 95, 5785 }, // U+FEC7
    { 20, 20, 294, -1, 20, 100, 5880 }, // U+FEC8
    { 17, 23, 282, 2, 14, 98, 5980 }, // U+FEC9
    { 15, 20, 223, 1, 11, 75, 6078 }, // U+FECA
    { 15, 11, 236, -1, 11, 42, 6153 }, // U+FECB
    { 14, 11, 193, -1, 11, 39, 6195 }, // U+FECC
    { 17, 29, 282, 2, 20, 124, 6234 }, // U+FECD
    { 15, 26, 223, 1, 17, 98, 6358 }, // U+FECE
    { 15, 17, 236, -1, 17, 64, 6456 }, // U+FECF
    { 14, 17, 193, -1, 17, 60, 6520 }, // U+FED0
    { 23, 20, 396, 1, 20, 115, 6580 }, // U+FED1
    { 24, 17, 381, 1, 17, 102, 6695 }, // U+FED2
    { 12, 19, 196, -1, 19, 57, 6797 }, // U+FED3
    { 13, 17, 181, -1, 17, 56, 6854 }, // U+FED4
    { 17, 23, 302, 1, 15, 98, 6910 }, // U+FED5
    { 19, 24, 300, 1, 16, 114, 7008 }, // U+FED6
    { 12, 19, 196, -1, 19, 57, 7122 }, // U+FED7
    { 13, 16, 181, -1, 16, 52, 7179 }, // U+FED8
    { 15, 20, 260, 0, 20, 75, 7231 }, // U+FED9
    { 21, 20, 344, 1, 20, 105, 7306 }, // U+FEDA
    { 13, 20, 194, -1, 20, 65, 7411 }, // U+FEDB
    { 15, 20, 214, -1, 20, 75, 7476 }, // U+FEDC
    { 15, 28, 278, 1, 20, 105, 7551 }, // U+FEDD
    { 17, 28, 276, 1, 20, 119, 7656 }, // U+FEDE
    { 6, 20, 99, -1, 20, 30, 7775 }, // U+FEDF
    { 9, 20, 114, -1, 20, 45, 7805 }, // U+FEE0
    { 13, 20, 228, 1, 11, 65, 7850 }, // U+FEE1
    { 15, 19, 246, 1, 10, 72, 7915 }, // U+FEE2
    { 13, 10, 213, -1, 10, 33, 7987 }, // U+FEE3
    { 14, 10, 193, -1, 10, 35, 8020 }, // U+FEE4
    { 15, 19, 274, 1, 11, 72, 8055 }, // U+FEE5
    { 17, 19, 273, 1, 11, 81, 8127 }, // U+FEE6
    { 8, 17, 128, -1, 17, 34, 8208 }, // U+FEE7
    { 11, 14, 136, -1, 14, 39, 8242 }, // U+FEE8
    { 10, 12, 190, 1, 12, 30, 8281 }, // U+FEE9
    { 13, 13, 211, 1, 13, 43, 8311 }, // U+FEEA
    { 15, 14, 237, -1, 13, 53, 8354 }, // U+FEEB
    { 13, 19, 178, -1, 13, 62, 8407 }, // U+FEEC
    { 13, 16, 218, 0, 10, 52, 8469 }, // U+FEED
    { 15, 17, 218, 0, 11, 64, 8521 }, // U+FEEE
    { 17, 18, 288, 1, 10, 77, 8585 }, // U+FEEF
    { 20, 11, 321, 1, 3, 55, 8662 }, // U+FEF0
    { 17, 23, 288, 1, 10, 98, 8717 }, // U+FEF1
    { 20, 16, 321, 1, 3, 80, 8815 }, // U+FEF2
    { 10, 18, 160, -1, 11, 45, 8895 }, // U+FEF3
    { 12, 14, 168, -1, 7, 42, 8940 }, // U+FEF4
    { 17, 21, 242, -3, 21, 90, 8982 }, // U+FEF5
    { 21, 21, 285, -2, 21, 111, 9072 }, // U+FEF6
    { 15, 23, 242, -1, 23, 87, 9183 }, // U+FEF7
    { 19, 23, 285, 0, 23, 110, 9270 }, // U+FEF8
    { 14, 29, 242, 0, 21, 102, 9380 }, // U+FEF9
    { 19, 28, 285, 0, 20, 133, 9482 }, // U+FEFA
    { 14, 21, 242, 0, 21, 74, 9615 }, // U+FEFB
    { 19, 20, 285, 0, 20, 95, 9689 }, // U+FEFC
};

static const EpdUnicodeInterval notonaskh_14_regularIntervals[] = {
    { 0x0, 0xA3, 0x0 },
    { 0xA5, 0xA5, 0xA4 },
    { 0xA7, 0xAB, 0xA5 },
    { 0xAD, 0xB0, 0xAA },
    { 0xB4, 0xB4, 0xAE },
    { 0xB6, 0xB8, 0xAF },
    { 0xBA, 0xBB, 0xB2 },
    { 0xBF, 0x107, 0xB4 },
    { 0x10A, 0x113, 0xFD },
    { 0x116, 0x11B, 0x107 },
    { 0x11E, 0x123, 0x10D },
    { 0x126, 0x127, 0x113 },
    { 0x12A, 0x12B, 0x115 },
    { 0x12E, 0x131, 0x117 },
    { 0x136, 0x137, 0x11B },
    { 0x139, 0x13E, 0x11D },
    { 0x141, 0x148, 0x123 },
    { 0x150, 0x155, 0x12B },
    { 0x158, 0x15B, 0x131 },
    { 0x15E, 0x161, 0x135 },
    { 0x164, 0x165, 0x139 },
    { 0x16A, 0x16B, 0x13B },
    { 0x16E, 0x17E, 0x13D },
    { 0x218, 0x21B, 0x14E },
    { 0x300, 0x304, 0x152 },
    { 0x306, 0x308, 0x157 },
    { 0x30A, 0x30C, 0x15A },
    { 0x326, 0x328, 0x15D },
    { 0x34F, 0x34F, 0x160 },
    { 0x600, 0x6FF, 0x161 },
    { 0x2009, 0x2009, 0x261 },
    { 0x200B, 0x2010, 0x262 },
    { 0x2013, 0x2014, 0x268 },
    { 0x2018, 0x201A, 0x26A },
    { 0x201C, 0x201E, 0x26D },
    { 0x2022, 0x2022, 0x270 },
    { 0x2026, 0x2026, 0x271 },
    { 0x202A, 0x202F, 0x272 },
    { 0x2039, 0x203A, 0x278 },
    { 0x204F, 0x204F, 0x27A },
    { 0x2060, 0x2064, 0x27B },
    { 0x2066, 0x206F, 0x280 },
    { 0xFE70, 0xFE74, 0x28A },
    { 0xFE76, 0xFEFC, 0x28F },
};

static const EpdFontGroup notonaskh_14_regularGroups[] = {
    { 0, 3505, 7808, 128, 0 },
    { 3505, 2660, 8459, 117, 128 },
    { 6165, 2977, 10293, 89, 245 },
    { 9142, 230, 406, 4, 334 },
    { 9372, 168, 184, 15, 338 },
    { 9540, 5299, 18812, 256, 353 },
    { 14839, 237, 314, 41, 609 },
    { 15076, 3609, 10667, 140, 650 },
};

static const EpdKernClassEntry notonaskh_14_regularKernLeftClasses[] = {
    { 0x0022, 1 }, // "
    { 0x0026, 2 }, // &
    { 0x0027, 1 }, // '
    { 0x002A, 3 }, // *
    { 0x002C, 4 }, // ,
    { 0x0040, 5 }, // @
    { 0x0041, 6 }, // A
    { 0x0042, 7 }, // B
    { 0x0044, 8 }, // D
    { 0x0045, 9 }, // E
    { 0x0046, 10 }, // F
    { 0x0047, 11 }, // G
    { 0x004B, 12 }, // K
    { 0x004C, 13 }, // L
    { 0x004E, 14 }, // N
    { 0x004F, 8 }, // O
    { 0x0050, 3 }, // P
    { 0x0051, 8 }, // Q
    { 0x0052, 15 }, // R
    { 0x0053, 16 }, // S
    { 0x0054, 17 }, // T
    { 0x0055, 18 }, // U
    { 0x0056, 19 }, // V
    { 0x0057, 20 }, // W
    { 0x0058, 21 }, // X
    { 0x0059, 22 }, // Y
    { 0x0061, 23 }, // a
    { 0x0062, 24 }, // b
    { 0x0065, 25 }, // e
    { 0x0066, 26 }, // f
    { 0x0067, 27 }, // g
    { 0x0068, 23 }, // h
    { 0x006B, 28 }, // k
    { 0x006D, 23 }, // m
    { 0x006E, 23 }, // n
    { 0x006F, 24 }, // o
    { 0x0070, 24 }, // p
    { 0x0072, 29 }, // r
    { 0x0073, 30 }, // s
    { 0x0076, 31 }, // v
    { 0x0077, 32 }, // w
    { 0x0079, 33 }, // y
    { 0x00A1, 34 }, // U+00A1
    { 0x00BF, 35 }, // U+00BF
    { 0x00C0, 36 }, // U+00C0
    { 0x00C1, 36 }, // U+00C1
    { 0x00C2, 36 }, // U+00C2
    { 0x00C3, 36 }, // U+00C3
    { 0x00C4, 36 }, // U+00C4
    { 0x00C5, 36 }, // U+00C5
    { 0x00C6, 9 }, // U+00C6
    { 0x00C8, 9 }, // U+00C8
    { 0x00C9, 9 }, // U+00C9
    { 0x00CA, 9 }, // U+00CA
    { 0x00CB, 9 }, // U+00CB
    { 0x00D0, 8 }, // U+00D0
    { 0x00D1, 14 }, // U+00D1
    { 0x00D2, 8 }, // U+00D2
    { 0x00D3, 8 }, // U+00D3
    { 0x00D4, 8 }, // U+00D4
    { 0x00D5, 8 }, // U+00D5
    { 0x00D6, 8 }, // U+00D6
    { 0x00D8, 8 }, // U+00D8
    { 0x00D9, 18 }, // U+00D9
    { 0x00DA, 18 }, // U+00DA
    { 0x00DB, 18 }, // U+00DB
    { 0x00DC, 18 }, // U+00DC
    { 0x00DD, 22 }, // U+00DD
    { 0x00DE, 8 }, // U+00DE
    { 0x00DF, 24 }, // U+00DF
    { 0x00E0, 23 }, // U+00E0
    { 0x00E1, 23 }, // U+00E1
    { 0x00E2, 23 }, // U+00E2
    { 0x00E3, 23 }, // U+00E3
    { 0x00E4, 23 }, // U+00E4
    { 0x00E5, 23 }, // U+00E5
    { 0x00E6, 25 }, // U+00E6
    { 0x00E8, 25 }, // U+00E8
    { 0x00E9, 25 }, // U+00E9
    { 0x00EA, 25 }, // U+00EA
    { 0x00EB, 25 }, // U+00EB
    { 0x00F0, 24 }, // U+00F0
    { 0x00F1, 23 }, // U+00F1
    { 0x00F2, 24 }, // U+00F2
    { 0x00F3, 24 }, // U+00F3
    { 0x00F4, 24 }, // U+00F4
    { 0x00F5, 24 }, // U+00F5
    { 0x00F6, 24 }, // U+00F6
    { 0x00F8, 24 }, // U+00F8
    { 0x00FD, 33 }, // U+00FD
    { 0x00FE, 24 }, // U+00FE
    { 0x00FF, 33 }, // U+00FF
    { 0x0100, 6 }, // U+0100
    { 0x0102, 36 }, // U+0102
    { 0x0104, 36 }, // U+0104
    { 0x010E, 8 }, // U+010E
    { 0x010F, 37 }, // U+010F
    { 0x0110, 8 }, // U+0110
    { 0x0112, 9 }, // U+0112
    { 0x0113, 25 }, // U+0113
    { 0x0116, 9 }, // U+0116
    { 0x0117, 25 }, // U+0117
    { 0x0118, 9 }, // U+0118
    { 0x0119, 25 }, // U+0119
    { 0x011A, 9 }, // U+011A
    { 0x011B, 25 }, // U+011B
    { 0x011E, 11 }, // U+011E
    { 0x0120, 11 }, // U+0120
    { 0x0122, 11 }, // U+0122
    { 0x0127, 23 }, // U+0127
    { 0x0136, 12 }, // U+0136
    { 0x0137, 28 }, // U+0137
    { 0x0139, 13 }, // U+0139
    { 0x013B, 13 }, // U+013B
    { 0x013E, 37 }, // U+013E
    { 0x0141, 13 }, // U+0141
    { 0x0143, 14 }, // U+0143
    { 0x0144, 23 }, // U+0144
    { 0x0145, 14 }, // U+0145
    { 0x0146, 23 }, // U+0146
    { 0x0147, 14 }, // U+0147
    { 0x0148, 23 }, // U+0148
    { 0x0150, 8 }, // U+0150
    { 0x0151, 24 }, // U+0151
    { 0x0152, 9 }, // U+0152
    { 0x0153, 25 }, // U+0153
    { 0x0154, 15 }, // U+0154
    { 0x0155, 29 }, // U+0155
    { 0x0158, 15 }, // U+0158
    { 0x0159, 29 }, // U+0159
    { 0x015A, 16 }, // U+015A
    { 0x015B, 30 }, // U+015B
    { 0x015E, 16 }, // U+015E
    { 0x015F, 30 }, // U+015F
    { 0x0160, 16 }, // U+0160
    { 0x0161, 30 }, // U+0161
    { 0x0164, 17 }, // U+0164
    { 0x0165, 38 }, // U+0165
    { 0x016A, 18 }, // U+016A
    { 0x016E, 18 }, // U+016E
    { 0x0170, 18 }, // U+0170
    { 0x0172, 18 }, // U+0172
    { 0x0174, 20 }, // U+0174
    { 0x0175, 32 }, // U+0175
    { 0x0176, 22 }, // U+0176
    { 0x0177, 33 }, // U+0177
    { 0x0178, 22 }, // U+0178
    { 0x0218, 16 }, // U+0218
    { 0x0219, 30 }, // U+0219
    { 0x021A, 17 }, // U+021A
    { 0x2018, 39 }, // U+2018
    { 0x2019, 40 }, // U+2019
    { 0x201A, 4 }, // U+201A
    { 0x201C, 39 }, // U+201C
    { 0x201D, 40 }, // U+201D
    { 0x201E, 4 }, // U+201E
    { 0x2026, 4 }, // U+2026
};

static const EpdKernClassEntry notonaskh_14_regularKernRightClasses[] = {
    { 0x0022, 1 }, // "
    { 0x0026, 2 }, // &
    { 0x0027, 1 }, // '
    { 0x0029, 3 }, // )
    { 0x002A, 4 }, // *
    { 0x002C, 5 }, // ,
    { 0x003F, 6 }, // ?
    { 0x0040, 7 }, // @
    { 0x0041, 8 }, // A
    { 0x0042, 9 }, // B
    { 0x0043, 10 }, // C
    { 0x0044, 9 }, // D
    { 0x0045, 9 }, // E
    { 0x0046, 9 }, // F
    { 0x0047, 10 }, // G
    { 0x0048, 9 }, // H
    { 0x0049, 9 }, // I
    { 0x004A, 11 }, // J
    { 0x004B, 9 }, // K
    { 0x004C, 9 }, // L
    { 0x004D, 9 }, // M
    { 0x004E, 9 }, // N
    { 0x004F, 10 }, // O
    { 0x0050, 9 }, // P
    { 0x0051, 10 }, // Q
    { 0x0052, 9 }, // R
    { 0x0053, 12 }, // S
    { 0x0054, 13 }, // T
    { 0x0055, 14 }, // U
    { 0x0056, 15 }, // V
    { 0x0057, 16 }, // W
    { 0x0058, 17 }, // X
    { 0x0059, 18 }, // Y
    { 0x005A, 19 }, // Z
    { 0x005D, 3 }, // ]
    { 0x0061, 20 }, // a
    { 0x0062, 21 }, // b
    { 0x0063, 22 }, // c
    { 0x0064, 22 }, // d
    { 0x0065, 22 }, // e
    { 0x0067, 23 }, // g
    { 0x0068, 21 }, // h
    { 0x006B, 21 }, // k
    { 0x006C, 21 }, // l
    { 0x006F, 22 }, // o
    { 0x0071, 22 }, // q
    { 0x0073, 24 }, // s
    { 0x0075, 25 }, // u
    { 0x0076, 26 }, // v
    { 0x0077, 27 }, // w
    { 0x0079, 28 }, // y
    { 0x007A, 29 }, // z
    { 0x007D, 3 }, // }
    { 0x00B7, 30 }, // U+00B7
    { 0x00C0, 8 }, // U+00C0
    { 0x00C1, 8 }, // U+00C1
    { 0x00C2, 8 }, // U+00C2
    { 0x00C3, 8 }, // U+00C3
    { 0x00C4, 8 }, // U+00C4
    { 0x00C5, 8 }, // U+00C5
    { 0x00C6, 31 }, // U+00C6
    { 0x00C7, 10 }, // U+00C7
    { 0x00C8, 9 }, // U+00C8
    { 0x00C9, 9 }, // U+00C9
    { 0x00CA, 9 }, // U+00CA
    { 0x00CB, 9 }, // U+00CB
    { 0x00CC, 9 }, // U+00CC
    { 0x00CD, 9 }, // U+00CD
    { 0x00CE, 9 }, // U+00CE
    { 0x00CF, 9 }, // U+00CF
    { 0x00D0, 9 }, // U+00D0
    { 0x00D1, 9 }, // U+00D1
    { 0x00D2, 10 }, // U+00D2
    { 0x00D3, 10 }, // U+00D3
    { 0x00D4, 10 }, // U+00D4
    { 0x00D5, 10 }, // U+00D5
    { 0x00D6, 10 }, // U+00D6
    { 0x00D8, 10 }, // U+00D8
    { 0x00D9, 14 }, // U+00D9
    { 0x00DA, 14 }, // U+00DA
    { 0x00DB, 14 }, // U+00DB
    { 0x00DC, 14 }, // U+00DC
    { 0x00DD, 18 }, // U+00DD
    { 0x00DE, 9 }, // U+00DE
    { 0x00E0, 20 }, // U+00E0
    { 0x00E1, 20 }, // U+00E1
    { 0x00E2, 20 }, // U+00E2
    { 0x00E3, 20 }, // U+00E3
    { 0x00E4, 20 }, // U+00E4
    { 0x00E5, 20 }, // U+00E5
    { 0x00E6, 20 }, // U+00E6
    { 0x00E7, 22 }, // U+00E7
    { 0x00E8, 22 }, // U+00E8
    { 0x00E9, 22 }, // U+00E9
    { 0x00EA, 22 }, // U+00EA
    { 0x00EB, 22 }, // U+00EB
    { 0x00EC, 32 }, // U+00EC
    { 0x00EE, 32 }, // U+00EE
    { 0x00EF, 32 }, // U+00EF
    { 0x00F0, 22 }, // U+00F0
    { 0x00F2, 22 }, // U+00F2
    { 0x00F3, 22 }, // U+00F3
    { 0x00F4, 22 }, // U+00F4
    { 0x00F5, 22 }, // U+00F5
    { 0x00F6, 22 }, // U+00F6
    { 0x00F8, 22 }, // U+00F8
    { 0x00F9, 25 }, // U+00F9
    { 0x00FA, 25 }, // U+00FA
    { 0x00FB, 25 }, // U+00FB
    { 0x00FC, 25 }, // U+00FC
    { 0x00FD, 28 }, // U+00FD
    { 0x00FE, 21 }, // U+00FE
    { 0x00FF, 28 }, // U+00FF
    { 0x0100, 8 }, // U+0100
    { 0x0101, 20 }, // U+0101
    { 0x0102, 8 }, // U+0102
    { 0x0103, 20 }, // U+0103
    { 0x0104, 8 }, // U+0104
    { 0x0105, 20 }, // U+0105
    { 0x0106, 10 }, // U+0106
    { 0x0107, 22 }, // U+0107
    { 0x010A, 10 }, // U+010A
    { 0x010B, 22 }, // U+010B
    { 0x010C, 10 }, // U+010C
    { 0x010D, 22 }, // U+010D
    { 0x010E, 9 }, // U+010E
    { 0x010F, 22 }, // U+010F
    { 0x0110, 9 }, // U+0110
    { 0x0111, 22 }, // U+0111
    { 0x0112, 9 }, // U+0112
    { 0x0113, 22 }, // U+0113
    { 0x0116, 9 }, // U+0116
    { 0x0117, 22 }, // U+0117
    { 0x0118, 9 }, // U+0118
    { 0x0119, 22 }, // U+0119
    { 0x011A, 9 }, // U+011A
    { 0x011B, 22 }, // U+011B
    { 0x011E, 10 }, // U+011E
    { 0x011F, 22 }, // U+011F
    { 0x0120, 10 }, // U+0120
    { 0x0121, 22 }, // U+0121
    { 0x0122, 10 }, // U+0122
    { 0x0123, 22 }, // U+0123
    { 0x0126, 9 }, // U+0126
    { 0x0127, 21 }, // U+0127
    { 0x012A, 9 }, // U+012A
    { 0x012B, 32 }, // U+012B
    { 0x012E, 9 }, // U+012E
    { 0x0130, 9 }, // U+0130
    { 0x0136, 9 }, // U+0136
    { 0x0137, 21 }, // U+0137
    { 0x0139, 9 }, // U+0139
    { 0x013A, 21 }, // U+013A
    { 0x013B, 9 }, // U+013B
    { 0x013C, 21 }, // U+013C
    { 0x013D, 9 }, // U+013D
    { 0x013E, 21 }, // U+013E
    { 0x0141, 9 }, // U+0141
    { 0x0142, 21 }, // U+0142
    { 0x0143, 9 }, // U+0143
    { 0x0145, 9 }, // U+0145
    { 0x0147, 9 }, // U+0147
    { 0x0150, 10 }, // U+0150
    { 0x0151, 22 }, // U+0151
    { 0x0152, 10 }, // U+0152
    { 0x0153, 22 }, // U+0153
    { 0x0154, 9 }, // U+0154
    { 0x0158, 9 }, // U+0158
    { 0x015A, 12 }, // U+015A
    { 0x015B, 24 }, // U+015B
    { 0x015E, 12 }, // U+015E
    { 0x015F, 24 }, // U+015F
    { 0x0160, 12 }, // U+0160
    { 0x0161, 24 }, // U+0161
    { 0x0164, 13 }, // U+0164
    { 0x016A, 14 }, // U+016A
    { 0x016B, 25 }, // U+016B
    { 0x016E, 14 }, // U+016E
    { 0x016F, 25 }, // U+016F
    { 0x0170, 14 }, // U+0170
    { 0x0171, 25 }, // U+0171
    { 0x0172, 14 }, // U+0172
    { 0x0173, 25 }, // U+0173
    { 0x0174, 16 }, // U+0174
    { 0x0175, 27 }, // U+0175
    { 0x0176, 18 }, // U+0176
    { 0x0177, 28 }, // U+0177
    { 0x0178, 18 }, // U+0178
    { 0x0179, 19 }, // U+0179
    { 0x017A, 29 }, // U+017A
    { 0x017B, 19 }, // U+017B
    { 0x017C, 29 }, // U+017C
    { 0x017D, 19 }, // U+017D
    { 0x017E, 29 }, // U+017E
    { 0x0218, 12 }, // U+0218
    { 0x0219, 24 }, // U+0219
    { 0x021A, 13 }, // U+021A
    { 0x2018, 33 }, // U+2018
    { 0x2019, 4 }, // U+2019
    { 0x201A, 34 }, // U+201A
    { 0x201C, 33 }, // U+201C
    { 0x201D, 4 }, // U+201D
    { 0x201E, 34 }, // U+201E
    { 0x2026, 34 }, // U+2026
    { 0x2039, 35 }, // U+2039
    { 0x203A, 35 }, // U+203A
};

static const int8_t notonaskh_14_regularKernMatrix[] = {
       0,    0,    0,    0,    0,    0,    0,  -37,    0,    0,    0,    0,    0,    0,    0,    0,    0,    0,    0,    0,    0,   -9,  -28,    0,    0,    0,    0,    0,    0,    0,  -56,    0,    0,    0,    0,
       0,    0,    0,    0,    0,  -14,    0,    0,    0,    0,    0,    0,  -14,    0,  -19,  -19,    0,  -14,    0,    0,    0,    0,    0,    0,    0,    0,    0,    0,    0,    0,    0,    0,    0,    0,    0,
       0,   -5,    0,    0,  -56,    0,    0,  -23,    0,    0,    0,    0,    0,    0,    0,    0,    0,    0,    0,    0,    0,    0,    0,    0,    0,    0,    0,    0,    0,    0,  -37,    0,    0,  -56,    0,
       0,    0,    0,    0,    0,  -42,    0,    0,    0,   -9,    0,    0,  -42,   -9,  -51,  -42,    0,  -37,    0,    0,    0,    0,    0,    0,    0,  -33,  -28,  -23,    0,    0,    0,    0,    0,    0,    0,
       0,    0,    0,    0,    0,    0,    0,  -14,    0,    0,    0,    0,    0,    0,    0,    0,    0,   -5,    0,    0,    0,    0,    0,    0,    0,    0,    0,    0,    0,    0,    0,    0,    0,    0,    0,
     -37,    0,    0,  -33,    0,  -28,    0,    0,    0,   -9,    0,    0,  -28,   -9,  -37,  -33,    0,  -33,    0,    0,    0,   -9,   -9,    0,   -9,  -28,  -14,  -23,    0,    0,    0,    0,  -33,    0,    0,
       0,    0,    0,   -9,    0,   -9,    0,   -9,    0,    0,    0,    0,   -9,    0,  -19,  -14,   -9,  -19,   -9,    0,    0,    0,    0,    0,    0,    0,   -5,   -9,    0,    0,  -14,    0,    0,    0,    0,
       0,    0,    0,    0,   -9,   -9,    0,   -9,    0,    0,    0,    0,   -9,    0,   -9,   -9,   -9,  -14,    0,    0,    0,    0,    0,    0,    0,    0,    0,    0,    0,    0,  -23,    0,    0,   -9,    0,
       0,    0,    0,    0,    0,    0,    0,    0,    0,    0,    0,    0,    0,    0,   -9,   -9,    0,   -9,    0,    0,    0,    0,    0,    0,    0,    0,    0,    0,    0,    0,    0,    0,    0,    0,    0,
       0,   -9,    0,    0,  -56,    0,  -19,  -33,    0,    0,    0,    0,    0,    0,    0,    0,    0,    0,    0,  -19,    0,  -19,  -19,    0,    0,    0,    0,    0,    0,    0,  -51,    0,    0,  -56,    0,
       0,    0,    0,    0,    0,   -9,    0,    0,    0,    0,    0,    0,   -9,    0,   -9,   -9,    0,   -9,    0,    0,    0,    0,    0,    0,    0,    0,    0,    0,    0,    0,   -9,    0,    0,    0,    0,
       0,    0,    0,    0,    0,    0,    0,    0,    0,   -9,    0,    0,    0,    0,    0,    0,    0,    0,    0,    0,    0,   -9,   -9,    0,   -9,    0,  -14,  -14,    0,    0,    0,    0,    0,    0,    0,
     -28,    0,    0,  -37,    0,  -33,    0,    0,    0,    0,    0,    0,  -33,    0,  -23,  -23,    0,  -28,    0,    0,    0,    0,    0,    0,    0,   -9,   -5,  -14,    0,   -9,    0,    0,  -37,    0,    0,
       0,    0,    0,    0,    0,    0,    0,    0,    0,    0,    0,    0,    0,    0,    0,    0,    0,    0,    0,    0,    0,    0,    0,    0,    0,    0,    0,    0,    0,    0,    0,    0,    0,    0,   -5,
       0,    0,    0,   -9,    0,   -9,    0,    0,    0,   -9,    0,    0,   -9,   -5,  -14,  -14,    0,  -14,    0,    0,    0,    0,    0,    0,    0,   -5,   -5,   -9,    0,    0,    0,    0,    0,    0,    0,
       0,    0,    0,    0,    0,   -9,    0,   -9,    0,    0,    0,    0,   -9,    0,   -9,   -9,   -9,   -9,    0,    0,    0,    0,    0,    0,    0,    0,   -5,   -9,    0,    0,   -9,    0,    0,    0,    0,
       0,   -5,    0,    0,  -42,    0,  -14,  -28,    0,   -9,    0,    0,    0,    0,    0,    0,    0,    0,    0,  -14,    0,  -23,  -23,   -2,    0,    0,    0,    0,    0,    0,  -37,    0,    0,  -42,    0,
       0,    0,    0,    0,   -9,    0,   -5,   -9,    0,    0,    0,    0,    0,    0,    0,    0,    0,    0,    0,    0,    0,    0,    0,    0,    0,    0,    0,    0,    0,    0,  -19,    0,    0,   -9,    0,
       0,  -14,    0,    0,  -51,    0,  -23,  -37,    0,   -9,    0,    0,    0,    0,    0,    0,    0,    0,    0,  -28,    0,  -28,  -28,  -19,    0,    0,    0,    0,    0,    0,  -61,    0,    0,  -51,    0,
       0,    0,    0,    0,  -42,    0,  -23,  -33,    0,   -9,    0,    0,    0,    0,    0,    0,    0,    0,    0,  -33,    0,  -28,  -28,  -23,    0,    0,    0,    0,  -14,    0,  -61,    0,    0,  -42,    0,
       0,    0,    0,    0,    0,    0,    0,    0,    0,   -9,    0,   -5,    0,    0,    0,    0,    0,    0,    0,    0,    0,    0,    0,    0,    0,    0,  -14,  -23,    0,    0,    0,    0,    0,    0,    0,
       0,   -5,    0,    0,  -37,    0,  -19,  -33,    0,  -14,    0,   -9,    0,    0,    0,    0,    0,    0,    0,  -28,    0,  -33,  -33,  -28,    0,    0,    0,    0,   -9,    0,  -42,    0,    0,  -37,    0,
     -19,    0,    0,    0,    0,    0,    0,    0,    0,    0,    0,    0,    0,    0,    0,    0,    0,    0,    0,    0,    0,    0,    0,    0,    0,    0,    0,   -9,    0,    0,    0,    0,    0,    0,    0,
       0,    0,    0,    0,    0,    0,    0,    0,    0,    0,    0,    0,    0,    0,  -28,  -28,    0,  -33,    0,    0,    0,    0,    0,    0,    0,    0,    0,   -9,    0,    0,    0,    0,    0,    0,    0,
       0,    0,    0,    0,    0,    0,    0,    0,    0,    0,    0,    0,    0,    0,  -28,  -28,    0,  -28,    0,    0,    0,    0,    0,    0,    0,    0,    0,    0,    0,    0,    0,    0,    0,    0,    0,
      37,    0,   42,   37,    0,    0,    0,    0,    0,    0,    0,    0,    0,    0,    0,    0,    0,    0,    0,    0,    0,    0,    0,    0,    0,    0,    0,    0,    0,    0,    0,   19,    0,    0,    0,
       0,    0,    0,    0,    0,    0,    0,    0,    0,    0,    0,    0,    0,    0,    0,   -9,    0,    0,    0,    0,    0,    0,    0,    0,    0,    0,    0,    0,    0,    0,    0,    0,    0,    0,    0,
       0,    0,    0,    0,    0,    0,    0,    0,    0,    0,    0,    0,    0,    0,    0,    0,    0,    0,    0,    0,    0,   -9,   -9,    0,    0,    0,    0,    0,    0,    0,    0,    0,    0,    0,    0,
       0,    0,    0,   14,  -61,    0,    0,    0,    0,    0,    0,    0,    0,    0,    0,    0,    0,    0,    0,   -9,    0,    0,    0,    0,    0,    0,    0,    0,    0,    0,    0,    0,    0,  -61,    0,
       0,    0,    0,    0,    0,    0,    0,    0,    0,    0,    0,    0,    0,    0,    0,    0,    0,  -28,    0,    0,    0,    0,    0,    0,    0,    0,    0,    0,    0,    0,    0,    0,    0,    0,    0,
       0,    0,    0,    0,  -23,    0,    0,  -28,    0,    0,    0,    0,    0,    0,    0,    0,    0,    0,    0,    0,    0,    0,    0,    0,    0,    0,    0,    0,    0,    0,    0,    0,    0,  -33,    0,
       0,    0,    0,    0,  -33,    0,    0,  -14,    0,    0,    0,    0,    0,    0,    0,    0,    0,    0,    0,    0,    0,    0,    0,    0,    0,    0,    0,    0,    0,    0,    0,    0,    0,  -33,    0,
       0,    0,    0,    0,  -42,    0,    0,  -23,    0,    0,    0,    0,    0,    0,    0,    0,    0,    0,    0,    0,    0,   -5,   -5,    0,    0,    0,    0,    0,    0,    0,    0,    0,    0,  -42,    0,
       0,    0,    0,    0,    0,    0,    0,    0,    0,    0,    0,    0,    0,    0,  -14,   -9,    0,  -14,    0,    0,    0,    0,    0,    0,    0,    0,    0,    0,    0,    0,    0,    0,    0,    0,    0,
       0,    0,    0,    0,    0,   -9,    0,    0,    0,    0,    0,    0,   -9,    0,  -23,  -23,    0,  -23,    0,    0,    0,    0,    0,    0,    0,    0,    0,    0,    0,    0,    0,    0,    0,    0,    0,
     -37,    0,    0,  -33,    0,  -28,    0,    0,    0,   -9,    0,    0,  -28,   -9,  -37,  -33,    0,  -33,    0,    0,    0,   -9,   -9,    0,   -9,  -23,  -14,  -23,    0,    0,    0,    0,  -33,    0,    0,
       0,    0,   28,   19,    0,   37,    0,    0,   23,    0,   28,    0,   23,   33,   37,   33,   33,   47,   19,    0,   42,    0,    0,    0,    0,    0,    0,    0,    0,    0,    0,    0,    0,    0,    0,
       0,    0,    0,    0,    0,    0,    0,    0,    0,    0,    0,    0,    0,    0,    0,    0,    0,    0,    0,    0,   19,    0,    0,    0,    0,    0,    0,    0,    0,    0,    0,    0,    0,    0,    0,
       0,    0,    0,    0,    0,    0,    0,  -33,    0,    0,    0,    0,    0,    0,    0,    0,    0,    0,    0,    0,    0,    0,    0,    0,    0,    0,    0,    0,    0,    0,  -65,    0,    0,    0,    0,
       0,    0,    0,    0,    0,    0,    0,  -47,    0,   -9,    0,    0,    0,    0,    0,    0,    0,    0,    0,  -14,    0,  -19,  -19,  -23,    0,    0,    0,    0,    0,    0,    0,    0,    0,    0,    0,
};

static constexpr EpdFontData notonaskh_14_regular = {
    notonaskh_14_regularBitmaps,
    notonaskh_14_regularGlyphs,
    notonaskh_14_regularIntervals,
    44,
    50,
    32,
    -19,
    true,
    notonaskh_14_regularGroups,
    8,
    nullptr,
    notonaskh_14_regularKernLeftClasses,
    notonaskh_14_regularKernRightClasses,
    notonaskh_14_regularKernMatrix,
    157,
    206,
    40,
    35,
    nullptr,
    0,
};
