/**
 * generated by fontconvert.py
 * name: notonaskh_12_bold
 * size: 12
 * mode: 2-bit  compressed: true
 * Command used: fontconvert.py notonaskh_12_bold 12 ../builtinFonts/source/NotoNaskhArabic/NotoNaskhArabic-Bold.ttf --additional-intervals 0x0600,0x06FF --additional-intervals 0xFE70,0xFEFC --font-include-intervals 0:0x0000,0x024F --font-include-intervals 0:0x0300,0x036F --font-include-intervals 0:0x2000,0x206F --font-include-intervals 0:0x0600,0x06FF --font-include-intervals 0:0xFE70,0xFEFC --2bit --compress --pnum --darken-aa
 */
#pragma once
#include "EpdFontData.h"

static const uint8_t notonaskh_12_boldBitmaps[16137] = {
    0xAD, 0x58, 0x3D, 0x6C, 0xDD, 0xD6, 0x15, 0x3E, 0x24, 0x9D, 0xB0, 0xF1, 0x6D, 0xC3, 0x0C, 0x36,
    0x12, 0xC4, 0x80, 0xD8, 0xD1, 0x50, 0xE5, 0xC7, 0x35, 0xC3, 0xB3, 0x2E, 0x93, 0x6C, 0xCD, 0x10,
    0x0F, 0x4E, 0x3B, 0xA6, 0x43, 0x27, 0x2F, 0x5A, 0x0D, 0x54, 0x31, 0xE9, 0x66, 0xE8, 0x18, 0x6F,
    0x1D, 0xA3, 0x21, 0x83, 0x23, 0x0F, 0xEA, 0xE0, 0x41, 0x2D, 0x64, 0xDD, 0x1B, 0x7B, 0xE8, 0x90,
    0xC1, 0x44, 0xD2, 0xA0, 0x43, 0x86, 0x10, 0xB5, 0x9A, 0x02, 0x35, 0x10, 0x13, 0x0D, 0xD3, 0xB0,
    0xF2, 0x25, 0x4F, 0xBF, 0x73, 0xC9, 0x27, 0xCB, 0x7F, 0xB1, 0x5D, 0xF4, 0x91, 0xE7, 0x88, 0x22,
    0xEF, 0xEF, 0x39, 0xDF, 0xF9, 0xBB, 0x44, 0x47, 0xA9, 0xC0, 0xA5, 0x69, 0x75, 0xBA, 0x66, 0xB8,
    0x96, 0xE8, 0x27, 0x44, 0xF4, 0x0A, 0xDE, 0x16, 0x79, 0x8A, 0xA7, 0xE2, 0x83, 0x46, 0xBF, 0xDD,
    0xE8, 0xB7, 0x1A, 0x1D, 0xD7, 0x59, 0x54, 0x65, 0x91, 0x5D, 0x8A, 0x2C, 0xDE, 0xD3, 0xA9, 0x84,
    0x68, 0xFE, 0x22, 0x68, 0x09, 0x74, 0x8A, 0xE8, 0xFC, 0x9C, 0x32, 0xE6, 0x2A, 0x05, 0x51, 0x73,
    0x9E, 0xA8, 0xB9, 0x4A, 0x41, 0xDD, 0x50, 0x08, 0xD2, 0xCC, 0x65, 0x01, 0x8A, 0xAE, 0x57, 0x14,
    0xBD, 0x6F, 0x29, 0x06, 0xA9, 0x37, 0x2D, 0x25, 0x71, 0x49, 0xB4, 0x22, 0x77, 0xC8, 0x75, 0x32,
    0x38, 0xBD, 0x82, 0x7B, 0x47, 0xAF, 0x90, 0x76, 0x94, 0x0D, 0xA4, 0xB8, 0x0E, 0x58, 0x9E, 0x5E,
    0x59, 0xE1, 0x9D, 0x95, 0xC2, 0xAD, 0x14, 0xBB, 0x2B, 0xD7, 0x34, 0x77, 0x8A, 0xCB, 0xB1, 0x97,
    0xDC, 0xFE, 0x17, 0xA3, 0x71, 0x4E, 0xC9, 0x87, 0x16, 0x6B, 0xD2, 0x71, 0x35, 0x03, 0x8F, 0x9A,
    0xB9, 0xE7, 0xDB, 0x9E, 0x37, 0xC2, 0xFF, 0x55, 0x0B, 0xBF, 0x75, 0xBD, 0xA7, 0x2C, 0xFE, 0xF2,
    0x83, 0x3B, 0x65, 0xF2, 0xD5, 0xCD, 0x4C, 0xD9, 0x68, 0x98, 0x61, 0x6B, 0xD8, 0x03, 0x9A, 0x61,
    0x17, 0x85, 0xF0, 0x46, 0x9E, 0x03, 0xF0, 0x9A, 0x22, 0x8B, 0x01, 0x29, 0xB6, 0xE9, 0x07, 0x58,
    0x6F, 0xAE, 0xD8, 0xCF, 0x77, 0x66, 0x9A, 0xD7, 0x74, 0x44, 0xD1, 0x60, 0xB0, 0x80, 0x46, 0xE7,
    0xA4, 0x9A, 0x4C, 0x18, 0x9E, 0xA2, 0x4E, 0xCB, 0x07, 0x87, 0x26, 0x5C, 0x15, 0x4D, 0x28, 0x2C,
    0xBD, 0xD3, 0xBE, 0x47, 0xC5, 0xEF, 0xDC, 0x0E, 0x71, 0xC0, 0x1D, 0x31, 0x99, 0x16, 0x2C, 0x6B,
    0xC0, 0x94, 0x23, 0x63, 0x13, 0x26, 0xBD, 0x3F, 0xF0, 0x9E, 0xE2, 0x06, 0xDB, 0x3F, 0x26, 0xA2,
    0x2F, 0x75, 0x8E, 0x8B, 0x32, 0x5C, 0x4B, 0xD3, 0x8C, 0xD8, 0x66, 0x41, 0x81, 0xC3, 0x84, 0x94,
    0xD4, 0x94, 0x59, 0xD2, 0xFE, 0x2E, 0x4A, 0x32, 0xF7, 0xDF, 0x85, 0x7F, 0x8F, 0x06, 0x68, 0x86,
    0xC6, 0x21, 0xD6, 0x82, 0x75, 0x26, 0xF9, 0x38, 0x0C, 0xF4, 0x83, 0x65, 0x26, 0x50, 0x47, 0xEB,
    0x3F, 0x0D, 0x58, 0xA8, 0xBF, 0xCD, 0x43, 0x03, 0x71, 0x2E, 0xEF, 0x07, 0x69, 0x16, 0x75, 0x32,
    0x9A, 0x2E, 0x69, 0x9D, 0x16, 0xBF, 0x55, 0x3A, 0x72, 0xFA, 0xC8, 0x6C, 0x65, 0x5D, 0x7F, 0x33,
    0x3C, 0x2F, 0x6B, 0xDF, 0xC3, 0xC3, 0x6C, 0x65, 0x8E, 0x97, 0xF8, 0x04, 0x18, 0xD1, 0xFC, 0xDE,
    0x6D, 0x78, 0xC0, 0x7D, 0xF8, 0x0D, 0x9D, 0x04, 0xE2, 0x4C, 0x6E, 0x4A, 0x5D, 0x26, 0x79, 0x42,
    0x3B, 0x54, 0x8B, 0x50, 0x9D, 0x71, 0xE7, 0x2E, 0xDF, 0x43, 0x20, 0xDA, 0xCD, 0xE9, 0x35, 0xBA,
    0x4A, 0x0D, 0xAE, 0x3A, 0xAC, 0x22, 0x2B, 0x97, 0x2A, 0x13, 0x92, 0x6B, 0xE6, 0x3F, 0xCF, 0x69,
    0xDB, 0x7F, 0x9E, 0x7E, 0x0C, 0xBD, 0x01, 0x39, 0x49, 0x6D, 0x28, 0xB5, 0x10, 0xA1, 0xD5, 0x25,
    0xE8, 0x49, 0x57, 0x29, 0x6D, 0xA5, 0x4F, 0xBC, 0xEF, 0x28, 0x60, 0x8C, 0xF6, 0x1C, 0xC6, 0xD2,
    0x65, 0xC0, 0x65, 0xCA, 0x25, 0x17, 0xE5, 0x0E, 0xC4, 0xFC, 0xA4, 0xFB, 0x38, 0x7F, 0x01, 0x33,
    0x90, 0x45, 0x44, 0x18, 0x21, 0xBD, 0xDB, 0x43, 0x0D, 0xD0, 0x6C, 0x09, 0xCA, 0x0D, 0x29, 0x91,
    0xA5, 0x48, 0x1B, 0x2A, 0x24, 0x41, 0x9A, 0xAA, 0x88, 0x52, 0x28, 0xE5, 0x3D, 0xBC, 0x6A, 0x29,
    0x8F, 0xB1, 0xB3, 0x94, 0x94, 0x85, 0xC5, 0x1C, 0x90, 0x07, 0x38, 0x76, 0x94, 0xDD, 0x9E, 0xC6,
    0xCA, 0x01, 0x1B, 0x50, 0xE0, 0xC7, 0xEA, 0xF1, 0x11, 0x3A, 0x84, 0xD1, 0x05, 0x5B, 0x1E, 0x6F,
    0x1E, 0x38, 0x58, 0xB6, 0x85, 0x04, 0xED, 0x1C, 0xCF, 0x17, 0xA0, 0x42, 0x7D, 0x5B, 0xCC, 0xA9,
    0x25, 0x8F, 0xAB, 0x08, 0xED, 0x00, 0x39, 0x4A, 0x40, 0x19, 0xE8, 0x37, 0xA0, 0x6F, 0x1D, 0x85,
    0x9F, 0x43, 0xC3, 0xEF, 0x43, 0x6A, 0xF8, 0xBE, 0x04, 0x9A, 0x83, 0xFE, 0xF8, 0xCB, 0x3E, 0x67,
    0xE6, 0xFA, 0x1D, 0xFC, 0xF5, 0xFD, 0x84, 0x4E, 0x00, 0x12, 0x86, 0x2B, 0xCD, 0x6E, 0xBC, 0x21,
    0xFE, 0x39, 0x9D, 0x5C, 0xF7, 0xA8, 0x32, 0x43, 0x6E, 0xB0, 0x6F, 0x0C, 0x1F, 0xF6, 0x14, 0x0C,
    0x10, 0xE3, 0x4F, 0x83, 0xA1, 0x09, 0x7B, 0x17, 0x39, 0xB3, 0xD5, 0x64, 0xB0, 0xDC, 0xC9, 0x76,
    0x80, 0xFE, 0x68, 0xBF, 0xA7, 0x04, 0x1B, 0xCA, 0xCA, 0x5D, 0x28, 0xFB, 0xD7, 0x00, 0xB6, 0xC7,
    0x28, 0xB1, 0xA9, 0x89, 0xA1, 0x3E, 0x46, 0x7F, 0xF6, 0x97, 0xF1, 0x24, 0x97, 0xDF, 0xBC, 0x45,
    0xBF, 0xBB, 0x4E, 0x9C, 0x06, 0xD1, 0x11, 0xB4, 0x87, 0xBC, 0x17, 0xD4, 0xD0, 0x35, 0x90, 0xA3,
    0x33, 0x41, 0x37, 0x0A, 0x58, 0x4C, 0x1B, 0x38, 0xC7, 0x44, 0xD8, 0x2C, 0x04, 0x0D, 0xC3, 0xA4,
    0x5D, 0x90, 0x9B, 0x74, 0xD0, 0x8A, 0xF1, 0x92, 0xE0, 0xDA, 0xFF, 0x02, 0x08, 0x49, 0xED, 0x0F,
    0x94, 0x56, 0xB0, 0xBB, 0x11, 0x36, 0x65, 0x26, 0xB0, 0x68, 0x0A, 0x08, 0xB0, 0xC3, 0xF7, 0x1A,
    0xF3, 0x62, 0xFE, 0x5B, 0x10, 0xAA, 0x2D, 0xF0, 0x25, 0xB3, 0x85, 0xB4, 0xCE, 0x53, 0x0F, 0xA2,
    0xE4, 0xEF, 0x0C, 0xC5, 0x77, 0x23, 0x74, 0xFC, 0x78, 0x35, 0xFA, 0x39, 0xB4, 0x18, 0xA0, 0x0E,
    0x38, 0xDB, 0xF2, 0xE0, 0x1A, 0x41, 0x57, 0x15, 0xB0, 0x7C, 0xB6, 0x11, 0xC3, 0x60, 0xC5, 0xB4,
    0xC4, 0x2E, 0x21, 0x89, 0x1F, 0x63, 0xAF, 0x33, 0x2C, 0x32, 0xF9, 0xB2, 0x85, 0xF2, 0xED, 0xA8,
    0x38, 0x3A, 0x85, 0xAF, 0x05, 0xDC, 0xF6, 0xE2, 0x77, 0xCF, 0x48, 0x5E, 0x25, 0xBF, 0x9A, 0xF2,
    0x39, 0xBA, 0xF7, 0x9B, 0x41, 0xF9, 0x85, 0xCD, 0xBC, 0xA9, 0x5C, 0xA3, 0x8D, 0xF1, 0xE5, 0x92,
    0x68, 0x25, 0x69, 0x60, 0x75, 0xAA, 0xF5, 0x88, 0xCD, 0xE5, 0x3F, 0x81, 0x64, 0x5A, 0x53, 0xD0,
    0x4B, 0x2F, 0x0A, 0xCE, 0x6D, 0x7E, 0x6C, 0x98, 0xC1, 0xC7, 0x3E, 0xC7, 0xDF, 0x39, 0x7B, 0xF0,
    0x2F, 0xFC, 0x29, 0xBA, 0xA0, 0xAF, 0x20, 0x6D, 0xEA, 0x72, 0xDF, 0x80, 0x68, 0x30, 0x39, 0x19,
    0xE5, 0x41, 0xEB, 0x46, 0xF0, 0x8B, 0xAF, 0xF3, 0xE0, 0x64, 0x11, 0xCA, 0x08, 0xA4, 0xB4, 0x19,
    0xB1, 0x3A, 0xA7, 0x91, 0x4E, 0x4E, 0x0B, 0xBF, 0x36, 0xE1, 0x78, 0xB2, 0x95, 0xF1, 0xB7, 0x26,
    0x4F, 0x6A, 0xD8, 0x12, 0x27, 0x9E, 0x43, 0x75, 0xA2, 0xE0, 0x55, 0x8A, 0xEA, 0x40, 0xDC, 0x80,
    0x2D, 0xEE, 0xAA, 0x32, 0x0D, 0x3B, 0x1D, 0xD9, 0xD5, 0xB8, 0x06, 0x3F, 0x9D, 0xD8, 0xD5, 0xC8,
    0xAE, 0xA7, 0xF6, 0x42, 0x64, 0x77, 0xB2, 0xF2, 0x1A, 0xB8, 0x2E, 0x5D, 0x5C, 0x0A, 0x57, 0xB4,
    0x93, 0x5D, 0x74, 0x09, 0xAD, 0x27, 0xB7, 0x2F, 0xEC, 0xD0, 0xE9, 0xA8, 0xC7, 0xEA, 0xB5, 0x9F,
    0x63, 0x74, 0x8F, 0x0A, 0x53, 0xFC, 0x4A, 0xC4, 0x74, 0x02, 0x0F, 0x19, 0xCB, 0xBC, 0xC1, 0xE6,
    0x25, 0xE1, 0xBD, 0x37, 0xEB, 0x05, 0x53, 0xF0, 0x8E, 0x94, 0xC0, 0xCB, 0x52, 0x02, 0x3F, 0x4B,
    0xB3, 0x54, 0xA2, 0x88, 0x08, 0x73, 0x3D, 0x81, 0x78, 0xDA, 0x18, 0x0B, 0xDC, 0xBF, 0x22, 0x9E,
    0x04, 0x78, 0x89, 0xEA, 0x10, 0xC0, 0xB0, 0xE2, 0xEC, 0xC1, 0xF2, 0x04, 0xAE, 0xD5, 0x16, 0x7F,
    0x01, 0xDA, 0x24, 0x9C, 0xB9, 0x82, 0x87, 0x5C, 0xA2, 0x27, 0x6C, 0xC2, 0xC5, 0xB0, 0x42, 0x17,
    0x0D, 0xF7, 0x33, 0x79, 0x97, 0xE2, 0x2B, 0x82, 0x28, 0xE2, 0xCA, 0x96, 0xB4, 0x0B, 0xE5, 0x03,
    0xC6, 0x3B, 0x60, 0xF9, 0xF4, 0x84, 0x1E, 0xE9, 0x00, 0x5F, 0x80, 0x88, 0x7B, 0x69, 0x14, 0x1D,
    0xCC, 0x2E, 0xE4, 0xAD, 0x56, 0xB5, 0x18, 0xA4, 0x46, 0x6C, 0xB2, 0x61, 0x2D, 0xAB, 0x16, 0xC4,
    0x19, 0xEB, 0x7D, 0xFE, 0x48, 0xD3, 0xFF, 0xF2, 0x4D, 0x57, 0x5E, 0x3D, 0xAF, 0xC0, 0x47, 0x6C,
    0x87, 0x0C, 0x8B, 0x2E, 0x04, 0x84, 0x67, 0x68, 0xB1, 0xD2, 0x6E, 0xB1, 0x34, 0x42, 0x58, 0x87,
    0x8A, 0xAD, 0xB0, 0x0A, 0x2C, 0xAB, 0x85, 0x35, 0x0F, 0x33, 0x5D, 0x2F, 0x9A, 0x14, 0x76, 0x5A,
    0xAE, 0x5F, 0x29, 0x1C, 0x81, 0xE4, 0x06, 0xC2, 0x3A, 0x0C, 0x2C, 0x7B, 0xDD, 0x01, 0xAD, 0x83,
    0x5E, 0x5B, 0x78, 0x1C, 0x4F, 0x62, 0x25, 0xC3, 0x66, 0x79, 0xDF, 0x3B, 0x47, 0x2F, 0x80, 0x66,
    0xA0, 0xD5, 0x74, 0xD8, 0x1C, 0x30, 0xC6, 0x30, 0x8D, 0xD3, 0x3D, 0x76, 0x1C, 0x19, 0x43, 0xC6,
    0xBA, 0x7F, 0x9C, 0x03, 0x4A, 0x59, 0x76, 0xB9, 0x08, 0x25, 0x29, 0xEF, 0x41, 0x81, 0x57, 0x06,
    0x8A, 0x25, 0x64, 0x0B, 0xCC, 0x45, 0x34, 0xE7, 0xBD, 0x8C, 0xBC, 0x00, 0xBD, 0xC4, 0xBC, 0xF8,
    0xC0, 0x8E, 0x6E, 0x96, 0xC6, 0xA6, 0x5C, 0x1B, 0x0B, 0x6D, 0x6B, 0x0B, 0x9C, 0xEB, 0x0A, 0x2C,
    0x6D, 0xC0, 0x54, 0x07, 0x16, 0xF2, 0x15, 0x16, 0x7D, 0x00, 0x1A, 0x74, 0x16, 0x03, 0xF0, 0x75,
    0xE6, 0x8C, 0x2F, 0x9A, 0xFD, 0x03, 0xC9, 0x3D, 0x9A, 0x89, 0x0F, 0xC6, 0xC2, 0x4D, 0xFD, 0xC3,
    0xED, 0x52, 0xCE, 0xCD, 0x7F, 0xFC, 0xA0, 0x05, 0x57, 0x99, 0xD7, 0xCC, 0x53, 0xDE, 0xE8, 0x59,
    0x48, 0xF2, 0xD6, 0x22, 0x84, 0x4F, 0xA9, 0xC0, 0x33, 0xDE, 0x81, 0x47, 0xE1, 0x5A, 0xEB, 0x93,
    0x0F, 0xBE, 0xC1, 0x70, 0xF6, 0xBF, 0x65, 0x59, 0xD6, 0xAE, 0xBC, 0xF7, 0x78, 0x41, 0x54, 0x76,
    0x0A, 0x00, 0x76, 0x33, 0x11, 0x35, 0x02, 0x46, 0xD4, 0xB3, 0x57, 0x2C, 0x62, 0x0B, 0x43, 0x8E,
    0x91, 0xD3, 0x8D, 0x00, 0x5D, 0x1A, 0xAB, 0x5E, 0x7A, 0xC8, 0x98, 0x01, 0x5B, 0xD9, 0x57, 0x0B,
    0x04, 0xA6, 0xB0, 0x94, 0x4A, 0xE0, 0x4C, 0x8F, 0xD3, 0xDE, 0x23, 0x48, 0x10, 0xF2, 0xE2, 0x14,
    0xD3, 0x0E, 0xA1, 0x04, 0x6B, 0x76, 0x19, 0xE7, 0x21, 0x90, 0x22, 0xEE, 0x77, 0x71, 0xDF, 0xA9,
    0x95, 0xB1, 0xD1, 0xCD, 0x06, 0x76, 0x3D, 0xF1, 0x4F, 0xBB, 0x53, 0xE0, 0x37, 0xDC, 0xFC, 0x80,
    0x5F, 0x1F, 0xAE, 0x82, 0x5B, 0x24, 0x6A, 0x07, 0xBC, 0xA8, 0x84, 0x8B, 0x47, 0x1F, 0x79, 0xBA,
    0x97, 0xBE, 0xCE, 0x7B, 0x85, 0x4B, 0x90, 0x87, 0x14, 0x1D, 0xE9, 0x3E, 0x43, 0xD6, 0xD9, 0xC9,
    0x7E, 0xFC, 0x2C, 0x60, 0x92, 0xC7, 0x7C, 0xD5, 0x80, 0x7D, 0xEA, 0xC0, 0x6E, 0x0C, 0x92, 0xD4,
    0xF0, 0x9B, 0x32, 0xD4, 0x0D, 0x19, 0xE3, 0x16, 0x58, 0xF2, 0x3D, 0x58, 0x2C, 0xCD, 0x43, 0x61,
    0xE4, 0x99, 0x8C, 0x8D, 0xD0, 0x54, 0xF4, 0x3E, 0xA4, 0x4D, 0xE6, 0x4D, 0x62, 0xDF, 0xF0, 0xCA,
    0x08, 0xBA, 0xF0, 0x42, 0x82, 0x3D, 0xA8, 0x41, 0xF2, 0x42, 0x6B, 0xA4, 0x87, 0xB0, 0x0A, 0x7A,
    0x59, 0x30, 0x3B, 0x31, 0xEB, 0x9B, 0xF8, 0xC6, 0xBE, 0x5B, 0x22, 0x03, 0x78, 0xFF, 0x02, 0x15,
    0x96, 0x63, 0xA2, 0x2B, 0x16, 0x0F, 0x7B, 0x82, 0x09, 0x2B, 0x17, 0x8D, 0xD7, 0x70, 0x88, 0x9C,
    0x78, 0xAC, 0xA8, 0x5F, 0x6B, 0x44, 0x8D, 0x4F, 0xB6, 0xA7, 0xFF, 0xCB, 0x5A, 0xB3, 0x47, 0xAD,
    0x35, 0xF2, 0xCE, 0x59, 0x9C, 0x75, 0xE8, 0xD3, 0x2F, 0xBF, 0x7E, 0x2D, 0x86, 0x16, 0xF7, 0xA3,
    0x87, 0x39, 0xEC, 0x60, 0xBD, 0xF7, 0x14, 0x97, 0x3C, 0xB1, 0x85, 0x97, 0xED, 0xDF, 0x5D, 0x78,
    0xD9, 0x7E, 0x04, 0xA4, 0x60, 0x36, 0x11, 0x54, 0x26, 0xDE, 0x2F, 0xF7, 0x63, 0x0F, 0x00, 0x12,
    0x39, 0x3D, 0xDB, 0x6C, 0xDC, 0x97, 0x41, 0x42, 0xBE, 0x0F, 0xAF, 0x8E, 0xE5, 0x65, 0x92, 0x45,
    0xA2, 0x0E, 0x11, 0x07, 0x9A, 0x61, 0xF6, 0x04, 0x4E, 0x38, 0x46, 0x02, 0x40, 0x82, 0x72, 0x25,
    0x4E, 0xD4, 0x54, 0x2F, 0x60, 0xE3, 0x1A, 0x29, 0x07, 0xA8, 0x92, 0xAC, 0x33, 0xFB, 0x0E, 0x39,
    0xA7, 0xF8, 0x84, 0xE3, 0xF8, 0x3A, 0x65, 0x32, 0x4C, 0x5D, 0xD2, 0x24, 0xD4, 0x1C, 0x30, 0x1F,
    0xA6, 0x9F, 0x91, 0xB5, 0x12, 0x37, 0x91, 0xB9, 0x05, 0x92, 0x46, 0x1A, 0xFE, 0x84, 0xDB, 0x35,
    0x2E, 0x4D, 0x0D, 0x09, 0x24, 0xF4, 0xEC, 0x2C, 0x9A, 0x58, 0x4A, 0x10, 0xD7, 0x69, 0xEC, 0xE8,
    0x76, 0x27, 0x0A, 0xAD, 0x47, 0x5F, 0xC6, 0x1C, 0xC1, 0xF1, 0x0D, 0xA1, 0xB9, 0x84, 0xB9, 0x57,
    0xE1, 0xEE, 0x10, 0xD2, 0xD1, 0x6D, 0x5D, 0x7A, 0xB4, 0xD2, 0x03, 0x15, 0x15, 0x07, 0x68, 0xCC,
    0x11, 0x44, 0x63, 0xDE, 0x97, 0x20, 0xF3, 0x67, 0xC9, 0x77, 0x6E, 0x22, 0xE8, 0x66, 0x5F, 0xC9,
    0x72, 0x45, 0x79, 0x92, 0x94, 0xFA, 0xEC, 0x54, 0xAA, 0x8D, 0x31, 0x85, 0x83, 0xE4, 0x66, 0xC4,
    0x9D, 0x41, 0x06, 0x45, 0x5B, 0x7B, 0xD8, 0x94, 0x01, 0xF4, 0x13, 0xF8, 0x63, 0x14, 0x0D, 0x68,
    0xC9, 0x36, 0xF1, 0x4A, 0x41, 0xE2, 0x1C, 0xF5, 0xD1, 0x9D, 0x6A, 0x15, 0x93, 0xC1, 0x74, 0x4F,
    0x63, 0xBA, 0xF8, 0x66, 0x03, 0x2F, 0xC3, 0xC9, 0x5B, 0xED, 0x0E, 0xA6, 0x7C, 0x3B, 0xEA, 0x04,
    0x2C, 0x1F, 0x46, 0x4E, 0xCA, 0xC1, 0x6F, 0xC2, 0x5E, 0xFE, 0x38, 0x29, 0x16, 0x24, 0x0D, 0x66,
    0x49, 0x12, 0x3B, 0xEF, 0xCE, 0x31, 0x85, 0xB8, 0x76, 0xD5, 0x48, 0x42, 0xA6, 0x21, 0xB6, 0x5A,
    0x7C, 0x74, 0x05, 0x70, 0xAD, 0x8A, 0x9B, 0x43, 0x86, 0xC3, 0x56, 0xFA, 0xDE, 0xB2, 0x02, 0x6F,
    0x49, 0x02, 0x7C, 0x4E, 0x70, 0x90, 0x1D, 0x48, 0x81, 0x4A, 0x99, 0x20, 0x60, 0x2E, 0x00, 0x69,
    0x31, 0x6C, 0x54, 0xE3, 0x33, 0x8A, 0x4D, 0xA6, 0xB5, 0x5A, 0x71, 0xC5, 0x5D, 0xCA, 0x0D, 0xF3,
    0x9B, 0x5C, 0x99, 0xE1, 0x0D, 0xEC, 0xA3, 0x13, 0x89, 0x21, 0xE5, 0x16, 0x61, 0x6D, 0x0B, 0x80,
    0x65, 0xDB, 0x21, 0x16, 0x66, 0x6E, 0x88, 0x9C, 0x3E, 0xCD, 0x65, 0x22, 0x91, 0x8E, 0xCC, 0x11,
    0xBB, 0xC7, 0xB0, 0x35, 0xC4, 0x66, 0x92, 0xFA, 0x1B, 0x70, 0x6F, 0x00, 0xA4, 0x66, 0x07, 0x30,
    0xDC, 0xC6, 0x62, 0xB7, 0xB1, 0xEA, 0x97, 0xC4, 0x36, 0x44, 0xB0, 0xC8, 0x23, 0x10, 0x8C, 0xC7,
    0xC0, 0xE5, 0x3D, 0xEF, 0xD8, 0x1B, 0x6B, 0x38, 0x8F, 0xD5, 0x6E, 0x17, 0x15, 0x75, 0xFC, 0xCF,
    0x2B, 0x1D, 0x20, 0x08, 0x91, 0x9B, 0x3D, 0x53, 0xA2, 0x40, 0x7B, 0xD2, 0x85, 0x6D, 0x1C, 0x3F,
    0x2B, 0x05, 0xD8, 0xF6, 0x54, 0x8E, 0xCD, 0x68, 0x2C, 0xCF, 0x54, 0x1E, 0x95, 0xE2, 0xD9, 0xC2,
    0x0A, 0xAA, 0x97, 0x06, 0x57, 0x11, 0x3C, 0xA5, 0x01, 0xE4, 0xFA, 0x32, 0xD3, 0x53, 0x5C, 0x21,
    0x6B, 0x3E, 0x7E, 0x56, 0x4A, 0xFD, 0xD3, 0xBE, 0x3C, 0x40, 0x10, 0xFD, 0x6B, 0x19, 0xDD, 0xB0,
    0xEA, 0x62, 0x0D, 0xCB, 0x98, 0xD1, 0x36, 0x46, 0x3B, 0x4F, 0xB3, 0x3F, 0xD0, 0x8B, 0x72, 0xCC,
    0xB0, 0xBC, 0xB9, 0x29, 0x32, 0x40, 0x56, 0x8E, 0x2C, 0xAE, 0x05, 0x18, 0x21, 0x37, 0xB8, 0xDF,
    0x1B, 0x28, 0x9D, 0x2E, 0x0E, 0xF4, 0x7C, 0x20, 0xA5, 0x17, 0x82, 0x39, 0x92, 0x3A, 0x14, 0xDB,
    0x64, 0xF0, 0xCE, 0x57, 0x19, 0x80, 0x27, 0x94, 0x41, 0xC5, 0x37, 0x5C, 0x66, 0x9D, 0xB1, 0x41,
    0xEE, 0x0B, 0x14, 0x89, 0x66, 0x3E, 0xD5, 0xBD, 0x47, 0xBB, 0xA4, 0xEE, 0x72, 0xA5, 0x86, 0x77,
    0x1B, 0xE5, 0xE2, 0x4E, 0x21, 0xCB, 0xF0, 0xD4, 0x1E, 0xA2, 0x6E, 0xF4, 0x94, 0x0A, 0xFF, 0xAD,
    0xDD, 0x85, 0x1E, 0x3E, 0x13, 0x34, 0x1C, 0xA3, 0x00, 0x86, 0x81, 0xCC, 0xE4, 0xBA, 0x2B, 0x4A,
    0x67, 0xF2, 0xEE, 0xBE, 0xE0, 0x89, 0x7A, 0xAA, 0x3C, 0xA2, 0xED, 0x4A, 0xCA, 0x2E, 0x86, 0xAB,
    0x3C, 0x46, 0x3E, 0xE7, 0x0F, 0x79, 0x91, 0x8C, 0x79, 0x42, 0x76, 0x8B, 0x52, 0x01, 0x2E, 0xF0,
    0x6F, 0x6C, 0x8B, 0x92, 0xAD, 0xC9, 0x0B, 0x14, 0x4F, 0x42, 0xFA, 0x10, 0xC1, 0x8B, 0xE6, 0x06,
    0x1E, 0x08, 0xBE, 0x89, 0xA5, 0x20, 0x4F, 0x9D, 0xAF, 0xB8, 0xE0, 0x4B, 0xA5, 0xFE, 0xCB, 0x3E,
    0xEB, 0x7D, 0x3A, 0x6E, 0xF2, 0xA9, 0xAC, 0x82, 0x6D, 0xF1, 0xE6, 0xA6, 0xCF, 0xB4, 0x8D, 0x14,
    0x1E, 0x28, 0x20, 0x74, 0x95, 0x02, 0xD0, 0x70, 0x74, 0x52, 0x2F, 0x4A, 0x3D, 0x01, 0x69, 0x14,
    0x7D, 0x30, 0x98, 0xC8, 0xAD, 0x46, 0xEE, 0x25, 0x24, 0x42, 0x3F, 0x1B, 0x36, 0x50, 0xE4, 0x9D,
    0xE8, 0xCF, 0xE0, 0xF9, 0xD1, 0xB7, 0x9C, 0xDA, 0xA0, 0x10, 0x04, 0xCA, 0x82, 0x32, 0x30, 0x1F,
    0x36, 0x8A, 0x87, 0x26, 0xFD, 0xC4, 0xC1, 0xCD, 0x0F, 0x63, 0x39, 0x50, 0x4A, 0x19, 0x87, 0xBA,
    0xE1, 0x6B, 0xE7, 0xEB, 0xE4, 0xF8, 0x8B, 0xB1, 0x0C, 0x96, 0xCC, 0x08, 0xE5, 0x50, 0xAE, 0xA4,
    0xF6, 0xDD, 0x34, 0x52, 0xE8, 0x59, 0x78, 0x1D, 0xB4, 0xCC, 0xCA, 0xC2, 0xD7, 0xB0, 0xB5, 0x57,
    0x8C, 0xD7, 0x8C, 0x57, 0xC9, 0x7D, 0x0C, 0x85, 0x9D, 0xA8, 0x07, 0xCD, 0x8C, 0xD4, 0xA0, 0x70,
    0x44, 0xAA, 0x4B, 0x24, 0xD6, 0xA8, 0x27, 0xB1, 0x6C, 0x40, 0xC2, 0x61, 0x58, 0xCE, 0x77, 0xE4,
    0x0C, 0x47, 0xAC, 0x01, 0x3C, 0xF0, 0xF5, 0xC0, 0xB9, 0x0D, 0x99, 0xD3, 0x8F, 0xF3, 0x98, 0xBB,
    0x93, 0xEA, 0xC4, 0x40, 0xCF, 0x2F, 0x85, 0x88, 0x8A, 0xA1, 0x17, 0xF9, 0xAB, 0x97, 0xB3, 0x3E,
    0xEA, 0xC3, 0xC7, 0x5E, 0x08, 0x44, 0x5D, 0xD1, 0xC0, 0xBA, 0x1E, 0x89, 0xB3, 0xE5, 0xCB, 0xAA,
    0x2D, 0x80, 0xA0, 0xA4, 0x52, 0x6D, 0x86, 0xFF, 0xD7, 0x49, 0x7D, 0x87, 0x89, 0x50, 0xF5, 0x2A,
    0xA8, 0x46, 0x0D, 0xC8, 0x27, 0x5B, 0xB6, 0xAA, 0xD5, 0xF8, 0x9E, 0x36, 0x6B, 0x43, 0xD2, 0x1B,
    0xA4, 0x5B, 0x18, 0x6B, 0xED, 0x07, 0x96, 0xF9, 0xF8, 0x85, 0x2F, 0x5F, 0xDA, 0xCD, 0x21, 0xBC,
    0xE2, 0x5B, 0xFE, 0x07, 0xC4, 0x97, 0xB0, 0x99, 0x04, 0x38, 0x89, 0x70, 0x21, 0x44, 0xF5, 0x2C,
    0x7F, 0x44, 0xA4, 0x93, 0x50, 0x21, 0xD6, 0xE5, 0x8D, 0x71, 0x7C, 0x3F, 0xFA, 0xFF, 0xAE, 0x1C,
    0x18, 0xB4, 0x94, 0xD3, 0x59, 0x25, 0x18, 0x2A, 0xE0, 0x9A, 0xF4, 0x03, 0xF8, 0x47, 0x02, 0x21,
    0x85, 0xB9, 0x2F, 0xAF, 0x4D, 0x9E, 0xFC, 0x7B, 0x80, 0x19, 0x8D, 0x38, 0x5E, 0xBE, 0xF4, 0x27,
    0x32, 0xDF, 0x73, 0x95, 0x0C, 0x6B, 0x30, 0x5E, 0xD5, 0x3D, 0x64, 0xB8, 0x07, 0x06, 0x0C, 0xC3,
    0x76, 0x49, 0x2B, 0x20, 0x52, 0xDF, 0x73, 0xA9, 0xDA, 0x63, 0x07, 0x8A, 0x91, 0x88, 0x6A, 0xFC,
    0xF1, 0x47, 0x49, 0xC1, 0xF6, 0xD1, 0x8F, 0x12, 0x5E, 0x73, 0xFA, 0xEB, 0xA7, 0xB4, 0xC7, 0xBB,
    0x50, 0x18, 0xC3, 0x96, 0xCF, 0xE8, 0x43, 0x76, 0x8D, 0x40, 0x23, 0xE7, 0x0A, 0xD8, 0x14, 0x74,
    0x20, 0x02, 0x2A, 0x13, 0x69, 0xE7, 0xB2, 0x52, 0xB9, 0x25, 0x51, 0xD0, 0x03, 0xC0, 0xB8, 0x47,
    0xB0, 0x30, 0xAC, 0xC3, 0xC2, 0xB1, 0x94, 0x09, 0xB7, 0xD9, 0xEB, 0x9D, 0xA6, 0x4E, 0x97, 0x39,
    0x52, 0x9E, 0x94, 0xAB, 0x18, 0x9B, 0x36, 0xEE, 0x47, 0x91, 0x9B, 0x93, 0x5B, 0x25, 0xA7, 0x7F,
    0xDF, 0x26, 0x10, 0x3D, 0xC2, 0xF4, 0x06, 0xE2, 0x91, 0x9C, 0x7A, 0x24, 0xFB, 0x25, 0xEC, 0x33,
    0xFD, 0x4F, 0xFE, 0x03, 0xD8, 0x88, 0xB9, 0x96, 0x33, 0x96, 0x23, 0x50, 0xDE, 0xF2, 0x06, 0x15,
    0x6D, 0x01, 0xBB, 0x68, 0x45, 0x6F, 0x4F, 0xC1, 0x90, 0xBD, 0xC0, 0x0D, 0x64, 0x92, 0x4D, 0xDD,
    0xED, 0x11, 0x35, 0x3F, 0x67, 0x7F, 0x56, 0x43, 0xE7, 0x3E, 0x3E, 0x7A, 0x99, 0xE1, 0x95, 0x50,
    0x13, 0xD6, 0x09, 0xD2, 0x5F, 0x48, 0xDC, 0x4A, 0x55, 0x80, 0x04, 0x0B, 0x71, 0x1B, 0x69, 0x0E,
    0x9F, 0x02, 0x21, 0x3E, 0x14, 0x08, 0xD9, 0x5A, 0xB6, 0xD9, 0xF8, 0x73, 0x86, 0xE5, 0x4D, 0xCA,
    0x97, 0x37, 0x34, 0xBF, 0x51, 0x17, 0xC0, 0x63, 0xD4, 0x24, 0x36, 0xEA, 0xE2, 0x16, 0xE1, 0xC5,
    0x01, 0x9D, 0x14, 0x0A, 0x54, 0x51, 0x9F, 0x2F, 0xF5, 0x4B, 0x44, 0xC3, 0x7C, 0x40, 0x7F, 0x7E,
    0xCD, 0xC8, 0x28, 0x57, 0xB5, 0x9C, 0x00, 0x37, 0x5A, 0xE2, 0x75, 0x2D, 0x63, 0x65, 0x95, 0xD4,
    0xE9, 0x48, 0x20, 0x2C, 0xC6, 0xFC, 0xF9, 0xE5, 0x82, 0xB7, 0x80, 0xD2, 0xB8, 0x0E, 0x07, 0x54,
    0x26, 0xFC, 0xB6, 0xCF, 0x08, 0x7C, 0x88, 0x84, 0x07, 0x20, 0x8D, 0x70, 0xB1, 0xCD, 0x79, 0x80,
    0x14, 0x3F, 0x46, 0xAE, 0xB7, 0xB6, 0x57, 0xF4, 0xEC, 0x98, 0x37, 0x2F, 0x2F, 0x7F, 0xC4, 0xBD,
    0xEE, 0x74, 0xA3, 0xAA, 0xA4, 0x51, 0x25, 0xD2, 0xB3, 0x3C, 0xEE, 0x24, 0x0B, 0x59, 0xA2, 0xB0,
    0x9F, 0xCB, 0x0A, 0x30, 0xFF, 0x55, 0xCC, 0x2E, 0xB3, 0xFA, 0x39, 0xC7, 0x03, 0xA8, 0x44, 0xF2,
    0x02, 0xF2, 0x87, 0x50, 0x72, 0xF8, 0x54, 0x60, 0x9A, 0x0B, 0x70, 0x31, 0xAF, 0xC2, 0x03, 0x23,
    0x78, 0x91, 0xFE, 0x05, 0xFB, 0x53, 0xB7, 0x93, 0x02, 0xB3, 0xAC, 0x1E, 0x01, 0x02, 0xB9, 0x21,
    0x3A, 0x49, 0x86, 0x93, 0x27, 0x4D, 0x5C, 0x66, 0x95, 0xF2, 0x67, 0xE9, 0x46, 0xF2, 0x49, 0x88,
    0x97, 0x2F, 0x21, 0xB6, 0xCB, 0x41, 0xDB, 0xA1, 0x7B, 0x3C, 0x1A, 0x80, 0xF0, 0x0A, 0x49, 0x5C,
    0xE5, 0xDF, 0x07, 0x1A, 0xC8, 0x01, 0x0C, 0xF2, 0xD2, 0x4C, 0xBC, 0x66, 0xF3, 0xB8, 0x5F, 0x51,
    0xD3, 0x09, 0xC9, 0x88, 0xA5, 0xFF, 0x03, 0xB7, 0x2C, 0x0A, 0xC3, 0xE3, 0x46, 0x01, 0xF5, 0xD0,
    0x57, 0x74, 0x79, 0xD9, 0xF9, 0xBD, 0x63, 0x9B, 0xB0, 0x3C, 0x8D, 0x40, 0x7D, 0x01, 0xEA, 0x69,
    0xF5, 0x2E, 0x52, 0x59, 0x47, 0x1B, 0xC1, 0x06, 0xFD, 0x17, 0xBD, 0x59, 0x3D, 0x70, 0xDC, 0xC6,
    0x15, 0x7E, 0x00, 0x24, 0xC2, 0x22, 0x66, 0xB4, 0x2E, 0x54, 0x30, 0x51, 0x22, 0xA4, 0x70, 0xA1,
    0x51, 0x44, 0xA2, 0x65, 0x66, 0x8E, 0x5C, 0x98, 0x2C, 0x5C, 0xB8, 0x90, 0x8A, 0x8C, 0x9B, 0x14,
    0x52, 0xED, 0xCC, 0x44, 0x8D, 0x0A, 0x15, 0x34, 0x01, 0xA5, 0x49, 0xE1, 0x42, 0x2C, 0x52, 0x25,
    0x85, 0x59, 0xB8, 0x50, 0xE8, 0x42, 0x2C, 0x34, 0x19, 0x4E, 0x86, 0x16, 0x36, 0x66, 0x91, 0x42,
    0x85, 0x11, 0x39, 0xBD, 0x20, 0x45, 0x55, 0x34, 0x89, 0x76, 0x1C, 0x48, 0x46, 0x24, 0x1C, 0x9E,
    0xBF, 0xB7, 0x77, 0x38, 0x51, 0x8A, 0x95, 0x48, 0xE6, 0xCF, 0x1D, 0xDE, 0xC3, 0x01, 0x58, 0xBC,
    0xF7, 0xED, 0xEE, 0xFB, 0xDB, 0xBD, 0x13, 0xA4, 0x29, 0x4B, 0x13, 0x3A, 0x82, 0xEF, 0x59, 0x9A,
    0xA5, 0x39, 0x7C, 0x13, 0xF7, 0xD5, 0xA4, 0x53, 0x7C, 0xE9, 0x04, 0xD1, 0x71, 0x22, 0x52, 0x44,
    0x1E, 0x37, 0xA4, 0x98, 0x29, 0xB9, 0x5B, 0x90, 0xFE, 0x12, 0xEF, 0x5D, 0x9B, 0xA7, 0xE2, 0x1C,
    0xBD, 0x40, 0xD9, 0x35, 0xC2, 0x33, 0x9F, 0x12, 0x8E, 0xD1, 0x76, 0x88, 0x77, 0x2A, 0xF7, 0xAE,
    0x23, 0xF9, 0x14, 0x43, 0x0A, 0x3A, 0x4E, 0x43, 0xAB, 0x8D, 0xAA, 0x92, 0x5C, 0x55, 0xA7, 0x48,
    0x59, 0xA2, 0x08, 0x14, 0x82, 0x32, 0x6E, 0xE9, 0x97, 0xDD, 0x75, 0xA2, 0x96, 0x9E, 0x53, 0x43,
    0xE4, 0x3F, 0xA0, 0xB7, 0x23, 0x7E, 0x5A, 0x69, 0xE6, 0xF2, 0x67, 0x27, 0x39, 0x27, 0xE0, 0xE2,
    0x56, 0xDB, 0xA2, 0x49, 0xAA, 0xD8, 0x46, 0xB9, 0xB2, 0x8A, 0xA2, 0xFA, 0x38, 0x05, 0xED, 0x59,
    0xF2, 0xDB, 0x01, 0x51, 0xB7, 0x09, 0x5D, 0x96, 0xA6, 0xF9, 0x69, 0x0A, 0xCC, 0x39, 0x69, 0x43,
    0xD3, 0xC5, 0x3F, 0x26, 0xBF, 0x85, 0xBC, 0xA2, 0xA6, 0x80, 0x3B, 0xF2, 0xD9, 0xA8, 0x87, 0x36,
    0xF1, 0x1A, 0x4D, 0x38, 0xD6, 0x93, 0x9C, 0x54, 0x83, 0x0E, 0xE4, 0x83, 0xC2, 0xAE, 0x44, 0xED,
    0x2A, 0x75, 0xBA, 0xD4, 0x71, 0xBB, 0x18, 0xF0, 0x36, 0x65, 0x35, 0x85, 0xCD, 0x11, 0x6A, 0x67,
    0x69, 0x65, 0x91, 0x56, 0xD0, 0x3E, 0x7E, 0x66, 0x7D, 0x4E, 0xB7, 0x62, 0x1A, 0xEA, 0xB4, 0xD5,
    0xE9, 0x3B, 0xC7, 0xC6, 0xDD, 0x8C, 0xB9, 0x24, 0xE2, 0x8D, 0x21, 0x85, 0x15, 0xC5, 0xA9, 0x7A,
    0xF7, 0xD6, 0xB2, 0x99, 0x55, 0x8F, 0xFE, 0x6A, 0x07, 0x89, 0x5F, 0x6D, 0x5E, 0x19, 0x50, 0x7E,
    0x65, 0x73, 0x9B, 0x68, 0xF0, 0x12, 0xBB, 0x0C, 0xE0, 0x57, 0x06, 0x9A, 0x2E, 0xDE, 0x5C, 0x50,
    0x0F, 0x4B, 0xAB, 0x7C, 0x5E, 0x2E, 0xC3, 0x12, 0x02, 0xBC, 0xEE, 0x83, 0x21, 0x01, 0x13, 0x06,
    0x93, 0x7E, 0x8E, 0xD1, 0xEA, 0x28, 0xB9, 0x60, 0x62, 0x65, 0xA6, 0x0A, 0xA3, 0x3F, 0x31, 0x99,
    0x32, 0x59, 0x6C, 0xF4, 0x33, 0x3B, 0xF5, 0xEE, 0x79, 0xF2, 0xF2, 0xF0, 0x37, 0x65, 0x7C, 0x8E,
    0x16, 0x00, 0x70, 0x81, 0xB6, 0x71, 0x68, 0x5A, 0x8D, 0x4D, 0x72, 0xDB, 0x46, 0xE5, 0x6E, 0x70,
    0xDD, 0xEF, 0x00, 0x4E, 0x64, 0xAB, 0x0F, 0x3F, 0x0D, 0xCC, 0xAC, 0x66, 0x63, 0x07, 0x6A, 0xB9,
    0xDA, 0xBC, 0xAC, 0x96, 0xEC, 0xFC, 0xA6, 0x5A, 0xAA, 0x06, 0x9B, 0xEA, 0xF7, 0x06, 0x8C, 0x01,
    0x4E, 0x9D, 0x03, 0x38, 0xF5, 0xBE, 0x99, 0x9F, 0x57, 0xCB, 0xE5, 0xCD, 0x41, 0x72, 0xAF, 0xB1,
    0xEA, 0xCC, 0xFA, 0x67, 0x02, 0x4E, 0xBD, 0x0C, 0xEE, 0xCC, 0xC6, 0x46, 0xAA, 0x65, 0x98, 0x81,
    0x73, 0x08, 0x5D, 0xE9, 0x62, 0x64, 0x06, 0x81, 0x1C, 0xFA, 0x82, 0x81, 0x34, 0xBF, 0x11, 0x73,
    0xB0, 0x89, 0xC9, 0xA8, 0xC6, 0x63, 0xB6, 0x19, 0x17, 0x6B, 0xDC, 0xCD, 0x11, 0x77, 0xB3, 0x2F,
    0x50, 0x06, 0x4A, 0x40, 0xDE, 0xAF, 0x66, 0x89, 0xE6, 0x5E, 0x87, 0xE6, 0xC8, 0xEF, 0x92, 0xD2,
    0x1F, 0x26, 0x55, 0x42, 0x99, 0xC9, 0x8C, 0x4E, 0x09, 0x76, 0x7D, 0x9C, 0xE2, 0x32, 0xB0, 0xBE,
    0xBD, 0x51, 0x15, 0x79, 0xC8, 0x14, 0xDF, 0x2D, 0x75, 0x60, 0x9F, 0x1F, 0xEF, 0x55, 0x8A, 0x8D,
    0xF7, 0x07, 0xA2, 0xE9, 0x54, 0x5F, 0xA8, 0xD4, 0x9D, 0x3A, 0xB0, 0x8D, 0x67, 0xB7, 0x49, 0xB8,
    0x0D, 0xBE, 0xAA, 0xD4, 0xC7, 0xB9, 0x38, 0xC0, 0x34, 0x51, 0x6F, 0x38, 0x8E, 0xA6, 0xC7, 0x83,
    0xD9, 0x1B, 0x77, 0x0C, 0x5D, 0x8C, 0x2E, 0xA3, 0x77, 0xB1, 0xED, 0x9B, 0xBD, 0x0D, 0xD2, 0x42,
    0x69, 0x52, 0x16, 0x14, 0xC1, 0xD8, 0xA8, 0xA8, 0xC6, 0x2F, 0x4A, 0x0B, 0x52, 0x72, 0x15, 0xD4,
    0x72, 0xBD, 0x32, 0xBE, 0x4F, 0xDE, 0x50, 0xEE, 0x71, 0xCF, 0xA2, 0x02, 0x43, 0xA9, 0xA4, 0xB5,
    0x4A, 0xC0, 0xE6, 0x62, 0xBC, 0x32, 0x10, 0x9F, 0x59, 0x51, 0x78, 0xAF, 0x0E, 0xA1, 0xF0, 0xE9,
    0x67, 0x2D, 0x3C, 0x0D, 0xEE, 0x16, 0x54, 0x3E, 0x53, 0x60, 0x00, 0x24, 0x02, 0x4B, 0x55, 0x4E,
    0x85, 0xC9, 0xFE, 0xE6, 0x71, 0xCD, 0x4D, 0xC4, 0x6D, 0x8F, 0xD8, 0xF6, 0xDA, 0x6F, 0xC9, 0x65,
    0x7D, 0x48, 0x7A, 0x7D, 0x74, 0x9E, 0x42, 0xC6, 0x30, 0xA9, 0x8F, 0x21, 0x6F, 0xC1, 0xB3, 0x87,
    0xA3, 0x37, 0xAE, 0x2E, 0xA3, 0xBB, 0x1D, 0x04, 0x7C, 0x24, 0x26, 0x7A, 0x31, 0xCE, 0x0F, 0x5C,
    0x6F, 0x1C, 0xCA, 0xEC, 0x5F, 0x83, 0x00, 0xFD, 0x3E, 0xD8, 0x31, 0x3F, 0x3D, 0x70, 0x95, 0x4E,
    0x72, 0xF8, 0x08, 0x8A, 0xA2, 0x00, 0x42, 0xA3, 0xF7, 0xF2, 0xDD, 0x8A, 0xF6, 0x4D, 0xDB, 0x83,
    0xF1, 0xC0, 0x32, 0xBB, 0xE1, 0x2D, 0x46, 0xA7, 0xC5, 0x8E, 0x10, 0xB9, 0xE8, 0x8F, 0xA3, 0xD3,
    0xD7, 0x1D, 0x52, 0x09, 0xF9, 0x77, 0x64, 0xBE, 0x29, 0xF8, 0xC2, 0x9D, 0xA2, 0x25, 0x77, 0x42,
    0x44, 0x93, 0x39, 0x58, 0xF0, 0x79, 0x03, 0x58, 0x3E, 0xFA, 0xC0, 0xDD, 0x64, 0x71, 0x0B, 0xF2,
    0x1E, 0xBB, 0xAB, 0xC0, 0xC0, 0x4E, 0xA6, 0x29, 0x94, 0x93, 0x22, 0x95, 0xE3, 0x14, 0x53, 0x56,
    0x9E, 0xE4, 0x8D, 0x82, 0xB8, 0x46, 0x5C, 0xE1, 0xD1, 0x48, 0x22, 0x3E, 0xFB, 0x7C, 0xA3, 0x8E,
    0xEA, 0xA0, 0x8D, 0xAB, 0xA0, 0xD1, 0xC6, 0xAF, 0xA4, 0x67, 0x19, 0xA8, 0x10, 0xCA, 0xC7, 0x34,
    0xBE, 0x76, 0xEE, 0x58, 0x3A, 0xD7, 0x9C, 0x51, 0x2D, 0x6D, 0x01, 0x87, 0x45, 0xB2, 0x31, 0xE4,
    0xE3, 0xA6, 0x2F, 0x7D, 0x58, 0x95, 0x7E, 0x20, 0xD7, 0x61, 0x1C, 0xD5, 0xD8, 0x25, 0x78, 0xEC,
    0x27, 0x12, 0x38, 0xC7, 0xD6, 0x9A, 0x31, 0x37, 0x09, 0x3A, 0x1D, 0xB4, 0xB4, 0x0D, 0x5A, 0x01,
    0xCD, 0x83, 0x68, 0x42, 0xCC, 0x26, 0xE8, 0x36, 0xF2, 0x17, 0xEE, 0xB5, 0x74, 0x0C, 0x34, 0x07,
    0x5A, 0x8C, 0xBB, 0x8D, 0x2E, 0x1B, 0x75, 0x98, 0x1C, 0x42, 0x99, 0x37, 0xF1, 0xFF, 0x28, 0xDF,
    0x7F, 0xF9, 0x32, 0xB7, 0x1A, 0x0D, 0xB6, 0x17, 0xC9, 0xAB, 0x54, 0xBA, 0xAF, 0xF2, 0x57, 0x10,
    0xF3, 0x3A, 0xA4, 0xCA, 0x21, 0xE8, 0x9D, 0xA3, 0xFB, 0x8D, 0x1D, 0xA3, 0x8E, 0xC8, 0x28, 0xE3,
    0xB2, 0x3D, 0x92, 0x5C, 0x62, 0xBE, 0xD1, 0xE6, 0x35, 0x0F, 0x24, 0x9D, 0x8C, 0xCB, 0x71, 0x90,
    0x2D, 0xC8, 0xC3, 0xCD, 0x6A, 0x4F, 0x72, 0xF0, 0x1B, 0x99, 0x2B, 0x51, 0xF9, 0x4A, 0x50, 0x7E,
    0x6F, 0x39, 0x73, 0x51, 0xAE, 0x95, 0xC1, 0x31, 0xE3, 0x7F, 0x7F, 0x30, 0x19, 0x77, 0x29, 0x8C,
    0x1F, 0xA5, 0x58, 0xD0, 0x06, 0x9D, 0xDC, 0x77, 0x32, 0xB4, 0x11, 0x56, 0x82, 0x25, 0x95, 0x30,
    0xAB, 0xD9, 0x26, 0xF6, 0xA7, 0xDD, 0x7A, 0x62, 0xDD, 0xA5, 0x3C, 0xAD, 0xFA, 0x26, 0x99, 0x34,
    0xE6, 0xD4, 0x09, 0x88, 0x3B, 0x54, 0x41, 0xD9, 0x28, 0x5D, 0x3B, 0x47, 0xAD, 0x07, 0x52, 0x20,
    0x60, 0x6A, 0x16, 0xF1, 0x80, 0x4E, 0xF7, 0x45, 0x43, 0xD6, 0x90, 0x1E, 0x26, 0x43, 0x4A, 0x9A,
    0x40, 0x02, 0x43, 0x80, 0xA9, 0x04, 0x2B, 0xC1, 0xEE, 0x5A, 0xB0, 0xDB, 0x2D, 0xD8, 0x4E, 0x07,
    0x66, 0x78, 0x19, 0x2C, 0xDB, 0x01, 0xD3, 0x7F, 0x07, 0x53, 0xDF, 0x80, 0x85, 0xD2, 0xDC, 0x17,
    0x46, 0x8E, 0x69, 0x13, 0x3F, 0x20, 0x54, 0x00, 0x43, 0x52, 0x66, 0x2C, 0x5F, 0x00, 0xC4, 0xA2,
    0x2C, 0x74, 0x9E, 0xB6, 0xD5, 0x67, 0x25, 0x8C, 0x11, 0x89, 0xA7, 0x03, 0x99, 0x8F, 0x72, 0xA2,
    0x82, 0x57, 0xCA, 0xA4, 0xE6, 0x60, 0x99, 0x29, 0x44, 0x94, 0xB0, 0x12, 0xAE, 0xD4, 0x33, 0x33,
    0x66, 0xC6, 0x35, 0x71, 0x8D, 0xDD, 0x6B, 0x4A, 0x04, 0x04, 0x1D, 0x44, 0xA1, 0xC3, 0xA2, 0xEE,
    0x7C, 0xAF, 0x63, 0x94, 0x0D, 0x8B, 0x74, 0x5C, 0x6F, 0x06, 0xD5, 0x61, 0x2A, 0x0F, 0x45, 0xA5,
    0x72, 0x56, 0x2F, 0xA9, 0x69, 0x2B, 0x30, 0x87, 0xA8, 0x5C, 0x9B, 0x4A, 0xA2, 0x38, 0xD8, 0x13,
    0x04, 0x43, 0x5A, 0xD3, 0x87, 0xD4, 0xF3, 0x05, 0x09, 0x47, 0x45, 0x0C, 0x95, 0xAB, 0xC2, 0x66,
    0xA6, 0x0E, 0x6D, 0xC4, 0x7F, 0x44, 0xF3, 0x9A, 0x5A, 0xB5, 0x63, 0x61, 0xC2, 0x12, 0xE1, 0x61,
    0xCD, 0xA8, 0xFF, 0x77, 0x2C, 0x6E, 0x9E, 0xA5, 0xF9, 0x11, 0x88, 0x81, 0xE0, 0xA8, 0x7B, 0x1C,
    0x81, 0xE0, 0x08, 0x04, 0x47, 0xC4, 0xC0, 0xA1, 0x04, 0xC7, 0x40, 0x70, 0x5C, 0x11, 0x08, 0x16,
    0xEC, 0x6A, 0x05, 0xB6, 0x63, 0xC0, 0xFE, 0x82, 0x06, 0xFA, 0x4B, 0xC1, 0xF1, 0x4F, 0xC1, 0xD1,
    0x0A, 0x8E, 0xA6, 0xC7, 0xE1, 0x8B, 0x9B, 0x05, 0x66, 0x32, 0xF8, 0x92, 0x80, 0x29, 0x94, 0x64,
    0xE3, 0xB9, 0x5A, 0x65, 0xAE, 0x5F, 0x23, 0xF1, 0x9F, 0xB9, 0xBE, 0xC4, 0x79, 0x51, 0xC1, 0x36,
    0x14, 0xBD, 0x39, 0x0B, 0xC6, 0x2C, 0x96, 0xA2, 0x6B, 0x01, 0x7D, 0x7C, 0xD8, 0xEC, 0x2A, 0xD0,
    0xFF, 0x77, 0x19, 0x78, 0x38, 0xCA, 0x47, 0x45, 0x89, 0xE4, 0xD6, 0x1D, 0x3C, 0x88, 0x7B, 0xED,
    0x07, 0xAD, 0x3C, 0xFA, 0xB5, 0x2C, 0x47, 0x77, 0x6A, 0x61, 0xE8, 0xBE, 0x4F, 0x6B, 0x87, 0xD9,
    0xE9, 0xC4, 0xE5, 0x0E, 0x89, 0x32, 0x52, 0xAC, 0xF9, 0x7D, 0x94, 0x61, 0x5E, 0xE6, 0xB2, 0xE8,
    0x96, 0x38, 0xC7, 0xBA, 0x73, 0x91, 0xA2, 0x16, 0xF6, 0x07, 0x51, 0x5B, 0xB0, 0x17, 0x02, 0x48,
    0x96, 0x86, 0xB0, 0x2E, 0x4C, 0xD6, 0xED, 0x54, 0x62, 0xB3, 0xCC, 0xDD, 0xB0, 0x0F, 0x1C, 0xDF,
    0xC5, 0x2E, 0x75, 0xB2, 0x16, 0x41, 0xE2, 0xCA, 0x00, 0x20, 0xE1, 0xB5, 0x51, 0xA6, 0xC5, 0xAA,
    0x1A, 0x19, 0x18, 0xF1, 0x3F, 0x46, 0xCD, 0x14, 0x22, 0x4B, 0xBB, 0xEF, 0x30, 0xE8, 0x7F, 0xB5,
    0x51, 0x13, 0xB4, 0xC8, 0x14, 0x30, 0xD2, 0xA0, 0xFB, 0xAD, 0x7B, 0x07, 0x29, 0xC7, 0xC9, 0x18,
    0xF9, 0x8E, 0x86, 0xF5, 0x7A, 0xDD, 0x2F, 0xAC, 0x64, 0x9E, 0x06, 0xEB, 0x60, 0x18, 0x6D, 0x54,
    0xA3, 0x7E, 0xB9, 0x54, 0x4F, 0x0D, 0xA9, 0xA8, 0x11, 0xCC, 0xE3, 0xBA, 0x93, 0x0C, 0xD2, 0x0A,
    0x1B, 0x0A, 0xC3, 0x1B, 0x51, 0x5D, 0x88, 0x13, 0xC5, 0x9D, 0x78, 0x34, 0xA7, 0x51, 0x9D, 0x66,
    0x79, 0xF4, 0xB8, 0x84, 0x33, 0x3D, 0xB1, 0x49, 0x7E, 0xE9, 0xF1, 0x7F, 0xA4, 0xAE, 0x2B, 0x04,
    0xB6, 0x97, 0x4E, 0xEC, 0x52, 0x94, 0x3B, 0xB3, 0x8C, 0xC7, 0x6B, 0x87, 0x62, 0x0D, 0x60, 0x90,
    0x82, 0x76, 0x86, 0xA4, 0xAF, 0x76, 0x34, 0xE5, 0x41, 0x11, 0x28, 0x44, 0xB5, 0xA0, 0x9F, 0x76,
    0x54, 0xE0, 0x1E, 0xE3, 0x9A, 0x31, 0xFA, 0x18, 0x4D, 0xCA, 0xFE, 0xC5, 0x79, 0xD2, 0x14, 0xC6,
    0x4B, 0x77, 0x05, 0x59, 0x11, 0x8C, 0x6A, 0xC5, 0xD5, 0xA8, 0xFB, 0x21, 0x13, 0x41, 0xC7, 0xC3,
    0x20, 0x07, 0xF7, 0xD1, 0xBF, 0x74, 0x65, 0x5F, 0x64, 0x06, 0xCD, 0x8F, 0x51, 0x68, 0x7C, 0x4E,
    0x71, 0xD6, 0xD2, 0x4C, 0x58, 0xED, 0x59, 0x66, 0x68, 0x2C, 0xA9, 0xFB, 0x0D, 0x45, 0x77, 0x1A,
    0xF2, 0xD3, 0xF3, 0x7B, 0xC7, 0x28, 0x95, 0x1E, 0xDC, 0xD6, 0xBB, 0x57, 0x91, 0x8F, 0xD4, 0xE1,
    0x3D, 0x29, 0x47, 0x75, 0xF6, 0x1E, 0xE5, 0xFA, 0xB7, 0xF2, 0x5B, 0x69, 0xCC, 0xCF, 0xD8, 0xEA,
    0x1D, 0xDE, 0x69, 0xF5, 0x55, 0xF6, 0x86, 0x53, 0x1E, 0x23, 0x4C, 0x08, 0x0B, 0x51, 0xF5, 0xB3,
    0x7E, 0xCA, 0x1B, 0x1B, 0xC5, 0x55, 0x89, 0xD8, 0x9E, 0x30, 0x38, 0xC7, 0x5B, 0x10, 0x63, 0x66,
    0xB3, 0x47, 0x37, 0xB8, 0x4D, 0x86, 0x21, 0x0A, 0xFA, 0x94, 0x4E, 0x90, 0x57, 0xAC, 0x29, 0xD4,
    0xA1, 0x5F, 0xB4, 0x59, 0xDE, 0x16, 0x69, 0xE3, 0x22, 0x7C, 0x7F, 0xA4, 0xC0, 0x7A, 0x44, 0x9B,
    0xB3, 0xA8, 0x6F, 0xA4, 0x39, 0xFC, 0x54, 0xE7, 0xB2, 0xC0, 0x09, 0x4B, 0xEF, 0x91, 0xF1, 0x46,
    0x2B, 0x0B, 0x59, 0xC0, 0xBB, 0x05, 0x41, 0x26, 0xB6, 0x98, 0x4E, 0x0A, 0xF5, 0x08, 0x09, 0x21,
    0xB9, 0x83, 0xAE, 0xE5, 0x8C, 0x4A, 0x41, 0xA0, 0x15, 0xB2, 0x0A, 0x4A, 0x81, 0xCA, 0x45, 0x33,
    0xA9, 0x1E, 0xB2, 0xFC, 0x28, 0x92, 0xD1, 0x68, 0xE7, 0x2B, 0x40, 0x7B, 0x3A, 0x3A, 0x36, 0x95,
    0x60, 0x97, 0xF9, 0x2D, 0xD0, 0xFE, 0xC8, 0x94, 0xC5, 0x83, 0x33, 0x3F, 0x4C, 0xF1, 0xD8, 0xFC,
    0xF6, 0x22, 0x73, 0x62, 0x2A, 0xF7, 0x9F, 0x9B, 0xCA, 0x1E, 0x31, 0x4A, 0x15, 0x6F, 0xDD, 0x7E,
    0x8F, 0x83, 0xF7, 0xC3, 0xEB, 0x84, 0x02, 0x12, 0xD9, 0xD4, 0x7F, 0xD5, 0xD1, 0xD1, 0x49, 0xD8,
    0x84, 0x0B, 0x38, 0xA2, 0xBA, 0x93, 0x15, 0x40, 0xE8, 0xCA, 0xA1, 0x0F, 0xD7, 0x11, 0x61, 0x64,
    0x61, 0x16, 0xBD, 0xEA, 0x68, 0x10, 0xF6, 0x10, 0xC7, 0xF3, 0x5D, 0xD5, 0xBA, 0x59, 0x91, 0xD5,
    0xDD, 0x1B, 0xE8, 0x9D, 0x54, 0xE8, 0x6F, 0xB9, 0x15, 0xFB, 0x9B, 0x01, 0x8E, 0xCA, 0xD3, 0x14,
    0x76, 0xE8, 0x6C, 0x56, 0x62, 0x62, 0x10, 0x25, 0xEF, 0x88, 0x15, 0xC9, 0xF6, 0x22, 0xCB, 0x36,
    0x57, 0x2E, 0x15, 0x43, 0x06, 0x2E, 0x85, 0xC4, 0xCB, 0x54, 0xA4, 0x5A, 0x9E, 0x53, 0xFC, 0xE4,
    0xA5, 0x49, 0xA6, 0x6C, 0x09, 0xFD, 0xE7, 0x67, 0x58, 0xA8, 0x3E, 0x84, 0xF9, 0xFA, 0xF9, 0xE7,
    0xE3, 0xFB, 0x67, 0xD6, 0x11, 0x1E, 0xB3, 0x7F, 0xC3, 0x00, 0x14, 0x17, 0x16, 0x49, 0x03, 0x23,
    0x1D, 0x35, 0x6E, 0x80, 0xA2, 0xFF, 0xC7, 0x92, 0x2E, 0x42, 0xC0, 0xE6, 0x88, 0x5F, 0x19, 0x6F,
    0x09, 0xBE, 0x2C, 0xEB, 0xFC, 0xA4, 0x04, 0xBA, 0x3C, 0xCB, 0x81, 0xEF, 0xBB, 0x30, 0xBB, 0xFE,
    0xC8, 0x2F, 0xF5, 0x44, 0xFA, 0xB9, 0xDB, 0xE0, 0x5D, 0xF8, 0x27, 0x57, 0xDE, 0xCF, 0xED, 0x93,
    0x4C, 0x17, 0x6F, 0xB1, 0x2A, 0xBC, 0x87, 0x6E, 0xE4, 0x2B, 0xFB, 0x22, 0x33, 0x68, 0x8E, 0xBB,
    0x78, 0xAB, 0x10, 0x6F, 0x7F, 0x30, 0x8E, 0xB7, 0x7B, 0x91, 0x19, 0x94, 0xC0, 0xF6, 0x35, 0xF2,
    0xE2, 0xBD, 0x16, 0xE9, 0xEC, 0xE2, 0xDE, 0x31, 0x9E, 0x20, 0xFA, 0xC8, 0xED, 0x4D, 0x9C, 0x9E,
    0x94, 0x67, 0x5D, 0xD1, 0x6F, 0x1F, 0xC8, 0xCD, 0x55, 0x77, 0xCC, 0xE0, 0x02, 0x25, 0x74, 0xF1,
    0x09, 0x34, 0x0D, 0xC7, 0x9A, 0x50, 0xCD, 0x2C, 0xB1, 0x61, 0x54, 0x59, 0xAC, 0xA0, 0xE5, 0x14,
    0x48, 0xAA, 0xD6, 0x1A, 0x9A, 0xAA, 0xE7, 0x9A, 0x14, 0x34, 0xCD, 0xF6, 0x23, 0xEC, 0x0F, 0x9D,
    0x0A, 0x57, 0x9B, 0x8A, 0xDB, 0x05, 0xE5, 0xC4, 0xDA, 0xCE, 0xAC, 0x53, 0x56, 0x67, 0x08, 0x11,
    0xB5, 0x18, 0xDA, 0x6B, 0xB0, 0x06, 0x2C, 0x6C, 0x13, 0xD9, 0x62, 0x7F, 0x26, 0xFF, 0x03, 0x7C,
    0xC5, 0xB2, 0x17, 0x3B, 0xF9, 0xB8, 0xA4, 0xD1, 0xF5, 0x9B, 0x9F, 0x51, 0x7E, 0x50, 0x8A, 0x46,
    0x55, 0xAE, 0x98, 0xF7, 0xB6, 0x96, 0x5D, 0x9C, 0x3E, 0xA2, 0xEF, 0xA7, 0xA2, 0x2D, 0xB1, 0xF0,
    0x56, 0x36, 0x9B, 0x5B, 0x59, 0x3F, 0xFD, 0xE4, 0xD8, 0x01, 0x75, 0x46, 0x32, 0x14, 0x2A, 0x2F,
    0x8A, 0xAA, 0x89, 0xA3, 0x6E, 0x5C, 0x3F, 0xF3, 0x29, 0x0F, 0x75, 0xA3, 0x6D, 0x54, 0xAA, 0xD1,
    0xFF, 0x20, 0x69, 0xD8, 0x48, 0x29, 0x7A, 0x0A, 0xB3, 0x29, 0xFF, 0x83, 0x80, 0xF8, 0x26, 0x42,
    0x85, 0xEC, 0x05, 0xD9, 0x51, 0x0D, 0x2A, 0x4E, 0xA9, 0x30, 0xE2, 0x89, 0x0C, 0xCD, 0x68, 0xF1,
    0x91, 0x61, 0x16, 0x56, 0x65, 0x49, 0x86, 0x73, 0x52, 0x8F, 0xB6, 0xC0, 0xA2, 0x09, 0xFD, 0x89,
    0xA2, 0x6F, 0xB8, 0x8C, 0xBA, 0x4B, 0x36, 0x42, 0x95, 0x28, 0x75, 0xA2, 0xEC, 0xBB, 0xFD, 0x17,
    0x35, 0x61, 0x83, 0x38, 0x54, 0x47, 0x08, 0x48, 0x68, 0x6F, 0xA2, 0xFA, 0xC4, 0x44, 0x86, 0xC8,
    0x43, 0x7C, 0x26, 0xB7, 0xD1, 0x50, 0x2F, 0x20, 0xC3, 0x66, 0xE4, 0x35, 0x48, 0xB1, 0x17, 0x67,
    0x0E, 0xA4, 0x1F, 0xDF, 0x02, 0xBD, 0x59, 0x3D, 0x6C, 0xDD, 0xD6, 0x15, 0x3E, 0x8F, 0xB4, 0xC3,
    0xC6, 0x04, 0x7A, 0x33, 0xB8, 0x40, 0xD0, 0xC1, 0x5C, 0x53, 0x25, 0x10, 0x57, 0x03, 0x7D, 0xD6,
    0x65, 0xED, 0xB1, 0x43, 0x3C, 0x04, 0x5D, 0xBB, 0xB7, 0x83, 0x56, 0x0F, 0x82, 0xC9, 0x74, 0xED,
    0xA2, 0xAD, 0xA3, 0x35, 0x64, 0x08, 0x9E, 0x07, 0x2F, 0x1E, 0x04, 0x54, 0xD5, 0xA5, 0xAD, 0x21,
    0x83, 0x07, 0x13, 0x69, 0x8B, 0x0E, 0x1D, 0x4A, 0x34, 0x46, 0x53, 0xC4, 0x40, 0x4A, 0xC0, 0xB4,
    0x4B, 0xCB, 0x7C, 0xBC, 0xFD, 0xBE, 0x4B, 0xBE, 0xF7, 0x64, 0xD5, 0x56, 0x2C, 0xE9, 0x49, 0xC4,
    0xBB, 0x47, 0xE2, 0xDF, 0xBD, 0xDF, 0x39, 0xF7, 0xFC, 0x53, 0x84, 0x47, 0x64, 0xF3, 0x81, 0xB8,
    0x63, 0x34, 0x05, 0xF1, 0xED, 0x8C, 0x84, 0x26, 0x13, 0x51, 0x1A, 0x77, 0x55, 0x0C, 0xB2, 0x1A,
    0x95, 0x22, 0x63, 0x55, 0x89, 0x6C, 0xA8, 0x5A, 0xA4, 0x0E, 0x1A, 0x91, 0xFD, 0xBB, 0xAD, 0x8C,
    0xAC, 0x9D, 0x8A, 0x5F, 0x7A, 0x56, 0xFC, 0x5C, 0xAC, 0x84, 0x20, 0x89, 0xCA, 0xC4, 0xE4, 0xE9,
    0x5F, 0x46, 0xB6, 0xB6, 0x4D, 0x68, 0x5B, 0x71, 0x53, 0x56, 0x6E, 0xF0, 0xF0, 0xCC, 0x26, 0x96,
    0x6D, 0x44, 0xEF, 0x4D, 0x45, 0x7F, 0xDE, 0xC9, 0x7B, 0xA3, 0x0E, 0xAB, 0x77, 0x12, 0xD8, 0x4E,
    0xF4, 0x7E, 0x27, 0x06, 0xD7, 0x2C, 0xCE, 0xAD, 0x87, 0x71, 0xC3, 0x4A, 0xFA, 0xBD, 0xCD, 0xE2,
    0xC6, 0xE4, 0xA3, 0x64, 0x40, 0x2A, 0xAB, 0x1E, 0xC0, 0xA8, 0xBB, 0x80, 0x15, 0xDA, 0x6C, 0x40,
    0x7E, 0xF6, 0x3C, 0x28, 0xA9, 0x24, 0x7C, 0x4A, 0x3E, 0x0A, 0x11, 0x23, 0xA7, 0xE7, 0xE5, 0x2C,
    0xD1, 0x46, 0x5C, 0x60, 0x83, 0x10, 0xDB, 0x39, 0x71, 0xF2, 0x8F, 0xAB, 0x13, 0x63, 0xBE, 0x4E,
    0xA9, 0x03, 0x63, 0xC4, 0x69, 0x30, 0xBF, 0xC2, 0x7B, 0xC1, 0x4C, 0xF6, 0x9A, 0x42, 0x49, 0xDC,
    0x4A, 0xDC, 0x1D, 0x1E, 0xB1, 0xCD, 0x3C, 0x7B, 0xAF, 0x0E, 0x6B, 0xBF, 0x8D, 0x4A, 0xBF, 0xD1,
    0xB9, 0x57, 0x92, 0xBB, 0x14, 0xC3, 0x70, 0x64, 0xC3, 0x18, 0xCE, 0x79, 0x8F, 0xB3, 0x44, 0x95,
    0x7C, 0xA8, 0x5A, 0xD9, 0xF6, 0x2C, 0x00, 0xA7, 0xD4, 0xCF, 0x9B, 0x6E, 0xBA, 0xB0, 0x11, 0x55,
    0x8A, 0x4E, 0x7A, 0xB6, 0x46, 0x66, 0x53, 0xD9, 0x26, 0x7E, 0xD8, 0xA6, 0x59, 0x6B, 0x92, 0x06,
    0x02, 0x5C, 0xFC, 0x12, 0xCC, 0x7B, 0x41, 0xE7, 0x9F, 0x44, 0xB6, 0x0D, 0x30, 0xC7, 0x65, 0x3C,
    0x0E, 0x64, 0x3E, 0x04, 0x18, 0xB6, 0xFD, 0xDF, 0x61, 0xCA, 0xA5, 0x42, 0xBC, 0xE0, 0xB4, 0x02,
    0x8B, 0x03, 0xC2, 0xE5, 0x13, 0x40, 0xC4, 0xD1, 0x60, 0x37, 0xB5, 0x86, 0x64, 0x01, 0x33, 0xAC,
    0xCF, 0x42, 0x8A, 0x2A, 0x69, 0xFC, 0x6F, 0xCB, 0x11, 0xCE, 0xCD, 0xC9, 0x20, 0xCA, 0x35, 0x9F,
    0xB3, 0xDF, 0xC9, 0x68, 0x7C, 0x54, 0xDD, 0x76, 0xB8, 0x9E, 0xDA, 0x2E, 0x01, 0x58, 0x28, 0x96,
    0xDF, 0xFA, 0x1D, 0xAF, 0xDB, 0x0C, 0x44, 0xE7, 0x24, 0x05, 0x48, 0x5C, 0x92, 0x54, 0xFF, 0x4F,
    0x74, 0x39, 0x7B, 0x24, 0xE5, 0xC3, 0x36, 0x71, 0x13, 0x44, 0x9D, 0xA9, 0x31, 0x29, 0x0D, 0x3C,
    0xB0, 0x7B, 0x95, 0x78, 0xF6, 0x2B, 0x2C, 0xAC, 0x1F, 0x91, 0xBF, 0xC7, 0xE2, 0x18, 0xF5, 0x20,
    0x0D, 0x51, 0x16, 0xA2, 0xD0, 0xFF, 0x04, 0x47, 0x69, 0x46, 0xB6, 0x92, 0x94, 0x66, 0xE1, 0x88,
    0x7E, 0x9D, 0xA4, 0xBC, 0x0B, 0x19, 0xE9, 0x1C, 0xCF, 0x01, 0xE9, 0x13, 0x70, 0x10, 0xB5, 0xBD,
    0x60, 0xDE, 0x15, 0xBD, 0xB6, 0x55, 0x5C, 0x7D, 0xDC, 0x6D, 0x1D, 0x0B, 0x3D, 0x90, 0xDA, 0x7E,
    0x6B, 0x34, 0x8C, 0x73, 0xC5, 0xFC, 0x9B, 0xFF, 0x07, 0x53, 0x9D, 0x47, 0xD6, 0xE4, 0xFA, 0x81,
    0xCD, 0x4D, 0x66, 0x72, 0xE2, 0x23, 0xD0, 0xC5, 0x48, 0x73, 0xC2, 0xC5, 0xD5, 0x9C, 0x60, 0x1D,
    0xD6, 0x41, 0x6D, 0xC5, 0x58, 0x42, 0x1E, 0xE4, 0x8E, 0x0D, 0xB4, 0xB6, 0xC5, 0xDA, 0x3B, 0x18,
    0x1B, 0x18, 0x57, 0xB9, 0x29, 0xF3, 0x61, 0x6D, 0xEE, 0x77, 0x93, 0xEC, 0xB5, 0x6B, 0xAD, 0xBC,
    0x8F, 0xB1, 0x8A, 0xB1, 0x16, 0x75, 0x93, 0x0E, 0x73, 0x74, 0xBD, 0x9B, 0xAE, 0xE7, 0x6E, 0x9A,
    0x5A, 0x15, 0xE2, 0x3C, 0xFE, 0x1A, 0x6E, 0x22, 0xB3, 0x10, 0x9D, 0x85, 0x0C, 0x8D, 0x58, 0x6B,
    0x13, 0x3B, 0x99, 0x50, 0x45, 0x9C, 0xC1, 0xA7, 0xD9, 0x45, 0xB0, 0x1F, 0x61, 0x1F, 0xA6, 0xEE,
    0x7D, 0xB9, 0x28, 0xBD, 0xBD, 0x85, 0x98, 0x47, 0x35, 0xFD, 0xDF, 0xC1, 0x77, 0x2F, 0x0D, 0xEB,
    0x05, 0x4E, 0x86, 0x39, 0x29, 0x5F, 0x82, 0xB8, 0x20, 0xA7, 0xC6, 0xBC, 0x3C, 0x39, 0x06, 0x79,
    0xEF, 0x23, 0xD7, 0xA8, 0xA5, 0x1C, 0xAD, 0x73, 0x3C, 0x27, 0xC5, 0x16, 0x0E, 0xD3, 0xE9, 0x61,
    0xC4, 0xAD, 0xF3, 0x85, 0xEE, 0xA8, 0xE1, 0x8F, 0xD7, 0x6E, 0xE3, 0x7E, 0xDB, 0xCB, 0x79, 0xC9,
    0xFA, 0xA0, 0x32, 0xD8, 0xC3, 0x37, 0x95, 0xD0, 0x5F, 0xCC, 0x42, 0xDE, 0xE9, 0xF4, 0x82, 0xC7,
    0x18, 0x81, 0x4B, 0xE2, 0x7B, 0x0C, 0x74, 0x70, 0x32, 0xE2, 0xCD, 0xC3, 0x77, 0x04, 0x93, 0x1C,
    0xD9, 0xBB, 0x08, 0x45, 0x0D, 0xA6, 0x41, 0xE8, 0x33, 0x74, 0x65, 0xB7, 0x9C, 0x4F, 0x73, 0x0E,
    0xCF, 0x79, 0x38, 0xE7, 0xEE, 0x40, 0x2E, 0x4D, 0x60, 0x35, 0x91, 0x2D, 0x4D, 0xEE, 0xD1, 0x5E,
    0x46, 0x20, 0x05, 0x48, 0x54, 0x81, 0x84, 0x0D, 0x88, 0x67, 0xEF, 0x5A, 0xFA, 0x4F, 0xCA, 0xEA,
    0xB3, 0x7E, 0x85, 0x30, 0xB9, 0x2F, 0xC1, 0x77, 0x74, 0x26, 0x65, 0x8F, 0x52, 0x46, 0xD9, 0xC8,
    0xDC, 0xA9, 0x42, 0xDB, 0x55, 0xD1, 0x83, 0x36, 0xD3, 0x79, 0xE7, 0x98, 0xE2, 0x88, 0xF1, 0xBF,
    0xFA, 0x57, 0xEB, 0x0C, 0x22, 0xF8, 0x6B, 0x1F, 0x52, 0x39, 0x99, 0x02, 0xA3, 0x21, 0x84, 0xA8,
    0x27, 0x26, 0x9F, 0x8A, 0xCA, 0x5B, 0x8C, 0x4E, 0xE2, 0x2C, 0x7D, 0xDA, 0x41, 0x30, 0x8C, 0x7D,
    0x1F, 0x30, 0x33, 0xA0, 0x5F, 0xF4, 0xA7, 0x73, 0x0F, 0x79, 0xF3, 0x9C, 0x98, 0x7C, 0xA3, 0x65,
    0x9C, 0x05, 0x93, 0xE7, 0xB1, 0x61, 0x5F, 0x50, 0x90, 0x8C, 0x83, 0x3E, 0x75, 0x9B, 0x6A, 0x23,
    0xDE, 0x2C, 0x0B, 0xE4, 0x99, 0xCA, 0x7B, 0xC4, 0xFA, 0x6C, 0x98, 0x4C, 0xED, 0x43, 0x8B, 0xB7,
    0xED, 0xE7, 0x66, 0x5F, 0x5C, 0x08, 0x18, 0xA8, 0x81, 0xAE, 0x5B, 0xF9, 0x6D, 0x37, 0x39, 0x74,
    0x1D, 0xA6, 0x85, 0xB7, 0x60, 0x5C, 0xA6, 0x7C, 0xFD, 0xFA, 0x5B, 0x68, 0x64, 0x13, 0xF3, 0x72,
    0x58, 0xC5, 0x90, 0xCD, 0x75, 0x12, 0x17, 0xF8, 0x0D, 0xBD, 0xF0, 0x7A, 0xB7, 0x35, 0x9C, 0x86,
    0xCF, 0x61, 0x29, 0xE1, 0x2B, 0xCC, 0x1E, 0x76, 0xEB, 0x48, 0x43, 0x5B, 0xC8, 0x3A, 0x6C, 0x70,
    0x2B, 0xAC, 0x8F, 0x22, 0x71, 0x17, 0x4E, 0x31, 0x95, 0x0B, 0xD4, 0x88, 0x3D, 0x59, 0x4C, 0xAD,
    0xC0, 0x82, 0x45, 0xEC, 0xA2, 0xDB, 0x3B, 0xFE, 0x00, 0x33, 0x65, 0xCE, 0x2B, 0x70, 0x0A, 0xC6,
    0xF9, 0x85, 0xDF, 0x6C, 0x11, 0xAF, 0xE2, 0x2A, 0x6F, 0xF9, 0x35, 0x00, 0x8F, 0x95, 0xB3, 0x13,
    0xAE, 0xB5, 0x8D, 0x0C, 0x97, 0x7E, 0x34, 0x2C, 0x20, 0xD4, 0x6C, 0x04, 0xE6, 0x13, 0xFA, 0x37,
    0x84, 0x13, 0xD0, 0x3E, 0x98, 0xBC, 0x3B, 0x06, 0xAF, 0xA2, 0x0F, 0x85, 0xA7, 0xE4, 0x0F, 0x69,
    0x73, 0xC7, 0xF0, 0x34, 0x5F, 0xB1, 0xB7, 0xCC, 0x93, 0xE1, 0x3C, 0x8E, 0x1C, 0xF6, 0x90, 0x39,
    0xD8, 0xDF, 0x59, 0x66, 0x0B, 0xBB, 0x9C, 0xC1, 0x65, 0x1A, 0xD4, 0x84, 0x30, 0x03, 0x59, 0xA5,
    0x9F, 0xD8, 0xA0, 0xC7, 0xB0, 0xCE, 0x45, 0x03, 0x20, 0x72, 0x03, 0x5C, 0xD3, 0x28, 0x38, 0xDA,
    0x88, 0x0F, 0x63, 0x2B, 0xF1, 0x06, 0xF0, 0xB7, 0x70, 0xC7, 0x54, 0x9D, 0x1A, 0x69, 0x5D, 0x34,
    0x4B, 0xBF, 0x7E, 0x46, 0xF2, 0xA7, 0x79, 0xAE, 0xEF, 0x62, 0xC1, 0xA6, 0x38, 0xB5, 0xA2, 0x56,
    0x85, 0xAF, 0x8D, 0x95, 0x2F, 0xC3, 0x3A, 0x6D, 0xC3, 0x5A, 0x15, 0x61, 0x1D, 0xE3, 0x7C, 0x03,
    0x0A, 0x06, 0xB0, 0xAF, 0x5A, 0xA8, 0xFD, 0x14, 0x2A, 0x06, 0x7B, 0xAC, 0x6D, 0x1E, 0xD6, 0x1A,
    0xF7, 0xA3, 0x6A, 0xBD, 0x53, 0x53, 0x03, 0xE8, 0x7D, 0x89, 0xB5, 0xD5, 0x5B, 0x23, 0xB3, 0x40,
    0x20, 0x97, 0xF7, 0x86, 0xF5, 0x59, 0xA3, 0x44, 0x45, 0x6F, 0x8A, 0xDB, 0xB3, 0x8C, 0xB0, 0x60,
    0xF6, 0x2A, 0x87, 0x22, 0xCD, 0x51, 0x83, 0x51, 0xE8, 0xC7, 0x18, 0x57, 0x0E, 0x47, 0x22, 0x97,
    0xCF, 0x79, 0x8D, 0x5B, 0xD6, 0x71, 0xB5, 0x7E, 0x84, 0xD0, 0x8F, 0x54, 0xC7, 0xA5, 0x41, 0x12,
    0x8F, 0xA2, 0x28, 0xFB, 0x00, 0xAD, 0xA0, 0x93, 0x97, 0x4E, 0x01, 0xAC, 0x9F, 0x2E, 0x28, 0x9D,
    0xA6, 0x26, 0x9C, 0x0A, 0x50, 0x5B, 0x40, 0x6D, 0xFC, 0xD6, 0x43, 0x9A, 0xE9, 0xE7, 0x27, 0x85,
    0x6A, 0xEA, 0xDD, 0xF5, 0x1A, 0x7B, 0x5D, 0x87, 0xCF, 0xCB, 0x25, 0xC8, 0xEA, 0x23, 0xA8, 0x68,
    0xE3, 0x6A, 0x60, 0xDA, 0x51, 0xD0, 0xF6, 0xE9, 0xCD, 0xCF, 0x8F, 0x02, 0xD0, 0x48, 0xDC, 0x70,
    0xDA, 0xE0, 0xE0, 0xEF, 0x55, 0x1E, 0xD8, 0x0C, 0xAF, 0xC3, 0xA4, 0xD3, 0x46, 0xFE, 0x78, 0xE0,
    0x16, 0x9E, 0x8C, 0x67, 0x32, 0xE1, 0xC1, 0x35, 0x18, 0x5B, 0xE0, 0xB3, 0x79, 0x69, 0x3C, 0xAB,
    0x37, 0x50, 0xC1, 0x4E, 0xE3, 0x29, 0xE6, 0xA6, 0x4D, 0xE4, 0x3E, 0xB2, 0x1A, 0x90, 0x02, 0xE4,
    0x1F, 0x15, 0xC8, 0x23, 0x8A, 0x6C, 0xAF, 0x03, 0xC9, 0xED, 0x0D, 0x90, 0x74, 0x0F, 0x44, 0x7F,
    0x03, 0xA2, 0xFE, 0x0B, 0x12, 0xF0, 0x71, 0x8F, 0x44, 0x1C, 0x41, 0x2E, 0xFE, 0x04, 0x71, 0x22,
    0x9D, 0xBA, 0x98, 0x22, 0x32, 0x8B, 0x5F, 0x54, 0x7A, 0x8F, 0xF1, 0xA8, 0x57, 0x3C, 0x1C, 0x2B,
    0x5B, 0xBB, 0xB8, 0xF7, 0x0C, 0x02, 0x50, 0xD6, 0xCC, 0x5D, 0xB1, 0xFA, 0x21, 0x57, 0x7C, 0xC8,
    0x1F, 0x9F, 0x39, 0x7A, 0xE7, 0x0F, 0x6E, 0x93, 0xEC, 0x1C, 0xF4, 0x07, 0xCB, 0x41, 0x2F, 0x73,
    0xFD, 0xEF, 0x23, 0x33, 0x33, 0x5E, 0xE7, 0x0D, 0xA8, 0xB8, 0x33, 0x87, 0x80, 0xDC, 0x51, 0xFC,
    0x67, 0x4C, 0xFE, 0x5D, 0x8F, 0xC9, 0x24, 0xE7, 0xB3, 0x6F, 0x0D, 0x5B, 0x14, 0x2C, 0xA2, 0x5D,
    0x52, 0x3C, 0x2F, 0xA3, 0x97, 0xCA, 0x79, 0xF8, 0x0C, 0xBC, 0xA9, 0xAF, 0xC0, 0x5B, 0xCC, 0x65,
    0xC7, 0xD1, 0x8C, 0x69, 0xDA, 0x0B, 0xAB, 0x75, 0xBC, 0x86, 0xB4, 0x36, 0x2A, 0xFB, 0xD2, 0xD3,
    0x20, 0x1B, 0x61, 0x35, 0x47, 0xB8, 0x24, 0x05, 0x12, 0xA2, 0x19, 0xC9, 0x07, 0x92, 0xBB, 0x47,
    0xDC, 0xC3, 0xEE, 0x35, 0xC5, 0x09, 0xFC, 0x0E, 0x53, 0xC1, 0x13, 0x64, 0x07, 0x12, 0xC8, 0x5D,
    0x9D, 0x48, 0x8B, 0x08, 0x52, 0xC1, 0x58, 0x1E, 0x0E, 0x89, 0x98, 0xD9, 0x14, 0xB6, 0x7D, 0xE2,
    0x82, 0xF9, 0x4E, 0x9A, 0x99, 0x44, 0x1F, 0x2A, 0x25, 0xB1, 0x2E, 0xAE, 0xA5, 0x19, 0x97, 0x31,
    0x89, 0x7A, 0xD1, 0x01, 0xE5, 0xC1, 0x94, 0x9C, 0xA5, 0xAF, 0x6D, 0x80, 0x1C, 0x85, 0x03, 0x3B,
    0x0D, 0xB2, 0x13, 0x31, 0x50, 0x8D, 0x5D, 0xFD, 0x7B, 0xD5, 0x51, 0xA4, 0x72, 0x03, 0x9D, 0x32,
    0x99, 0x63, 0x19, 0x01, 0xDA, 0x31, 0xA7, 0x5B, 0xDC, 0xD5, 0x0B, 0x7A, 0xC9, 0xCD, 0x10, 0xA9,
    0xDA, 0x15, 0x16, 0xDD, 0x3D, 0x78, 0x03, 0xD6, 0x26, 0xF4, 0x9D, 0x37, 0xFB, 0x32, 0xE2, 0x63,
    0x78, 0x3B, 0xFB, 0x12, 0x17, 0x80, 0xBB, 0x4E, 0x13, 0x20, 0xAF, 0x1C, 0xCE, 0x22, 0x26, 0xE2,
    0xC2, 0x71, 0x63, 0x2D, 0xE9, 0xFE, 0x64, 0xD3, 0x0E, 0x1D, 0x26, 0x52, 0xF0, 0x51, 0x09, 0xF8,
    0x31, 0xB5, 0x9F, 0x47, 0x2F, 0x30, 0x27, 0xD0, 0x54, 0xCC, 0x4C, 0x2E, 0xCB, 0xA2, 0x49, 0x78,
    0xC8, 0x7C, 0xE7, 0x56, 0xCD, 0x9A, 0x1C, 0xDC, 0xA2, 0xD0, 0x6D, 0x03, 0x86, 0x72, 0x8F, 0xD5,
    0x3E, 0xBB, 0x69, 0x03, 0xE1, 0x29, 0x63, 0xFC, 0xF4, 0xD7, 0xAC, 0x85, 0xE9, 0xFF, 0xA6, 0x7D,
    0x20, 0x66, 0xAC, 0x56, 0x8C, 0xC6, 0x8A, 0xAF, 0xF9, 0xD3, 0xFE, 0x0D, 0x04, 0x62, 0x5B, 0x20,
    0x10, 0xC7, 0xD5, 0xAC, 0x49, 0xC5, 0x2E, 0x15, 0xDB, 0x54, 0x7D, 0x9F, 0x0A, 0x8A, 0xB7, 0xB9,
    0x4B, 0xBD, 0xCB, 0xD4, 0x2B, 0x84, 0xD4, 0x36, 0xCE, 0xC2, 0xF6, 0x8A, 0x7B, 0x2C, 0xAC, 0xDF,
    0x3C, 0xE2, 0x2E, 0x81, 0xAE, 0xCD, 0xF0, 0xD6, 0x8C, 0x2C, 0xB7, 0x6F, 0x0F, 0x75, 0x5F, 0xEF,
    0x07, 0xCF, 0x9E, 0x8F, 0x30, 0xDF, 0xE9, 0x6D, 0xD7, 0x3A, 0x71, 0x2F, 0x81, 0x0F, 0x64, 0x34,
    0x2C, 0xF4, 0xE8, 0x2E, 0xC2, 0xC1, 0xB3, 0x9B, 0x56, 0x82, 0x7D, 0x9B, 0x28, 0xE8, 0x64, 0x9C,
    0x45, 0xA0, 0xCA, 0xED, 0x71, 0x4C, 0x11, 0xDA, 0x4D, 0x09, 0xD8, 0xC8, 0x64, 0x26, 0x14, 0xBA,
    0xEA, 0xB3, 0x78, 0x1F, 0xF6, 0xA4, 0x21, 0x5C, 0x8C, 0x42, 0xE3, 0xF9, 0xF8, 0xB9, 0xC1, 0x33,
    0x78, 0xF8, 0x27, 0xF3, 0x38, 0x01, 0xB6, 0x10, 0x23, 0xC6, 0x7D, 0x67, 0x2B, 0x53, 0xB6, 0x8E,
    0x7F, 0xD1, 0x68, 0x69, 0x74, 0x96, 0xE8, 0x06, 0x1C, 0x16, 0x01, 0xC4, 0x65, 0xDA, 0x1F, 0xF9,
    0xED, 0x58, 0xDA, 0x35, 0x69, 0xF5, 0x1F, 0x6A, 0x05, 0x06, 0x3F, 0x5B, 0x2E, 0x1C, 0x3A, 0x03,
    0x66, 0x42, 0x64, 0x15, 0xA9, 0xA7, 0x98, 0xCA, 0x55, 0x40, 0xC7, 0x00, 0x74, 0xCB, 0x95, 0x70,
    0xF0, 0x2C, 0x2A, 0xF7, 0x68, 0x63, 0x7D, 0xBD, 0x53, 0xAE, 0x21, 0xB7, 0xA3, 0x75, 0xD1, 0xED,
    0x14, 0x67, 0x21, 0x42, 0x95, 0xD4, 0xC1, 0xB7, 0x25, 0x7B, 0x55, 0xF6, 0x64, 0x22, 0x7C, 0xAB,
    0xB6, 0xB2, 0x62, 0x12, 0x57, 0x35, 0x35, 0xAA, 0x52, 0x52, 0xCD, 0x49, 0xFF, 0xC8, 0xF1, 0x88,
    0xAB, 0x94, 0xA6, 0x09, 0x3B, 0xE1, 0xD4, 0xAE, 0x5D, 0x86, 0xB8, 0xAD, 0x5A, 0xEA, 0xD2, 0x87,
    0xDF, 0xDD, 0xCF, 0x8C, 0x2D, 0xA3, 0x97, 0xC9, 0x11, 0xE9, 0x0D, 0x9C, 0xC5, 0x08, 0x95, 0xD4,
    0xAC, 0x67, 0x14, 0xB2, 0xD4, 0x9A, 0xD7, 0xB4, 0xC6, 0x3E, 0xB0, 0xF5, 0xBA, 0xCD, 0x4C, 0x49,
    0x7D, 0x92, 0xE3, 0x13, 0x7F, 0x20, 0x91, 0xC0, 0x04, 0xAF, 0x41, 0xFC, 0x4F, 0x1B, 0xBA, 0xD7,
    0x72, 0xD1, 0x84, 0xE8, 0xDB, 0x77, 0x43, 0x29, 0xE5, 0x22, 0xD3, 0xCA, 0x96, 0xA4, 0x75, 0x8A,
    0xFA, 0xA6, 0x66, 0x50, 0x7A, 0x07, 0x02, 0x29, 0x62, 0xB5, 0x98, 0x96, 0xFD, 0x6A, 0x0A, 0x41,
    0xFC, 0xD9, 0xCE, 0x7A, 0x60, 0x97, 0x67, 0x9F, 0x13, 0x82, 0xDF, 0xB3, 0x45, 0xEB, 0xB3, 0x01,
    0xF9, 0x77, 0x76, 0x59, 0x3A, 0x39, 0x1F, 0x06, 0x9D, 0x07, 0x8E, 0xB8, 0x47, 0x63, 0x1A, 0xE2,
    0xD5, 0x4F, 0xD8, 0x33, 0xDE, 0x39, 0xA8, 0x0C, 0x4B, 0xE5, 0xD7, 0x1D, 0xAD, 0x01, 0xD3, 0x35,
    0x34, 0x2E, 0xF8, 0x9A, 0x4D, 0xC7, 0x1B, 0xF9, 0x39, 0xEE, 0xA5, 0xFA, 0x1B, 0xED, 0xF1, 0x53,
    0x2C, 0x79, 0x9B, 0x1F, 0x45, 0xEE, 0x8F, 0x97, 0xCF, 0x25, 0x32, 0x71, 0xF6, 0xF4, 0x32, 0xF3,
    0x84, 0x80, 0x12, 0xFF, 0x20, 0xB4, 0x63, 0x10, 0xE4, 0x48, 0x98, 0x94, 0x6D, 0x49, 0xB3, 0xDF,
    0xB2, 0x79, 0x53, 0x0E, 0x25, 0xE3, 0xA8, 0x9A, 0xB7, 0x58, 0x48, 0x3C, 0x3B, 0x74, 0x6E, 0x96,
    0xC5, 0xC2, 0x9B, 0x3E, 0x46, 0x99, 0xFE, 0x63, 0xD4, 0x62, 0x0F, 0x19, 0x21, 0x9C, 0xEE, 0xBA,
    0xCD, 0x0B, 0xF7, 0xAA, 0xFE, 0x9B, 0xDB, 0xFD, 0xC5, 0x7D, 0x9B, 0xAC, 0x8A, 0x6D, 0x60, 0x36,
    0x5A, 0xEE, 0x3D, 0x81, 0x17, 0x30, 0xF0, 0x8F, 0x28, 0x1F, 0x10, 0x91, 0x92, 0xB0, 0x45, 0x3A,
    0xA8, 0x5C, 0x24, 0xCB, 0x23, 0x70, 0xEA, 0xFF, 0xA7, 0x58, 0xC3, 0x9E, 0xF9, 0x8F, 0xAB, 0x6B,
    0x00, 0x11, 0x3C, 0xAE, 0xB0, 0xBA, 0x55, 0xBF, 0xAC, 0xA1, 0x87, 0xE6, 0x53, 0xBF, 0x61, 0x52,
    0x75, 0xC7, 0x6F, 0xB1, 0x84, 0xFE, 0xDE, 0x9B, 0x56, 0xAE, 0x86, 0xA1, 0x34, 0xE0, 0xB4, 0x18,
    0xF0, 0x30, 0x29, 0xFB, 0x56, 0x58, 0x82, 0x49, 0x44, 0x58, 0x21, 0xA9, 0x9A, 0xA3, 0xE8, 0x3B,
    0xAF, 0x91, 0xEB, 0x59, 0xAE, 0xC5, 0xCE, 0xE7, 0x05, 0xB3, 0x18, 0xB7, 0x32, 0x91, 0x64, 0x65,
    0x4B, 0xDB, 0xEB, 0x65, 0xDA, 0xA8, 0xC6, 0xAF, 0x54, 0xEE, 0x37, 0x41, 0x1D, 0x62, 0xC3, 0x54,
    0xA3, 0xC4, 0x43, 0xC0, 0xC5, 0x06, 0x4C, 0xAF, 0x4C, 0xAF, 0x88, 0x74, 0xE3, 0x0E, 0x8A, 0x62,
    0xAF, 0x1A, 0xD0, 0xF4, 0xBE, 0xDE, 0xA6, 0x5B, 0xA7, 0x63, 0xD7, 0x65, 0xEC, 0xDC, 0x3B, 0x3F,
    0xFE, 0x81, 0xBB, 0xFC, 0xB5, 0x1A, 0x88, 0x26, 0xAC, 0x23, 0x60, 0xD9, 0x9E, 0xA5, 0x33, 0xD6,
    0xDE, 0xB0, 0x85, 0xE9, 0xAE, 0x43, 0x06, 0x0D, 0x36, 0x16, 0x62, 0x18, 0x73, 0xB3, 0xB7, 0xB1,
    0x87, 0x4C, 0xF9, 0x2D, 0x3F, 0xC5, 0x99, 0x3D, 0x7E, 0x7B, 0x78, 0x94, 0x70, 0xC7, 0x39, 0xCB,
    0x74, 0x36, 0xDF, 0x9B, 0xC8, 0x7A, 0xC7, 0xDE, 0xA1, 0x1D, 0xC2, 0x8B, 0x2E, 0x5D, 0x49, 0x3B,
    0x82, 0xDC, 0xFC, 0x62, 0xD5, 0x5D, 0x9A, 0x7C, 0xB9, 0xF2, 0x85, 0x9D, 0xEA, 0x46, 0x57, 0x61,
    0xA1, 0xAA, 0x30, 0x83, 0x13, 0x4F, 0x82, 0x86, 0xA2, 0xBF, 0x82, 0x00, 0x3F, 0x26, 0x67, 0x98,
    0x00, 0xBB, 0x96, 0x56, 0x8B, 0x50, 0x45, 0x3E, 0x98, 0x96, 0xC7, 0x7D, 0x0B, 0x7B, 0x84, 0x95,
    0x52, 0xEC, 0xC1, 0x6D, 0xEE, 0xF8, 0x2A, 0xD3, 0x01, 0xCD, 0x27, 0x1C, 0xF9, 0xD0, 0x93, 0x73,
    0x61, 0x8D, 0xFE, 0x90, 0x5F, 0x02, 0x55, 0xD1, 0x47, 0xEC, 0x3E, 0xA5, 0xAA, 0x10, 0xA8, 0xAA,
    0x1D, 0xC4, 0xD0, 0x6D, 0xE8, 0xD3, 0x36, 0x8C, 0xE5, 0x03, 0x46, 0x5F, 0x7E, 0x35, 0xA4, 0x47,
    0x73, 0xE2, 0xC8, 0x9D, 0xA6, 0xD2, 0xC5, 0x72, 0x56, 0x60, 0xBB, 0x85, 0x1D, 0xDB, 0x4E, 0x0B,
    0x69, 0xEC, 0x77, 0x77, 0x1B, 0xA6, 0xD1, 0x7D, 0xB8, 0x1E, 0x3A, 0xF2, 0x51, 0xDE, 0x7F, 0x08,
    0xC0, 0xF1, 0xD3, 0xC9, 0x84, 0x09, 0xAD, 0xE8, 0x5F, 0x59, 0x19, 0xE3, 0xFE, 0x47, 0x8C, 0x64,
    0x71, 0xD9, 0x7F, 0xB3, 0xB3, 0x03, 0xA4, 0xD6, 0x4B, 0x54, 0x15, 0x64, 0x71, 0x11, 0x66, 0x4C,
    0xF1, 0x0C, 0xA3, 0xF7, 0x48, 0xFA, 0xA4, 0x32, 0xAA, 0xFA, 0xBF, 0x8B, 0xAF, 0x29, 0xCB, 0xC1,
    0x3B, 0x92, 0xC5, 0x77, 0x43, 0xFE, 0xBD, 0x78, 0x4A, 0xBC, 0x14, 0x6F, 0x15, 0x2F, 0xB2, 0x95,
    0xA8, 0x5C, 0xBA, 0x7C, 0x83, 0x62, 0x43, 0xBC, 0x17, 0x78, 0xC7, 0x0C, 0x78, 0x4E, 0x81, 0xF7,
    0x7F, 0x95, 0x8F, 0xB1, 0x4D, 0x04, 0x31, 0x10, 0x45, 0xDF, 0xEE, 0x21, 0x2D, 0xA7, 0x0D, 0x26,
    0x22, 0x21, 0xD9, 0x12, 0xB6, 0x01, 0xC0, 0xA6, 0x07, 0x0A, 0x20, 0x25, 0xA2, 0x05, 0x97, 0x70,
    0x19, 0x29, 0x21, 0x45, 0x20, 0x79, 0x4B, 0x70, 0x09, 0x2E, 0x61, 0x03, 0x23, 0x99, 0x93, 0xD1,
    0x30, 0x26, 0x20, 0x22, 0x61, 0x34, 0xFF, 0x05, 0xA3, 0xAF, 0xF9, 0x33, 0x60, 0x15, 0x1B, 0xD3,
    0x59, 0xBD, 0x6C, 0x6E, 0x5B, 0xC3, 0x62, 0x14, 0x5C, 0x82, 0xB5, 0x82, 0xE8, 0x89, 0x49, 0x1B,
    0xA8, 0x7A, 0x66, 0xDD, 0xCC, 0x9C, 0x8E, 0x2C, 0xD9, 0x21, 0x5D, 0xC9, 0x99, 0x7F, 0xFD, 0x88,
    0xE6, 0x31, 0xF3, 0x95, 0xED, 0xBA, 0x36, 0x39, 0xD3, 0xAD, 0xE9, 0xDD, 0xF4, 0x08, 0x43, 0x0C,
    0xA2, 0x65, 0xBD, 0xAF, 0x8E, 0xEA, 0x82, 0x77, 0x95, 0x45, 0xD3, 0xA4, 0xC5, 0x72, 0x2F, 0x0F,
    0xED, 0x86, 0x76, 0x47, 0x73, 0x2F, 0x45, 0x34, 0xF1, 0x00, 0x4F, 0x60, 0x71, 0x95, 0x61, 0x67,
    0x08, 0x44, 0x55, 0xB5, 0x6C, 0x43, 0x95, 0x5D, 0xD8, 0x7F, 0x81, 0xEC, 0xFC, 0x17, 0xC5, 0xF0,
    0xFC, 0xE5, 0x19, 0xB4, 0x3F, 0xF2, 0x53, 0xE3, 0xC9, 0x30, 0x65, 0xC3, 0xDC, 0x47, 0xD2, 0x67,
    0xC7, 0x8E, 0x57, 0x28, 0x1C, 0x0A, 0x72, 0x0E, 0x51, 0xF3, 0xF2, 0xE9, 0xE7, 0xC2, 0xDF, 0x5D,
    0xED, 0xF9, 0x3C, 0x6A, 0xE6, 0x02, 0xDE, 0xFA, 0xF1, 0x76, 0xF9, 0x98, 0x19, 0x03, 0xDF, 0x15,
    0x8C, 0xB1, 0x0D, 0xC2, 0x30, 0x14, 0x44, 0x4F, 0x31, 0x51, 0x8A, 0x08, 0xFD, 0x96, 0x2E, 0x3D,
    0x05, 0x9E, 0x20, 0x38, 0x1B, 0xB0, 0x10, 0x52, 0xBC, 0x09, 0xD9, 0x00, 0xCA, 0x14, 0x48, 0xF1,
    0x08, 0x91, 0x58, 0xC0, 0x23, 0x9C, 0x10, 0x55, 0x64, 0xF9, 0xE3, 0xDC, 0xBB, 0xE6, 0x35, 0x0F,
    0x18, 0x43, 0x17, 0x0D, 0x31, 0x03, 0x26, 0x09, 0xAD, 0xEF, 0x51, 0xD6, 0x24, 0x48, 0x86, 0xEB,
    0x86, 0xD9, 0x84, 0xA2, 0x76, 0xE5, 0xA8, 0xDC, 0x74, 0x9D, 0xEC, 0x00, 0xA8, 0x2E, 0x19, 0xA0,
    0xE4, 0xC5, 0xA5, 0x36, 0xD6, 0x70, 0x61, 0xA7, 0xC6, 0xA5, 0xF5, 0x4E, 0x42, 0xF9, 0xA9, 0x42,
    0x8D, 0x71, 0x25, 0xE3, 0x6B, 0xA3, 0xDB, 0x03, 0xA5, 0xF8, 0x4D, 0xF2, 0xA1, 0xBD, 0x85, 0x5E,
    0x76, 0xED, 0x4D, 0x94, 0x87, 0x6F, 0x14, 0x55, 0xC2, 0xF9, 0xFA, 0xFE, 0x4D, 0x07, 0x1C, 0x61,
    0x83, 0xA1, 0xE1, 0x33, 0xAA, 0xEF, 0x86, 0x3B, 0x52, 0x41, 0x69, 0xF9, 0x07, 0xCD, 0x5B, 0x5D,
    0x6C, 0x1C, 0xD7, 0x75, 0x3E, 0x33, 0x43, 0x73, 0x24, 0x0D, 0xC5, 0xD9, 0x07, 0x39, 0x91, 0x2D,
    0x8A, 0x43, 0x04, 0x42, 0xA3, 0x22, 0x14, 0x87, 0x85, 0xB6, 0xF0, 0x36, 0x5E, 0x71, 0x2E, 0x2C,
    0x20, 0x7E, 0x09, 0x5A, 0xB5, 0xB0, 0x02, 0x23, 0x41, 0x1A, 0x03, 0x31, 0x0C, 0x17, 0x29, 0x6A,
    0xA5, 0x26, 0x0A, 0x15, 0xA6, 0xB5, 0x23, 0x0B, 0x68, 0xDD, 0xB8, 0x48, 0x88, 0x02, 0x7D, 0x4B,
    0x5B, 0xC2, 0x70, 0xD1, 0xDA, 0x75, 0x4A, 0x3E, 0xA8, 0xB5, 0x12, 0x93, 0xDC, 0x81, 0x84, 0xD6,
    0x40, 0xE4, 0x40, 0x03, 0x38, 0x80, 0x03, 0x24, 0x81, 0xA6, 0xB1, 0x13, 0xC7, 0x56, 0x23, 0x8D,
    0xE3, 0x45, 0xB3, 0x92, 0x86, 0x3B, 0xFD, 0xCE, 0xB9, 0xB3, 0x2B, 0x52, 0xA2, 0xA4, 0x5D, 0xFE,
    0x48, 0xDE, 0x9F, 0xB9, 0x33, 0xBB, 0x77, 0xCE, 0x3D, 0xF7, 0xFC, 0x9F, 0x73, 0xEF, 0x10, 0xAD,
    0x78, 0x9D, 0xD4, 0x8D, 0xD5, 0xD0, 0xAD, 0x9B, 0xEA, 0xD6, 0x0B, 0x75, 0x3B, 0x4A, 0xF5, 0x5C,
    0x5E, 0xAD, 0x9A, 0x6E, 0x33, 0x5F, 0xB7, 0xCD, 0x0E, 0x04, 0xA7, 0x68, 0x9F, 0x52, 0x95, 0x20,
    0x62, 0x30, 0x46, 0x3D, 0x0F, 0xCB, 0xF5, 0x77, 0xF2, 0xF7, 0x0F, 0x7F, 0x11, 0x1D, 0xC3, 0x23,
    0xFF, 0x57, 0x40, 0x78, 0x98, 0x5E, 0x8F, 0x73, 0x8F, 0xCF, 0xD4, 0x20, 0xD5, 0xA2, 0x03, 0xF4,
    0xB5, 0xFC, 0x7D, 0xA2, 0x2D, 0x14, 0x5C, 0xC3, 0xE6, 0xBE, 0x6B, 0xA7, 0xC6, 0x74, 0x71, 0xE2,
    0xB6, 0x87, 0xF2, 0xB3, 0xE2, 0xA4, 0x5A, 0x2D, 0x4E, 0x2A, 0xA3, 0xD2, 0xDC, 0x13, 0x06, 0x7A,
    0x88, 0x3C, 0xF2, 0xDB, 0x27, 0xB6, 0x6E, 0xAF, 0xD0, 0x75, 0x2F, 0x23, 0xD1, 0xAD, 0xAD, 0x81,
    0x6D, 0xF3, 0x5A, 0xD2, 0x0E, 0x4F, 0x0C, 0x7F, 0xF7, 0x10, 0xFE, 0x5D, 0x3C, 0x39, 0x56, 0x4C,
    0x38, 0x2B, 0x60, 0x36, 0xFA, 0x5F, 0xC1, 0xEB, 0xE1, 0x5C, 0x13, 0xC4, 0xA0, 0xDB, 0xBC, 0xB6,
    0x5F, 0x77, 0x3D, 0xB1, 0xF2, 0xB2, 0x1A, 0xAC, 0xBC, 0x9E, 0x5A, 0x7E, 0x6D, 0x84, 0x74, 0xCA,
    0x5F, 0x76, 0x0D, 0x1C, 0x1B, 0xEE, 0xB2, 0x6B, 0x37, 0xBF, 0x90, 0xCF, 0x2E, 0xBB, 0xF6, 0x19,
    0xD5, 0xE5, 0xC0, 0x9D, 0xFC, 0x7C, 0x6B, 0xD9, 0x75, 0x85, 0xFE, 0x84, 0x1E, 0xA5, 0x97, 0x55,
    0xE7, 0x7F, 0x39, 0xE6, 0xED, 0xD7, 0x95, 0x9A, 0x5C, 0xD7, 0x3A, 0x3F, 0xE4, 0x42, 0x1B, 0xEF,
    0xDA, 0x75, 0xBA, 0x12, 0xD9, 0xFB, 0x93, 0xD5, 0x66, 0xAC, 0x29, 0x5A, 0x72, 0xF2, 0x77, 0x89,
    0x76, 0xA5, 0x9A, 0x6A, 0x61, 0x95, 0x19, 0x81, 0x1F, 0xE8, 0x13, 0xAF, 0xBC, 0x84, 0xE3, 0xC0,
    0xF3, 0x34, 0x3E, 0x9C, 0x51, 0x05, 0xBC, 0x1C, 0x75, 0x14, 0x6D, 0xB7, 0x21, 0x36, 0x16, 0xA4,
    0x8E, 0xBF, 0xC7, 0xEF, 0x39, 0x64, 0x44, 0x6E, 0x83, 0x12, 0x90, 0x62, 0xEE, 0x18, 0x51, 0x19,
    0x9C, 0xD9, 0xD7, 0xD4, 0xA2, 0xE8, 0x02, 0xB6, 0x1D, 0xA1, 0x53, 0xD8, 0x21, 0xFD, 0xB8, 0xA5,
    0x00, 0x07, 0x92, 0x39, 0x08, 0x62, 0xBB, 0x8A, 0x1C, 0xC0, 0xB2, 0x9C, 0x84, 0xAC, 0xBF, 0xFE,
    0xAF, 0x9E, 0xE0, 0xD0, 0xB8, 0x1C, 0x21, 0xB0, 0x66, 0x66, 0xA0, 0x9B, 0x93, 0x13, 0x77, 0xCE,
    0xC3, 0x79, 0xA2, 0xDD, 0x6E, 0x04, 0x5A, 0x8D, 0xDA, 0x31, 0x8E, 0x55, 0xEB, 0x6A, 0x93, 0x1E,
    0xC3, 0x74, 0x52, 0x2B, 0x05, 0x69, 0x42, 0x3F, 0xB5, 0x5B, 0x29, 0x05, 0x00, 0x9A, 0x52, 0x65,
    0x8E, 0xAC, 0x98, 0x68, 0x1E, 0xD2, 0x2C, 0x74, 0x04, 0xBC, 0x40, 0x34, 0xC3, 0xD5, 0xE2, 0x72,
    0xA8, 0x4D, 0xA3, 0x41, 0x42, 0x07, 0xFF, 0x0C, 0x0E, 0xC1, 0xDB, 0x7C, 0x76, 0x0E, 0x3C, 0xB1,
    0xBC, 0x0E, 0x4F, 0xA6, 0xF8, 0xC0, 0xC4, 0x36, 0x7E, 0x96, 0x4C, 0x91, 0x75, 0x26, 0xCB, 0xC9,
    0x7E, 0x61, 0x29, 0x27, 0xD7, 0x68, 0x1C, 0xC3, 0xBD, 0x23, 0x5B, 0x68, 0xE0, 0x3A, 0xA2, 0x0B,
    0x40, 0x0D, 0x51, 0x83, 0xD4, 0x30, 0x0B, 0xA0, 0x05, 0xA7, 0x05, 0xAC, 0xC0, 0x15, 0xC0, 0xAE,
    0x40, 0xF6, 0x63, 0x06, 0x1D, 0xC4, 0x0C, 0xDB, 0x8D, 0x18, 0xB8, 0xB9, 0x12, 0xFA, 0x16, 0x62,
    0x8D, 0x84, 0x6C, 0x0C, 0xC9, 0x65, 0x1F, 0x51, 0x5D, 0x19, 0x79, 0x64, 0xE5, 0x89, 0xF5, 0x5C,
    0x6A, 0x85, 0xA9, 0x95, 0x37, 0xA8, 0x75, 0xF4, 0x9E, 0x2F, 0x35, 0x6B, 0x79, 0xA3, 0x96, 0x27,
    0xC1, 0x4B, 0xD2, 0x0D, 0x9D, 0x0F, 0xC8, 0x07, 0x02, 0x3F, 0x06, 0x0A, 0x16, 0xB7, 0x5B, 0xCA,
    0x0D, 0x03, 0x7A, 0x96, 0x16, 0xA9, 0x8E, 0x16, 0xB0, 0x14, 0x25, 0x56, 0xEA, 0xC6, 0x9E, 0x9A,
    0x00, 0x92, 0x47, 0x99, 0x09, 0x8F, 0x8B, 0x11, 0x11, 0xB9, 0xF5, 0x73, 0x9E, 0x43, 0x30, 0xCB,
    0xF3, 0x39, 0x62, 0x45, 0xE4, 0xD1, 0x49, 0x2B, 0xDA, 0x95, 0x8B, 0x88, 0x66, 0x14, 0x88, 0x84,
    0x42, 0xB1, 0x2F, 0x17, 0x98, 0xE2, 0x1E, 0x2B, 0x8F, 0xC0, 0xB9, 0x84, 0x58, 0x4D, 0x78, 0xEA,
    0x9E, 0x72, 0x94, 0xFB, 0x6E, 0xAE, 0xD0, 0x8B, 0x0C, 0x20, 0x4A, 0x35, 0x40, 0x04, 0x47, 0xCC,
    0xF8, 0xCF, 0x94, 0x75, 0x22, 0x8F, 0xAD, 0xAF, 0x80, 0x8F, 0xB5, 0x5F, 0x34, 0xAC, 0x16, 0x55,
    0x2C, 0x30, 0xD0, 0x69, 0x9A, 0xA9, 0x0B, 0xB0, 0xA3, 0xB5, 0x3C, 0xC4, 0x85, 0x56, 0x3B, 0xF5,
    0x8F, 0xD1, 0x87, 0x51, 0x9D, 0x66, 0x80, 0xAC, 0x49, 0xBF, 0xAF, 0x7E, 0x15, 0xD6, 0xC3, 0x69,
    0x9C, 0xD3, 0x9E, 0xD6, 0x9F, 0xCE, 0xBE, 0x59, 0x1E, 0xF8, 0xBB, 0xA6, 0x9A, 0x1E, 0xA1, 0x07,
    0x1E, 0xFD, 0xA7, 0x9F, 0x7C, 0xF8, 0x66, 0xFD, 0xF3, 0x2F, 0x36, 0xD5, 0x0C, 0xDF, 0xB5, 0x37,
    0xCA, 0x73, 0x75, 0xEF, 0x56, 0x3E, 0xC3, 0x7B, 0x57, 0x32, 0x30, 0x5E, 0x8F, 0x35, 0x9A, 0x73,
    0x64, 0x88, 0xB4, 0xE8, 0x8F, 0x37, 0x03, 0x9B, 0xAB, 0xF2, 0x5C, 0xFE, 0xDC, 0x49, 0x03, 0xDB,
    0xCD, 0xAD, 0xA7, 0x68, 0x6B, 0xA6, 0x76, 0x4C, 0x4D, 0x1D, 0x85, 0xC9, 0xB3, 0x41, 0xA6, 0x11,
    0x4D, 0x38, 0xC5, 0x84, 0xAB, 0x0B, 0xE1, 0x34, 0x5F, 0x7C, 0x15, 0x44, 0xAE, 0x96, 0x5F, 0xD0,
    0xED, 0x08, 0x43, 0xE6, 0xCF, 0x29, 0xCC, 0x32, 0xA4, 0x00, 0x84, 0x88, 0xC8, 0x8C, 0x20, 0xE3,
    0xCA, 0x3A, 0x9D, 0x9A, 0xEF, 0x35, 0x09, 0xA2, 0x58, 0x13, 0xE5, 0x9C, 0x26, 0x48, 0xB8, 0x95,
    0xB1, 0xB5, 0xDF, 0x69, 0x52, 0xE0, 0xC6, 0xB5, 0x3F, 0x48, 0x3C, 0xD6, 0x07, 0x32, 0x97, 0x20,
    0xAB, 0xA0, 0x6C, 0xB8, 0xE0, 0x30, 0x7A, 0x20, 0x40, 0x1D, 0xA0, 0x12, 0x72, 0x52, 0x46, 0x9A,
    0xF1, 0x9E, 0x06, 0x0D, 0xC8, 0x89, 0x59, 0x8D, 0xF8, 0x0E, 0x66, 0xD0, 0x93, 0xB8, 0xAF, 0x25,
    0x1A, 0x43, 0xDE, 0x05, 0x91, 0x16, 0x11, 0x38, 0x20, 0x44, 0xC7, 0x30, 0x85, 0x60, 0x89, 0x39,
    0x89, 0x3E, 0x75, 0x66, 0x29, 0xEB, 0x17, 0x06, 0x80, 0xCA, 0x30, 0xAB, 0xF0, 0x97, 0x80, 0x38,
    0x45, 0xE0, 0x00, 0x00, 0xB8, 0x83, 0x2C, 0x2A, 0xDE, 0xBF, 0x25, 0x6E, 0x0E, 0xD3, 0x11, 0x7F,
    0xF6, 0x10, 0x6D, 0xFB, 0x1C, 0xEE, 0x67, 0x53, 0x0C, 0x7D, 0xB3, 0x9A, 0x56, 0xC3, 0xE2, 0x36,
    0x35, 0xE5, 0x6D, 0xC8, 0x9B, 0xF4, 0x3B, 0xD9, 0x8A, 0x91, 0x7F, 0x87, 0x02, 0x75, 0x8C, 0x4A,
    0xC2, 0xFD, 0x80, 0x82, 0x30, 0x00, 0xD1, 0xF8, 0xED, 0xCB, 0xDB, 0x93, 0xB7, 0x2B, 0xEF, 0x41,
    0x66, 0x0C, 0x54, 0x95, 0x7E, 0x48, 0x90, 0x46, 0x9E, 0xA9, 0xB6, 0x8B, 0x8B, 0x64, 0xE6, 0x21,
    0xC4, 0xC8, 0xB1, 0x13, 0xD7, 0x48, 0x5D, 0x82, 0x38, 0xA4, 0x76, 0x9E, 0x9A, 0xAD, 0x39, 0x32,
    0x53, 0x72, 0x63, 0x38, 0xB3, 0xA0, 0x45, 0xF6, 0xBB, 0xDD, 0x0C, 0x40, 0xFD, 0x10, 0xC0, 0x0A,
    0x79, 0xD1, 0x84, 0x62, 0x94, 0xFA, 0xC3, 0x6D, 0xE4, 0xC3, 0x1C, 0xD5, 0xD3, 0xDF, 0x35, 0x5A,
    0x73, 0xFE, 0x89, 0x94, 0x26, 0x20, 0xD4, 0x25, 0x87, 0xAD, 0xE5, 0xCF, 0xA9, 0x6C, 0xE5, 0xF1,
    0xB8, 0x99, 0xA7, 0x47, 0xE8, 0x33, 0xE9, 0x51, 0x8C, 0x35, 0x45, 0x7E, 0x04, 0x11, 0x57, 0x3E,
    0x44, 0xDD, 0x61, 0xF1, 0x78, 0xA4, 0xAB, 0x49, 0x15, 0x2F, 0x93, 0x0D, 0x8E, 0xC3, 0x2C, 0x75,
    0xA3, 0x72, 0x71, 0xB0, 0xA2, 0xA3, 0x2C, 0xF9, 0x53, 0x7C, 0x08, 0x42, 0xA3, 0x2E, 0xDE, 0x31,
    0x84, 0xB8, 0x2F, 0x61, 0xCE, 0x2D, 0xB5, 0xC2, 0x88, 0xB3, 0x38, 0xDA, 0x6C, 0x2A, 0x2C, 0x91,
    0x18, 0xFD, 0xE7, 0x96, 0x32, 0x4D, 0x64, 0x74, 0x60, 0x92, 0x15, 0x57, 0x66, 0xC7, 0x86, 0x14,
    0x5A, 0x62, 0x2F, 0xD1, 0x60, 0x9D, 0xAA, 0xBE, 0xAA, 0xB8, 0x6A, 0xCA, 0x01, 0x67, 0x99, 0xE7,
    0x6E, 0xA3, 0x6D, 0x40, 0xCA, 0xEC, 0xF7, 0x32, 0x60, 0x74, 0xA0, 0x02, 0x8C, 0xFA, 0x7A, 0xC1,
    0xC8, 0x10, 0x23, 0xC6, 0xC8, 0x6C, 0x63, 0x65, 0x9C, 0x58, 0x00, 0x94, 0x89, 0x5E, 0xA1, 0x30,
    0x10, 0xBF, 0xC5, 0xB6, 0xF8, 0xCA, 0x4B, 0x30, 0x1D, 0x8D, 0x11, 0x87, 0xC5, 0xEF, 0xCA, 0xB4,
    0x18, 0x0C, 0x4C, 0xCF, 0x01, 0xAD, 0x5C, 0x8A, 0x69, 0x08, 0x16, 0x60, 0xC8, 0x4C, 0x60, 0xA9,
    0x14, 0x0D, 0x33, 0xE5, 0x42, 0xDA, 0xE1, 0x20, 0xB4, 0xB1, 0x58, 0x3B, 0x6B, 0x4B, 0x9A, 0x30,
    0x5D, 0xC1, 0xD2, 0xD6, 0xAE, 0xFD, 0xBD, 0x19, 0xAC, 0xC2, 0xBA, 0xF0, 0x2C, 0xA4, 0x03, 0xAB,
    0xF2, 0x46, 0xC3, 0x77, 0x45, 0xE5, 0xFC, 0x10, 0x42, 0xC8, 0xE2, 0x00, 0x10, 0x46, 0x5A, 0x31,
    0xA0, 0x5B, 0x09, 0xF4, 0xCF, 0xD3, 0x4C, 0x07, 0x09, 0x97, 0x44, 0x15, 0x4A, 0xDD, 0xDD, 0x62,
    0x74, 0xFA, 0x28, 0xEE, 0x03, 0xEC, 0xC1, 0x21, 0x13, 0x4C, 0x92, 0x23, 0x44, 0xDA, 0x0F, 0x61,
    0x6E, 0x03, 0x88, 0x6D, 0xD2, 0xF6, 0x3E, 0x8B, 0x6D, 0xEF, 0xA3, 0x63, 0xA6, 0x9E, 0x6E, 0x6F,
    0xBF, 0x86, 0xB5, 0xFF, 0xE1, 0x08, 0xCA, 0xD4, 0x81, 0x93, 0x4B, 0x53, 0x1C, 0x1F, 0xF9, 0x4A,
    0xC2, 0xA2, 0xE0, 0xF8, 0x92, 0x03, 0x3D, 0x63, 0xE6, 0x63, 0x4A, 0x2E, 0x37, 0xE3, 0xD0, 0x9C,
    0xBF, 0x6A, 0xC1, 0x12, 0x59, 0xAC, 0x09, 0x93, 0xE2, 0xEF, 0x81, 0x88, 0x2F, 0x6E, 0x25, 0x2F,
    0x7C, 0x8C, 0x58, 0x79, 0x47, 0x1B, 0x60, 0x56, 0xB2, 0xE2, 0x35, 0xA2, 0x1B, 0xED, 0x03, 0xCC,
    0xD7, 0x75, 0x6C, 0x7B, 0x5E, 0xFC, 0xB8, 0x73, 0x6E, 0x65, 0xF0, 0x77, 0x87, 0x31, 0xB3, 0x34,
    0x4E, 0x9E, 0x8E, 0xF5, 0xEA, 0xB0, 0xA3, 0x64, 0x9A, 0x4D, 0x89, 0x6B, 0xEC, 0x18, 0x46, 0x8A,
    0x7C, 0x57, 0x9C, 0x0B, 0x48, 0xB8, 0x2B, 0xD1, 0xC3, 0x46, 0x32, 0x6C, 0x8B, 0x87, 0xBD, 0x04,
    0x78, 0x6B, 0x1A, 0xB6, 0x78, 0x95, 0x75, 0x53, 0x88, 0xD8, 0xBC, 0x6E, 0x4A, 0x2B, 0xBA, 0xDC,
    0x0D, 0x04, 0x25, 0xF4, 0x5F, 0x90, 0x80, 0xB6, 0x73, 0x26, 0xC8, 0x3D, 0xCB, 0x87, 0x03, 0x72,
    0x80, 0x77, 0xA3, 0x31, 0x8E, 0xC5, 0xC6, 0x02, 0x8E, 0x11, 0x96, 0x9C, 0x06, 0xBB, 0xB1, 0x26,
    0x2B, 0xCF, 0xD1, 0xCF, 0x3E, 0x05, 0x27, 0xC7, 0x21, 0x45, 0xEC, 0x48, 0x14, 0x5D, 0xE7, 0x70,
    0xB5, 0x00, 0x8A, 0x81, 0x72, 0xCE, 0x88, 0x16, 0x18, 0xF7, 0x79, 0x36, 0x86, 0xEB, 0x00, 0x6A,
    0x43, 0xAA, 0xBD, 0x25, 0x9E, 0x0D, 0xDC, 0x9E, 0xA1, 0xE3, 0xB1, 0x26, 0xFC, 0x76, 0x0B, 0x3E,
    0xB6, 0x06, 0x65, 0xF7, 0x10, 0xF4, 0xB0, 0xED, 0xF4, 0x94, 0x76, 0xA3, 0xE5, 0x22, 0x36, 0x2D,
    0x17, 0x6E, 0xD5, 0xFF, 0xF9, 0x6C, 0x0C, 0x52, 0x29, 0x8B, 0xC9, 0x70, 0xBF, 0x36, 0xCC, 0x4C,
    0xA5, 0x76, 0x4C, 0xDB, 0x96, 0xCA, 0x8D, 0x1F, 0x87, 0x99, 0x6C, 0x56, 0x11, 0x52, 0xD8, 0x87,
    0x10, 0xE0, 0x1A, 0x36, 0xF3, 0xB5, 0x06, 0x96, 0x98, 0xCC, 0x09, 0xE1, 0xB9, 0x38, 0x0B, 0x8B,
    0xB9, 0x64, 0xF2, 0x9F, 0x1C, 0x36, 0x8C, 0x93, 0x91, 0x31, 0xDC, 0x2A, 0x98, 0x09, 0xDF, 0x7E,
    0x8C, 0x8C, 0x05, 0x8E, 0xDC, 0x32, 0xE6, 0x3A, 0x9C, 0x87, 0x66, 0x29, 0xC7, 0x29, 0x24, 0x51,
    0xF3, 0x46, 0x02, 0x6D, 0xEB, 0xA8, 0xC1, 0x01, 0xB1, 0x75, 0x95, 0x69, 0x73, 0xB1, 0xC3, 0x37,
    0x71, 0x61, 0xFD, 0xA0, 0x9B, 0x8F, 0xC0, 0xA1, 0x9E, 0x7A, 0xF0, 0xC8, 0xC1, 0xC1, 0x94, 0x9E,
    0x3E, 0xD3, 0x9B, 0x47, 0x06, 0x4C, 0x84, 0x7B, 0x1C, 0x29, 0xFA, 0xD9, 0x8E, 0x23, 0xB5, 0x57,
    0x9F, 0x6D, 0x66, 0x34, 0x35, 0x97, 0x52, 0x09, 0x33, 0xEA, 0x33, 0x2F, 0xAB, 0xED, 0x94, 0x37,
    0x06, 0xA8, 0x9E, 0x0D, 0xD1, 0xB6, 0x0C, 0x66, 0x62, 0xDE, 0x03, 0xFA, 0xAE, 0x96, 0x07, 0x4C,
    0x07, 0xE4, 0xBF, 0x57, 0xC3, 0x30, 0x01, 0xC3, 0x89, 0xFC, 0x6C, 0xD7, 0x1C, 0x60, 0x64, 0x80,
    0x71, 0x24, 0x15, 0xAA, 0x74, 0x0F, 0xA3, 0xD6, 0xAC, 0x35, 0x83, 0x4E, 0x1A, 0xBE, 0x9B, 0x0F,
    0x41, 0x27, 0xE3, 0xEC, 0xEB, 0x10, 0x24, 0x60, 0x4E, 0x32, 0xF2, 0x06, 0xA7, 0x73, 0xD6, 0xE9,
    0x06, 0x4B, 0x4F, 0x36, 0x0E, 0x7D, 0x9B, 0x87, 0xD2, 0xE5, 0xD9, 0x49, 0xFC, 0xFB, 0x2A, 0xDB,
    0xEA, 0x51, 0xF4, 0xFC, 0x92, 0x64, 0xBD, 0x19, 0x5B, 0xAC, 0xC4, 0xCC, 0xF3, 0x5F, 0x16, 0xB1,
    0x05, 0xC2, 0x0C, 0xF7, 0x12, 0x52, 0xAD, 0x6F, 0x5E, 0x93, 0x36, 0x63, 0x89, 0x79, 0x07, 0x89,
    0x02, 0x8B, 0x06, 0x5D, 0xED, 0x4B, 0xF7, 0x99, 0x69, 0xC9, 0xCB, 0xD3, 0x32, 0x22, 0xA8, 0x71,
    0xBB, 0x09, 0x32, 0x12, 0xC8, 0x68, 0x25, 0x05, 0x19, 0x69, 0x25, 0x19, 0x59, 0x02, 0xD8, 0xE0,
    0xB3, 0x95, 0xE0, 0x16, 0x21, 0x26, 0xD9, 0x31, 0x0D, 0x82, 0xFB, 0x65, 0x7C, 0x27, 0xA0, 0x7A,
    0x36, 0x62, 0xBD, 0x7D, 0x22, 0xC7, 0xFC, 0x9D, 0xBB, 0x97, 0xD8, 0x29, 0x71, 0x9C, 0xC8, 0x9E,
    0x89, 0x45, 0x63, 0xB8, 0x98, 0x73, 0xAD, 0xF8, 0x06, 0xCB, 0xBE, 0x7E, 0xF1, 0xE5, 0xAC, 0xC0,
    0x55, 0xC5, 0x37, 0x64, 0x87, 0x5A, 0x42, 0x90, 0x5D, 0xC6, 0xFC, 0x99, 0x06, 0x6C, 0x77, 0x26,
    0x71, 0x0D, 0x1C, 0xC5, 0xDC, 0xB0, 0xAD, 0xE9, 0xE0, 0x38, 0xC3, 0x31, 0x33, 0x07, 0xA9, 0xF5,
    0x70, 0x08, 0x53, 0xB4, 0x1A, 0xFD, 0x79, 0x13, 0x91, 0x2C, 0x92, 0x9E, 0xCB, 0x82, 0x52, 0x43,
    0x62, 0xEF, 0x79, 0x71, 0x75, 0x53, 0x62, 0x23, 0x2A, 0xCB, 0x92, 0x71, 0x89, 0x2D, 0xB5, 0x1B,
    0xEC, 0x33, 0xB5, 0x9B, 0x15, 0xB3, 0x16, 0xB0, 0x67, 0x00, 0x02, 0x2E, 0x10, 0x70, 0x0A, 0x04,
    0x2C, 0x46, 0x40, 0xDD, 0x80, 0x00, 0x3B, 0x49, 0x0E, 0xDB, 0x2D, 0x21, 0x74, 0x8C, 0x84, 0x3F,
    0xA5, 0x2A, 0x72, 0xDA, 0xCA, 0xE8, 0x3C, 0x1D, 0xA8, 0x1E, 0x80, 0x08, 0x0E, 0x83, 0x10, 0x17,
    0x91, 0x96, 0x66, 0x56, 0xD3, 0xEB, 0xC8, 0x42, 0xD7, 0x21, 0x6D, 0x5B, 0x21, 0x60, 0xA8, 0x10,
    0xEC, 0xE3, 0x6F, 0x8B, 0x45, 0x24, 0x92, 0x9A, 0x4E, 0xF7, 0x0A, 0xB1, 0x01, 0x30, 0x4E, 0x28,
    0xB2, 0x2E, 0x21, 0x2E, 0x78, 0x5B, 0x15, 0xA1, 0xA7, 0x19, 0xFB, 0xE1, 0xE5, 0x99, 0xAF, 0x44,
    0x0B, 0x7C, 0x19, 0x5A, 0xC9, 0x27, 0x67, 0xAE, 0xA6, 0xBE, 0xDA, 0xC2, 0x66, 0x2E, 0x5A, 0x0C,
    0x67, 0xC3, 0x46, 0x11, 0xB5, 0xFA, 0x61, 0x13, 0x3D, 0x38, 0xEC, 0xF6, 0x43, 0x37, 0x9A, 0xA2,
    0x99, 0x65, 0xBF, 0x92, 0xDA, 0x16, 0xFD, 0x20, 0xCA, 0xC3, 0xC7, 0x68, 0x4F, 0xF6, 0xE6, 0x7C,
    0x91, 0x58, 0x14, 0x49, 0x43, 0x38, 0x01, 0xEB, 0xB6, 0xFC, 0x9C, 0xCA, 0x95, 0x4A, 0x65, 0xEF,
    0x9E, 0x92, 0x19, 0xBB, 0x48, 0x28, 0x1E, 0x80, 0x38, 0xB0, 0x0A, 0x1D, 0x19, 0x19, 0x8F, 0x83,
    0x68, 0x1B, 0x8B, 0x54, 0xBA, 0x83, 0xA6, 0xA3, 0xFF, 0x44, 0x2E, 0xE6, 0x21, 0x13, 0xDB, 0x09,
    0x9B, 0x52, 0xA7, 0x1F, 0x2B, 0x04, 0x61, 0x8B, 0x79, 0x6B, 0x2F, 0xD7, 0xB0, 0x1E, 0x84, 0x55,
    0x72, 0xA6, 0x91, 0x2E, 0xD1, 0x68, 0x79, 0x77, 0xEA, 0x84, 0x95, 0x04, 0xE7, 0xD3, 0xC8, 0x5D,
    0x4A, 0x56, 0x23, 0x48, 0x3F, 0x21, 0xD2, 0xE7, 0xA5, 0x01, 0x72, 0x5F, 0x96, 0xFC, 0x01, 0x09,
    0xE8, 0x83, 0xD0, 0x8F, 0xDC, 0xC8, 0x89, 0xED, 0xC4, 0x4A, 0x74, 0x8E, 0x63, 0x24, 0x78, 0xC7,
    0x03, 0x34, 0x13, 0x50, 0x12, 0x18, 0x49, 0x70, 0x21, 0xF6, 0xF3, 0xC8, 0xCD, 0x15, 0x12, 0x27,
    0xD8, 0x77, 0xE8, 0x05, 0xA8, 0x6B, 0xEA, 0x4F, 0xC2, 0x95, 0x17, 0xC4, 0xED, 0x03, 0xFD, 0x43,
    0x81, 0x83, 0xCF, 0x68, 0x70, 0x29, 0xF3, 0x59, 0x77, 0x53, 0x8E, 0xD0, 0x57, 0x76, 0x36, 0xDA,
    0x9D, 0x61, 0x44, 0x71, 0x09, 0x8B, 0xEA, 0xC5, 0xAC, 0x25, 0x10, 0xD2, 0x1A, 0xC2, 0x47, 0x5C,
    0xA6, 0x1C, 0x94, 0xC1, 0xAD, 0xB8, 0xA2, 0x29, 0xD0, 0x6A, 0x27, 0x0F, 0xCD, 0x96, 0xAE, 0xEF,
    0xD8, 0x4D, 0x37, 0xF3, 0x5B, 0x55, 0x7F, 0xD2, 0x9D, 0x73, 0x53, 0x98, 0xA2, 0xCB, 0x8B, 0x79,
    0x56, 0x6B, 0xFA, 0xEC, 0x8E, 0x27, 0x5E, 0x81, 0xD4, 0x86, 0xB5, 0x5C, 0xED, 0x82, 0x88, 0x22,
    0xB4, 0x75, 0xF4, 0x27, 0xE4, 0x40, 0x12, 0xCE, 0x09, 0x0A, 0x0D, 0x1C, 0x2C, 0xC1, 0x96, 0xC2,
    0x3D, 0xB4, 0x63, 0x9E, 0xAA, 0x2D, 0x0A, 0xEA, 0xB4, 0x10, 0xA8, 0xCC, 0x0F, 0x1B, 0xEE, 0xE9,
    0xD4, 0x79, 0x2B, 0xB1, 0x3E, 0x8A, 0xCC, 0x8F, 0x22, 0xBA, 0xAA, 0xD8, 0x95, 0x1F, 0x13, 0x7B,
    0xBD, 0x47, 0xEA, 0x10, 0x3A, 0x90, 0xC4, 0x8F, 0xB9, 0x32, 0xCF, 0x47, 0xD6, 0xD9, 0xC8, 0x7E,
    0x23, 0x71, 0x4F, 0xA4, 0xDE, 0x43, 0x59, 0x40, 0x4B, 0xC7, 0x08, 0xF1, 0x7E, 0xAD, 0x4A, 0x13,
    0x3B, 0x68, 0xC8, 0x10, 0x77, 0x18, 0xA4, 0x54, 0x6F, 0x52, 0x9A, 0x11, 0x84, 0x0C, 0xD2, 0x55,
    0xCF, 0xA4, 0x64, 0x58, 0x15, 0x93, 0x18, 0x74, 0xC2, 0x4F, 0x81, 0xDC, 0x2E, 0xA2, 0xF8, 0x67,
    0xA2, 0xE0, 0xED, 0xC8, 0x3F, 0xA7, 0xB8, 0x70, 0x52, 0x15, 0x6D, 0x4D, 0xB9, 0x58, 0x62, 0x9D,
    0xC9, 0xEC, 0x17, 0x32, 0xD7, 0x68, 0x0C, 0xD2, 0x88, 0xAE, 0x8E, 0x58, 0xB0, 0x50, 0x0E, 0x38,
    0x04, 0x8F, 0x8A, 0xA3, 0x1D, 0x7B, 0x51, 0x8D, 0x1E, 0x87, 0x21, 0x77, 0x93, 0x20, 0x3C, 0x06,
    0x23, 0x80, 0x84, 0x14, 0xEE, 0xB6, 0x8E, 0x81, 0x74, 0x09, 0x70, 0x86, 0x21, 0x7D, 0xAD, 0x35,
    0xED, 0xE7, 0x21, 0xD2, 0x25, 0x1B, 0xC2, 0xFE, 0xEF, 0xB4, 0xC5, 0x5C, 0x7F, 0xBE, 0xB6, 0x5E,
    0xC3, 0x5B, 0xC8, 0x39, 0x46, 0x4B, 0xC7, 0xC6, 0xEB, 0xE9, 0xE7, 0x24, 0xC0, 0xB5, 0x21, 0x86,
    0x6E, 0xE2, 0xC6, 0x2E, 0xB7, 0x91, 0x23, 0x6F, 0x5B, 0xDE, 0x96, 0x7E, 0x87, 0xAC, 0x84, 0x0E,
    0x32, 0xC4, 0x5A, 0xFA, 0x85, 0x2E, 0x7A, 0x77, 0x01, 0x4F, 0xD4, 0xDA, 0x29, 0x69, 0x88, 0xB7,
    0xA8, 0x07, 0x78, 0x1D, 0xC7, 0x16, 0x84, 0xE2, 0xCE, 0x20, 0x4A, 0x01, 0xB9, 0x19, 0xE7, 0xC3,
    0x7C, 0xA8, 0x8E, 0x42, 0x57, 0xCB, 0x6C, 0xEB, 0x83, 0xD9, 0x90, 0x8D, 0x78, 0xE4, 0x11, 0xA8,
    0xE6, 0xD1, 0xFB, 0x4A, 0xDF, 0xEB, 0xAE, 0x3C, 0x74, 0x52, 0x66, 0x09, 0xE9, 0x4C, 0x09, 0x1E,
    0x2D, 0xA9, 0x3B, 0x39, 0x0F, 0xB7, 0x3B, 0x2D, 0x92, 0x7B, 0x21, 0x85, 0x0D, 0x85, 0xD1, 0xB4,
    0xB8, 0xA6, 0x9C, 0xC2, 0x92, 0x8E, 0x4D, 0x93, 0xCB, 0xF5, 0x10, 0x74, 0x90, 0xA3, 0x14, 0x47,
    0x6D, 0x39, 0xB2, 0x61, 0xE5, 0x46, 0x2A, 0x6D, 0x6E, 0x2C, 0x21, 0xB0, 0xE0, 0x2A, 0xFA, 0x23,
    0x76, 0xB6, 0xED, 0x91, 0x75, 0x29, 0x47, 0x17, 0x5E, 0x3D, 0xC1, 0x61, 0x9F, 0xE0, 0x70, 0x54,
    0x70, 0x28, 0x6D, 0x32, 0x0E, 0x24, 0x95, 0x17, 0x6A, 0x87, 0x57, 0x0C, 0x41, 0x37, 0x52, 0xBB,
    0x08, 0xA5, 0x62, 0xE7, 0x27, 0xA0, 0x3E, 0x1B, 0x73, 0x86, 0xCE, 0x41, 0x52, 0x2E, 0x3A, 0x0C,
    0x4E, 0xE8, 0x10, 0xBD, 0x5D, 0xF0, 0x67, 0xDB, 0xCE, 0xE2, 0x64, 0x49, 0x58, 0xCE, 0x16, 0x5E,
    0x4A, 0x40, 0x9F, 0xE1, 0xE6, 0xA8, 0xC6, 0x83, 0xE5, 0x4F, 0xC2, 0x78, 0x21, 0x2F, 0x4B, 0xE1,
    0x8D, 0x61, 0xFC, 0x3D, 0x1D, 0x9E, 0x38, 0x32, 0x99, 0x27, 0xA1, 0x18, 0x41, 0x03, 0x8A, 0xD1,
    0x1F, 0xF6, 0x52, 0x36, 0xD0, 0x42, 0x4C, 0x3A, 0x5F, 0xD6, 0x97, 0x56, 0x04, 0x50, 0x56, 0xC4,
    0x3A, 0xA6, 0x7A, 0xAF, 0x89, 0xAC, 0xA3, 0x9E, 0xC2, 0x27, 0x66, 0xD2, 0xAE, 0x63, 0x50, 0xD8,
    0x29, 0xEE, 0xA6, 0xD7, 0x2A, 0x2B, 0xEB, 0x2C, 0x93, 0x58, 0x7C, 0xAF, 0x35, 0xA7, 0x6B, 0x7B,
    0x45, 0xA4, 0x3E, 0xCA, 0xD9, 0x4F, 0xC0, 0x34, 0x1E, 0x4B, 0xEE, 0xD2, 0xCC, 0x59, 0xC6, 0x07,
    0x39, 0xDA, 0xF6, 0x39, 0x1D, 0x1B, 0xFC, 0x65, 0x47, 0x20, 0x55, 0xFB, 0xB0, 0x8F, 0x2F, 0x47,
    0xD9, 0x4B, 0x6F, 0x9B, 0xC4, 0x40, 0xEE, 0xE4, 0x1A, 0x4B, 0x56, 0xEB, 0x40, 0x92, 0x69, 0xE5,
    0x72, 0x54, 0xE6, 0x0A, 0x11, 0xBF, 0xCC, 0x92, 0xF3, 0xBF, 0x6D, 0xA1, 0x31, 0x8B, 0xEA, 0xCC,
    0x80, 0xD2, 0x5A, 0xC4, 0xEB, 0x60, 0x7D, 0x9B, 0x50, 0x05, 0x72, 0x8B, 0x2F, 0x0F, 0x6A, 0x87,
    0x1A, 0xC0, 0x06, 0x57, 0x83, 0xBA, 0x82, 0xB5, 0x65, 0x94, 0x86, 0xFC, 0x45, 0x1A, 0xF2, 0xD0,
    0xF6, 0xAD, 0x15, 0x16, 0x1C, 0xFE, 0x73, 0xC8, 0x84, 0x21, 0xEE, 0x43, 0x90, 0xF6, 0x21, 0x08,
    0xFB, 0x10, 0x64, 0x7D, 0x18, 0x0C, 0x5F, 0x75, 0xFE, 0xA6, 0x1E, 0x84, 0x3E, 0x09, 0xF9, 0x5D,
    0x80, 0xBC, 0x4E, 0xCD, 0x09, 0x53, 0xEE, 0xEC, 0xDC, 0xA1, 0x6E, 0xEE, 0x84, 0x9E, 0x3B, 0xE4,
    0xF4, 0x56, 0xF8, 0xDE, 0x1E, 0x56, 0x89, 0x5C, 0x67, 0x8A, 0x86, 0x9C, 0x32, 0x9C, 0xF1, 0x97,
    0x69, 0xC8, 0xFE, 0x15, 0x0D, 0x1B, 0x37, 0xE1, 0x3D, 0xE6, 0x00, 0xE9, 0x42, 0x56, 0xFA, 0x1E,
    0xF2, 0x6C, 0xA9, 0xA4, 0x77, 0x59, 0xB3, 0xBB, 0x75, 0x1F, 0x18, 0xD8, 0xEF, 0x0B, 0xD8, 0x3D,
    0x5D, 0x03, 0x14, 0x6B, 0x8D, 0xAC, 0x9A, 0xB3, 0x98, 0xD2, 0x3A, 0x10, 0xBB, 0x0E, 0x0E, 0xE8,
    0xF5, 0x30, 0xD9, 0xE7, 0x23, 0xFB, 0x6C, 0x2F, 0x15, 0xC9, 0x2E, 0xFA, 0x20, 0x09, 0x75, 0x2F,
    0x91, 0xFB, 0x4D, 0x51, 0x99, 0x11, 0x4E, 0xBB, 0x8C, 0xD7, 0x65, 0xA0, 0x37, 0x54, 0xB7, 0x03,
    0x19, 0x64, 0x7D, 0x4B, 0x39, 0x97, 0x42, 0xEB, 0x7B, 0xBD, 0x54, 0x3F, 0xFB, 0xC8, 0xBA, 0x48,
    0xD6, 0xDF, 0x12, 0x9D, 0x25, 0xF3, 0x52, 0xDB, 0x7E, 0xDF, 0xF6, 0x2E, 0x98, 0x65, 0xF6, 0xA2,
    0x44, 0xAF, 0x85, 0xEC, 0xD9, 0x9F, 0xEC, 0xAD, 0x0C, 0x6A, 0x9C, 0x20, 0x7A, 0x87, 0xE8, 0x7B,
    0x12, 0x93, 0xEE, 0xE8, 0xB1, 0x84, 0xDA, 0x65, 0xE7, 0x9C, 0x9C, 0x8F, 0x42, 0x7A, 0x50, 0x21,
    0x0D, 0xEA, 0xB5, 0x44, 0x8B, 0x40, 0x1F, 0x5D, 0xA0, 0x90, 0x46, 0xEF, 0xE5, 0xDD, 0xBD, 0x33,
    0xB4, 0x3B, 0x62, 0xE5, 0xB0, 0xD5, 0x2A, 0xF7, 0x9A, 0x67, 0x62, 0xFB, 0xD7, 0xB1, 0x15, 0xC7,
    0xF4, 0xD0, 0xED, 0xC6, 0x95, 0xB4, 0x11, 0x59, 0x23, 0x27, 0x8D, 0xAA, 0x47, 0x34, 0x76, 0x48,
    0xA4, 0x3F, 0x1B, 0x5A, 0x17, 0x22, 0xEB, 0xAD, 0xB0, 0xE7, 0xDB, 0xFB, 0xC8, 0x3C, 0x4F, 0x26,
    0x34, 0xEE, 0x5F, 0x14, 0x67, 0x2D, 0x6A, 0xCD, 0x35, 0xEE, 0x39, 0x6D, 0x61, 0x8A, 0x8D, 0x0D,
    0x8D, 0x95, 0xB5, 0xD5, 0x8D, 0xAC, 0x32, 0x4F, 0xEA, 0x6A, 0x6A, 0xA6, 0xAB, 0xA9, 0xA7, 0x74,
    0x18, 0x56, 0x5A, 0xAD, 0xDC, 0xBB, 0x31, 0xC3, 0x1A, 0x32, 0xEC, 0xC1, 0x73, 0x8A, 0x87, 0x85,
    0xCA, 0xF1, 0xB0, 0xAC, 0x76, 0x3C, 0xEC, 0x94, 0x1E, 0xB6, 0x74, 0x77, 0xCA, 0xEE, 0xDD, 0x63,
    0xB6, 0x19, 0x55, 0xED, 0x3F, 0x8C, 0x78, 0x58, 0xE3, 0x37, 0x09, 0x0F, 0x6B, 0xFC, 0x3A, 0x92,
    0x61, 0xD5, 0x6A, 0xEB, 0x10, 0xBA, 0xD0, 0x6E, 0x68, 0x82, 0xC0, 0xCE, 0x49, 0xF3, 0x86, 0x5A,
    0x65, 0x03, 0xC6, 0xDD, 0xA9, 0xBE, 0x87, 0x45, 0x79, 0x3C, 0xEF, 0x47, 0xF0, 0xB4, 0xE0, 0xD5,
    0xB8, 0x4E, 0xB9, 0x7B, 0x5D, 0x85, 0x72, 0x76, 0xB4, 0x1C, 0xC3, 0x3B, 0x27, 0x39, 0x2E, 0x06,
    0x80, 0x8A, 0x8E, 0x28, 0x37, 0xA3, 0x80, 0xBE, 0x41, 0x95, 0xD1, 0x0D, 0x83, 0xD2, 0x09, 0x0A,
    0x75, 0x96, 0xEB, 0xAD, 0xAC, 0xE1, 0x6E, 0x66, 0x71, 0xF7, 0x56, 0x83, 0x6F, 0xE9, 0x0C, 0xF9,
    0xC7, 0x2C, 0x54, 0xBF, 0xC1, 0x18, 0x2C, 0xB3, 0xCB, 0x92, 0x98, 0x8F, 0x0D, 0x11, 0x19, 0xC0,
    0xD7, 0x59, 0x32, 0x24, 0x0F, 0x7D, 0x26, 0x2C, 0xAA, 0xBE, 0xDA, 0x78, 0xC8, 0xE1, 0x12, 0x5F,
    0xBE, 0xC7, 0x67, 0x4F, 0xF3, 0x14, 0x78, 0x79, 0x60, 0xD9, 0x32, 0xD6, 0x46, 0xCC, 0x63, 0xAE,
    0x30, 0xE5, 0x8D, 0x95, 0x0B, 0x64, 0xEB, 0x2E, 0x95, 0x8F, 0x68, 0xFB, 0xC8, 0xC6, 0x91, 0x0D,
    0x96, 0xF3, 0xAD, 0x0D, 0x2C, 0xC3, 0x6F, 0xCE, 0x4A, 0x8C, 0xDE, 0xBB, 0x57, 0xF8, 0xBA, 0x5A,
    0x4C, 0x1D, 0x08, 0x64, 0x6B, 0x63, 0xE5, 0x86, 0xCB, 0x77, 0xCB, 0x31, 0x21, 0x1B, 0xBA, 0x91,
    0x3D, 0x3D, 0x9D, 0x6D, 0x6D, 0xB6, 0x7A, 0xF9, 0xD0, 0xE1, 0xC3, 0xAF, 0xE4, 0xA1, 0xDE, 0x94,
    0xA7, 0xF4, 0x5E, 0x35, 0xDA, 0x95, 0xE7, 0x1F, 0xFC, 0xFD, 0x6A, 0xD8, 0xF3, 0xAE, 0x93, 0xFC,
    0x3D, 0xC6, 0x7E, 0x71, 0xED, 0xD8, 0x03, 0xE6, 0x6E, 0xA0, 0x1E, 0xC0, 0x58, 0x4D, 0xA0, 0xED,
    0x5B, 0xCB, 0xCA, 0x04, 0xAF, 0xE4, 0xE0, 0xDE, 0x61, 0xC0, 0xF8, 0xAD, 0x17, 0x12, 0x7A, 0xED,
    0x2C, 0xBC, 0xED, 0x1A, 0x60, 0xAC, 0x7B, 0x85, 0xA4, 0x88, 0x27, 0x2A, 0xA0, 0x6E, 0x0B, 0xDF,
    0x07, 0xA7, 0x3B, 0xA9, 0x66, 0x91, 0x88, 0xC9, 0x1A, 0x89, 0xC9, 0x12, 0x5B, 0x7B, 0x88, 0xE3,
    0xD8, 0x0D, 0x5F, 0xE8, 0xBB, 0xE5, 0x18, 0x1B, 0xC2, 0x2F, 0xAE, 0xAA, 0x1A, 0x1C, 0x07, 0x58,
    0xDF, 0xC7, 0x18, 0xC6, 0xDD, 0x98, 0xC7, 0xC6, 0xAD, 0x5F, 0x16, 0x71, 0x2D, 0xC9, 0x7A, 0x88,
    0x5E, 0x10, 0x29, 0xAC, 0xED, 0x1D, 0xC5, 0xA0, 0xDA, 0x39, 0x88, 0x23, 0x18, 0x5B, 0xE9, 0x7B,
    0x18, 0xA6, 0xF1, 0xA3, 0xCD, 0x27, 0xBB, 0x79, 0x90, 0x24, 0xCC, 0xE6, 0xB8, 0x55, 0x02, 0xA2,
    0x11, 0xDA, 0xF4, 0x45, 0xBF, 0x62, 0xE7, 0xAC, 0xDE, 0xF0, 0x30, 0x7F, 0x5D, 0x38, 0xBE, 0x99,
    0xE3, 0x8E, 0xE8, 0xF1, 0x38, 0xE2, 0xE3, 0x70, 0xAF, 0x13, 0xEB, 0x6D, 0xF6, 0xB8, 0x9B, 0x08,
    0xFF, 0x30, 0xD8, 0x77, 0x16, 0x99, 0x1E, 0x9C, 0x96, 0x79, 0xA5, 0x58, 0x0B, 0x2D, 0x6D, 0xE0,
    0xFA, 0xE8, 0x0D, 0x6C, 0x5A, 0x23, 0x1C, 0xDE, 0xA7, 0xCB, 0x12, 0xCA, 0x1B, 0x16, 0xFF, 0x22,
    0x84, 0x03, 0x7A, 0x88, 0xE8, 0xC9, 0x35, 0xC0, 0xD9, 0x80, 0x79, 0x19, 0x3F, 0x45, 0x77, 0x2E,
    0x47, 0x72, 0x25, 0x67, 0x47, 0x11, 0x4B, 0xCF, 0x02, 0xA7, 0x0B, 0x48, 0x23, 0xDF, 0x79, 0x8E,
    0x2B, 0xBA, 0x77, 0x6C, 0x1D, 0xB9, 0xF7, 0xBD, 0x6A, 0x3D, 0x54, 0xD5, 0x42, 0xF6, 0x67, 0x83,
    0xB2, 0xE9, 0xD0, 0x9D, 0xEE, 0x76, 0x83, 0xE1, 0x6D, 0x3B, 0xAC, 0x0D, 0xEC, 0x1A, 0xB7, 0x3A,
    0xD6, 0x49, 0xF6, 0x45, 0xC7, 0xF6, 0xC1, 0xD4, 0x21, 0x7C, 0x4E, 0x3A, 0x79, 0xC3, 0xCA, 0x1B,
    0x46, 0x8B, 0x43, 0x2E, 0xF7, 0x4C, 0x32, 0x74, 0x3E, 0xAA, 0xE7, 0x21, 0x2C, 0xA1, 0xD3, 0xDE,
    0x1A, 0x79, 0xEB, 0x5B, 0xEC, 0xAB, 0x89, 0xF1, 0xD4, 0x8A, 0x5B, 0x60, 0x00, 0xD9, 0xFE, 0x65,
    0x22, 0xE2, 0x23, 0x3D, 0x2E, 0xEE, 0xF7, 0xB5, 0x37, 0x72, 0x7B, 0xBC, 0xCA, 0x44, 0x47, 0xDB,
    0xBA, 0xD7, 0xC3, 0xF6, 0x00, 0x49, 0xA2, 0x2A, 0xED, 0xCF, 0x5E, 0x91, 0xCA, 0xD2, 0x0D, 0x09,
    0x68, 0xF7, 0x00, 0xF7, 0x88, 0x5E, 0x2C, 0x91, 0x71, 0xAE, 0xE7, 0xED, 0xB7, 0xAB, 0x54, 0x16,
    0xBB, 0xBF, 0x77, 0xD5, 0x7A, 0xE1, 0x1D, 0xDE, 0x26, 0x21, 0x40, 0x04, 0x0A, 0x83, 0x11, 0x38,
    0x02, 0x48, 0xE7, 0xDE, 0xBC, 0xA8, 0xF6, 0x18, 0x60, 0x59, 0x10, 0x87, 0xD8, 0x4F, 0x01, 0x2D,
    0x48, 0x01, 0xAE, 0x22, 0x4B, 0x69, 0xB2, 0x90, 0x26, 0xCB, 0x68, 0xB2, 0x88, 0xA6, 0x73, 0xF1,
    0x65, 0x9B, 0x91, 0xF6, 0x8C, 0xFB, 0xD9, 0xE8, 0x4C, 0xED, 0x55, 0x37, 0xC2, 0x80, 0x51, 0x8A,
    0xF4, 0xBF, 0x97, 0x8D, 0x44, 0x37, 0x6C, 0x08, 0xBD, 0x73, 0x84, 0x79, 0xB4, 0x30, 0x70, 0xD5,
    0x22, 0xB2, 0x18, 0x2E, 0x62, 0x8D, 0xBE, 0x0D, 0xD8, 0x57, 0x02, 0xE7, 0x43, 0x6F, 0x45, 0x7A,
    0x1F, 0xD8, 0x45, 0xA5, 0xC3, 0x17, 0x86, 0x6B, 0x30, 0xB9, 0xBD, 0xA8, 0x58, 0xFB, 0x95, 0xA7,
    0x8B, 0xC6, 0xA4, 0xDE, 0x31, 0x4D, 0xF7, 0x4B, 0x49, 0xA2, 0xC1, 0x59, 0x46, 0xDA, 0x2F, 0xCF,
    0x19, 0x88, 0xCE, 0x65, 0xED, 0xBB, 0xE4, 0xCC, 0x6C, 0x76, 0x6A, 0x52, 0x3D, 0x81, 0x22, 0xAF,
    0x19, 0xA4, 0xB5, 0xF8, 0xF6, 0x96, 0x45, 0x15, 0x80, 0xE5, 0xBB, 0x15, 0xDF, 0x67, 0x14, 0xBD,
    0x71, 0x3A, 0xF4, 0x60, 0xD5, 0xD9, 0x28, 0x74, 0x1E, 0xBD, 0x52, 0x64, 0x9C, 0x0F, 0xE9, 0xBF,
    0x89, 0xCE, 0x45, 0xF4, 0x83, 0x88, 0xCE, 0x46, 0x5E, 0xCE, 0xFB, 0x62, 0xF4, 0xFF, 0x46, 0x64,
    0xCD, 0xD9, 0x73, 0x83, 0xD3, 0xA7, 0xC4, 0x2B, 0x5A, 0xF4, 0x0E, 0x3D, 0x03, 0xCA, 0xB9, 0x92,
    0xE7, 0x3E, 0x4E, 0x97, 0xA2, 0x7D, 0xEA, 0x10, 0x7D, 0x83, 0x66, 0x94, 0x64, 0xFC, 0x34, 0x84,
    0x08, 0xEC, 0xB5, 0xE8, 0xCF, 0x79, 0xAF, 0x8D, 0xF1, 0xF9, 0xC8, 0xBA, 0x18, 0x1D, 0xFF, 0x45,
    0x78, 0x3A, 0x14, 0x3F, 0x76, 0xDD, 0x63, 0x27, 0x7A, 0xDE, 0xC5, 0xA3, 0x0D, 0x4F, 0xA5, 0xB2,
    0xB2, 0x6B, 0x25, 0xC9, 0xFF, 0x30, 0x66, 0xC3, 0xF6, 0xD5, 0x26, 0x7B, 0xA7, 0x93, 0x0B, 0x5B,
    0x9D, 0xD3, 0x11, 0x5B, 0x3A, 0xA2, 0xD7, 0x53, 0x1D, 0xF7, 0xB9, 0x99, 0x6C, 0x58, 0xE4, 0x87,
    0x36, 0xDC, 0x48, 0x47, 0x93, 0xFA, 0xD1, 0xA6, 0xB1, 0xA2, 0xAC, 0xE7, 0x16, 0x0F, 0xAD, 0x38,
    0x4A, 0xB7, 0x76, 0xA8, 0x5B, 0x59, 0xD5, 0x5B, 0xD1, 0x56, 0x8A, 0x76, 0x65, 0x3F, 0x27, 0xDC,
    0x57, 0xC0, 0x71, 0x8B, 0xD5, 0x75, 0x9D, 0x63, 0x4E, 0xE8, 0xD5, 0x70, 0xCA, 0xC9, 0x61, 0xEE,
    0x39, 0x4B, 0x7A, 0xB5, 0x9F, 0x77, 0xCE, 0x7D, 0xD8, 0xE8, 0x33, 0x7F, 0x06, 0xA4, 0xAA, 0x20,
    0xAD, 0x2C, 0xC2, 0x1D, 0x4F, 0x53, 0xA9, 0x5F, 0x5D, 0x49, 0xAE, 0x0A, 0xAE, 0xCE, 0xD5, 0xE2,
    0x51, 0x13, 0x5F, 0x75, 0x9E, 0x8D, 0xB9, 0x56, 0x91, 0x94, 0xA5, 0x66, 0xAE, 0x67, 0x43, 0xD6,
    0xFE, 0xE3, 0x2F, 0x1F, 0x21, 0xE3, 0xC2, 0x07, 0xB3, 0xDF, 0x21, 0xE3, 0x05, 0x32, 0xFF, 0x86,
    0x8C, 0x57, 0x89, 0x5E, 0x96, 0x47, 0xA3, 0xF6, 0x49, 0x1E, 0x37, 0x88, 0xDE, 0xFC, 0xFE, 0xED,
    0x70, 0xEF, 0xCC, 0xD6, 0x99, 0xAF, 0x87, 0xE3, 0xE3, 0x5B, 0xCB, 0xFA, 0x5C, 0xFF, 0xAE, 0xFB,
    0xE8, 0xFE, 0xC6, 0xBF, 0xCA, 0xBD, 0xDF, 0x10, 0x38, 0x02, 0x53, 0xC3, 0x2F, 0xC6, 0x2A, 0xC6,
    0x35, 0x84, 0x76, 0xFB, 0xE9, 0x41, 0xDA, 0x29, 0xED, 0xD3, 0x38, 0xBB, 0x0F, 0x7E, 0x2B, 0x88,
    0x3F, 0x1D, 0xF9, 0xF8, 0x8D, 0x95, 0xE9, 0xD3, 0xCA, 0x0F, 0x27, 0xE9, 0x08, 0xC2, 0x6C, 0x56,
    0xEC, 0x55, 0x58, 0xAB, 0xF7, 0x44, 0xF5, 0xC1, 0x4F, 0xEC, 0x0F, 0x83, 0xD0, 0x51, 0xB9, 0x84,
    0x1C, 0xC3, 0x54, 0xDE, 0x19, 0xC8, 0xCE, 0x99, 0xE4, 0x11, 0xB6, 0x12, 0x0F, 0xD0, 0x41, 0x75,
    0x3C, 0x7C, 0x5B, 0x75, 0xC4, 0x81, 0x97, 0xDE, 0xBE, 0x0A, 0x14, 0xFE, 0x21, 0xA2, 0xFE, 0x27,
    0x8E, 0xD0, 0x7D, 0xFF, 0xFC, 0x6D, 0x7A, 0xE2, 0xF8, 0xD3, 0xB4, 0xFF, 0x8F, 0x9E, 0xA0, 0xED,
    0x2F, 0x7E, 0x9B, 0xFA, 0x5F, 0x84, 0xA1, 0x78, 0x71, 0xE6, 0xC6, 0xEF, 0xCB, 0x73, 0x34, 0xF0,
    0xC1, 0x8F, 0xE8, 0xF7, 0x0E, 0x7F, 0x91, 0xEE, 0x3D, 0x0C, 0xFD, 0xAC, 0xFC, 0x74, 0xAA, 0x24,
    0x07, 0xD9, 0x45, 0x75, 0x03, 0xC6, 0x37, 0x7A, 0x8B, 0xDB, 0x2E, 0xBB, 0xEC, 0x14, 0x7B, 0x82,
    0x38, 0x6E, 0x0D, 0x8B, 0x02, 0x1F, 0x8F, 0x0D, 0x5A, 0x06, 0x0D, 0xB8, 0x49, 0xE0, 0xA7, 0x41,
    0xB5, 0x14, 0x2C, 0xEC, 0x94, 0xFE, 0x4D, 0xD8, 0xB3, 0x9B, 0x01, 0xD7, 0x41, 0x2F, 0x66, 0x82,
    0x94, 0x4A, 0x1B, 0x15, 0x37, 0xA7, 0x7D, 0x41, 0x58, 0x75, 0xA3, 0x49, 0x2B, 0x99, 0x33, 0xD2,
    0x94, 0xD2, 0x74, 0x2E, 0x6D, 0xA4, 0x69, 0x5D, 0x13, 0x69, 0x56, 0xE9, 0x55, 0x79, 0x77, 0x89,
    0x1F, 0xD2, 0x39, 0xD0, 0x0F, 0x12, 0xCF, 0x1D, 0xB3, 0x41, 0xC2, 0xD4, 0x43, 0x64, 0x02, 0xB3,
    0xDE, 0x60, 0x32, 0xF9, 0x62, 0x93, 0x27, 0xC5, 0x00, 0x7E, 0xDC, 0xB6, 0x6D, 0xDD, 0xAD, 0x9D,
    0xFA, 0xDD, 0xAF, 0xA1, 0xDC, 0xA5, 0x2D, 0xF3, 0x83, 0x1A, 0xC1, 0x40, 0x09, 0x82, 0xBE, 0x46,
    0xB0, 0x6F, 0xE5, 0xA3, 0x04, 0xEB, 0xDD, 0x38, 0x6E, 0x63, 0x76, 0x60, 0xC7, 0x38, 0x32, 0xC1,
    0xB2, 0x71, 0x93, 0xFA, 0xFA, 0xCD, 0x37, 0x73, 0x15, 0xAF, 0xE7, 0x89, 0xDE, 0x94, 0xCF, 0xF3,
    0xE2, 0x92, 0x6F, 0xBB, 0xCF, 0xF6, 0x53, 0x74, 0x6A, 0x3F, 0xCD, 0xEF, 0xA7, 0xA9, 0x4F, 0x11,
    0x0C, 0xC6, 0xB5, 0x7D, 0xB6, 0x88, 0xF6, 0x65, 0x93, 0x0D, 0x3F, 0xB8, 0x34, 0x38, 0x79, 0xAD,
    0x30, 0xBE, 0x86, 0x7C, 0xE7, 0xFF, 0x01, 0x6D, 0x4E, 0x31, 0x6E, 0x02, 0x31, 0x10, 0x1C, 0x74,
    0xC5, 0x15, 0x56, 0xB4, 0xFC, 0xE0, 0x5A, 0x94, 0xC2, 0x6E, 0x29, 0x4E, 0xD8, 0xE2, 0x23, 0xF9,
    0x42, 0x1E, 0x00, 0xF2, 0x4A, 0x29, 0x53, 0x70, 0x3F, 0x80, 0xFA, 0xDE, 0x80, 0xB4, 0x7E, 0x02,
    0x4F, 0xF0, 0x13, 0xB6, 0xA0, 0x84, 0x38, 0x4B, 0x42, 0x13, 0x29, 0x33, 0xCD, 0xCE, 0x68, 0x46,
    0xB3, 0x40, 0xBE, 0x3F, 0xF8, 0x3A, 0xCF, 0x53, 0x6C, 0x4D, 0x61, 0xB0, 0xDB, 0x70, 0x32, 0xD9,
    0x9E, 0x8E, 0x61, 0xC1, 0xC4, 0x23, 0x76, 0x10, 0x08, 0x67, 0xF6, 0xD8, 0x40, 0x92, 0x70, 0x64,
    0x4A, 0x84, 0x33, 0x26, 0xF8, 0x3F, 0xBA, 0x5A, 0xFE, 0x9D, 0x3E, 0x74, 0x74, 0x69, 0x47, 0x90,
    0xA1, 0xC8, 0x51, 0xF3, 0x41, 0x7D, 0x5F, 0x36, 0x8E, 0xE5, 0xAD, 0x9A, 0x8C, 0x9F, 0x4A, 0xDB,
    0x4A, 0x5D, 0x39, 0x87, 0x34, 0xAD, 0xE0, 0xFF, 0xF3, 0xEB, 0x0A, 0xAE, 0xC6, 0x9B, 0x7C, 0xFD,
    0x32, 0xDE, 0x86, 0x2B, 0x10, 0x6C, 0x7B, 0x8F, 0x58, 0x24, 0x35, 0xE4, 0xD2, 0xB8, 0x21, 0x72,
    0x46, 0x7B, 0xFE, 0x09, 0xED, 0xAA, 0x2B, 0xC1, 0x9C, 0x8C, 0x98, 0xA8, 0x74, 0x97, 0x85, 0x62,
    0xB9, 0xB6, 0xCE, 0x90, 0xE8, 0xD2, 0x6B, 0x77, 0x75, 0x4A, 0x25, 0x60, 0xC4, 0xD2, 0xC2, 0xCE,
    0xBA, 0x81, 0x5F, 0x7E, 0x8A, 0x1E, 0x99, 0x25, 0xED, 0x1F, 0x49, 0xF4, 0x0C, 0x7C, 0x03, 0xCD,
    0x59, 0x3F, 0x6C, 0xDC, 0xD6, 0x19, 0xFF, 0x48, 0xEA, 0x4C, 0x47, 0x4C, 0x44, 0x0D, 0x49, 0x13,
    0x44, 0x8A, 0xE8, 0xA1, 0x43, 0x80, 0xAA, 0xA6, 0x82, 0x28, 0x80, 0x12, 0x48, 0xC7, 0x97, 0x06,
    0x48, 0xC6, 0xBA, 0x40, 0x37, 0x0F, 0x5D, 0x0B, 0xB8, 0x80, 0x5C, 0x40, 0x83, 0x86, 0xB3, 0xC9,
    0x38, 0x40, 0xC7, 0x58, 0x05, 0x0A, 0x74, 0xAC, 0x86, 0x6C, 0x29, 0x60, 0x0D, 0x1E, 0x04, 0x44,
    0x36, 0x59, 0x77, 0x28, 0xD0, 0xA2, 0x28, 0x8B, 0xA4, 0xC8, 0xD4, 0x9A, 0x09, 0x1C, 0xA0, 0x68,
    0x1D, 0x88, 0x88, 0xCF, 0x09, 0x65, 0xF1, 0xF8, 0xFA, 0xFB, 0x3E, 0x92, 0xA7, 0x93, 0x6B, 0x39,
    0x92, 0xAA, 0x36, 0x25, 0xC5, 0xC7, 0x3B, 0xDD, 0x7B, 0xDF, 0xFF, 0xBF, 0xEF, 0x11, 0x19, 0x99,
    0x1F, 0x15, 0x1B, 0xE7, 0xD3, 0x4B, 0x34, 0x49, 0xB8, 0x36, 0xBC, 0xF4, 0xD2, 0xCA, 0x54, 0xD6,
    0xAD, 0xBF, 0xE1, 0x0A, 0x8B, 0xB0, 0x08, 0x0A, 0x8A, 0xAC, 0xEC, 0xD9, 0xF5, 0xDD, 0xDC, 0x57,
    0xA7, 0xF9, 0x97, 0x79, 0xA2, 0x39, 0xA2, 0x8B, 0x44, 0x2B, 0x44, 0x3D, 0xA2, 0x40, 0x27, 0xBE,
    0x4E, 0x1C, 0x9D, 0xD0, 0x0F, 0xB1, 0xC2, 0x4C, 0x2F, 0xAF, 0x5D, 0x48, 0x57, 0xEB, 0xE5, 0xEB,
    0x5E, 0x72, 0x83, 0x14, 0x7F, 0x5A, 0x71, 0xFE, 0x0D, 0xAA, 0xA9, 0x26, 0x92, 0x89, 0xC4, 0xCE,
    0xCE, 0xD2, 0x19, 0x32, 0x23, 0x27, 0x71, 0x53, 0x2B, 0xF7, 0xE9, 0xDB, 0xFB, 0x31, 0x33, 0x4D,
    0x0D, 0x8C, 0xE1, 0x7F, 0x46, 0xE1, 0xA9, 0x4E, 0x76, 0x61, 0x3D, 0x4C, 0xB0, 0x6A, 0xD2, 0x9C,
    0x7B, 0xF9, 0x62, 0x90, 0x9D, 0x26, 0xDA, 0x07, 0xE1, 0x39, 0x0A, 0xE8, 0x65, 0xEA, 0x32, 0x65,
    0xCA, 0x4D, 0x9E, 0x4C, 0x9D, 0x64, 0x1F, 0xFC, 0x4D, 0xB2, 0x2A, 0x72, 0x34, 0xB9, 0x13, 0xF4,
    0x02, 0x91, 0xF7, 0x7E, 0xE6, 0xEA, 0x3C, 0xD0, 0xE9, 0x6B, 0xE7, 0x68, 0xFC, 0xCD, 0x60, 0x40,
    0xE7, 0x88, 0x8C, 0xDC, 0xCA, 0xAD, 0xC2, 0xEA, 0x5B, 0xFC, 0xCE, 0x4D, 0xB9, 0x0D, 0xB9, 0xA9,
    0xBE, 0xB3, 0xF1, 0x37, 0x09, 0x53, 0x79, 0xEE, 0x45, 0xB2, 0xF2, 0x7D, 0x7F, 0x66, 0xFB, 0x87,
    0xD9, 0xD4, 0x6F, 0xFF, 0x30, 0x39, 0x4E, 0x28, 0x48, 0xC8, 0x89, 0x9E, 0x00, 0x79, 0x2F, 0x51,
    0xA0, 0x2E, 0x8B, 0x70, 0x3C, 0x7C, 0x0B, 0xA2, 0x40, 0x05, 0xFC, 0x26, 0x5F, 0x6E, 0x4F, 0x6E,
    0x57, 0xEE, 0x09, 0xE2, 0xF9, 0x3F, 0x95, 0xF9, 0x7C, 0xD9, 0x14, 0x0C, 0xEF, 0x76, 0xB6, 0xAB,
    0xE4, 0x4E, 0x9D, 0xD2, 0x2A, 0xC1, 0xDE, 0x8B, 0x44, 0x5B, 0x44, 0x1F, 0x11, 0xDD, 0x24, 0x82,
    0xF0, 0x44, 0x19, 0xF8, 0x6C, 0xEA, 0xC8, 0x82, 0xD2, 0xEC, 0xCC, 0x35, 0x72, 0x97, 0x72, 0x70,
    0x6D, 0xEB, 0xDC, 0xAC, 0x36, 0x98, 0x56, 0x37, 0x8D, 0x75, 0x14, 0x54, 0x64, 0xDF, 0x21, 0x7A,
    0x9A, 0xE8, 0x06, 0x19, 0x9F, 0x93, 0xF1, 0x09, 0x91, 0x26, 0x73, 0x87, 0x8C, 0x1A, 0xC2, 0x8B,
    0xFC, 0x15, 0x10, 0xEC, 0x5F, 0xA5, 0x8E, 0x25, 0x10, 0x3E, 0xEB, 0x3B, 0x5A, 0x5B, 0x5A, 0xD3,
    0x85, 0x8A, 0x81, 0x78, 0x49, 0x03, 0xA4, 0x7F, 0x08, 0xAE, 0x88, 0x4E, 0x91, 0xA7, 0x16, 0xB0,
    0xA8, 0xAB, 0x26, 0x0F, 0xC1, 0x95, 0xA8, 0x12, 0xDF, 0xBC, 0x68, 0x8C, 0xD7, 0x46, 0xE3, 0xE4,
    0x67, 0x01, 0xC5, 0xF9, 0x2B, 0x46, 0xB5, 0xE1, 0xBF, 0x93, 0x53, 0xD7, 0x4A, 0x68, 0xD2, 0x81,
    0x4D, 0x38, 0x9F, 0xD1, 0xBC, 0xA5, 0xD3, 0x39, 0x53, 0xE7, 0x17, 0xE9, 0x3B, 0xF9, 0x2A, 0x28,
    0xEB, 0x91, 0x9F, 0x04, 0x5A, 0x2B, 0x5F, 0x97, 0x50, 0x7C, 0x4A, 0x6C, 0xB5, 0xE3, 0xCC, 0x52,
    0xC0, 0xC3, 0x2B, 0x3C, 0xF8, 0x11, 0x06, 0x36, 0x19, 0x28, 0xC5, 0xFC, 0x05, 0x06, 0x57, 0x27,
    0xF3, 0x3C, 0xCC, 0x61, 0x88, 0xA0, 0xE4, 0x92, 0x60, 0xE0, 0x97, 0x69, 0x89, 0x85, 0x03, 0x58,
    0x05, 0x79, 0x1A, 0x90, 0x6C, 0xBD, 0x83, 0x25, 0xCF, 0xF0, 0xBA, 0x35, 0xD8, 0xCA, 0xA4, 0xD5,
    0xB7, 0x33, 0x43, 0xDC, 0xCA, 0xE8, 0x1B, 0x05, 0x95, 0x70, 0x96, 0xC5, 0x6F, 0x6D, 0x85, 0xFD,
    0x30, 0x07, 0xEC, 0x75, 0x16, 0x92, 0xA5, 0xC8, 0x2C, 0xC8, 0xCA, 0xC8, 0xA0, 0x56, 0xAA, 0x9B,
    0x04, 0x93, 0x7A, 0x76, 0x87, 0x42, 0x9D, 0x84, 0xD7, 0x92, 0xAE, 0x1D, 0x7D, 0xBD, 0xF4, 0x0E,
    0x61, 0x05, 0xCD, 0x65, 0x32, 0x63, 0xE2, 0x01, 0x2E, 0x18, 0xAA, 0x07, 0x2B, 0x59, 0x65, 0xAF,
    0xED, 0xF1, 0x10, 0x44, 0x46, 0x0C, 0x67, 0xD6, 0x3A, 0x72, 0xB5, 0x1E, 0xC0, 0x48, 0x2A, 0x45,
    0x23, 0x97, 0x91, 0xB2, 0xCD, 0xC1, 0x92, 0x99, 0x64, 0x6A, 0x8D, 0x49, 0x02, 0x42, 0x3D, 0x6C,
    0xAC, 0xB2, 0xBF, 0x00, 0x94, 0xC5, 0xA0, 0x96, 0xFB, 0x90, 0x8D, 0xD6, 0x00, 0x55, 0xC6, 0x0C,
    0xCA, 0x19, 0x85, 0xB5, 0xC1, 0xE4, 0x94, 0xFC, 0xA9, 0x5F, 0x0B, 0xFA, 0x20, 0x41, 0x09, 0x5E,
    0x88, 0x33, 0x03, 0xBA, 0x47, 0xC9, 0x67, 0x08, 0x8F, 0xA1, 0xF5, 0x1B, 0x48, 0xA7, 0xE7, 0xA9,
    0x5B, 0xD2, 0xD2, 0x0A, 0x8D, 0xC9, 0x8F, 0xA7, 0xC0, 0x6B, 0x46, 0x4E, 0x41, 0xF6, 0x80, 0x26,
    0x62, 0x5A, 0xF4, 0xD5, 0x82, 0xAB, 0x7A, 0x0E, 0x74, 0xC7, 0x9E, 0xEB, 0x0A, 0x05, 0x9D, 0x69,
    0xF2, 0x2E, 0x93, 0x37, 0x2B, 0x4B, 0xA0, 0x18, 0x4F, 0x91, 0xAF, 0x48, 0x2B, 0x5B, 0x2B, 0xEF,
    0xAA, 0x5A, 0x74, 0x54, 0xF7, 0x2D, 0x15, 0xEA, 0x8F, 0x60, 0x36, 0xE6, 0x97, 0xA5, 0x04, 0xBE,
    0x06, 0x11, 0x4C, 0xA5, 0x84, 0x60, 0x97, 0x16, 0x20, 0xD8, 0xB1, 0x23, 0x0B, 0x76, 0x6C, 0x9A,
    0x0D, 0x8E, 0xDD, 0x19, 0xA8, 0x49, 0x90, 0x1F, 0x5E, 0x9C, 0xA7, 0x67, 0xFD, 0x9B, 0xDE, 0xEC,
    0xD8, 0xC1, 0xA2, 0x33, 0xDE, 0x20, 0x7B, 0x3B, 0xB1, 0x7E, 0xD7, 0xEA, 0xCA, 0x8A, 0x60, 0x19,
    0x30, 0x8F, 0x4E, 0xBC, 0x16, 0xEA, 0x22, 0xDC, 0x2D, 0x82, 0xE8, 0x7A, 0xED, 0xD2, 0x16, 0xEB,
    0x76, 0x9C, 0xC3, 0x6B, 0xF7, 0x06, 0xB8, 0xE9, 0x1E, 0x9D, 0x1B, 0xD6, 0x84, 0xC5, 0xC6, 0xD1,
    0xB9, 0xCB, 0xDC, 0x84, 0xC7, 0x62, 0x29, 0xB2, 0xF2, 0xCE, 0x5D, 0x3F, 0x7C, 0x0C, 0x53, 0x67,
    0x24, 0xA0, 0x7D, 0xA0, 0xAC, 0xDB, 0xE0, 0x4B, 0x3D, 0x86, 0x2F, 0x66, 0xCB, 0xAF, 0x38, 0x3F,
    0x3D, 0x78, 0x2F, 0xD4, 0xBA, 0x7F, 0xC6, 0xD1, 0x39, 0x05, 0x0F, 0xD6, 0xA8, 0xAA, 0xED, 0xD7,
    0x01, 0xC1, 0x2E, 0xA5, 0x34, 0x0D, 0xA2, 0xA7, 0xCD, 0x8C, 0xA6, 0x01, 0x6B, 0x86, 0x5D, 0x23,
    0xA2, 0xA7, 0x11, 0xCA, 0x0A, 0x8B, 0x7D, 0x3A, 0x1C, 0xD4, 0x16, 0xC8, 0x68, 0x7C, 0x66, 0x33,
    0xD0, 0xD5, 0x7B, 0xC4, 0xE0, 0xE8, 0x0C, 0x82, 0x26, 0xBE, 0x6F, 0xAF, 0x91, 0x51, 0xD8, 0x7F,
    0x81, 0x80, 0x2C, 0x9D, 0xB9, 0x08, 0x8B, 0xD9, 0x53, 0x66, 0x32, 0x95, 0x4D, 0x3B, 0xF8, 0x71,
    0x1A, 0x71, 0x08, 0x79, 0x05, 0xCB, 0x5C, 0x06, 0xE0, 0xEA, 0x38, 0x43, 0xD0, 0xD4, 0x40, 0x1C,
    0x17, 0x2D, 0xD4, 0xA7, 0x99, 0x7C, 0xFE, 0x17, 0x93, 0x87, 0x29, 0x5A, 0x51, 0xC7, 0x40, 0x18,
    0x45, 0x8A, 0xD2, 0x64, 0x2C, 0x43, 0xBE, 0x21, 0x90, 0x61, 0x60, 0xE4, 0x77, 0xF6, 0x1C, 0x68,
    0x81, 0x07, 0xA1, 0xAE, 0xD7, 0x3A, 0xD0, 0xD7, 0x81, 0xAA, 0x60, 0xC0, 0xB9, 0xCE, 0x01, 0x2A,
    0xCE, 0x01, 0x6A, 0x2A, 0x1F, 0xF5, 0x5F, 0xF1, 0xC5, 0xCD, 0x06, 0xD4, 0xE1, 0x64, 0x07, 0x06,
    0x47, 0x9E, 0x93, 0x91, 0x1D, 0x11, 0x64, 0x47, 0x0D, 0x48, 0xCE, 0xC9, 0x27, 0x2B, 0xBB, 0xE3,
    0x89, 0xC8, 0x66, 0x0D, 0x26, 0xC2, 0x1E, 0x87, 0xEA, 0x93, 0x94, 0x0E, 0x0D, 0x11, 0x08, 0x06,
    0x41, 0x21, 0xE9, 0xE0, 0xBF, 0x28, 0xB6, 0x5A, 0x2D, 0xC9, 0x30, 0x98, 0xA7, 0xA3, 0xC1, 0xFC,
    0xB8, 0x06, 0x79, 0x6C, 0x78, 0x8F, 0x14, 0x39, 0xB8, 0xF2, 0x25, 0x11, 0x7B, 0x09, 0x27, 0x2C,
    0x4E, 0x91, 0xF9, 0x82, 0x81, 0xD2, 0x2C, 0x43, 0xB9, 0xE9, 0x35, 0xD1, 0xD3, 0xA9, 0x27, 0x0A,
    0xA7, 0x2C, 0x3C, 0xCE, 0x6C, 0x2C, 0x7F, 0x38, 0xF4, 0x82, 0x31, 0xE0, 0xCC, 0x1C, 0xF1, 0xE3,
    0x55, 0x4E, 0xD4, 0x98, 0xF9, 0x40, 0x82, 0x47, 0x9D, 0x6C, 0x0E, 0x85, 0x62, 0xBE, 0xF1, 0x8C,
    0xCD, 0x61, 0x8E, 0x3A, 0x1A, 0x5A, 0x63, 0x88, 0x47, 0x31, 0x1E, 0x4C, 0x87, 0x74, 0x4C, 0x08,
    0x48, 0x46, 0x84, 0x07, 0x3F, 0x82, 0x28, 0x02, 0x94, 0x22, 0x19, 0x3D, 0x6A, 0xF2, 0x1D, 0x32,
    0x07, 0x4C, 0xB6, 0xF9, 0xF9, 0xC3, 0x93, 0x71, 0x2D, 0x4A, 0x55, 0xD7, 0x1B, 0x6A, 0xE0, 0x28,
    0xB8, 0x0E, 0xB5, 0xFC, 0xB1, 0xD8, 0xDB, 0x6B, 0xA6, 0xCE, 0x63, 0x52, 0x62, 0xD3, 0x62, 0x20,
    0xC2, 0xE9, 0xF9, 0x6C, 0xBC, 0xAA, 0xCF, 0x62, 0x0A, 0xDE, 0x1E, 0x38, 0xA8, 0xEA, 0x38, 0x5F,
    0x10, 0x57, 0x51, 0x78, 0xCD, 0xC1, 0x16, 0x7E, 0x56, 0x71, 0xB9, 0xCC, 0x46, 0xB3, 0xC2, 0xE1,
    0x9B, 0x09, 0xF1, 0x59, 0xE6, 0xB0, 0x76, 0xA9, 0xC1, 0xB4, 0x94, 0xFA, 0x52, 0xA1, 0x91, 0x14,
    0x69, 0xAD, 0x39, 0x3D, 0x27, 0x88, 0x36, 0x17, 0x05, 0x11, 0xA7, 0x12, 0xF2, 0x5F, 0xCF, 0x59,
    0x3F, 0xC1, 0x1B, 0xD9, 0xA0, 0x41, 0x94, 0xD5, 0x88, 0x32, 0x46, 0x14, 0xDF, 0x4A, 0x8F, 0x85,
    0x48, 0xFC, 0x92, 0x1D, 0x1E, 0x2E, 0x39, 0xE9, 0x42, 0x1C, 0xAB, 0x33, 0xD0, 0x74, 0xBE, 0x64,
    0x25, 0x76, 0x1E, 0x7E, 0x2F, 0x85, 0x43, 0xA2, 0x04, 0xE1, 0x61, 0x29, 0xFE, 0x24, 0xE6, 0x79,
    0x26, 0xCF, 0x83, 0xCE, 0x57, 0xCF, 0x82, 0xED, 0x7C, 0xC9, 0x85, 0x37, 0xF4, 0xFC, 0x35, 0x9E,
    0x52, 0xCA, 0xB0, 0x14, 0x6F, 0xF7, 0x45, 0xDA, 0x67, 0x6A, 0xE0, 0x75, 0x2F, 0x63, 0x7E, 0x50,
    0x1B, 0xD5, 0x6D, 0xB1, 0x51, 0xE7, 0x4F, 0xAD, 0x2E, 0xBE, 0x11, 0xE1, 0xD6, 0xD5, 0x94, 0x59,
    0x47, 0x3D, 0x68, 0x5D, 0xFC, 0x24, 0xAC, 0x5F, 0x2F, 0xEC, 0xA7, 0xEC, 0x7F, 0xAA, 0x0D, 0x8E,
    0x21, 0x74, 0x89, 0x87, 0x6B, 0x58, 0x63, 0xFD, 0x93, 0x3D, 0xEE, 0xC3, 0x68, 0x18, 0x65, 0x8E,
    0xA2, 0xA6, 0xAF, 0x01, 0x25, 0x3C, 0x1E, 0x5A, 0x93, 0x56, 0xAD, 0x43, 0x4F, 0xCB, 0x2B, 0x46,
    0x0F, 0x4C, 0xA6, 0x59, 0xB8, 0x1C, 0xE7, 0xEC, 0x94, 0xC5, 0xE8, 0x33, 0x00, 0x62, 0xAF, 0x99,
    0xCA, 0x6A, 0x61, 0x48, 0x27, 0x01, 0x66, 0x21, 0x8C, 0x6D, 0x70, 0x79, 0x2C, 0x35, 0x35, 0x68,
    0x5B, 0xBC, 0x35, 0xE2, 0x16, 0x73, 0x8B, 0x9A, 0xFC, 0xEF, 0x0B, 0x6E, 0x41, 0x3E, 0xA0, 0x1A,
    0x7B, 0x8B, 0xDE, 0x4F, 0x6A, 0xFC, 0xA7, 0x92, 0x86, 0x80, 0x96, 0x82, 0x96, 0x84, 0x96, 0x86,
    0x96, 0x88, 0x21, 0x15, 0x23, 0x64, 0x84, 0x8A, 0x23, 0x7B, 0xC6, 0x41, 0xBD, 0xA0, 0xC9, 0xE0,
    0xF5, 0x01, 0x5D, 0x2F, 0xD1, 0x37, 0x7D, 0x91, 0xD3, 0x8C, 0xBD, 0x9B, 0x98, 0x22, 0xAB, 0x3E,
    0x0F, 0xE9, 0xAB, 0x8E, 0xF4, 0x46, 0xB2, 0xA2, 0x5E, 0x22, 0x6B, 0xEA, 0x45, 0xF5, 0x2A, 0x59,
    0x46, 0xBC, 0x4E, 0x8B, 0xA4, 0x51, 0xC6, 0x61, 0xF8, 0xB8, 0x90, 0xA5, 0x9B, 0x23, 0x26, 0x37,
    0x5F, 0xBF, 0x9A, 0xF4, 0xB9, 0x55, 0xBF, 0x26, 0xF7, 0x59, 0xE5, 0x37, 0xA4, 0x96, 0x87, 0x28,
    0x6C, 0x49, 0x6C, 0x69, 0x7C, 0x88, 0xC8, 0xFF, 0x1B, 0x35, 0xB6, 0x39, 0x0D, 0x8D, 0x71, 0x5B,
    0x36, 0x8C, 0x78, 0xF9, 0xD1, 0x95, 0xBC, 0x07, 0xB0, 0x86, 0x58, 0x83, 0xDC, 0x1F, 0x39, 0x8E,
    0x6F, 0x08, 0xDC, 0x52, 0xA0, 0xED, 0x26, 0xDE, 0x80, 0x68, 0x3F, 0x6D, 0x0D, 0x7D, 0x7A, 0x49,
    0x06, 0xCE, 0x5A, 0x67, 0xD1, 0xAA, 0xD3, 0x59, 0x64, 0x73, 0x72, 0x07, 0x4E, 0x9F, 0x20, 0xD2,
    0x82, 0x8B, 0xAB, 0xD5, 0xD7, 0x96, 0xC9, 0xC9, 0xB9, 0xED, 0x48, 0x1D, 0x8E, 0x96, 0x10, 0x3A,
    0x6A, 0x18, 0x01, 0x5A, 0xC3, 0xAA, 0xC1, 0x36, 0x9F, 0xEB, 0xE4, 0xB8, 0x34, 0x3A, 0x1A, 0xAC,
    0x55, 0x01, 0x4E, 0x33, 0x81, 0xC8, 0x85, 0xC1, 0xD7, 0xF0, 0x05, 0x01, 0x31, 0x86, 0x4A, 0x49,
    0x67, 0x93, 0x31, 0x0E, 0x2F, 0x03, 0x92, 0xCC, 0x4C, 0x39, 0x15, 0xD7, 0x1D, 0x92, 0x9D, 0xEF,
    0x6B, 0xA4, 0x9B, 0xC1, 0x54, 0x88, 0xBC, 0x7E, 0x81, 0x32, 0x84, 0xE9, 0xBA, 0xC7, 0x45, 0x9B,
    0x4E, 0x91, 0x89, 0x63, 0xB2, 0x13, 0xB0, 0xE8, 0x45, 0x9D, 0xFB, 0xD7, 0x34, 0x17, 0x82, 0x05,
    0x0F, 0x11, 0x2A, 0x4E, 0x45, 0x74, 0x22, 0x40, 0x3F, 0x6A, 0x43, 0xDB, 0x3B, 0x25, 0x03, 0xFD,
    0x49, 0x2B, 0x64, 0xC0, 0xD6, 0x16, 0x98, 0xBB, 0xC1, 0x86, 0xB8, 0xC5, 0x11, 0xF2, 0x24, 0x84,
    0xCC, 0x14, 0x0B, 0xD8, 0x1A, 0x2E, 0x84, 0xAC, 0x4E, 0x5C, 0xC8, 0x0E, 0x8B, 0x02, 0xD6, 0x67,
    0xE7, 0x30, 0x3E, 0x8B, 0xB7, 0x61, 0x4E, 0x40, 0xC8, 0xFF, 0x19, 0xD0, 0x87, 0x85, 0x6C, 0x63,
    0xAD, 0x37, 0x60, 0x0F, 0x45, 0x79, 0x69, 0xD4, 0x3E, 0x5E, 0xD0, 0x06, 0x55, 0xE8, 0x1C, 0x51,
    0x11, 0x23, 0x2A, 0x28, 0xD9, 0x9A, 0xF0, 0x94, 0x94, 0x6A, 0x12, 0x55, 0xE6, 0x9A, 0x37, 0x7F,
    0xF7, 0x3F, 0xBB, 0x96, 0x72, 0x35, 0x6D, 0xB1, 0xFF, 0x3C, 0x8F, 0x49, 0x3F, 0x66, 0xEF, 0x4E,
    0x00, 0x0F, 0xEB, 0xDF, 0x47, 0x43, 0x02, 0xE1, 0x3A, 0xB7, 0x72, 0x32, 0x77, 0x59, 0x8D, 0x6B,
    0x78, 0x06, 0x64, 0xDD, 0x1E, 0xC0, 0x33, 0x6F, 0xD0, 0x53, 0x23, 0x9D, 0x89, 0x94, 0xB2, 0x3B,
    0x17, 0x52, 0xE9, 0x12, 0x34, 0x8A, 0xDD, 0xF1, 0x66, 0x4F, 0x25, 0xC4, 0x1B, 0xB0, 0x2C, 0x54,
    0xFB, 0x9C, 0x60, 0xB9, 0x88, 0x46, 0x66, 0x8D, 0x9C, 0x2F, 0x63, 0xCE, 0xAA, 0x9C, 0x54, 0x95,
    0x48, 0xE7, 0x79, 0x08, 0x08, 0xF3, 0x5C, 0xAC, 0xF5, 0xFE, 0x51, 0x92, 0x9B, 0xF6, 0x20, 0x0D,
    0xB8, 0xE4, 0xCD, 0x3E, 0x75, 0xC2, 0xFB, 0x24, 0x73, 0x1F, 0xE8, 0xA4, 0xAB, 0x64, 0x5F, 0x4D,
    0xE2, 0x93, 0x0B, 0xDE, 0x21, 0x9A, 0x61, 0x4C, 0x38, 0x71, 0x59, 0x1C, 0x54, 0xBB, 0x9F, 0xB4,
    0x8C, 0xB8, 0x28, 0x0A, 0x9B, 0xDD, 0xC2, 0xB1, 0xD1, 0xF8, 0x76, 0x48, 0xD9, 0xF1, 0xC5, 0xFB,
    0x9F, 0x81, 0x92, 0xD2, 0x7B, 0x08, 0xE3, 0x88, 0x32, 0x1D, 0x36, 0x7D, 0xB2, 0x89, 0x29, 0x5B,
    0x3F, 0x7B, 0xD4, 0x30, 0x6C, 0xE2, 0xB0, 0x6F, 0x70, 0x03, 0x66, 0xDD, 0xEA, 0xB3, 0x0E, 0xCA,
    0x39, 0x24, 0x8C, 0x2D, 0x64, 0x0D, 0x5D, 0x5E, 0xC7, 0xAF, 0xBF, 0xE6, 0x48, 0x37, 0x8B, 0x99,
    0xE7, 0x4B, 0xF6, 0xA9, 0x52, 0xEA, 0x35, 0x53, 0xEB, 0xBF, 0xEF, 0xB1, 0x34, 0xB1, 0x07, 0x4C,
    0x48, 0xDD, 0xCF, 0x70, 0x7D, 0xD5, 0xD4, 0x00, 0xD7, 0x9C, 0x90, 0x0F, 0xF0, 0xF7, 0x73, 0xBA,
    0x0E, 0x4C, 0xD7, 0xE1, 0xE5, 0xB6, 0x5A, 0xC1, 0x72, 0xEB, 0xD3, 0x3E, 0x89, 0xDB, 0x4A, 0x4D,
    0xA8, 0x79, 0xF7, 0xE8, 0xED, 0x98, 0x9A, 0xD6, 0x35, 0x14, 0xE2, 0xC7, 0x5A, 0xE8, 0xB1, 0x32,
    0x34, 0xF7, 0xB8, 0xD6, 0x95, 0xDC, 0x8A, 0x72, 0x16, 0x66, 0xB5, 0xDA, 0x39, 0x8F, 0x7C, 0x80,
    0x84, 0x93, 0x05, 0xEF, 0xB5, 0x64, 0x81, 0x26, 0x7F, 0x84, 0x1A, 0xDE, 0xB6, 0xE3, 0x55, 0xF6,
    0xA7, 0xB9, 0x13, 0xC1, 0x69, 0x37, 0x9C, 0x8F, 0x39, 0x41, 0xE1, 0x2F, 0xF8, 0xF9, 0xCD, 0xBA,
    0xB2, 0xC5, 0x22, 0x77, 0x5B, 0x91, 0xF3, 0xEE, 0x9E, 0x09, 0x72, 0xC8, 0xB1, 0xD9, 0xCC, 0x60,
    0x1E, 0x13, 0x6E, 0xBD, 0x2D, 0xF4, 0x5D, 0x33, 0x9F, 0xF4, 0x74, 0x3E, 0x8F, 0xB6, 0x7B, 0xCE,
    0x2E, 0xF2, 0x8B, 0x30, 0xCC, 0x55, 0xB8, 0x7B, 0xB3, 0x85, 0x4C, 0xA3, 0x5B, 0xC8, 0x07, 0xC2,
    0x05, 0xFB, 0x7C, 0xC6, 0xC0, 0x87, 0x0C, 0xE4, 0x2E, 0x27, 0x34, 0x0D, 0x3B, 0x98, 0x45, 0xDC,
    0xF0, 0x7F, 0x99, 0x4F, 0xBA, 0x7A, 0x30, 0xEF, 0xE8, 0xC1, 0x1C, 0x5D, 0x2B, 0x01, 0x3B, 0x03,
    0xEC, 0xF4, 0x20, 0xD8, 0x57, 0x12, 0x73, 0x37, 0x33, 0xEF, 0x25, 0x1C, 0x2B, 0x0F, 0x29, 0x99,
    0x1F, 0x24, 0xC6, 0x57, 0xB9, 0xF1, 0x45, 0x72, 0x38, 0xB1, 0x98, 0xDC, 0xC9, 0x66, 0x12, 0x63,
    0xE5, 0xED, 0x00, 0xB7, 0x9D, 0xD2, 0x04, 0x48, 0x9D, 0xC7, 0xD3, 0x85, 0xA7, 0xD8, 0x06, 0x44,
    0x22, 0xBE, 0xC9, 0xCF, 0xC6, 0x33, 0xC4, 0xDD, 0x32, 0x9F, 0x97, 0x70, 0xCB, 0xAC, 0x5B, 0x3C,
    0x98, 0xD2, 0xE6, 0xCF, 0xBD, 0xE1, 0x52, 0x93, 0x4D, 0xCD, 0x64, 0x91, 0xB7, 0xDB, 0x17, 0xD9,
    0x25, 0xD8, 0x71, 0xD7, 0x16, 0x69, 0xCE, 0x51, 0xB3, 0xEC, 0xCC, 0xB3, 0x7C, 0x9E, 0x34, 0x8D,
    0x99, 0x46, 0x2C, 0x71, 0x3D, 0xE7, 0x42, 0x27, 0xB7, 0xF5, 0x0E, 0x9F, 0x9D, 0xCC, 0x90, 0x59,
    0x91, 0x3F, 0x30, 0x75, 0xDF, 0xAD, 0xC8, 0x4B, 0x99, 0x19, 0x1F, 0xF9, 0xA6, 0x12, 0x4F, 0x03,
    0xA9, 0x9C, 0x48, 0xF2, 0xCE, 0xF9, 0x3C, 0xD4, 0xF0, 0x2F, 0x15, 0xAC, 0xD7, 0x15, 0x88, 0x01,
    0x7D, 0x7A, 0x6C, 0x62, 0xC8, 0x4A, 0xF8, 0xE8, 0x67, 0xB5, 0xFD, 0x72, 0x24, 0x31, 0xAB, 0xC6,
    0x4B, 0x99, 0x4F, 0xB3, 0xE6, 0xA9, 0x73, 0x7E, 0xA0, 0x6A, 0xEF, 0x5C, 0x4E, 0x82, 0x75, 0x16,
    0xC8, 0x4C, 0xE3, 0x52, 0x61, 0xF3, 0x04, 0x23, 0x8F, 0xDF, 0x3C, 0x5E, 0xBB, 0x15, 0xA0, 0xEA,
    0xDD, 0x1B, 0x27, 0x9A, 0x84, 0xCF, 0xCF, 0xC3, 0xE8, 0xD9, 0xC5, 0xB8, 0x2E, 0x5B, 0xC1, 0x77,
    0xE8, 0x55, 0x6A, 0x31, 0xAE, 0xC3, 0xF6, 0xF4, 0x7A, 0x2C, 0xF8, 0x29, 0xE0, 0x97, 0x80, 0xCF,
    0x2E, 0x7C, 0x77, 0x04, 0xBE, 0x7A, 0x18, 0xBE, 0x19, 0xB9, 0x49, 0x7B, 0x3B, 0x89, 0x9D, 0x58,
    0x72, 0x9B, 0xB8, 0xA7, 0x92, 0x30, 0x09, 0xD5, 0x12, 0x19, 0x89, 0x9B, 0x8C, 0xCE, 0x71, 0x22,
    0x3B, 0xB2, 0xE4, 0x9E, 0xBA, 0x13, 0x56, 0x61, 0xF5, 0xEA, 0x59, 0x5A, 0xE7, 0xE3, 0x0E, 0x3E,
    0x21, 0x8B, 0xA3, 0x69, 0xB8, 0x85, 0xD5, 0x3F, 0xA5, 0x8B, 0x80, 0xB7, 0x6B, 0xB2, 0x1D, 0xB1,
    0x83, 0xBE, 0x04, 0xD8, 0x2D, 0xD1, 0x6E, 0x4F, 0x14, 0xBD, 0x30, 0x52, 0x56, 0x42, 0xE2, 0x31,
    0x87, 0xC1, 0x82, 0xBC, 0xB2, 0x47, 0x41, 0xD6, 0xA5, 0x85, 0x9D, 0x40, 0xAD, 0xA0, 0x30, 0x58,
    0x85, 0xAA, 0x7A, 0xCE, 0x4E, 0xBA, 0xD8, 0x84, 0xF0, 0xC5, 0x26, 0xFB, 0x77, 0x1B, 0xF6, 0xBB,
    0x7B, 0x8D, 0x32, 0xA7, 0x0B, 0x68, 0x3B, 0x2C, 0xA9, 0xD8, 0x32, 0xF2, 0xEE, 0x54, 0xBF, 0x1B,
    0xEA, 0x2A, 0xD4, 0x83, 0x85, 0xA9, 0xB2, 0x89, 0x79, 0x3A, 0x32, 0x61, 0xDB, 0x1F, 0xA6, 0x8E,
    0x99, 0x7B, 0x7F, 0x2E, 0x6B, 0xAB, 0x5E, 0x58, 0xFE, 0x7D, 0xBB, 0xCD, 0xC1, 0xFB, 0x1C, 0x52,
    0xCB, 0x8D, 0x99, 0x4D, 0x30, 0xE7, 0xE2, 0x38, 0xE0, 0xF6, 0x14, 0x8A, 0x72, 0xB9, 0x88, 0x6E,
    0x14, 0x65, 0x3D, 0x52, 0x90, 0x8F, 0x81, 0xC3, 0xF8, 0xA1, 0x10, 0xBF, 0x00, 0x9C, 0x02, 0x70,
    0xFA, 0x8F, 0x87, 0x33, 0x3C, 0xCA, 0x38, 0xF0, 0xB0, 0x23, 0x83, 0x88, 0xC5, 0x20, 0xD5, 0x81,
    0x47, 0x42, 0x87, 0x39, 0xCE, 0x38, 0xD4, 0x11, 0x06, 0x1F, 0xD3, 0xC6, 0x8A, 0x37, 0x10, 0x45,
    0x45, 0xF6, 0x36, 0x32, 0x8D, 0x13, 0xD3, 0x84, 0xFD, 0x23, 0x72, 0xAF, 0xBA, 0xD1, 0x94, 0xB6,
    0xA3, 0x50, 0xEF, 0x46, 0x9C, 0xAD, 0xBA, 0xB6, 0xDE, 0xDB, 0x15, 0x91, 0xDD, 0xA1, 0x20, 0xE1,
    0x53, 0xCC, 0x7B, 0xA9, 0xF9, 0x69, 0x66, 0xFD, 0x26, 0xB5, 0xFF, 0x90, 0x88, 0x52, 0xAA, 0x40,
    0x0F, 0xDC, 0x5B, 0xE0, 0x71, 0xD5, 0xAC, 0x36, 0x39, 0x05, 0xFA, 0xE9, 0xD1, 0x4E, 0x1C, 0x8F,
    0x72, 0xB2, 0xC8, 0x67, 0x7F, 0x24, 0x6E, 0x0D, 0x23, 0x33, 0x00, 0x8B, 0x0B, 0x61, 0xEE, 0x83,
    0x8E, 0x70, 0xF6, 0x47, 0xC7, 0x3C, 0xE2, 0x3B, 0x09, 0xD4, 0xEF, 0xA0, 0x8C, 0xDC, 0x4E, 0xC8,
    0xFA, 0x58, 0x35, 0xEA, 0x3E, 0x1E, 0x29, 0x57, 0xB8, 0xBF, 0xDD, 0xE5, 0x0D, 0x44, 0x09, 0xF6,
    0xED, 0x46, 0x46, 0xB3, 0x9B, 0x27, 0x55, 0x13, 0x02, 0x87, 0x15, 0x75, 0x96, 0xA1, 0x4A, 0x0A,
    0x2B, 0xEA, 0xAE, 0xB5, 0x09, 0xEB, 0x29, 0xF8, 0x35, 0xB9, 0xEF, 0x4A, 0xB6, 0x7A, 0xE4, 0xE1,
    0x50, 0x9D, 0x1B, 0xDF, 0x22, 0xFB, 0x76, 0x73, 0x8C, 0x34, 0xFE, 0x26, 0x9A, 0xB5, 0x0A, 0x6E,
    0x7F, 0xCE, 0x2C, 0xE4, 0x08, 0xEF, 0xBA, 0x81, 0xE4, 0x83, 0x47, 0x47, 0x7D, 0x8A, 0x33, 0xD4,
    0x3B, 0x05, 0x14, 0x73, 0x13, 0xD2, 0xF0, 0x72, 0xC9, 0x20, 0xD2, 0x93, 0x78, 0x60, 0xA1, 0xB7,
    0x04, 0xA2, 0x51, 0x5B, 0x89, 0x04, 0xFA, 0x4F, 0x74, 0xE8, 0x49, 0x76, 0xE9, 0x1E, 0x9F, 0x9C,
    0x6F, 0x71, 0xFA, 0xD9, 0x62, 0x19, 0x96, 0xCC, 0x6F, 0xC9, 0x19, 0xB3, 0xE4, 0x90, 0x58, 0xF2,
    0x16, 0x6B, 0xC9, 0x55, 0xCB, 0x5D, 0x90, 0x71, 0x8F, 0x77, 0xA4, 0x76, 0xFF, 0xCA, 0x3E, 0xF7,
    0x47, 0x1E, 0xAE, 0x9E, 0x83, 0x59, 0xC1, 0xDE, 0x63, 0x74, 0x07, 0xA6, 0x5E, 0x37, 0x36, 0x9E,
    0x68, 0x82, 0xC7, 0x4B, 0x4D, 0xA5, 0xD2, 0x05, 0x63, 0x93, 0x12, 0x39, 0xB9, 0x32, 0xF1, 0x13,
    0x47, 0x79, 0xCA, 0xCD, 0xF0, 0x14, 0xAE, 0x72, 0x2A, 0xFC, 0x3F, 0xBC, 0x8A, 0x6C, 0xBD, 0xCD,
    0x99, 0xA2, 0x49, 0x52, 0x88, 0xC2, 0xC6, 0x57, 0x11, 0xD9, 0xBF, 0x4D, 0xE1, 0x6F, 0xA9, 0xB4,
    0xE4, 0xB1, 0x56, 0xCF, 0x0D, 0xCB, 0xAA, 0x8D, 0x61, 0x95, 0x85, 0xBC, 0xC6, 0xD9, 0x98, 0xCB,
    0x58, 0xAE, 0xED, 0x66, 0x79, 0x08, 0x6A, 0xC7, 0xE0, 0x21, 0x73, 0xA5, 0x51, 0xC0, 0xAF, 0x25,
    0x0F, 0x8B, 0x67, 0x31, 0x78, 0x5D, 0x88, 0xC3, 0xBD, 0x81, 0xC1, 0x2A, 0x79, 0x28, 0xEE, 0x83,
    0xA8, 0x5C, 0x2B, 0x18, 0x44, 0xAC, 0xFC, 0x07, 0x34, 0xD5, 0x14, 0x55, 0x4B, 0x4D, 0xA8, 0x89,
    0x91, 0x4B, 0x2F, 0x51, 0x10, 0xE1, 0xC9, 0x96, 0x10, 0x63, 0x10, 0xB0, 0x2B, 0xFC, 0xE6, 0x23,
    0xDA, 0xDA, 0x10, 0x0A, 0x84, 0x4E, 0x06, 0xDE, 0xF6, 0xDF, 0x00, 0xDA, 0x45, 0x45, 0xA0, 0x95,
    0x29, 0x15, 0x55, 0x73, 0xF0, 0x12, 0xD5, 0xF2, 0x9F, 0x68, 0xFA, 0x42, 0x77, 0x6D, 0x58, 0x24,
    0x25, 0xB5, 0x17, 0x9F, 0x28, 0xE1, 0x72, 0xEE, 0x3D, 0x6C, 0x46, 0xA9, 0xFD, 0x24, 0xBB, 0xC5,
    0x0D, 0xDA, 0x13, 0xE3, 0xED, 0xE4, 0xE9, 0xFF, 0x17,
};

static const EpdGlyph notonaskh_12_boldGlyphs[] = {
    { 0, 0, 0, 0, 0, 0, 0 }, // U+0000
    { 0, 0, 0, 0, 0, 0, 0 }, // U+0001
    { 0, 0, 0, 0, 0, 0, 0 }, // U+0002
    { 0, 0, 0, 0, 0, 0, 0 }, // U+0003
    { 0, 0, 0, 0, 0, 0, 0 }, // U+0004
    { 0, 0, 0, 0, 0, 0, 0 }, // U+0005
    { 0, 0, 0, 0, 0, 0, 0 }, // U+0006
    { 0, 0, 0, 0, 0, 0, 0 }, // U+0007
    { 0, 0, 0, 0, 0, 0, 0 }, // U+0008
    { 0, 0, 0, 0, 0, 0, 0 }, // U+0009
    { 0, 0, 0, 0, 0, 0, 0 }, // U+000A
    { 0, 0, 0, 0, 0, 0, 0 }, // U+000B
    { 0, 0, 0, 0, 0, 0, 0 }, // U+000C
    { 0, 0, 0, 0, 0, 0, 0 }, // U+000D
    { 0, 0, 0, 0, 0, 0, 0 }, // U+000E
    { 0, 0, 0, 0, 0, 0, 0 }, // U+000F
    { 0, 0, 0, 0, 0, 0, 0 }, // U+0010
    { 0, 0, 0, 0, 0, 0, 0 }, // U+0011
    { 0, 0, 0, 0, 0, 0, 0 }, // U+0012
    { 0, 0, 0, 0, 0, 0, 0 }, // U+0013
    { 0, 0, 0, 0, 0, 0, 0 }, // U+0014
    { 0, 0, 0, 0, 0, 0, 0 }, // U+0015
    { 0, 0, 0, 0, 0, 0, 0 }, // U+0016
    { 0, 0, 0, 0, 0, 0, 0 }, // U+0017
    { 0, 0, 0, 0, 0, 0, 0 }, // U+0018
    { 0, 0, 0, 0, 0, 0, 0 }, // U+0019
    { 0, 0, 0, 0, 0, 0, 0 }, // U+001A
    { 0, 0, 0, 0, 0, 0, 0 }, // U+001B
    { 0, 0, 0, 0, 0, 0, 0 }, // U+001C
    { 0, 0, 0, 0, 0, 0, 0 }, // U+001D
    { 0, 0, 0, 0, 0, 0, 0 }, // U+001E
    { 0, 0, 0, 0, 0, 0, 0 }, // U+001F
    { 0, 0, 88, 0, 0, 0, 0 }, // U+0020
    { 5, 19, 104, 1, 17, 24, 0 }, // !
    { 11, 8, 204, 1, 18, 22, 24 }, // "
    { 14, 18, 226, 0, 18, 63, 46 }, // #
    { 12, 21, 226, 1, 19, 63, 109 }, // $
    { 22, 20, 362, 0, 19, 110, 172 }, // %
    { 19, 20, 320, 1, 19, 95, 282 }, // &
    { 5, 8, 116, 1, 18, 10, 377 }, // '
    { 9, 24, 160, 1, 20, 54, 387 }, // (
    { 9, 24, 160, 0, 20, 54, 441 }, // )
    { 12, 11, 201, 0, 20, 33, 495 }, // *
    { 12, 12, 226, 1, 15, 36, 528 }, // +
    { 5, 8, 118, 1, 4, 10, 564 }, // ,
    { 8, 4, 124, 0, 9, 8, 574 }, // -
    { 5, 5, 98, 1, 3, 7, 582 }, // .
    { 8, 23, 115, 0, 19, 46, 589 }, // /
    { 14, 20, 224, 0, 19, 70, 635 }, // 0
    { 12, 18, 224, 1, 18, 54, 705 }, // 1
    { 13, 19, 224, 0, 19, 62, 759 }, // 2
    { 13, 20, 224, 0, 19, 65, 821 }, // 3
    { 14, 18, 224, 0, 18, 63, 886 }, // 4
    { 12, 19, 224, 1, 18, 57, 949 }, // 5
    { 13, 20, 224, 1, 19, 65, 1006 }, // 6
    { 13, 18, 224, 1, 18, 59, 1071 }, // 7
    { 14, 20, 224, 0, 19, 70, 1130 }, // 8
    { 13, 20, 224, 0, 19, 65, 1200 }, // 9
    { 5, 14, 110, 1, 12, 18, 1265 }, // :
    { 5, 18, 122, 1, 14, 23, 1283 }, // ;
    { 12, 14, 226, 1, 16, 42, 1306 }, // <
    { 12, 8, 226, 1, 13, 24, 1348 }, // =
    { 12, 14, 226, 1, 16, 42, 1372 }, // >
    { 13, 20, 209, 0, 19, 65, 1414 }, // ?
    { 21, 22, 368, 1, 18, 116, 1479 }, // @
    { 19, 18, 301, 0, 18, 86, 1595 }, // A
    { 17, 18, 277, 0, 18, 77, 1681 }, // B
    { 15, 20, 268, 1, 19, 75, 1758 }, // C
    { 18, 18, 307, 0, 18, 81, 1833 }, // D
    { 16, 18, 261, 0, 18, 72, 1914 }, // E
    { 15, 18, 248, 0, 18, 68, 1986 }, // F
    { 18, 20, 308, 1, 19, 90, 2054 }, // G
    { 20, 18, 328, 0, 18, 90, 2144 }, // H
    { 10, 18, 160, 0, 18, 45, 2234 }, // I
    { 11, 24, 158, -1, 18, 66, 2279 }, // J
    { 19, 18, 299, 0, 18, 86, 2345 }, // K
    { 16, 18, 262, 0, 18, 72, 2431 }, // L
    { 24, 18, 381, 0, 18, 108, 2503 }, // M
    { 20, 18, 315, 0, 18, 90, 2611 }, // N
    { 18, 20, 315, 1, 19, 90, 2701 }, // O
    { 16, 18, 255, 0, 18, 72, 2791 }, // P
    { 18, 25, 315, 1, 19, 113, 2863 }, // Q
    { 18, 18, 285, 0, 18, 81, 2976 }, // R
    { 14, 20, 232, 0, 19, 70, 3057 }, // S
    { 17, 18, 261, 0, 18, 77, 3127 }, // T
    { 19, 19, 299, 0, 18, 91, 3204 }, // U
    { 18, 18, 279, 0, 18, 81, 3295 }, // V
    { 27, 18, 427, 0, 18, 122, 3376 }, // W
    { 19, 18, 293, 0, 18, 86, 3498 }, // X
    { 18, 18, 277, 0, 18, 81, 3584 }, // Y
    { 15, 18, 267, 1, 18, 68, 3665 }, // Z
    { 8, 23, 166, 2, 19, 46, 3733 }, // [
    { 8, 23, 115, 0, 19, 46, 3779 }, // <backslash>
    { 8, 23, 166, 0, 19, 46, 3825 }, // ]
    { 12, 12, 226, 1, 18, 36, 3871 }, // ^
    { 13, 2, 184, -1, -2, 7, 3907 }, // _
    { 7, 5, 134, 1, 20, 9, 3914 }, // `
    { 14, 15, 240, 1, 14, 53, 3923 }, // a
    { 16, 20, 260, 0, 19, 80, 3976 }, // b
    { 12, 15, 211, 1, 14, 45, 4056 }, // c
    { 15, 20, 260, 1, 19, 75, 4101 }, // d
    { 13, 15, 229, 1, 14, 49, 4176 }, // e
    { 12, 20, 163, 0, 20, 60, 4225 }, // f
    { 14, 21, 224, 0, 15, 74, 4285 }, // g
    { 17, 19, 267, 0, 19, 81, 4359 }, // h
    { 9, 20, 141, 0, 20, 45, 4440 }, // i
    { 8, 26, 138, -1, 20, 52, 4485 }, // j
    { 16, 19, 255, 0, 19, 76, 4537 }, // k
    { 9, 19, 141, 0, 19, 43, 4613 }, // l
    { 25, 14, 394, 0, 14, 88, 4656 }, // m
    { 17, 14, 267, 0, 14, 60, 4744 }, // n
    { 14, 15, 246, 1, 14, 53, 4804 }, // o
    { 15, 20, 258, 0, 14, 75, 4857 }, // p
    { 15, 20, 259, 1, 14, 75, 4932 }, // q
    { 13, 14, 209, 0, 14, 46, 5007 }, // r
    { 12, 15, 192, 0, 14, 45, 5053 }, // s
    { 10, 18, 162, 0, 17, 45, 5098 }, // t
    { 17, 15, 267, 0, 14, 64, 5143 }, // u
    { 16, 14, 242, 0, 14, 56, 5207 }, // v
    { 23, 14, 342, -1, 14, 81, 5263 }, // w
    { 16, 14, 258, 0, 14, 56, 5344 }, // x
    { 15, 20, 232, 0, 14, 75, 5400 }, // y
    { 13, 14, 212, 0, 14, 46, 5475 }, // z
    { 11, 23, 177, 0, 19, 64, 5521 }, // {
    { 2, 25, 226, 6, 19, 13, 5585 }, // |
    { 11, 23, 177, 0, 19, 64, 5598 }, // }
    { 13, 6, 226, 1, 12, 20, 5662 }, // ~
    { 0, 0, 0, 0, 0, 0, 5682 }, // U+007F
    { 0, 0, 0, 0, 0, 0, 0 }, // U+0080
    { 0, 0, 0, 0, 0, 0, 0 }, // U+0081
    { 0, 0, 0, 0, 0, 0, 0 }, // U+0082
    { 0, 0, 0, 0, 0, 0, 0 }, // U+0083
    { 0, 0, 0, 0, 0, 0, 0 }, // U+0084
    { 0, 0, 0, 0, 0, 0, 0 }, // U+0085
    { 0, 0, 0, 0, 0, 0, 0 }, // U+0086
    { 0, 0, 0, 0, 0, 0, 0 }, // U+0087
    { 0, 0, 0, 0, 0, 0, 0 }, // U+0088
    { 0, 0, 0, 0, 0, 0, 0 }, // U+0089
    { 0, 0, 0, 0, 0, 0, 0 }, // U+008A
    { 0, 0, 0, 0, 0, 0, 0 }, // U+008B
    { 0, 0, 0, 0, 0, 0, 0 }, // U+008C
    { 0, 0, 0, 0, 0, 0, 0 }, // U+008D
    { 0, 0, 0, 0, 0, 0, 0 }, // U+008E
    { 0, 0, 0, 0, 0, 0, 0 }, // U+008F
    { 0, 0, 0, 0, 0, 0, 0 }, // U+0090
    { 0, 0, 0, 0, 0, 0, 0 }, // U+0091
    { 0, 0, 0, 0, 0, 0, 0 }, // U+0092
    { 0, 0, 0, 0, 0, 0, 0 }, // U+0093
    { 0, 0, 0, 0, 0, 0, 0 }, // U+0094
    { 0, 0, 0, 0, 0, 0, 0 }, // U+0095
    { 0, 0, 0, 0, 0, 0, 0 }, // U+0096
    { 0, 0, 0, 0, 0, 0, 0 }, // U+0097
    { 0, 0, 0, 0, 0, 0, 0 }, // U+0098
    { 0, 0, 0, 0, 0, 0, 0 }, // U+0099
    { 0, 0, 0, 0, 0, 0, 0 }, // U+009A
    { 0, 0, 0, 0, 0, 0, 0 }, // U+009B
    { 0, 0, 0, 0, 0, 0, 0 }, // U+009C
    { 0, 0, 0, 0, 0, 0, 0 }, // U+009D
    { 0, 0, 0, 0, 0, 0, 0 }, // U+009E
    { 0, 0, 0, 0, 0, 0, 0 }, // U+009F
    { 0, 0, 88, 0, 0, 0, 0 }, // U+00A0
    { 5, 18, 144, 3, 15, 23, 0 }, // U+00A1
    { 13, 18, 226, 1, 18, 59, 23 }, // U+00A2
    { 14, 20, 226, 0, 19, 70, 82 }, // U+00A3
    { 14, 18, 226, 0, 18, 63, 152 }, // U+00A5
    { 12, 22, 218, 1, 19, 66, 215 }, // U+00A7
    { 9, 4, 231, 3, 19, 9, 281 }, // U+00A8
    { 19, 20, 338, 1, 19, 95, 290 }, // U+00A9
    { 10, 9, 168, 0, 18, 23, 385 }, // U+00AA
    { 11, 10, 194, 1, 12, 28, 408 }, // U+00AB
    { 0, 0, 0, 0, 0, 0, 436 }, // U+00AD
    { 19, 20, 338, 1, 19, 95, 436 }, // U+00AE
    { 13, 2, 184, -1, 21, 7, 531 }, // U+00AF
    { 9, 9, 160, 0, 19, 21, 538 }, // U+00B0
    { 7, 5, 134, 1, 20, 9, 559 }, // U+00B4
    { 14, 22, 251, 1, 19, 77, 568 }, // U+00B6
    { 5, 5, 118, 1, 11, 7, 645 }, // U+00B7
    { 6, 7, 133, 1, 1, 11, 652 }, // U+00B8
    { 11, 9, 175, 0, 18, 25, 663 }, // U+00BA
    { 11, 10, 194, 0, 12, 28, 688 }, // U+00BB
    { 13, 19, 209, 0, 14, 62, 716 }, // U+00BF
    { 19, 24, 301, 0, 24, 114, 778 }, // U+00C0
    { 19, 24, 301, 0, 24, 114, 892 }, // U+00C1
    { 19, 24, 301, 0, 24, 114, 1006 }, // U+00C2
    { 19, 24, 301, 0, 24, 114, 1120 }, // U+00C3
    { 19, 23, 301, 0, 23, 110, 1234 }, // U+00C4
    { 19, 22, 301, 0, 22, 105, 1344 }, // U+00C5
    { 25, 18, 397, 0, 18, 113, 1449 }, // U+00C6
    { 15, 25, 268, 1, 19, 94, 1562 }, // U+00C7
    { 16, 24, 261, 0, 24, 96, 1656 }, // U+00C8
    { 16, 24, 261, 0, 24, 96, 1752 }, // U+00C9
    { 16, 24, 261, 0, 24, 96, 1848 }, // U+00CA
    { 16, 23, 261, 0, 23, 92, 1944 }, // U+00CB
    { 10, 24, 160, 0, 24, 60, 2036 }, // U+00CC
    { 10, 24, 160, 0, 24, 60, 2096 }, // U+00CD
    { 10, 24, 160, 0, 24, 60, 2156 }, // U+00CE
    { 10, 23, 160, 0, 23, 58, 2216 }, // U+00CF
    { 18, 18, 307, 0, 18, 81, 2274 }, // U+00D0
    { 20, 24, 315, 0, 24, 120, 2355 }, // U+00D1
    { 18, 25, 315, 1, 24, 113, 2475 }, // U+00D2
    { 18, 25, 315, 1, 24, 113, 2588 }, // U+00D3
    { 18, 25, 315, 1, 24, 113, 2701 }, // U+00D4
    { 18, 25, 315, 1, 24, 113, 2814 }, // U+00D5
    { 18, 24, 315, 1, 23, 108, 2927 }, // U+00D6
    { 12, 12, 226, 1, 15, 36, 3035 }, // U+00D7
    { 18, 20, 315, 1, 19, 90, 3071 }, // U+00D8
    { 19, 25, 299, 0, 24, 119, 3161 }, // U+00D9
    { 19, 25, 299, 0, 24, 119, 3280 }, // U+00DA
    { 19, 25, 299, 0, 24, 119, 3399 }, // U+00DB
    { 19, 24, 299, 0, 23, 114, 3518 }, // U+00DC
    { 18, 24, 277, 0, 24, 108, 3632 }, // U+00DD
    { 16, 18, 255, 0, 18, 72, 3740 }, // U+00DE
    { 17, 21, 282, 0, 20, 90, 3812 }, // U+00DF
    { 14, 21, 240, 1, 20, 74, 3902 }, // U+00E0
    { 14, 21, 240, 1, 20, 74, 3976 }, // U+00E1
    { 14, 21, 240, 1, 20, 74, 4050 }, // U+00E2
    { 14, 21, 240, 1, 20, 74, 4124 }, // U+00E3
    { 14, 20, 240, 1, 19, 70, 4198 }, // U+00E4
    { 14, 22, 240, 1, 21, 77, 4268 }, // U+00E5
    { 20, 15, 350, 1, 14, 75, 4345 }, // U+00E6
    { 12, 20, 211, 1, 14, 60, 4420 }, // U+00E7
    { 13, 21, 229, 1, 20, 69, 4480 }, // U+00E8
    { 13, 21, 229, 1, 20, 69, 4549 }, // U+00E9
    { 13, 21, 229, 1, 20, 69, 4618 }, // U+00EA
    { 13, 20, 229, 1, 19, 65, 4687 }, // U+00EB
    { 10, 20, 141, -1, 20, 50, 4752 }, // U+00EC
    { 9, 20, 141, 0, 20, 45, 4802 }, // U+00ED
    { 10, 20, 141, -1, 20, 50, 4847 }, // U+00EE
    { 10, 19, 141, -1, 19, 48, 4897 }, // U+00EF
    { 14, 21, 246, 1, 20, 74, 4945 }, // U+00F0
    { 17, 20, 267, 0, 20, 85, 5019 }, // U+00F1
    { 14, 21, 246, 1, 20, 74, 5104 }, // U+00F2
    { 14, 21, 246, 1, 20, 74, 5178 }, // U+00F3
    { 14, 21, 246, 1, 20, 74, 5252 }, // U+00F4
    { 14, 21, 246, 1, 20, 74, 5326 }, // U+00F5
    { 14, 20, 246, 1, 19, 70, 5400 }, // U+00F6
    { 12, 14, 226, 1, 16, 42, 5470 }, // U+00F7
    { 14, 16, 246, 1, 15, 56, 5512 }, // U+00F8
    { 17, 21, 267, 0, 20, 90, 5568 }, // U+00F9
    { 17, 21, 267, 0, 20, 90, 5658 }, // U+00FA
    { 17, 21, 267, 0, 20, 90, 5748 }, // U+00FB
    { 17, 20, 267, 0, 19, 85, 5838 }, // U+00FC
    { 15, 26, 232, 0, 20, 98, 5923 }, // U+00FD
    { 15, 25, 258, 0, 19, 94, 6021 }, // U+00FE
    { 15, 25, 232, 0, 19, 94, 6115 }, // U+00FF
    { 19, 22, 301, 0, 22, 105, 0 }, // U+0100
    { 14, 19, 240, 1, 18, 67, 105 }, // U+0101
    { 19, 24, 301, 0, 24, 114, 172 }, // U+0102
    { 14, 21, 240, 1, 20, 74, 286 }, // U+0103
    { 19, 24, 301, 0, 18, 114, 360 }, // U+0104
    { 14, 20, 240, 1, 14, 70, 474 }, // U+0105
    { 15, 25, 268, 1, 24, 94, 544 }, // U+0106
    { 12, 21, 211, 1, 20, 63, 638 }, // U+0107
    { 15, 25, 268, 1, 24, 94, 701 }, // U+010A
    { 12, 21, 211, 1, 20, 63, 795 }, // U+010B
    { 15, 25, 268, 1, 24, 94, 858 }, // U+010C
    { 12, 21, 211, 1, 20, 63, 952 }, // U+010D
    { 18, 24, 307, 0, 24, 108, 1015 }, // U+010E
    { 18, 20, 260, 1, 19, 90, 1123 }, // U+010F
    { 18, 18, 307, 0, 18, 81, 1213 }, // U+0110
    { 15, 20, 260, 1, 19, 75, 1294 }, // U+0111
    { 16, 22, 261, 0, 22, 88, 1369 }, // U+0112
    { 13, 19, 229, 1, 18, 62, 1457 }, // U+0113
    { 16, 24, 261, 0, 24, 96, 1519 }, // U+0116
    { 13, 21, 229, 1, 20, 69, 1615 }, // U+0117
    { 16, 24, 261, 0, 18, 96, 1684 }, // U+0118
    { 13, 20, 229, 1, 14, 65, 1780 }, // U+0119
    { 16, 24, 261, 0, 24, 96, 1845 }, // U+011A
    { 13, 21, 229, 1, 20, 69, 1941 }, // U+011B
    { 18, 25, 308, 1, 24, 113, 2010 }, // U+011E
    { 14, 26, 224, 0, 20, 91, 2123 }, // U+011F
    { 18, 25, 308, 1, 24, 113, 2214 }, // U+0120
    { 14, 26, 224, 0, 20, 91, 2327 }, // U+0121
    { 18, 25, 308, 1, 19, 113, 2418 }, // U+0122
    { 14, 26, 224, 0, 20, 91, 2531 }, // U+0123
    { 21, 18, 328, 0, 18, 95, 2622 }, // U+0126
    { 17, 19, 267, 0, 19, 81, 2717 }, // U+0127
    { 10, 22, 160, 0, 22, 55, 2798 }, // U+012A
    { 9, 18, 141, 0, 18, 41, 2853 }, // U+012B
    { 10, 24, 160, 0, 18, 60, 2894 }, // U+012E
    { 9, 26, 141, 0, 20, 59, 2954 }, // U+012F
    { 10, 24, 160, 0, 24, 60, 3013 }, // U+0130
    { 9, 14, 141, 0, 14, 32, 3073 }, // U+0131
    { 19, 24, 299, 0, 18, 114, 3105 }, // U+0136
    { 16, 25, 255, 0, 19, 100, 3219 }, // U+0137
    { 16, 24, 262, 0, 24, 96, 3319 }, // U+0139
    { 10, 25, 141, 0, 25, 63, 3415 }, // U+013A
    { 16, 24, 262, 0, 18, 96, 3478 }, // U+013B
    { 9, 25, 141, 0, 19, 57, 3574 }, // U+013C
    { 16, 18, 262, 0, 18, 72, 3631 }, // U+013D
    { 12, 19, 141, 0, 19, 57, 3703 }, // U+013E
    { 16, 18, 262, 0, 18, 72, 3760 }, // U+0141
    { 9, 19, 141, 0, 19, 43, 3832 }, // U+0142
    { 20, 24, 315, 0, 24, 120, 3875 }, // U+0143
    { 17, 20, 267, 0, 20, 85, 3995 }, // U+0144
    { 20, 24, 315, 0, 18, 120, 4080 }, // U+0145
    { 17, 20, 267, 0, 14, 85, 4200 }, // U+0146
    { 20, 24, 315, 0, 24, 120, 4285 }, // U+0147
    { 17, 20, 267, 0, 20, 85, 4405 }, // U+0148
    { 18, 25, 315, 1, 24, 113, 4490 }, // U+0150
    { 14, 21, 246, 1, 20, 74, 4603 }, // U+0151
    { 24, 20, 408, 1, 19, 120, 4677 }, // U+0152
    { 22, 15, 374, 1, 14, 83, 4797 }, // U+0153
    { 18, 24, 285, 0, 24, 108, 4880 }, // U+0154
    { 13, 20, 209, 0, 20, 65, 4988 }, // U+0155
    { 18, 24, 285, 0, 24, 108, 5053 }, // U+0158
    { 13, 20, 209, 0, 20, 65, 5161 }, // U+0159
    { 14, 25, 232, 0, 24, 88, 5226 }, // U+015A
    { 12, 21, 192, 0, 20, 63, 5314 }, // U+015B
    { 14, 25, 232, 0, 19, 88, 5377 }, // U+015E
    { 12, 20, 192, 0, 14, 60, 5465 }, // U+015F
    { 14, 25, 232, 0, 24, 88, 5525 }, // U+0160
    { 12, 21, 192, 0, 20, 63, 5613 }, // U+0161
    { 17, 24, 261, 0, 24, 102, 5676 }, // U+0164
    { 12, 20, 162, 0, 19, 60, 5778 }, // U+0165
    { 19, 23, 299, 0, 22, 110, 5838 }, // U+016A
    { 17, 19, 267, 0, 18, 81, 5948 }, // U+016B
    { 19, 26, 299, 0, 25, 124, 6029 }, // U+016E
    { 17, 22, 267, 0, 21, 94, 6153 }, // U+016F
    { 19, 25, 299, 0, 24, 119, 6247 }, // U+0170
    { 17, 21, 267, 0, 20, 90, 6366 }, // U+0171
    { 19, 24, 303, 0, 18, 114, 6456 }, // U+0172
    { 17, 20, 267, 0, 14, 85, 6570 }, // U+0173
    { 27, 24, 427, 0, 24, 162, 6655 }, // U+0174
    { 23, 20, 342, -1, 20, 115, 6817 }, // U+0175
    { 18, 24, 277, 0, 24, 108, 6932 }, // U+0176
    { 15, 26, 232, 0, 20, 98, 7040 }, // U+0177
    { 18, 23, 277, 0, 23, 104, 7138 }, // U+0178
    { 15, 24, 267, 1, 24, 90, 7242 }, // U+0179
    { 13, 20, 212, 0, 20, 65, 7332 }, // U+017A
    { 15, 24, 267, 1, 24, 90, 7397 }, // U+017B
    { 13, 20, 212, 0, 20, 65, 7487 }, // U+017C
    { 15, 24, 267, 1, 24, 90, 7552 }, // U+017D
    { 13, 20, 212, 0, 20, 65, 7642 }, // U+017E
    { 14, 25, 232, 0, 19, 88, 0 }, // U+0218
    { 12, 20, 192, 0, 14, 60, 88 }, // U+0219
    { 17, 24, 261, 0, 18, 102, 148 }, // U+021A
    { 10, 23, 162, 0, 17, 58, 250 }, // U+021B
    { 7, 5, 0, -12, 20, 9, 0 }, // U+0300
    { 8, 5, 0, -9, 20, 10, 9 }, // U+0301
    { 10, 5, 0, -12, 20, 13, 19 }, // U+0302
    { 10, 5, 0, -13, 20, 13, 32 }, // U+0303
    { 8, 3, 0, -4, 18, 6, 45 }, // U+0304
    { 8, 5, 0, -4, 20, 10, 51 }, // U+0306
    { 6, 5, 0, -3, 20, 8, 61 }, // U+0307
    { 10, 4, 0, -5, 19, 10, 69 }, // U+0308
    { 6, 7, 0, -3, 21, 11, 79 }, // U+030A
    { 12, 5, 0, -6, 20, 15, 90 }, // U+030B
    { 10, 5, 0, -13, 20, 13, 105 }, // U+030C
    { 4, 5, 0, -2, -1, 5, 118 }, // U+0326
    { 6, 7, 0, -3, 1, 11, 123 }, // U+0327
    { 6, 6, 0, -3, 0, 9, 134 }, // U+0328
    { 0, 0, 0, 0, 0, 0, 143 }, // U+034F
    { 32, 10, 514, 0, 8, 80, 0 }, // U+0600
    { 41, 8, 659, 0, 2, 82, 80 }, // U+0601
    { 34, 9, 538, 0, 7, 77, 162 }, // U+0602
    { 32, 9, 512, 0, 6, 72, 239 }, // U+0603
    { 61, 17, 991, 1, 13, 260, 311 }, // U+0604
    { 26, 5, 400, -1, 24, 33, 571 }, // U+0605
    { 15, 18, 215, -1, 18, 68, 604 }, // U+0606
    { 15, 18, 215, -1, 18, 68, 672 }, // U+0607
    { 23, 18, 382, 0, 11, 104, 740 }, // U+0608
    { 17, 16, 272, 0, 14, 68, 844 }, // U+0609
    { 22, 16, 356, 0, 14, 88, 912 }, // U+060A
    { 11, 26, 171, -1, 17, 72, 1000 }, // U+060B
    { 5, 8, 104, 1, 6, 10, 1072 }, // U+060C
    { 6, 9, 120, 0, 5, 14, 1082 }, // U+060D
    { 21, 9, 342, 1, 9, 48, 1096 }, // U+060E
    { 15, 23, 266, 0, 15, 87, 1144 }, // U+060F
    { 6, 6, 0, 0, 24, 9, 1231 }, // U+0610
    { 6, 6, 0, 0, 24, 9, 1240 }, // U+0611
    { 7, 6, 0, 0, 24, 11, 1249 }, // U+0612
    { 8, 7, 0, 0, 25, 14, 1260 }, // U+0613
    { 9, 4, 0, 0, 22, 9, 1274 }, // U+0614
    { 6, 7, 0, 0, 32, 11, 1283 }, // U+0615
    { 10, 10, 0, 0, 35, 25, 1294 }, // U+0616
    { 4, 9, 0, 0, 34, 9, 1319 }, // U+0617
    { 4, 3, 0, 0, 21, 3, 1328 }, // U+0618
    { 4, 5, 0, 0, 23, 5, 1331 }, // U+0619
    { 5, 4, 0, -1, 0, 5, 1336 }, // U+061A
    { 5, 15, 104, 1, 13, 19, 1341 }, // U+061B
    { 0, 0, 0, 0, 0, 0, 1360 }, // U+061C
    { 11, 16, 196, 1, 15, 44, 1360 }, // U+061D
    { 10, 9, 186, 1, 7, 23, 1404 }, // U+061E
    { 9, 17, 170, 1, 15, 39, 1427 }, // U+061F
    { 13, 17, 223, 1, 10, 56, 1466 }, // U+0620
    { 10, 9, 181, 1, 8, 23, 1522 }, // U+0621
    { 8, 21, 114, -1, 21, 42, 1545 }, // U+0622
    { 5, 24, 114, 1, 24, 30, 1587 }, // U+0623
    { 11, 21, 199, 1, 16, 58, 1617 }, // U+0624
    { 5, 24, 114, 1, 17, 30, 1675 }, // U+0625
    { 15, 17, 254, 1, 10, 64, 1705 }, // U+0626
    { 5, 17, 114, 1, 17, 22, 1769 }, // U+0627
    { 18, 18, 322, 1, 12, 81, 1791 }, // U+0628
    { 9, 17, 170, 1, 17, 39, 1872 }, // U+0629
    { 18, 13, 322, 1, 13, 59, 1911 }, // U+062A
    { 18, 14, 322, 1, 14, 63, 1970 }, // U+062B
    { 15, 19, 262, 1, 11, 72, 2033 }, // U+062C
    { 15, 19, 262, 1, 11, 72, 2105 }, // U+062D
    { 15, 24, 262, 1, 16, 90, 2177 }, // U+062E
    { 10, 12, 174, 0, 12, 30, 2267 }, // U+062F
    { 10, 17, 174, 0, 17, 43, 2297 }, // U+0630
    { 10, 15, 151, -1, 10, 38, 2340 }, // U+0631
    { 10, 21, 151, -1, 16, 53, 2378 }, // U+0632
    { 25, 17, 424, 1, 10, 107, 2431 }, // U+0633
    { 25, 22, 424, 1, 15, 138, 2538 }, // U+0634
    { 27, 17, 452, 1, 10, 115, 2676 }, // U+0635
    { 27, 23, 452, 1, 16, 156, 2791 }, // U+0636
    { 19, 17, 317, 0, 17, 81, 2947 }, // U+0637
    { 19, 17, 317, 0, 17, 81, 3028 }, // U+0638
    { 14, 20, 242, 2, 12, 70, 3109 }, // U+0639
    { 14, 26, 242, 2, 18, 91, 3179 }, // U+063A
    { 18, 18, 296, 1, 18, 81, 3270 }, // U+063B
    { 18, 24, 296, 1, 17, 108, 3351 }, // U+063C
    { 15, 17, 254, 1, 10, 64, 3459 }, // U+063D
    { 16, 17, 254, 0, 10, 68, 3523 }, // U+063E
    { 16, 17, 254, 0, 10, 68, 3591 }, // U+063F
    { 7, 4, 84, -1, 4, 7, 3659 }, // U+0640
    { 20, 19, 339, 1, 19, 95, 3666 }, // U+0641
    { 15, 22, 261, 1, 15, 83, 3761 }, // U+0642
    { 14, 17, 247, 0, 17, 60, 3844 }, // U+0643
    { 13, 24, 245, 1, 17, 78, 3904 }, // U+0644
    { 11, 19, 201, 1, 10, 53, 3982 }, // U+0645
    { 13, 18, 242, 1, 11, 59, 4035 }, // U+0646
    { 16, 13, 268, 0, 12, 52, 4094 }, // U+0647
    { 11, 15, 199, 1, 10, 42, 4146 }, // U+0648
    { 15, 17, 254, 1, 10, 64, 4188 }, // U+0649
    { 15, 21, 254, 1, 10, 79, 4252 }, // U+064A
    { 6, 7, 0, 0, 25, 11, 4331 }, // U+064B
    { 7, 6, 0, 0, 24, 11, 4342 }, // U+064C
    { 6, 6, 0, 0, 0, 9, 4353 }, // U+064D
    { 6, 5, 0, 0, 23, 8, 4362 }, // U+064E
    { 6, 6, 0, 0, 24, 9, 4370 }, // U+064F
    { 6, 5, 0, 0, 0, 8, 4379 }, // U+0650
    { 5, 5, 0, 0, 23, 7, 4387 }, // U+0651
    { 4, 5, 0, 0, 22, 5, 4394 }, // U+0652
    { 8, 3, 0, -1, 21, 6, 4399 }, // U+0653
    { 5, 6, 0, -1, 24, 8, 4405 }, // U+0654
    { 5, 6, 0, -1, 0, 8, 4413 }, // U+0655
    { 3, 8, 0, -1, 1, 6, 4421 }, // U+0656
    { 6, 6, 0, -1, 23, 9, 4427 }, // U+0657
    { 6, 5, 0, -1, 23, 8, 4436 }, // U+0658
    { 7, 3, 0, -1, 21, 6, 4444 }, // U+0659
    { 5, 5, 0, 0, 23, 7, 4450 }, // U+065A
    { 5, 5, 0, 0, 23, 7, 4457 }, // U+065B
    { 4, 5, 0, 0, 0, 5, 4464 }, // U+065C
    { 6, 6, 0, -1, 24, 9, 4469 }, // U+065D
    { 7, 6, 0, -1, 24, 11, 4478 }, // U+065E
    { 7, 6, 0, -1, 0, 11, 4489 }, // U+065F
    { 7, 7, 143, 1, 9, 13, 4500 }, // U+0660
    { 6, 15, 137, 1, 15, 23, 4513 }, // U+0661
    { 10, 15, 181, 1, 15, 38, 4536 }, // U+0662
    { 12, 15, 203, 1, 15, 45, 4574 }, // U+0663
    { 10, 17, 180, 1, 16, 43, 4619 }, // U+0664
    { 8, 13, 161, 1, 14, 26, 4662 }, // U+0665
    { 11, 16, 190, 0, 16, 44, 4688 }, // U+0666
    { 12, 15, 194, 0, 15, 45, 4732 }, // U+0667
    { 12, 15, 194, 0, 15, 45, 4777 }, // U+0668
    { 9, 17, 182, 1, 16, 39, 4822 }, // U+0669
    { 12, 16, 188, 0, 14, 48, 4861 }, // U+066A
    { 6, 11, 100, -1, 5, 17, 4909 }, // U+066B
    { 6, 11, 100, 0, 15, 17, 4926 }, // U+066C
    { 10, 9, 160, 0, 11, 23, 4943 }, // U+066D
    { 18, 12, 322, 1, 12, 54, 4966 }, // U+066E
    { 15, 17, 261, 1, 10, 64, 5020 }, // U+066F
    { 3, 8, 0, -1, 26, 6, 5084 }, // U+0670
    { 7, 24, 114, 0, 24, 42, 5090 }, // U+0671
    { 7, 23, 114, 0, 23, 41, 5132 }, // U+0672
    { 7, 24, 114, 0, 17, 42, 5173 }, // U+0673
    { 10, 9, 181, 1, 14, 23, 5215 }, // U+0674
    { 17, 17, 294, 1, 17, 73, 5238 }, // U+0675
    { 23, 19, 380, 1, 14, 110, 5311 }, // U+0676
    { 23, 22, 380, 1, 17, 127, 5421 }, // U+0677
    { 26, 21, 435, 1, 14, 137, 5548 }, // U+0678
    { 18, 14, 322, 1, 14, 63, 5685 }, // U+0679
    { 18, 15, 322, 1, 15, 68, 5748 }, // U+067A
    { 18, 20, 322, 1, 12, 90, 5816 }, // U+067B
    { 18, 16, 322, 1, 13, 72, 5906 }, // U+067C
    { 18, 14, 322, 1, 14, 63, 5978 }, // U+067D
    { 18, 19, 322, 1, 12, 86, 6041 }, // U+067E
    { 18, 14, 322, 1, 14, 63, 6127 }, // U+067F
    { 18, 19, 322, 1, 12, 86, 6190 }, // U+0680
    { 15, 25, 262, 1, 17, 94, 6276 }, // U+0681
    { 15, 26, 262, 1, 18, 98, 6370 }, // U+0682
    { 15, 19, 262, 1, 11, 72, 6468 }, // U+0683
    { 15, 19, 262, 1, 11, 72, 6540 }, // U+0684
    { 15, 25, 262, 1, 17, 94, 6612 }, // U+0685
    { 15, 19, 262, 1, 11, 72, 6706 }, // U+0686
    { 15, 19, 262, 1, 11, 72, 6778 }, // U+0687
    { 10, 18, 174, 0, 18, 45, 6850 }, // U+0688
    { 10, 15, 174, 0, 12, 38, 6895 }, // U+0689
    { 10, 18, 174, 0, 12, 45, 6933 }, // U+068A
    { 10, 24, 174, 0, 18, 60, 6978 }, // U+068B
    { 10, 17, 174, 0, 17, 43, 7038 }, // U+068C
    { 10, 17, 174, 0, 12, 43, 7081 }, // U+068D
    { 10, 18, 174, 0, 18, 45, 7124 }, // U+068E
    { 10, 18, 174, 0, 18, 45, 7169 }, // U+068F
    { 10, 18, 174, 0, 18, 45, 7214 }, // U+0690
    { 10, 21, 151, -1, 16, 53, 7259 }, // U+0691
    { 10, 20, 151, -1, 15, 50, 7312 }, // U+0692
    { 10, 17, 151, -1, 10, 43, 7362 }, // U+0693
    { 10, 20, 151, -1, 10, 50, 7405 }, // U+0694
    { 10, 20, 151, -1, 10, 50, 7455 }, // U+0695
    { 10, 20, 151, -1, 10, 50, 7505 }, // U+0696
    { 10, 20, 151, -1, 15, 50, 7555 }, // U+0697
    { 10, 21, 151, -1, 16, 53, 7605 }, // U+0698
    { 10, 21, 151, -1, 16, 53, 7658 }, // U+0699
    { 25, 21, 424, 1, 14, 132, 7711 }, // U+069A
    { 25, 17, 424, 1, 10, 107, 7843 }, // U+069B
    { 25, 22, 424, 1, 15, 138, 7950 }, // U+069C
    { 27, 17, 452, 1, 10, 115, 8088 }, // U+069D
    { 27, 24, 452, 1, 17, 162, 8203 }, // U+069E
    { 19, 17, 317, 0, 17, 81, 8365 }, // U+069F
    { 14, 26, 242, 2, 18, 91, 8446 }, // U+06A0
    { 20, 14, 339, 1, 14, 70, 8537 }, // U+06A1
    { 20, 20, 339, 1, 14, 100, 8607 }, // U+06A2
    { 20, 25, 339, 1, 19, 125, 8707 }, // U+06A3
    { 20, 20, 339, 1, 20, 100, 8832 }, // U+06A4
    { 20, 20, 339, 1, 14, 100, 8932 }, // U+06A5
    { 20, 20, 339, 1, 20, 100, 9032 }, // U+06A6
    { 15, 23, 261, 1, 16, 87, 9132 }, // U+06A7
    { 15, 23, 261, 1, 16, 87, 9219 }, // U+06A8
    { 18, 17, 296, 1, 17, 77, 9306 }, // U+06A9
    { 25, 15, 406, 0, 15, 94, 9383 }, // U+06AA
    { 18, 17, 296, 1, 17, 77, 9477 }, // U+06AB
    { 14, 17, 247, 0, 17, 60, 9554 }, // U+06AC
    { 14, 17, 247, 0, 17, 60, 9614 }, // U+06AD
    { 14, 24, 247, 0, 17, 84, 9674 }, // U+06AE
    { 18, 20, 296, 1, 20, 90, 9758 }, // U+06AF
    { 18, 20, 296, 1, 20, 90, 9848 }, // U+06B0
    { 18, 20, 296, 1, 20, 90, 9938 }, // U+06B1
    { 18, 26, 296, 1, 20, 117, 10028 }, // U+06B2
    { 18, 28, 296, 1, 20, 126, 10145 }, // U+06B3
    { 18, 21, 296, 1, 21, 95, 10271 }, // U+06B4
    { 13, 29, 245, 1, 22, 95, 10366 }, // U+06B5
    { 13, 30, 245, 1, 23, 98, 10461 }, // U+06B6
    { 14, 30, 245, 1, 23, 105, 10559 }, // U+06B7
    { 13, 29, 245, 1, 17, 95, 10664 }, // U+06B8
    { 13, 22, 242, 1, 11, 72, 10759 }, // U+06B9
    { 13, 14, 242, 1, 7, 46, 10831 }, // U+06BA
    { 13, 18, 242, 1, 11, 59, 10877 }, // U+06BB
    { 13, 20, 242, 1, 11, 65, 10936 }, // U+06BC
    { 13, 18, 242, 1, 11, 59, 11001 }, // U+06BD
    { 16, 13, 268, 0, 12, 52, 11060 }, // U+06BE
    { 15, 24, 262, 1, 16, 90, 11112 }, // U+06BF
    { 9, 18, 170, 1, 18, 41, 11202 }, // U+06C0
    { 9, 11, 170, 1, 11, 25, 11243 }, // U+06C1
    { 9, 18, 170, 1, 18, 41, 11268 }, // U+06C2
    { 9, 17, 170, 1, 17, 39, 11309 }, // U+06C3
    { 11, 17, 202, 1, 10, 47, 11348 }, // U+06C4
    { 11, 17, 202, 1, 10, 47, 11395 }, // U+06C5
    { 11, 20, 199, 1, 15, 55, 11442 }, // U+06C6
    { 11, 22, 199, 1, 17, 61, 11497 }, // U+06C7
    { 11, 27, 199, 1, 22, 75, 11558 }, // U+06C8
    { 11, 20, 199, 1, 15, 55, 11633 }, // U+06C9
    { 11, 20, 199, 1, 15, 55, 11688 }, // U+06CA
    { 11, 21, 199, 1, 16, 58, 11743 }, // U+06CB
    { 15, 17, 254, 1, 10, 64, 11801 }, // U+06CC
    { 19, 17, 254, -3, 10, 81, 11865 }, // U+06CD
    { 16, 17, 254, 0, 10, 68, 11946 }, // U+06CE
    { 11, 20, 199, 1, 15, 55, 12014 }, // U+06CF
    { 15, 23, 254, 1, 10, 87, 12069 }, // U+06D0
    { 15, 22, 254, 1, 10, 83, 12156 }, // U+06D1
    { 19, 9, 323, 1, 9, 43, 12239 }, // U+06D2
    { 19, 15, 323, 1, 15, 72, 12282 }, // U+06D3
    { 7, 4, 116, 0, 4, 7, 12354 }, // U+06D4
    { 9, 11, 170, 1, 11, 25, 12361 }, // U+06D5
    { 13, 10, 0, 0, 35, 33, 12386 }, // U+06D6
    { 10, 10, 0, 0, 35, 25, 12419 }, // U+06D7
    { 6, 6, 0, 0, 31, 9, 12444 }, // U+06D8
    { 5, 8, 0, 0, 33, 10, 12453 }, // U+06D9
    { 6, 8, 0, 0, 33, 12, 12463 }, // U+06DA
    { 6, 5, 0, 0, 31, 8, 12475 }, // U+06DB
    { 9, 7, 0, 0, 32, 16, 12483 }, // U+06DC
    { 29, 34, 504, 1, 27, 247, 12499 }, // U+06DD
    { 23, 23, 368, 0, 18, 133, 12746 }, // U+06DE
    { 5, 4, 0, -1, 22, 5, 12879 }, // U+06DF
    { 5, 5, 0, -1, 23, 7, 12884 }, // U+06E0
    { 6, 5, 0, -1, 23, 8, 12891 }, // U+06E1
    { 5, 8, 0, -1, 26, 10, 12899 }, // U+06E2
    { 9, 7, 0, 0, -1, 16, 12909 }, // U+06E3
    { 8, 3, 0, -1, 21, 6, 12925 }, // U+06E4
    { 5, 7, 82, 0, 6, 9, 12931 }, // U+06E5
    { 8, 4, 123, 0, 4, 8, 12940 }, // U+06E6
    { 7, 4, 0, 0, 22, 7, 12948 }, // U+06E7
    { 5, 7, 0, 0, 32, 9, 12955 }, // U+06E8
    { 13, 19, 204, 0, 17, 62, 12964 }, // U+06E9
    { 4, 5, 0, 0, 0, 5, 13026 }, // U+06EA
    { 4, 5, 0, 0, 23, 5, 13031 }, // U+06EB
    { 4, 5, 0, 0, 23, 5, 13036 }, // U+06EC
    { 5, 8, 0, -1, 1, 10, 13041 }, // U+06ED
    { 10, 17, 174, 0, 17, 43, 13051 }, // U+06EE
    { 10, 20, 151, -1, 15, 50, 13094 }, // U+06EF
    { 7, 7, 143, 1, 9, 13, 13144 }, // U+06F0
    { 6, 15, 137, 1, 15, 23, 13157 }, // U+06F1
    { 10, 15, 181, 1, 15, 38, 13180 }, // U+06F2
    { 12, 15, 203, 1, 15, 45, 13218 }, // U+06F3
    { 11, 17, 201, 1, 16, 47, 13263 }, // U+06F4
    { 10, 17, 192, 1, 16, 43, 13310 }, // U+06F5
    { 10, 15, 186, 1, 15, 38, 13353 }, // U+06F6
    { 12, 15, 194, 0, 15, 45, 13391 }, // U+06F7
    { 12, 15, 194, 0, 15, 45, 13436 }, // U+06F8
    { 9, 17, 182, 1, 16, 39, 13481 }, // U+06F9
    { 25, 22, 424, 1, 15, 138, 13520 }, // U+06FA
    { 27, 23, 452, 1, 16, 156, 13658 }, // U+06FB
    { 14, 26, 242, 2, 18, 91, 13814 }, // U+06FC
    { 10, 16, 181, 1, 8, 40, 13905 }, // U+06FD
    { 11, 19, 201, 1, 10, 53, 13945 }, // U+06FE
    { 16, 19, 268, 0, 18, 76, 13998 }, // U+06FF
    { 0, 0, 44, 0, 0, 0, 0 }, // U+2009
    { 0, 0, 0, 0, 0, 0, 0 }, // U+200B
    { 0, 0, 0, 0, 0, 0, 0 }, // U+200C
    { 0, 0, 0, 0, 0, 0, 0 }, // U+200D
    { 0, 0, 0, 0, 0, 0, 0 }, // U+200E
    { 0, 0, 0, 0, 0, 0, 0 }, // U+200F
    { 8, 4, 129, 0, 4, 8, 0 }, // U+2010
    { 14, 3, 200, -1, 8, 11, 8 }, // U+2013
    { 27, 3, 400, -1, 8, 21, 19 }, // U+2014
    { 5, 8, 112, 1, 18, 10, 40 }, // U+2018
    { 5, 8, 112, 1, 18, 10, 50 }, // U+2019
    { 5, 8, 118, 1, 4, 10, 60 }, // U+201A
    { 11, 8, 196, 1, 18, 22, 70 }, // U+201C
    { 10, 8, 196, 1, 18, 20, 92 }, // U+201D
    { 10, 8, 196, 1, 4, 20, 112 }, // U+201E
    { 8, 9, 160, 1, 13, 18, 132 }, // U+2022
    { 21, 5, 365, 1, 4, 27, 150 }, // U+2026
    { 0, 0, 0, 0, 0, 0, 177 }, // U+202A
    { 0, 0, 0, 0, 0, 0, 177 }, // U+202B
    { 0, 0, 0, 0, 0, 0, 177 }, // U+202C
    { 0, 0, 0, 0, 0, 0, 177 }, // U+202D
    { 0, 0, 0, 0, 0, 0, 177 }, // U+202E
    { 0, 0, 44, 0, 0, 0, 177 }, // U+202F
    { 7, 11, 141, 1, 12, 20, 177 }, // U+2039
    { 7, 11, 141, 1, 12, 20, 197 }, // U+203A
    { 5, 15, 104, 1, 10, 19, 217 }, // U+204F
    { 0, 0, 0, 0, 0, 0, 236 }, // U+2060
    { 0, 0, 0, 0, 0, 0, 236 }, // U+2061
    { 0, 0, 0, 0, 0, 0, 236 }, // U+2062
    { 0, 0, 0, 0, 0, 0, 236 }, // U+2063
    { 0, 0, 0, 0, 0, 0, 236 }, // U+2064
    { 0, 0, 0, 0, 0, 0, 236 }, // U+2066
    { 0, 0, 0, 0, 0, 0, 236 }, // U+2067
    { 0, 0, 0, 0, 0, 0, 236 }, // U+2068
    { 0, 0, 0, 0, 0, 0, 236 }, // U+2069
    { 0, 0, 0, 0, 0, 0, 236 }, // U+206A
    { 0, 0, 0, 0, 0, 0, 236 }, // U+206B
    { 0, 0, 0, 0, 0, 0, 236 }, // U+206C
    { 0, 0, 0, 0, 0, 0, 236 }, // U+206D
    { 0, 0, 0, 0, 0, 0, 236 }, // U+206E
    { 0, 0, 0, 0, 0, 0, 236 }, // U+206F
    { 6, 7, 88, 0, 25, 11, 0 }, // U+FE70
    { 7, 13, 84, -1, 13, 23, 11 }, // U+FE71
    { 7, 6, 88, 0, 24, 11, 34 }, // U+FE72
    { 10, 10, 151, 1, 3, 25, 45 }, // U+FE73
    { 6, 6, 88, 0, 0, 9, 70 }, // U+FE74
    { 6, 5, 88, 0, 23, 8, 79 }, // U+FE76
    { 7, 11, 84, -1, 11, 20, 87 }, // U+FE77
    { 6, 6, 88, 0, 24, 9, 107 }, // U+FE78
    { 7, 12, 84, -1, 12, 21, 116 }, // U+FE79
    { 6, 5, 88, 0, 0, 8, 137 }, // U+FE7A
    { 7, 11, 84, -1, 4, 20, 145 }, // U+FE7B
    { 6, 5, 88, 0, 23, 8, 165 }, // U+FE7C
    { 7, 12, 84, -1, 12, 21, 173 }, // U+FE7D
    { 5, 5, 88, 0, 22, 7, 194 }, // U+FE7E
    { 7, 10, 84, -1, 10, 18, 201 }, // U+FE7F
    { 10, 9, 181, 1, 8, 23, 219 }, // U+FE80
    { 8, 21, 114, -1, 21, 42, 242 }, // U+FE81
    { 9, 20, 115, -1, 20, 45, 284 }, // U+FE82
    { 5, 24, 114, 1, 24, 30, 329 }, // U+FE83
    { 7, 24, 115, 1, 24, 42, 359 }, // U+FE84
    { 11, 21, 199, 1, 16, 58, 401 }, // U+FE85
    { 12, 23, 195, 1, 18, 69, 459 }, // U+FE86
    { 5, 24, 114, 1, 17, 30, 528 }, // U+FE87
    { 7, 23, 115, 1, 17, 41, 558 }, // U+FE88
    { 15, 17, 254, 1, 10, 64, 599 }, // U+FE89
    { 17, 16, 276, 1, 9, 68, 663 }, // U+FE8A
    { 7, 17, 110, -1, 17, 30, 731 }, // U+FE8B
    { 9, 14, 117, -1, 14, 32, 761 }, // U+FE8C
    { 5, 17, 114, 1, 17, 22, 793 }, // U+FE8D
    { 7, 17, 115, 1, 17, 30, 815 }, // U+FE8E
    { 18, 18, 322, 1, 12, 81, 845 }, // U+FE8F
    { 20, 15, 327, 1, 9, 75, 926 }, // U+FE90
    { 7, 17, 110, -1, 11, 30, 1001 }, // U+FE91
    { 9, 13, 117, -1, 7, 30, 1031 }, // U+FE92
    { 9, 17, 170, 1, 17, 39, 1061 }, // U+FE93
    { 12, 17, 186, 1, 17, 51, 1100 }, // U+FE94
    { 18, 13, 322, 1, 13, 59, 1151 }, // U+FE95
    { 20, 13, 327, 1, 13, 65, 1210 }, // U+FE96
    { 8, 16, 110, -1, 16, 32, 1275 }, // U+FE97
    { 11, 13, 144, -1, 13, 36, 1307 }, // U+FE98
    { 18, 14, 322, 1, 14, 63, 1343 }, // U+FE99
    { 20, 14, 327, 1, 14, 70, 1406 }, // U+FE9A
    { 8, 17, 110, -1, 17, 34, 1476 }, // U+FE9B
    { 11, 14, 144, -1, 14, 39, 1510 }, // U+FE9C
    { 15, 19, 262, 1, 11, 72, 1549 }, // U+FE9D
    { 18, 18, 290, 1, 10, 81, 1621 }, // U+FE9E
    { 17, 15, 260, -1, 10, 64, 1702 }, // U+FE9F
    { 18, 15, 263, -1, 10, 68, 1766 }, // U+FEA0
    { 15, 19, 262, 1, 11, 72, 1834 }, // U+FEA1
    { 18, 18, 290, 1, 10, 81, 1906 }, // U+FEA2
    { 17, 10, 260, -1, 10, 43, 1987 }, // U+FEA3
    { 18, 10, 263, -1, 10, 45, 2030 }, // U+FEA4
    { 15, 24, 262, 1, 16, 90, 2075 }, // U+FEA5
    { 18, 23, 290, 1, 15, 104, 2165 }, // U+FEA6
    { 17, 16, 260, -1, 16, 68, 2269 }, // U+FEA7
    { 18, 16, 263, -1, 16, 72, 2337 }, // U+FEA8
    { 10, 12, 174, 0, 12, 30, 2409 }, // U+FEA9
    { 13, 12, 194, 0, 12, 39, 2439 }, // U+FEAA
    { 10, 17, 174, 0, 17, 43, 2478 }, // U+FEAB
    { 13, 17, 194, 0, 17, 56, 2521 }, // U+FEAC
    { 10, 15, 151, -1, 10, 38, 2577 }, // U+FEAD
    { 12, 15, 158, -1, 10, 45, 2615 }, // U+FEAE
    { 10, 21, 151, -1, 16, 53, 2660 }, // U+FEAF
    { 12, 21, 158, -1, 16, 63, 2713 }, // U+FEB0
    { 25, 17, 424, 1, 10, 107, 2776 }, // U+FEB1
    { 26, 15, 416, 1, 8, 98, 2883 }, // U+FEB2
    { 18, 10, 280, -1, 10, 45, 2981 }, // U+FEB3
    { 19, 8, 279, -1, 8, 38, 3026 }, // U+FEB4
    { 25, 22, 424, 1, 15, 138, 3064 }, // U+FEB5
    { 26, 22, 416, 1, 15, 143, 3202 }, // U+FEB6
    { 18, 15, 280, -1, 15, 68, 3345 }, // U+FEB7
    { 19, 15, 279, -1, 15, 72, 3413 }, // U+FEB8
    { 27, 17, 452, 1, 10, 115, 3485 }, // U+FEB9
    { 30, 17, 475, 1, 10, 128, 3600 }, // U+FEBA
    { 20, 10, 318, -1, 10, 50, 3728 }, // U+FEBB
    { 23, 10, 338, -1, 10, 58, 3778 }, // U+FEBC
    { 27, 23, 452, 1, 16, 156, 3836 }, // U+FEBD
    { 30, 23, 475, 1, 16, 173, 3992 }, // U+FEBE
    { 20, 16, 318, -1, 16, 80, 4165 }, // U+FEBF
    { 23, 16, 338, -1, 16, 92, 4245 }, // U+FEC0
    { 19, 17, 317, 0, 17, 81, 4337 }, // U+FEC1
    { 22, 17, 336, 0, 17, 94, 4418 }, // U+FEC2
    { 18, 17, 277, -1, 17, 77, 4512 }, // U+FEC3
    { 20, 17, 282, -1, 17, 85, 4589 }, // U+FEC4
    { 19, 17, 317, 0, 17, 81, 4674 }, // U+FEC5
    { 22, 17, 336, 0, 17, 94, 4755 }, // U+FEC6
    { 18, 17, 277, -1, 17, 77, 4849 }, // U+FEC7
    { 20, 17, 282, -1, 17, 85, 4926 }, // U+FEC8
    { 14, 20, 242, 2, 12, 70, 5011 }, // U+FEC9
    { 14, 19, 191, 1, 11, 67, 5081 }, // U+FECA
    { 14, 11, 207, -1, 11, 39, 5148 }, // U+FECB
    { 13, 11, 179, -1, 11, 36, 5187 }, // U+FECC
    { 14, 26, 242, 2, 18, 91, 5223 }, // U+FECD
    { 14, 25, 191, 1, 17, 88, 5314 }, // U+FECE
    { 14, 17, 207, -1, 17, 60, 5402 }, // U+FECF
    { 13, 17, 179, -1, 17, 56, 5462 }, // U+FED0
    { 20, 19, 339, 1, 19, 95, 5518 }, // U+FED1
    { 21, 17, 333, 1, 17, 90, 5613 }, // U+FED2
    { 11, 18, 171, -1, 18, 50, 5703 }, // U+FED3
    { 12, 17, 165, -1, 17, 51, 5753 }, // U+FED4
    { 15, 22, 261, 1, 15, 83, 5804 }, // U+FED5
    { 16, 23, 253, 1, 16, 92, 5887 }, // U+FED6
    { 11, 17, 171, -1, 17, 47, 5979 }, // U+FED7
    { 12, 16, 165, -1, 16, 48, 6026 }, // U+FED8
    { 14, 17, 247, 0, 17, 60, 6074 }, // U+FED9
    { 19, 18, 298, 1, 18, 86, 6134 }, // U+FEDA
    { 12, 17, 177, -1, 17, 51, 6220 }, // U+FEDB
    { 14, 17, 187, -1, 17, 60, 6271 }, // U+FEDC
    { 13, 24, 245, 1, 17, 78, 6331 }, // U+FEDD
    { 15, 24, 247, 1, 17, 90, 6409 }, // U+FEDE
    { 5, 17, 87, -1, 17, 22, 6499 }, // U+FEDF
    { 8, 17, 98, -1, 17, 34, 6521 }, // U+FEE0
    { 11, 19, 201, 1, 10, 53, 6555 }, // U+FEE1
    { 14, 18, 222, 1, 10, 63, 6608 }, // U+FEE2
    { 12, 10, 189, -1, 10, 30, 6671 }, // U+FEE3
    { 12, 10, 165, -1, 10, 30, 6701 }, // U+FEE4
    { 13, 18, 242, 1, 11, 59, 6731 }, // U+FEE5
    { 15, 18, 240, 1, 11, 68, 6790 }, // U+FEE6
    { 7, 16, 110, -1, 16, 28, 6858 }, // U+FEE7
    { 9, 13, 117, -1, 13, 30, 6886 }, // U+FEE8
    { 9, 11, 170, 1, 11, 25, 6916 }, // U+FEE9
    { 12, 13, 186, 1, 13, 39, 6941 }, // U+FEEA
    { 13, 13, 206, -1, 12, 43, 6980 }, // U+FEEB
    { 12, 17, 159, -1, 12, 51, 7023 }, // U+FEEC
    { 11, 15, 199, 1, 10, 42, 7074 }, // U+FEED
    { 12, 15, 195, 1, 10, 45, 7116 }, // U+FEEE
    { 15, 17, 254, 1, 10, 64, 7161 }, // U+FEEF
    { 17, 11, 276, 1, 4, 47, 7225 }, // U+FEF0
    { 15, 21, 254, 1, 10, 79, 7272 }, // U+FEF1
    { 17, 15, 276, 1, 4, 64, 7351 }, // U+FEF2
    { 9, 17, 137, -1, 11, 39, 7415 }, // U+FEF3
    { 11, 13, 144, -1, 7, 36, 7454 }, // U+FEF4
    { 16, 18, 218, -3, 18, 72, 7490 }, // U+FEF5
    { 19, 17, 252, -2, 17, 81, 7562 }, // U+FEF6
    { 14, 22, 218, -1, 22, 77, 7643 }, // U+FEF7
    { 17, 21, 252, 0, 21, 90, 7720 }, // U+FEF8
    { 13, 25, 218, 0, 18, 82, 7810 }, // U+FEF9
    { 17, 24, 252, 0, 17, 102, 7892 }, // U+FEFA
    { 13, 18, 218, 0, 18, 59, 7994 }, // U+FEFB
    { 17, 17, 252, 0, 17, 73, 8053 }, // U+FEFC
};

static const EpdUnicodeInterval notonaskh_12_boldIntervals[] = {
    { 0x0, 0xA3, 0x0 },
    { 0xA5, 0xA5, 0xA4 },
    { 0xA7, 0xAB, 0xA5 },
    { 0xAD, 0xB0, 0xAA },
    { 0xB4, 0xB4, 0xAE },
    { 0xB6, 0xB8, 0xAF },
    { 0xBA, 0xBB, 0xB2 },
    { 0xBF, 0x107, 0xB4 },
    { 0x10A, 0x113, 0xFD },
    { 0x116, 0x11B, 0x107 },
    { 0x11E, 0x123, 0x10D },
    { 0x126, 0x127, 0x113 },
    { 0x12A, 0x12B, 0x115 },
    { 0x12E, 0x131, 0x117 },
    { 0x136, 0x137, 0x11B },
    { 0x139, 0x13E, 0x11D },
    { 0x141, 0x148, 0x123 },
    { 0x150, 0x155, 0x12B },
    { 0x158, 0x15B, 0x131 },
    { 0x15E, 0x161, 0x135 },
    { 0x164, 0x165, 0x139 },
    { 0x16A, 0x16B, 0x13B },
    { 0x16E, 0x17E, 0x13D },
    { 0x218, 0x21B, 0x14E },
    { 0x300, 0x304, 0x152 },
    { 0x306, 0x308, 0x157 },
    { 0x30A, 0x30C, 0x15A },
    { 0x326, 0x328, 0x15D },
    { 0x34F, 0x34F, 0x160 },
    { 0x600, 0x6FF, 0x161 },
    { 0x2009, 0x2009, 0x261 },
    { 0x200B, 0x2010, 0x262 },
    { 0x2013, 0x2014, 0x268 },
    { 0x2018, 0x201A, 0x26A },
    { 0x201C, 0x201E, 0x26D },
    { 0x2022, 0x2022, 0x270 },
    { 0x2026, 0x2026, 0x271 },
    { 0x202A, 0x202F, 0x272 },
    { 0x2039, 0x203A, 0x278 },
    { 0x204F, 0x204F, 0x27A },
    { 0x2060, 0x2064, 0x27B },
    { 0x2066, 0x206F, 0x280 },
    { 0xFE70, 0xFE74, 0x28A },
    { 0xFE76, 0xFEFC, 0x28F },
};

static const EpdFontGroup notonaskh_12_boldGroups[] = {
    { 0, 3034, 6269, 128, 0 },
    { 3034, 2283, 6872, 117, 128 },
    { 5317, 2556, 8463, 89, 245 },
    { 7873, 206, 349, 4, 334 },
    { 8079, 142, 163, 15, 338 },
    { 8221, 4618, 15639, 256, 353 },
    { 12839, 200, 283, 41, 609 },
    { 13039, 3098, 8972, 140, 650 },
};

static const EpdKernClassEntry notonaskh_12_boldKernLeftClasses[] = {
    { 0x0022, 1 }, // "
    { 0x0026, 2 }, // &
    { 0x0027, 1 }, // '
    { 0x002A, 3 }, // *
    { 0x002C, 4 }, // ,
    { 0x0040, 5 }, // @
    { 0x0041, 6 }, // A
    { 0x0042, 7 }, // B
    { 0x0044, 8 }, // D
    { 0x0045, 9 }, // E
    { 0x0046, 10 }, // F
    { 0x0047, 11 }, // G
    { 0x004B, 12 }, // K
    { 0x004C, 13 }, // L
    { 0x004E, 14 }, // N
    { 0x004F, 8 }, // O
    { 0x0050, 3 }, // P
    { 0x0051, 8 }, // Q
    { 0x0052, 15 }, // R
    { 0x0053, 16 }, // S
    { 0x0054, 17 }, // T
    { 0x0055, 18 }, // U
    { 0x0056, 19 }, // V
    { 0x0057, 20 }, // W
    { 0x0058, 21 }, // X
    { 0x0059, 22 }, // Y
    { 0x005F, 23 }, // _
    { 0x0061, 24 }, // a
    { 0x0062, 25 }, // b
    { 0x0065, 26 }, // e
    { 0x0066, 27 }, // f
    { 0x0067, 28 }, // g
    { 0x0068, 24 }, // h
    { 0x006B, 29 }, // k
    { 0x006D, 24 }, // m
    { 0x006E, 24 }, // n
    { 0x006F, 25 }, // o
    { 0x0070, 25 }, // p
    { 0x0072, 30 }, // r
    { 0x0073, 31 }, // s
    { 0x0076, 32 }, // v
    { 0x0077, 33 }, // w
    { 0x0079, 34 }, // y
    { 0x00A1, 35 }, // U+00A1
    { 0x00BF, 36 }, // U+00BF
    { 0x00C0, 37 }, // U+00C0
    { 0x00C1, 37 }, // U+00C1
    { 0x00C2, 37 }, // U+00C2
    { 0x00C3, 37 }, // U+00C3
    { 0x00C4, 37 }, // U+00C4
    { 0x00C5, 37 }, // U+00C5
    { 0x00C6, 9 }, // U+00C6
    { 0x00C8, 9 }, // U+00C8
    { 0x00C9, 9 }, // U+00C9
    { 0x00CA, 9 }, // U+00CA
    { 0x00CB, 9 }, // U+00CB
    { 0x00D0, 8 }, // U+00D0
    { 0x00D1, 14 }, // U+00D1
    { 0x00D2, 8 }, // U+00D2
    { 0x00D3, 8 }, // U+00D3
    { 0x00D4, 8 }, // U+00D4
    { 0x00D5, 8 }, // U+00D5
    { 0x00D6, 8 }, // U+00D6
    { 0x00D8, 8 }, // U+00D8
    { 0x00D9, 18 }, // U+00D9
    { 0x00DA, 18 }, // U+00DA
    { 0x00DB, 18 }, // U+00DB
    { 0x00DC, 18 }, // U+00DC
    { 0x00DD, 22 }, // U+00DD
    { 0x00DE, 8 }, // U+00DE
    { 0x00DF, 25 }, // U+00DF
    { 0x00E0, 24 }, // U+00E0
    { 0x00E1, 24 }, // U+00E1
    { 0x00E2, 24 }, // U+00E2
    { 0x00E3, 24 }, // U+00E3
    { 0x00E4, 24 }, // U+00E4
    { 0x00E5, 24 }, // U+00E5
    { 0x00E6, 26 }, // U+00E6
    { 0x00E8, 26 }, // U+00E8
    { 0x00E9, 26 }, // U+00E9
    { 0x00EA, 26 }, // U+00EA
    { 0x00EB, 26 }, // U+00EB
    { 0x00F0, 25 }, // U+00F0
    { 0x00F1, 24 }, // U+00F1
    { 0x00F2, 25 }, // U+00F2
    { 0x00F3, 25 }, // U+00F3
    { 0x00F4, 25 }, // U+00F4
    { 0x00F5, 25 }, // U+00F5
    { 0x00F6, 25 }, // U+00F6
    { 0x00F8, 25 }, // U+00F8
    { 0x00FD, 34 }, // U+00FD
    { 0x00FE, 25 }, // U+00FE
    { 0x00FF, 34 }, // U+00FF
    { 0x0100, 6 }, // U+0100
    { 0x0102, 37 }, // U+0102
    { 0x0104, 37 }, // U+0104
    { 0x010E, 8 }, // U+010E
    { 0x010F, 38 }, // U+010F
    { 0x0110, 8 }, // U+0110
    { 0x0112, 9 }, // U+0112
    { 0x0113, 26 }, // U+0113
    { 0x0116, 9 }, // U+0116
    { 0x0117, 26 }, // U+0117
    { 0x0118, 9 }, // U+0118
    { 0x0119, 26 }, // U+0119
    { 0x011A, 9 }, // U+011A
    { 0x011B, 26 }, // U+011B
    { 0x011E, 11 }, // U+011E
    { 0x0120, 11 }, // U+0120
    { 0x0122, 11 }, // U+0122
    { 0x0127, 24 }, // U+0127
    { 0x0136, 12 }, // U+0136
    { 0x0137, 29 }, // U+0137
    { 0x0139, 13 }, // U+0139
    { 0x013B, 13 }, // U+013B
    { 0x013E, 38 }, // U+013E
    { 0x0141, 13 }, // U+0141
    { 0x0143, 14 }, // U+0143
    { 0x0144, 24 }, // U+0144
    { 0x0145, 14 }, // U+0145
    { 0x0146, 24 }, // U+0146
    { 0x0147, 14 }, // U+0147
    { 0x0148, 24 }, // U+0148
    { 0x0150, 8 }, // U+0150
    { 0x0151, 25 }, // U+0151
    { 0x0152, 9 }, // U+0152
    { 0x0153, 26 }, // U+0153
    { 0x0154, 15 }, // U+0154
    { 0x0155, 30 }, // U+0155
    { 0x0158, 15 }, // U+0158
    { 0x0159, 30 }, // U+0159
    { 0x015A, 16 }, // U+015A
    { 0x015B, 31 }, // U+015B
    { 0x015E, 16 }, // U+015E
    { 0x015F, 31 }, // U+015F
    { 0x0160, 16 }, // U+0160
    { 0x0161, 31 }, // U+0161
    { 0x0164, 17 }, // U+0164
    { 0x0165, 39 }, // U+0165
    { 0x016A, 18 }, // U+016A
    { 0x016E, 18 }, // U+016E
    { 0x0170, 18 }, // U+0170
    { 0x0172, 18 }, // U+0172
    { 0x0174, 20 }, // U+0174
    { 0x0175, 33 }, // U+0175
    { 0x0176, 22 }, // U+0176
    { 0x0177, 34 }, // U+0177
    { 0x0178, 22 }, // U+0178
    { 0x0218, 16 }, // U+0218
    { 0x0219, 31 }, // U+0219
    { 0x021A, 17 }, // U+021A
    { 0x2018, 40 }, // U+2018
    { 0x2019, 41 }, // U+2019
    { 0x201A, 4 }, // U+201A
    { 0x201C, 40 }, // U+201C
    { 0x201D, 41 }, // U+201D
    { 0x201E, 4 }, // U+201E
    { 0x2026, 4 }, // U+2026
};

static const EpdKernClassEntry notonaskh_12_boldKernRightClasses[] = {
    { 0x0022, 1 }, // "
    { 0x0026, 2 }, // &
    { 0x0027, 1 }, // '
    { 0x0029, 3 }, // )
    { 0x002A, 4 }, // *
    { 0x002C, 5 }, // ,
    { 0x003F, 6 }, // ?
    { 0x0040, 7 }, // @
    { 0x0041, 8 }, // A
    { 0x0042, 9 }, // B
    { 0x0043, 10 }, // C
    { 0x0044, 9 }, // D
    { 0x0045, 9 }, // E
    { 0x0046, 9 }, // F
    { 0x0047, 10 }, // G
    { 0x0048, 9 }, // H
    { 0x0049, 9 }, // I
    { 0x004A, 11 }, // J
    { 0x004B, 9 }, // K
    { 0x004C, 9 }, // L
    { 0x004D, 9 }, // M
    { 0x004E, 9 }, // N
    { 0x004F, 10 }, // O
    { 0x0050, 9 }, // P
    { 0x0051, 10 }, // Q
    { 0x0052, 9 }, // R
    { 0x0053, 12 }, // S
    { 0x0054, 13 }, // T
    { 0x0055, 14 }, // U
    { 0x0056, 15 }, // V
    { 0x0057, 16 }, // W
    { 0x0058, 17 }, // X
    { 0x0059, 18 }, // Y
    { 0x005A, 19 }, // Z
    { 0x005D, 3 }, // ]
    { 0x0061, 20 }, // a
    { 0x0062, 21 }, // b
    { 0x0063, 22 }, // c
    { 0x0064, 22 }, // d
    { 0x0065, 22 }, // e
    { 0x0067, 23 }, // g
    { 0x0068, 21 }, // h
    { 0x006B, 21 }, // k
    { 0x006C, 21 }, // l
    { 0x006F, 22 }, // o
    { 0x0071, 22 }, // q
    { 0x0073, 24 }, // s
    { 0x0075, 25 }, // u
    { 0x0076, 26 }, // v
    { 0x0077, 27 }, // w
    { 0x0079, 28 }, // y
    { 0x007A, 29 }, // z
    { 0x007D, 3 }, // }
    { 0x00B7, 30 }, // U+00B7
    { 0x00C0, 8 }, // U+00C0
    { 0x00C1, 8 }, // U+00C1
    { 0x00C2, 8 }, // U+00C2
    { 0x00C3, 8 }, // U+00C3
    { 0x00C4, 8 }, // U+00C4
    { 0x00C5, 8 }, // U+00C5
    { 0x00C6, 31 }, // U+00C6
    { 0x00C7, 10 }, // U+00C7
    { 0x00C8, 9 }, // U+00C8
    { 0x00C9, 9 }, // U+00C9
    { 0x00CA, 9 }, // U+00CA
    { 0x00CB, 9 }, // U+00CB
    { 0x00CC, 9 }, // U+00CC
    { 0x00CD, 9 }, // U+00CD
    { 0x00CE, 9 }, // U+00CE
    { 0x00CF, 9 }, // U+00CF
    { 0x00D0, 9 }, // U+00D0
    { 0x00D1, 9 }, // U+00D1
    { 0x00D2, 10 }, // U+00D2
    { 0x00D3, 10 }, // U+00D3
    { 0x00D4, 10 }, // U+00D4
    { 0x00D5, 10 }, // U+00D5
    { 0x00D6, 10 }, // U+00D6
    { 0x00D8, 10 }, // U+00D8
    { 0x00D9, 14 }, // U+00D9
    { 0x00DA, 14 }, // U+00DA
    { 0x00DB, 14 }, // U+00DB
    { 0x00DC, 14 }, // U+00DC
    { 0x00DD, 18 }, // U+00DD
    { 0x00DE, 9 }, // U+00DE
    { 0x00E0, 20 }, // U+00E0
    { 0x00E1, 20 }, // U+00E1
    { 0x00E2, 20 }, // U+00E2
    { 0x00E3, 20 }, // U+00E3
    { 0x00E4, 20 }, // U+00E4
    { 0x00E5, 20 }, // U+00E5
    { 0x00E6, 20 }, // U+00E6
    { 0x00E7, 22 }, // U+00E7
    { 0x00E8, 22 }, // U+00E8
    { 0x00E9, 22 }, // U+00E9
    { 0x00EA, 22 }, // U+00EA
    { 0x00EB, 22 }, // U+00EB
    { 0x00EC, 32 }, // U+00EC
    { 0x00EE, 32 }, // U+00EE
    { 0x00EF, 32 }, // U+00EF
    { 0x00F0, 22 }, // U+00F0
    { 0x00F2, 22 }, // U+00F2
    { 0x00F3, 22 }, // U+00F3
    { 0x00F4, 22 }, // U+00F4
    { 0x00F5, 22 }, // U+00F5
    { 0x00F6, 22 }, // U+00F6
    { 0x00F8, 22 }, // U+00F8
    { 0x00F9, 25 }, // U+00F9
    { 0x00FA, 25 }, // U+00FA
    { 0x00FB, 25 }, // U+00FB
    { 0x00FC, 25 }, // U+00FC
    { 0x00FD, 28 }, // U+00FD
    { 0x00FE, 21 }, // U+00FE
    { 0x00FF, 28 }, // U+00FF
    { 0x0100, 8 }, // U+0100
    { 0x0101, 20 }, // U+0101
    { 0x0102, 8 }, // U+0102
    { 0x0103, 20 }, // U+0103
    { 0x0104, 8 }, // U+0104
    { 0x0105, 20 }, // U+0105
    { 0x0106, 10 }, // U+0106
    { 0x0107, 22 }, // U+0107
    { 0x010A, 10 }, // U+010A
    { 0x010B, 22 }, // U+010B
    { 0x010C, 10 }, // U+010C
    { 0x010D, 22 }, // U+010D
    { 0x010E, 9 }, // U+010E
    { 0x010F, 22 }, // U+010F
    { 0x0110, 9 }, // U+0110
    { 0x0111, 22 }, // U+0111
    { 0x0112, 9 }, // U+0112
    { 0x0113, 22 }, // U+0113
    { 0x0116, 9 }, // U+0116
    { 0x0117, 22 }, // U+0117
    { 0x0118, 9 }, // U+0118
    { 0x0119, 22 }, // U+0119
    { 0x011A, 9 }, // U+011A
    { 0x011B, 22 }, // U+011B
    { 0x011E, 10 }, // U+011E
    { 0x011F, 22 }, // U+011F
    { 0x0120, 10 }, // U+0120
    { 0x0121, 22 }, // U+0121
    { 0x0122, 10 }, // U+0122
    { 0x0123, 22 }, // U+0123
    { 0x0126, 9 }, // U+0126
    { 0x0127, 21 }, // U+0127
    { 0x012A, 9 }, // U+012A
    { 0x012B, 32 }, // U+012B
    { 0x012E, 9 }, // U+012E
    { 0x0130, 9 }, // U+0130
    { 0x0136, 9 }, // U+0136
    { 0x0137, 21 }, // U+0137
    { 0x0139, 9 }, // U+0139
    { 0x013A, 21 }, // U+013A
    { 0x013B, 9 }, // U+013B
    { 0x013C, 21 }, // U+013C
    { 0x013D, 9 }, // U+013D
    { 0x013E, 21 }, // U+013E
    { 0x0141, 9 }, // U+0141
    { 0x0142, 21 }, // U+0142
    { 0x0143, 9 }, // U+0143
    { 0x0145, 9 }, // U+0145
    { 0x0147, 9 }, // U+0147
    { 0x0150, 10 }, // U+0150
    { 0x0151, 22 }, // U+0151
    { 0x0152, 10 }, // U+0152
    { 0x0153, 22 }, // U+0153
    { 0x0154, 9 }, // U+0154
    { 0x0158, 9 }, // U+0158
    { 0x015A, 12 }, // U+015A
    { 0x015B, 24 }, // U+015B
    { 0x015E, 12 }, // U+015E
    { 0x015F, 24 }, // U+015F
    { 0x0160, 12 }, // U+0160
    { 0x0161, 24 }, // U+0161
    { 0x0164, 13 }, // U+0164
    { 0x016A, 14 }, // U+016A
    { 0x016B, 25 }, // U+016B
    { 0x016E, 14 }, // U+016E
    { 0x016F, 25 }, // U+016F
    { 0x0170, 14 }, // U+0170
    { 0x0171, 25 }, // U+0171
    { 0x0172, 14 }, // U+0172
    { 0x0173, 25 }, // U+0173
    { 0x0174, 16 }, // U+0174
    { 0x0175, 27 }, // U+0175
    { 0x0176, 18 }, // U+0176
    { 0x0177, 28 }, // U+0177
    { 0x0178, 18 }, // U+0178
    { 0x0179, 19 }, // U+0179
    { 0x017A, 29 }, // U+017A
    { 0x017B, 19 }, // U+017B
    { 0x017C, 29 }, // U+017C
    { 0x017D, 19 }, // U+017D
    { 0x017E, 29 }, // U+017E
    { 0x0218, 12 }, // U+0218
    { 0x0219, 24 }, // U+0219
    { 0x021A, 13 }, // U+021A
    { 0x2018, 33 }, // U+2018
    { 0x2019, 4 }, // U+2019
    { 0x201A, 34 }, // U+201A
    { 0x201C, 33 }, // U+201C
    { 0x201D, 4 }, // U+201D
    { 0x201E, 34 }, // U+201E
    { 0x2026, 34 }, // U+2026
    { 0x2039, 35 }, // U+2039
    { 0x203A, 35 }, // U+203A
};

static const int8_t notonaskh_12_boldKernMatrix[] = {
       0,    0,    0,    0,    0,    0,    0,  -32,    0,    0,    0,    0,    0,    0,    0,    0,    0,    0,    0,    0,    0,   -8,  -24,    0,    0,    0,    0,    0,    0,    0,  -48,    0,    0,    0,    0,
       0,    0,    0,    0,    0,  -12,    0,    0,    0,    0,    0,    0,  -12,    0,  -16,  -16,    0,  -12,    0,    0,    0,    0,    0,    0,    0,    0,    0,    0,    0,    0,    0,    0,    0,    0,    0,
       0,   -4,    0,    0,  -48,    0,    0,  -20,    0,    0,    0,    0,    0,    0,    0,    0,    0,    0,    0,    0,    0,    0,    0,    0,    0,    0,    0,    0,    0,    0,  -32,    0,    0,  -48,    0,
       0,    0,    0,    0,    0,  -36,    0,    0,    0,   -8,    0,    0,  -36,   -8,  -44,  -36,    0,  -32,    0,    0,    0,    0,    0,    0,    0,  -28,  -24,  -20,    0,    0,    0,    0,    0,    0,    0,
       0,    0,    0,    0,    0,    0,    0,  -12,    0,    0,    0,    0,    0,    0,    0,    0,    0,   -4,    0,    0,    0,    0,    0,    0,    0,    0,    0,    0,    0,    0,    0,    0,    0,    0,    0,
     -32,    0,    0,  -28,    0,  -24,    0,    0,    0,   -8,    0,    0,  -24,   -8,  -32,  -28,    0,  -28,    0,    0,    0,   -8,   -8,    0,   -8,  -24,  -12,  -20,    0,    0,    0,    0,  -28,    0,    0,
       0,    0,    0,   -8,    0,   -8,    0,   -8,    0,    0,    0,    0,   -8,    0,  -16,  -12,   -8,  -16,   -8,    0,    0,    0,    0,    0,    0,    0,   -4,   -8,    0,    0,  -12,    0,    0,    0,    0,
       0,    0,    0,    0,   -8,   -8,    0,   -8,    0,    0,    0,    0,   -8,    0,   -8,   -8,   -8,  -12,    0,    0,    0,    0,    0,    0,    0,    0,    0,    0,    0,    0,  -20,    0,    0,   -8,    0,
       0,    0,    0,    0,    0,    0,    0,    0,    0,    0,    0,    0,    0,    0,   -8,   -8,    0,   -8,    0,    0,    0,    0,    0,    0,    0,    0,    0,    0,    0,    0,    0,    0,    0,    0,    0,
       0,   -8,    0,    0,  -48,    0,  -16,  -28,    0,    0,    0,    0,    0,    0,    0,    0,    0,    0,    0,  -16,    0,  -16,  -16,    0,    0,    0,    0,    0,    0,    0,  -44,    0,    0,  -48,    0,
       0,    0,    0,    0,    0,   -8,    0,    0,    0,    0,    0,    0,   -8,    0,   -8,   -8,    0,   -8,    0,    0,    0,    0,    0,    0,    0,    0,    0,    0,    0,    0,   -8,    0,    0,    0,    0,
       0,    0,    0,    0,    0,    0,    0,    0,    0,   -8,    0,    0,    0,    0,    0,    0,    0,    0,    0,    0,    0,   -8,   -8,    0,   -8,    0,  -12,  -12,    0,    0,    0,    0,    0,    0,    0,
     -24,    0,    0,  -32,    0,  -28,    0,    0,    0,    0,    0,    0,  -28,    0,  -20,  -20,    0,  -24,    0,    0,    0,    0,    0,    0,    0,   -8,   -4,  -12,    0,   -8,    0,    0,  -32,    0,    0,
       0,    0,    0,    0,    0,    0,    0,    0,    0,    0,    0,    0,    0,    0,    0,    0,    0,    0,    0,    0,    0,    0,    0,    0,    0,    0,    0,    0,    0,    0,    0,    0,    0,    0,   -4,
       0,    0,    0,   -8,    0,   -8,    0,    0,    0,   -8,    0,    0,   -8,   -4,  -12,  -12,    0,  -12,    0,    0,    0,    0,    0,    0,    0,   -4,   -4,   -8,    0,    0,    0,    0,    0,    0,    0,
       0,    0,    0,    0,    0,   -8,    0,   -8,    0,    0,    0,    0,   -8,    0,   -8,   -8,   -8,   -8,    0,    0,    0,    0,    0,    0,    0,    0,   -4,   -8,    0,    0,   -8,    0,    0,    0,    0,
       0,   -4,    0,    0,  -36,    0,  -12,  -24,    0,   -8,    0,    0,    0,    0,    0,    0,    0,    0,    0,  -12,    0,  -15,  -15,   -2,    0,    0,    0,    0,    0,    0,  -32,    0,    0,  -36,    0,
       0,    0,    0,    0,   -8,    0,   -4,   -8,    0,    0,    0,    0,    0,    0,    0,    0,    0,    0,    0,    0,    0,    0,    0,    0,    0,    0,    0,    0,    0,    0,  -16,    0,    0,   -8,    0,
       0,  -12,    0,    0,  -44,    0,  -20,  -32,    0,   -8,    0,    0,    0,    0,    0,    0,    0,    0,    0,  -24,    0,  -24,  -24,  -16,    0,    0,    0,    0,    0,    0,  -52,    0,    0,  -44,    0,
       0,    0,    0,    0,  -36,    0,  -20,  -28,    0,   -8,    0,    0,    0,    0,    0,    0,    0,    0,    0,  -26,    0,  -24,  -24,  -20,    0,    0,    0,    0,  -12,    0,  -52,    0,    0,  -36,    0,
       0,    0,    0,    0,    0,    0,    0,    0,    0,   -8,    0,   -4,    0,    0,    0,    0,    0,    0,    0,    0,    0,    0,    0,    0,    0,    0,  -12,  -20,    0,    0,    0,    0,    0,    0,    0,
       0,   -4,    0,    0,  -32,    0,  -16,  -28,    0,  -12,    0,   -8,    0,    0,    0,    0,    0,    0,    0,  -24,    0,  -28,  -28,  -24,    0,    0,    0,    0,   -8,    0,  -36,    0,    0,  -32,    0,
       0,    0,    0,    0,    0,    0,    0,    0,    0,    0,    0,    0,    0,    0,    0,    0,    0,    0,    0,    0,    0,    0,    0,    0,    0,    0,    0,    7,    0,    0,    0,    0,    0,    0,    0,
     -16,    0,    0,    0,    0,    0,    0,    0,    0,    0,    0,    0,    0,    0,    0,    0,    0,    0,    0,    0,    0,    0,    0,    0,    0,    0,    0,   -8,    0,    0,    0,    0,    0,    0,    0,
       0,    0,    0,    0,    0,    0,    0,    0,    0,    0,    0,    0,    0,    0,  -24,  -24,    0,  -28,    0,    0,    0,    0,    0,    0,    0,    0,    0,   -8,    0,    0,    0,    0,    0,    0,    0,
       0,    0,    0,    0,    0,    0,    0,    0,    0,    0,    0,    0,    0,    0,  -24,  -24,    0,  -24,    0,    0,    0,    0,    0,    0,    0,    0,    0,    0,    0,    0,    0,    0,    0,    0,    0,
      32,    0,   36,   32,    0,    0,    0,    0,    0,    0,    0,    0,    0,    0,    0,    0,    0,    0,    0,    0,    0,    0,    0,    0,    0,    0,    0,    0,    0,    0,    0,   16,    0,    0,    0,
       0,    0,    0,    0,    0,    0,    0,    0,    0,    0,    0,    0,    0,    0,    0,   -8,    0,    0,    0,    0,    0,    0,    0,    0,    0,    0,    0,    0,    0,    0,    0,    0,    0,    0,    0,
       0,    0,    0,    0,    0,    0,    0,    0,    0,    0,    0,    0,    0,    0,    0,    0,    0,    0,    0,    0,    0,   -8,   -8,    0,    0,    0,    0,    0,    0,    0,    0,    0,    0,    0,    0,
       0,    0,    0,   12,  -57,    0,    0,    0,    0,    0,    0,    0,    0,    0,    0,    0,    0,    0,    0,   -8,    0,    0,    0,    0,    0,    0,    0,    0,    0,    0,    0,    0,    0,  -57,    0,
       0,    0,    0,    0,    0,    0,    0,    0,    0,    0,    0,    0,    0,    0,    0,    0,    0,  -24,    0,    0,    0,    0,    0,    0,    0,    0,    0,    0,    0,    0,    0,    0,    0,    0,    0,
       0,    0,    0,    0,  -20,    0,    0,  -24,    0,    0,    0,    0,    0,    0,    0,    0,    0,    0,    0,    0,    0,    0,    0,    0,    0,    0,    0,    0,    0,    0,    0,    0,    0,  -28,    0,
       0,    0,    0,    0,  -28,    0,    0,  -12,    0,    0,    0,    0,    0,    0,    0,    0,    0,    0,    0,    0,    0,    0,    0,    0,    0,    0,    0,    0,    0,    0,    0,    0,    0,  -28,    0,
       0,    0,    0,    0,  -36,    0,    0,  -20,    0,    0,    0,    0,    0,    0,    0,    0,    0,    0,    0,    0,    0,   -4,   -4,    0,    0,    0,    0,    0,    0,    0,    0,    0,    0,  -36,    0,
       0,    0,    0,    0,    0,    0,    0,    0,    0,    0,    0,    0,    0,    0,  -12,   -8,    0,  -12,    0,    0,    0,    0,    0,    0,    0,    0,    0,    0,    0,    0,    0,    0,    0,    0,    0,
       0,    0,    0,    0,    0,   -8,    0,    0,    0,    0,    0,    0,   -8,    0,  -20,  -20,    0,  -20,    0,    0,    0,    0,    0,    0,    0,    0,    0,    0,    0,    0,    0,    0,    0,    0,    0,
     -32,    0,    0,  -28,    0,  -24,    0,    0,    0,   -8,    0,    0,  -24,   -8,  -32,  -28,    0,  -28,    0,    0,    0,   -8,   -8,    0,   -8,  -20,  -12,  -20,    0,    0,    0,    0,  -28,    0,    0,
       0,    0,   24,   16,    0,   32,    0,    0,   20,    0,   24,    0,   20,   28,   32,   28,   28,   40,   16,    0,   36,    0,    0,    0,    0,    0,    0,    0,    0,    0,    0,    0,    0,    0,    0,
       0,    0,    0,    0,    0,    0,    0,    0,    0,    0,    0,    0,    0,    0,    0,    0,    0,    0,    0,    0,   16,    0,    0,    0,    0,    0,    0,    0,    0,    0,    0,    0,    0,    0,    0,
       0,    0,    0,    0,    0,    0,    0,  -28,    0,    0,    0,    0,    0,    0,    0,    0,    0,    0,    0,    0,    0,    0,    0,    0,    0,    0,    0,    0,    0,    0,  -56,    0,    0,    0,    0,
       0,    0,    0,    0,    0,    0,    0,  -40,    0,   -8,    0,    0,    0,    0,    0,    0,    0,    0,    0,  -12,    0,  -16,  -16,  -20,    0,    0,    0,    0,    0,    0,    0,    0,    0,    0,    0,
};

static constexpr EpdFontData notonaskh_12_bold = {
    notonaskh_12_boldBitmaps,
    notonaskh_12_boldGlyphs,
    notonaskh_12_boldIntervals,
    44,
    43,
    27,
    -16,
    true,
    notonaskh_12_boldGroups,
    8,
    nullptr,
    notonaskh_12_boldKernLeftClasses,
    notonaskh_12_boldKernRightClasses,
    notonaskh_12_boldKernMatrix,
    158,
    206,
    41,
    35,
    nullptr,
    0,
};
