/**
 * generated by fontconvert.py
 * name: notonaskh_10_bold
 * size: 10
 * mode: 2-bit  compressed: true
 * Command used: fontconvert.py notonaskh_10_bold 10 ../builtinFonts/source/NotoNaskhArabic/NotoNaskhArabic-Bold.ttf --additional-intervals 0x0600,0x06FF --additional-intervals 0xFE70,0xFEFC --font-include-intervals 0:0x0000,0x024F --font-include-intervals 0:0x0300,0x036F --font-include-intervals 0:0x2000,0x206F --font-include-intervals 0:0x0600,0x06FF --font-include-intervals 0:0xFE70,0xFEFC --2bit --compress --pnum --darken-aa
 */
#pragma once
#include "EpdFontData.h"

static const uint8_t notonaskh_10_boldBitmaps[12867] = {
    0xA5, 0x57, 0x3F, 0x6C, 0xDD, 0xC6, 0x19, 0xFF, 0xC8, 0x6B, 0xCD, 0x81, 0x88, 0xCE, 0x83, 0x03,
    0x04, 0x49, 0x2C, 0x66, 0xC8, 0x60, 0xB4, 0x8A, 0x99, 0xC1, 0x83, 0x0A, 0x3C, 0xBD, 0xA3, 0xED,
    0xA1, 0xA3, 0x55, 0x20, 0x5A, 0x9A, 0x41, 0x1E, 0xB2, 0xD8, 0x8B, 0x3B, 0x64, 0x30, 0x50, 0xD9,
    0xA4, 0xAC, 0xA1, 0x43, 0x87, 0x6A, 0xEA, 0x1A, 0x17, 0xCE, 0x24, 0x0F, 0x55, 0xD1, 0xB4, 0xC8,
    0x20, 0x8B, 0xE7, 0x6A, 0xF0, 0xD0, 0xC1, 0x74, 0x94, 0xC2, 0x83, 0x07, 0x5D, 0x60, 0xA7, 0x19,
    0x0C, 0xD4, 0x97, 0x84, 0x4A, 0x4F, 0x32, 0x1F, 0xAF, 0xBF, 0x8F, 0xEF, 0x3D, 0xD9, 0x96, 0x94,
    0x38, 0x40, 0xC9, 0xFB, 0xEE, 0xF1, 0x91, 0x77, 0xDF, 0x7D, 0xDF, 0x77, 0xDF, 0x9F, 0xDF, 0xD1,
    0x42, 0xB3, 0xB6, 0xB0, 0xD0, 0xC3, 0x75, 0x82, 0x7A, 0xEB, 0x53, 0xB4, 0xAE, 0xB8, 0x5D, 0x51,
    0xD4, 0x4B, 0xA9, 0x37, 0x49, 0xBD, 0x57, 0x88, 0x56, 0x57, 0xC9, 0x5A, 0xB2, 0x86, 0xBE, 0xA8,
    0x52, 0xDF, 0xA0, 0x85, 0x1B, 0x5A, 0x6C, 0x14, 0x62, 0x29, 0xBB, 0xF4, 0xE4, 0x51, 0xEE, 0x5D,
    0x2C, 0x49, 0x4E, 0xD0, 0xC4, 0x2B, 0x34, 0xF1, 0x26, 0xD1, 0x75, 0x22, 0x4B, 0xD2, 0x67, 0xFD,
    0x9B, 0x7A, 0xE1, 0x86, 0xBE, 0xF5, 0x27, 0xCA, 0x0D, 0x29, 0x47, 0xB1, 0xCF, 0xC8, 0x57, 0x6F,
    0xDD, 0x34, 0xF6, 0x86, 0x75, 0x37, 0xCC, 0xAD, 0xC7, 0x3A, 0x6D, 0x89, 0x4C, 0x37, 0x7E, 0x99,
    0xBA, 0x2B, 0x76, 0xF8, 0x9F, 0xF6, 0x43, 0x4D, 0x33, 0x89, 0xD0, 0xB4, 0x90, 0xC4, 0x44, 0x0B,
    0xF2, 0x1C, 0xBA, 0xE4, 0x1D, 0xC2, 0xBB, 0x5E, 0x59, 0xF4, 0xFB, 0x7F, 0x7F, 0x68, 0xA4, 0xFB,
    0xF6, 0x33, 0x4B, 0xC1, 0xFD, 0xDB, 0x96, 0xC4, 0x1D, 0x74, 0xD1, 0x2F, 0xD1, 0x49, 0x81, 0xEE,
    0xB8, 0x78, 0x68, 0xA8, 0x47, 0xBE, 0x00, 0xB7, 0x9F, 0x0C, 0x99, 0x52, 0x89, 0x35, 0xC2, 0x9D,
    0x86, 0x48, 0xD8, 0x85, 0x71, 0x57, 0xE3, 0x6F, 0xE0, 0x2D, 0xBE, 0xFA, 0x33, 0x9E, 0x22, 0xBF,
    0xB1, 0x4D, 0xC9, 0xDD, 0x6F, 0x2B, 0x52, 0x67, 0xBD, 0x26, 0x45, 0x5D, 0xA7, 0xD0, 0x15, 0xA9,
    0xA5, 0xE4, 0x4B, 0xDF, 0x60, 0xC8, 0x3D, 0x30, 0x65, 0x96, 0xEB, 0xEB, 0x57, 0x60, 0x2A, 0x3C,
    0x4C, 0x05, 0x75, 0x54, 0x25, 0x5A, 0x65, 0x39, 0x95, 0xE4, 0xA9, 0xED, 0x6E, 0x8F, 0x67, 0x4C,
    0xCD, 0xA4, 0x8E, 0x0C, 0x39, 0x7A, 0x8D, 0xE8, 0x43, 0xEA, 0x13, 0xFF, 0x13, 0x36, 0x74, 0x61,
    0x13, 0xEC, 0xDD, 0x61, 0x23, 0x9C, 0xB0, 0xB1, 0x91, 0xC5, 0x0C, 0x9D, 0x27, 0xAA, 0xE9, 0xA8,
    0x2D, 0x66, 0xFE, 0x0A, 0xFB, 0x56, 0x51, 0x4B, 0xAA, 0x34, 0xBD, 0xBF, 0x68, 0xBC, 0x64, 0xEB,
    0x10, 0x1B, 0x74, 0xD8, 0x5E, 0xDD, 0xCE, 0xBC, 0x37, 0x73, 0xDB, 0xD9, 0xDE, 0x9B, 0xEE, 0x4A,
    0x33, 0x55, 0x24, 0x3A, 0x2A, 0x24, 0x4D, 0xE3, 0x5F, 0x6E, 0x4B, 0x7B, 0xF1, 0x7A, 0xB7, 0x97,
    0x84, 0x8D, 0x23, 0x13, 0x54, 0xA1, 0x16, 0x5A, 0x14, 0x51, 0x16, 0x93, 0xA4, 0x09, 0x3A, 0x4E,
    0x53, 0x30, 0xD2, 0x34, 0x44, 0xE3, 0xCF, 0x9D, 0xF1, 0x43, 0x9F, 0xC9, 0x07, 0x55, 0xBA, 0x64,
    0xD5, 0x19, 0xA7, 0xC2, 0x46, 0x05, 0x4D, 0x3E, 0x6E, 0x78, 0xE6, 0x37, 0x67, 0x1C, 0xBE, 0xCA,
    0x07, 0x46, 0x74, 0xC6, 0xA5, 0x1C, 0x53, 0x28, 0xF5, 0xD4, 0xCF, 0xF9, 0xF9, 0x7B, 0x5B, 0x99,
    0x49, 0x58, 0x0F, 0x5B, 0xEB, 0x0B, 0xF5, 0x91, 0x51, 0xC2, 0xF6, 0x85, 0x9D, 0x14, 0xD8, 0x32,
    0x03, 0xA3, 0x50, 0x42, 0x90, 0x03, 0x22, 0x08, 0x7D, 0x4C, 0x52, 0xAF, 0x3F, 0xB7, 0x06, 0x5F,
    0x42, 0xDB, 0x1B, 0x9F, 0x77, 0xE3, 0x7F, 0x8A, 0xF1, 0x71, 0x15, 0x5C, 0xCA, 0x78, 0x69, 0x89,
    0xD1, 0x8E, 0xC2, 0xE6, 0x54, 0xE8, 0xD6, 0x44, 0x9D, 0xCF, 0xDB, 0x64, 0x28, 0x0F, 0xB8, 0x61,
    0xC3, 0x72, 0x4D, 0x4F, 0x74, 0x78, 0x57, 0x8B, 0x73, 0x5A, 0x4A, 0xFD, 0xA6, 0xD4, 0xD3, 0x52,
    0xFF, 0x6D, 0xFE, 0x73, 0xEF, 0x07, 0x24, 0x2B, 0x1E, 0x93, 0x9A, 0xC0, 0x37, 0xD2, 0x63, 0x96,
    0x9D, 0x5C, 0xB1, 0x53, 0xF4, 0x1B, 0xD8, 0x08, 0x4D, 0xF9, 0xEC, 0xF5, 0x4B, 0x06, 0xCE, 0xC1,
    0xCC, 0x85, 0x3B, 0x21, 0x5C, 0x4F, 0x58, 0x35, 0x6F, 0x12, 0x38, 0xED, 0xD8, 0x8B, 0xC4, 0xBF,
    0x9D, 0xD4, 0x2E, 0xC9, 0x4C, 0x8A, 0xF1, 0x3C, 0xA5, 0x52, 0xF7, 0x6B, 0xB6, 0x0C, 0x71, 0x4B,
    0xB3, 0x26, 0xB9, 0xE6, 0xE2, 0xAF, 0x6C, 0x08, 0xE7, 0xE1, 0xAF, 0x0D, 0x5A, 0x7F, 0xC5, 0x9D,
    0x0A, 0xEC, 0x5B, 0xC2, 0x50, 0xA4, 0x79, 0x75, 0x99, 0x11, 0x26, 0xF7, 0x89, 0xD6, 0x88, 0x1A,
    0x0A, 0xEA, 0x6E, 0x41, 0xC3, 0xEC, 0x23, 0x5F, 0x24, 0x77, 0x60, 0xFC, 0x5A, 0x05, 0xB5, 0x3A,
    0x5D, 0xA7, 0x9B, 0x06, 0x16, 0x80, 0xBE, 0xF2, 0x89, 0x55, 0xA2, 0xB9, 0x4A, 0xDC, 0x78, 0x95,
    0xA5, 0x3A, 0xF6, 0x15, 0x1D, 0xE5, 0x29, 0xC2, 0x93, 0xDC, 0xAA, 0x60, 0x52, 0x15, 0xD6, 0x79,
    0xE0, 0x46, 0x3B, 0xF5, 0xA0, 0x91, 0xAD, 0xA3, 0x5F, 0xC1, 0x44, 0xCC, 0x7D, 0x4A, 0x98, 0x93,
    0x89, 0x96, 0x08, 0x34, 0xE8, 0xD1, 0x39, 0xC4, 0xF0, 0xE7, 0x58, 0x5E, 0xF6, 0x3B, 0xB5, 0xAE,
    0x94, 0x6A, 0x62, 0x8A, 0xBD, 0x68, 0x96, 0xB7, 0x44, 0x65, 0xA1, 0xA3, 0xB4, 0x80, 0x6C, 0x78,
    0x44, 0x94, 0x60, 0x0B, 0x33, 0x7E, 0x4F, 0xD7, 0xE7, 0xE6, 0xD8, 0xF1, 0x68, 0x7C, 0xE1, 0xF9,
    0xE2, 0xCA, 0xF2, 0x32, 0x6B, 0xC1, 0xE3, 0x31, 0x8B, 0x7F, 0x30, 0x32, 0x2D, 0xF0, 0x9C, 0x68,
    0xBA, 0x35, 0x0E, 0x6A, 0x24, 0x02, 0x35, 0x5F, 0x5D, 0x8D, 0x78, 0x23, 0x29, 0xC2, 0x46, 0x5A,
    0xFE, 0x5C, 0x8E, 0xBD, 0x77, 0xB6, 0x73, 0x3E, 0xD7, 0xED, 0x69, 0xDD, 0x4D, 0x38, 0xE2, 0x31,
    0x31, 0xFF, 0x63, 0x43, 0x21, 0x46, 0x52, 0xAC, 0x29, 0x2A, 0x92, 0xB0, 0xDD, 0xD4, 0x33, 0xF2,
    0x77, 0xFF, 0xD0, 0x0B, 0x2A, 0xBA, 0x5D, 0x7D, 0x7A, 0x25, 0xBE, 0x5D, 0xD5, 0x6B, 0x72, 0x51,
    0xDB, 0x46, 0x5E, 0xE3, 0xEE, 0x6C, 0x51, 0xAF, 0xA5, 0xBF, 0xA7, 0x4F, 0xD5, 0xC3, 0x01, 0xF5,
    0x8E, 0x64, 0xB3, 0xD4, 0x29, 0x27, 0x0B, 0x3A, 0x41, 0x62, 0xE7, 0xD7, 0xE0, 0x9B, 0xB6, 0xD0,
    0x3F, 0x86, 0xFC, 0x70, 0x1F, 0x4A, 0xF0, 0xA2, 0x0F, 0x89, 0x7F, 0x01, 0xE1, 0x57, 0x07, 0x10,
    0xA3, 0xA4, 0xC0, 0xC0, 0x9F, 0x2B, 0x05, 0x0F, 0xF3, 0x08, 0x23, 0x58, 0x8C, 0xA4, 0x91, 0x90,
    0x55, 0x91, 0x74, 0xDE, 0xE4, 0x9E, 0x9D, 0x32, 0xD9, 0xF5, 0xFC, 0x46, 0xC7, 0x36, 0x1D, 0x91,
    0x2A, 0xE2, 0xDD, 0x16, 0xAE, 0x3A, 0x18, 0xBD, 0x97, 0x15, 0xC8, 0x0C, 0x29, 0xA9, 0xE4, 0x76,
    0x59, 0x94, 0xF8, 0x36, 0x74, 0x1F, 0x24, 0xC0, 0x6D, 0x04, 0x8C, 0xE6, 0xE4, 0x70, 0x92, 0xF5,
    0x47, 0xAA, 0x38, 0x48, 0xFC, 0x1E, 0x96, 0xC7, 0xB8, 0x88, 0xE4, 0x2E, 0xE4, 0xE2, 0x60, 0x08,
    0x60, 0x8F, 0xE1, 0xFA, 0x19, 0xF8, 0x82, 0x37, 0xDF, 0xC2, 0x81, 0x9A, 0x7D, 0xC4, 0xEF, 0xEA,
    0xE1, 0xF7, 0x6E, 0xFD, 0xAC, 0xC4, 0xBC, 0xDC, 0x7B, 0xCC, 0xFD, 0x33, 0xE6, 0xC6, 0x20, 0xE4,
    0x00, 0x98, 0xA0, 0xA3, 0xDD, 0x8F, 0x21, 0x7B, 0x43, 0x7B, 0xFF, 0x3B, 0x0A, 0xA1, 0x87, 0xD0,
    0x72, 0xFB, 0x7D, 0x5D, 0xC2, 0x16, 0xA3, 0xB9, 0x74, 0x60, 0x2E, 0x13, 0xCF, 0xDD, 0x7E, 0x6F,
    0xDF, 0x7C, 0x98, 0x18, 0xE6, 0x2D, 0xC7, 0x71, 0x53, 0xB6, 0x14, 0xED, 0xE4, 0x1A, 0x16, 0x45,
    0xA2, 0x8C, 0x8B, 0xFC, 0x80, 0xCE, 0xBE, 0xF6, 0xA4, 0xAA, 0x92, 0x2D, 0x93, 0x25, 0x3A, 0xC5,
    0xC8, 0x78, 0xE7, 0x92, 0x0E, 0x3C, 0x18, 0xB0, 0xDE, 0x6D, 0x8A, 0xC0, 0xA8, 0x23, 0xB6, 0x30,
    0x5C, 0x64, 0x7F, 0xB7, 0x7B, 0x93, 0xEB, 0x8A, 0x77, 0x87, 0x7F, 0xE5, 0x4E, 0xD6, 0x51, 0x03,
    0x21, 0xC0, 0x25, 0xF7, 0xC9, 0xF6, 0xD0, 0x34, 0xFB, 0x6F, 0x59, 0x97, 0x3E, 0xC1, 0xBE, 0xB7,
    0x59, 0x08, 0xAF, 0xFB, 0xD1, 0x0D, 0xE1, 0x91, 0x58, 0x24, 0x38, 0x16, 0xB2, 0x49, 0x6A, 0x09,
    0xC3, 0xCB, 0x22, 0xB6, 0x93, 0x58, 0xF8, 0x32, 0xC8, 0x50, 0x8C, 0x82, 0x12, 0xA3, 0xC8, 0x74,
    0x86, 0xFA, 0x06, 0x8E, 0x62, 0xF7, 0x1C, 0xC8, 0xC8, 0x5A, 0xBA, 0xB2, 0x0D, 0xE1, 0x58, 0xF0,
    0xC7, 0x6D, 0x3A, 0x60, 0xC4, 0x43, 0xA8, 0x38, 0xB0, 0x39, 0x0D, 0xA9, 0x41, 0x82, 0xAE, 0x8E,
    0x5B, 0x2A, 0xAB, 0x18, 0x55, 0xA8, 0x8A, 0x73, 0xDA, 0xAA, 0x62, 0x75, 0xED, 0x6E, 0x15, 0xA7,
    0x1B, 0xE8, 0xE4, 0xC6, 0x39, 0x74, 0x8F, 0xE1, 0x99, 0xB1, 0x47, 0x27, 0x06, 0xDC, 0x35, 0xE8,
    0x42, 0x74, 0xB2, 0x70, 0x09, 0x6A, 0x85, 0x2D, 0x07, 0xB9, 0x89, 0xB0, 0xD1, 0x75, 0xB0, 0x43,
    0x71, 0x83, 0xA2, 0x00, 0x7E, 0xE8, 0xF2, 0x0C, 0x5D, 0xAA, 0xD1, 0x49, 0x8B, 0x4E, 0x38, 0x74,
    0x61, 0x83, 0x8E, 0x3C, 0x77, 0x0A, 0x9A, 0xB1, 0x05, 0x62, 0x16, 0x4E, 0x16, 0x08, 0xEF, 0xD2,
    0x8E, 0x0A, 0x12, 0xBB, 0x6D, 0xBC, 0xCD, 0x9B, 0xCA, 0xF5, 0x51, 0x9A, 0xB2, 0xD3, 0x3D, 0x62,
    0xAA, 0x9F, 0x23, 0x5B, 0x0E, 0x43, 0xCC, 0xF0, 0x38, 0xF9, 0xE8, 0x79, 0x77, 0x87, 0x6D, 0xBF,
    0xEB, 0xAC, 0x55, 0x1C, 0x08, 0x39, 0x9E, 0xD5, 0xF1, 0xFF, 0x7E, 0xB7, 0xFB, 0xBF, 0xD6, 0x4F,
    0x2A, 0x30, 0x33, 0x43, 0xA6, 0xA2, 0x65, 0x1F, 0x2E, 0xBA, 0xF0, 0xFB, 0x8E, 0xC3, 0x6F, 0x2C,
    0x4B, 0xF2, 0x4C, 0x1E, 0x0E, 0xFF, 0xA7, 0x58, 0xEF, 0xEB, 0x66, 0xB4, 0xC3, 0x79, 0x27, 0x33,
    0x76, 0xD8, 0x96, 0x6D, 0xD4, 0x74, 0xC5, 0xB5, 0x92, 0x28, 0x15, 0x9C, 0xC1, 0x6B, 0x44, 0xB7,
    0x32, 0x9C, 0x15, 0x23, 0xA4, 0x53, 0x64, 0x85, 0xA8, 0x79, 0x8D, 0x06, 0x3D, 0xBA, 0xC5, 0xF9,
    0xFD, 0x5A, 0x2D, 0x51, 0x3C, 0x8E, 0x42, 0x0D, 0x5F, 0xB5, 0xE5, 0xE3, 0xCA, 0xAA, 0x45, 0x50,
    0x01, 0x58, 0x82, 0x12, 0xF7, 0x32, 0x42, 0xE9, 0x13, 0x10, 0xB3, 0x6C, 0xE5, 0x00, 0x01, 0x53,
    0x4B, 0x54, 0xFD, 0x97, 0x11, 0x3B, 0x54, 0x04, 0x87, 0x12, 0xED, 0x7C, 0x46, 0xE5, 0xA0, 0x33,
    0x3D, 0xE0, 0x9D, 0x83, 0x37, 0x54, 0xB2, 0x82, 0xA3, 0x19, 0x8E, 0x78, 0x09, 0x4F, 0x9F, 0x40,
    0x82, 0x3E, 0x0E, 0xA7, 0x47, 0xB5, 0x6E, 0x00, 0x31, 0xDA, 0x4F, 0x18, 0x65, 0x10, 0x6B, 0xC2,
    0x55, 0x97, 0x33, 0x3A, 0x67, 0x5B, 0xDF, 0x08, 0x9D, 0xD7, 0xF9, 0x23, 0xC0, 0x22, 0xDC, 0xC8,
    0x82, 0x05, 0xB2, 0xA8, 0xE5, 0x3C, 0x8A, 0xF0, 0x80, 0xB9, 0x4F, 0xBA, 0x49, 0xF0, 0x9A, 0x69,
    0xDE, 0x01, 0xB7, 0xCB, 0xE0, 0x05, 0x67, 0x6A, 0x99, 0xA3, 0xCD, 0x2F, 0x83, 0xA7, 0x51, 0xAB,
    0xB0, 0x75, 0x05, 0xB7, 0x82, 0x2E, 0x29, 0x73, 0x2E, 0x50, 0xB3, 0x81, 0x6D, 0x50, 0x38, 0xF3,
    0x36, 0x71, 0x89, 0x8B, 0x4D, 0xE4, 0xA2, 0x02, 0x9E, 0x0B, 0x31, 0x31, 0x2F, 0xE7, 0xC4, 0x3E,
    0xCA, 0xE9, 0x29, 0x9E, 0x7F, 0x0B, 0x5B, 0xDB, 0x16, 0x60, 0x22, 0xCF, 0xE2, 0x4C, 0x69, 0x80,
    0x22, 0xEB, 0x8D, 0x6F, 0x50, 0x89, 0x5D, 0x5E, 0xBF, 0x61, 0xA0, 0x8D, 0x96, 0x36, 0x86, 0x04,
    0x12, 0x2B, 0xA3, 0x14, 0x0E, 0xA0, 0x49, 0xB9, 0x3A, 0xD4, 0x22, 0xD5, 0x2F, 0x92, 0xAA, 0xB0,
    0x6B, 0x0D, 0x00, 0x0E, 0x70, 0xC8, 0x8A, 0xCF, 0x00, 0x29, 0xA9, 0x87, 0x98, 0x3F, 0x16, 0xB9,
    0xD1, 0x7A, 0xD5, 0xD0, 0xEA, 0x08, 0xDF, 0x00, 0x86, 0x13, 0x0D, 0x65, 0x1C, 0x9A, 0x89, 0x11,
    0x5A, 0xFD, 0x6B, 0x5E, 0x2B, 0x84, 0xA7, 0xB7, 0x7E, 0x76, 0x40, 0x3F, 0x74, 0xFB, 0xEB, 0xA5,
    0x31, 0x08, 0x99, 0x55, 0x20, 0xB1, 0x69, 0x20, 0xA1, 0x29, 0x20, 0xB3, 0x09, 0x20, 0xB4, 0x98,
    0xA2, 0x4C, 0x14, 0x42, 0x87, 0x3A, 0xA8, 0x88, 0x07, 0x9C, 0xCF, 0xDD, 0x1B, 0x4E, 0xFC, 0xE0,
    0xFD, 0x73, 0x07, 0x8C, 0x0D, 0x85, 0x80, 0x6E, 0xE1, 0xB3, 0x5B, 0x00, 0xC6, 0x99, 0x58, 0xD2,
    0x71, 0x50, 0x4D, 0x10, 0x60, 0xCE, 0x27, 0xD3, 0x34, 0xFD, 0xEA, 0xDC, 0x2C, 0xA3, 0x12, 0x98,
    0x13, 0x95, 0xF5, 0x3C, 0x5D, 0x40, 0x14, 0x19, 0xB9, 0x51, 0xCB, 0x25, 0xAE, 0xBE, 0xC1, 0x4D,
    0x97, 0x3C, 0x75, 0x6A, 0xC9, 0xA9, 0xB3, 0x5D, 0xDB, 0x6A, 0xE4, 0x8E, 0x07, 0x68, 0x28, 0xA1,
    0xE7, 0x25, 0x0E, 0x88, 0x31, 0xDD, 0x5B, 0x26, 0xF9, 0xA4, 0x41, 0xB4, 0x01, 0x7D, 0x18, 0xC4,
    0x4E, 0xC5, 0xBB, 0xF4, 0x1C, 0x19, 0x2C, 0x80, 0x98, 0x4A, 0x51, 0x2C, 0xFD, 0x1F, 0x18, 0xC9,
    0x21, 0x22, 0x2F, 0x00, 0xDE, 0x60, 0x29, 0x9B, 0x5E, 0xB3, 0xEA, 0x74, 0xC1, 0x11, 0x30, 0x6C,
    0x05, 0x4C, 0xFD, 0xAE, 0xDC, 0xB5, 0x02, 0x90, 0x06, 0xD0, 0x3A, 0x86, 0x21, 0x43, 0x0E, 0xB8,
    0x11, 0x7D, 0x80, 0x94, 0xD9, 0xB6, 0x94, 0x6C, 0x02, 0x0F, 0x17, 0xA0, 0x6C, 0x44, 0xF4, 0xEC,
    0x39, 0x5D, 0x6C, 0x49, 0x3E, 0x46, 0x28, 0xB7, 0xD8, 0x30, 0xBE, 0x2E, 0x20, 0x08, 0x2A, 0x68,
    0x95, 0x2E, 0x36, 0xEA, 0x74, 0x33, 0x44, 0x61, 0xE3, 0xA5, 0x4E, 0xC8, 0x5D, 0x17, 0x22, 0xEA,
    0x86, 0x07, 0x03, 0x5F, 0x89, 0xFF, 0xDA, 0xF8, 0x0B, 0xB8, 0x05, 0x47, 0x7B, 0x89, 0x32, 0xB3,
    0x4D, 0xC3, 0xE7, 0x7D, 0x8D, 0x93, 0xBC, 0xEF, 0xB2, 0xCA, 0xC7, 0x57, 0xA4, 0xFF, 0x8F, 0x8A,
    0x3F, 0x67, 0xCC, 0x85, 0x16, 0x99, 0xF4, 0x23, 0x1D, 0x01, 0x38, 0xC3, 0x15, 0xE6, 0xE0, 0x2A,
    0x16, 0x50, 0xF7, 0xEA, 0x4A, 0xE3, 0x68, 0xCD, 0x91, 0x5B, 0x7F, 0x1F, 0x18, 0x33, 0x63, 0xF3,
    0xA5, 0x87, 0x99, 0x0F, 0xB8, 0x81, 0xD3, 0x92, 0xAC, 0xF2, 0x43, 0x29, 0x31, 0x79, 0x56, 0x36,
    0x39, 0xCF, 0xD0, 0xC8, 0xD3, 0xBA, 0x2B, 0xA5, 0x1C, 0x53, 0x2F, 0xDC, 0x89, 0xF5, 0xDD, 0xB1,
    0x46, 0xD4, 0xA2, 0xCB, 0xBB, 0x29, 0xE2, 0x5E, 0x1C, 0x76, 0xDB, 0xC8, 0xA6, 0x55, 0x79, 0x50,
    0x1A, 0xA6, 0x4D, 0x80, 0xCC, 0x0A, 0x12, 0xDD, 0x43, 0x12, 0xBF, 0x0F, 0x88, 0xBA, 0x05, 0x82,
    0x91, 0xE4, 0x53, 0xFC, 0xDF, 0xE4, 0xF7, 0xB0, 0xB2, 0x2D, 0x33, 0xE4, 0x85, 0xAA, 0xAC, 0xD2,
    0x7D, 0x12, 0xEC, 0x93, 0x25, 0x58, 0x7E, 0x1D, 0x72, 0x6E, 0x35, 0x38, 0x72, 0xC9, 0x5D, 0xFF,
    0xA0, 0x66, 0x1D, 0xCF, 0x3A, 0xD6, 0x48, 0xBC, 0xAC, 0x87, 0xC6, 0x67, 0x51, 0xA9, 0x9B, 0x7C,
    0x93, 0x43, 0x6A, 0x99, 0xB9, 0xFC, 0x78, 0x2B, 0xF1, 0xAE, 0x5B, 0x79, 0xBB, 0x49, 0x8B, 0x81,
    0xCA, 0xD6, 0x55, 0x56, 0x8E, 0xDB, 0x3A, 0xDE, 0xC8, 0xCF, 0xC6, 0xBB, 0x1E, 0xCC, 0x76, 0x6C,
    0x93, 0x9D, 0x3D, 0xDF, 0xCD, 0x3A, 0x9F, 0xD5, 0x7B, 0xFE, 0x9B, 0x75, 0xEF, 0x77, 0xB0, 0xEC,
    0x16, 0x04, 0xBB, 0x9D, 0x31, 0x68, 0xEF, 0xCC, 0xC4, 0xB9, 0xA6, 0xE4, 0x5C, 0xFE, 0x1E, 0x03,
    0x1F, 0x55, 0x25, 0xF7, 0xFD, 0x4B, 0x9C, 0x12, 0xC0, 0xA7, 0x7D, 0xCE, 0x99, 0x99, 0x8E, 0xF0,
    0xF9, 0x05, 0x19, 0x3E, 0x58, 0x2E, 0xEF, 0x22, 0xD5, 0x3B, 0x69, 0x91, 0xA6, 0x33, 0x3E, 0x98,
    0x3C, 0xD7, 0x12, 0xC3, 0xA0, 0x89, 0x3E, 0xE8, 0x8E, 0xD0, 0xB1, 0xEE, 0x8B, 0x02, 0xCE, 0xAB,
    0x70, 0x7E, 0xF1, 0x45, 0x50, 0xEA, 0xB7, 0xE3, 0x6A, 0x41, 0x54, 0x7D, 0xA9, 0x71, 0xF4, 0x42,
    0x68, 0xE1, 0xA8, 0x8C, 0x83, 0x32, 0x66, 0xC1, 0x43, 0x93, 0x2F, 0xBB, 0x23, 0xC6, 0xBE, 0x06,
    0x9E, 0xBB, 0x7C, 0x54, 0x18, 0x9E, 0x19, 0xA8, 0xDC, 0xC0, 0x40, 0x0D, 0x93, 0xEA, 0xFC, 0x20,
    0x01, 0x86, 0x49, 0x83, 0x0A, 0xF6, 0xD4, 0x03, 0x08, 0x23, 0x2B, 0x1E, 0x1D, 0x81, 0x7D, 0xE7,
    0x8B, 0x54, 0xCF, 0x60, 0x4C, 0x0F, 0xDF, 0xA7, 0x91, 0xCE, 0x57, 0xE1, 0x74, 0x7C, 0x54, 0x32,
    0x14, 0xB4, 0x30, 0x10, 0x9F, 0x78, 0x80, 0x83, 0xF8, 0xBC, 0xD7, 0x5D, 0xAA, 0x99, 0x94, 0x8D,
    0xB4, 0x69, 0x08, 0xAC, 0xAA, 0x70, 0xF4, 0xB4, 0xF9, 0x92, 0x16, 0xB5, 0xDF, 0xC0, 0xD9, 0x60,
    0xEB, 0x0E, 0xA6, 0xFC, 0xF3, 0x09, 0xE6, 0x6C, 0x40, 0xC9, 0x12, 0x5B, 0x4E, 0x39, 0xF2, 0x2A,
    0x00, 0xBB, 0xEB, 0xA6, 0xE6, 0x8D, 0x47, 0x92, 0x9E, 0x01, 0xEF, 0x0F, 0x31, 0x10, 0x89, 0xB9,
    0xD4, 0xC3, 0x12, 0x03, 0x97, 0x0A, 0x37, 0x6B, 0x8A, 0x16, 0x91, 0x94, 0x17, 0x7D, 0xE6, 0xBF,
    0xF2, 0x5D, 0xC0, 0xFB, 0x6F, 0xB0, 0x0F, 0x7A, 0x01, 0x3A, 0x5D, 0x86, 0xFC, 0x80, 0x25, 0x06,
    0x72, 0x7D, 0x5D, 0x91, 0xF8, 0x0E, 0x66, 0x7E, 0x5A, 0x3C, 0x43, 0xD5, 0x7C, 0x22, 0xE0, 0x53,
    0x3B, 0x4E, 0x5E, 0x01, 0x82, 0x05, 0x87, 0x3D, 0xBA, 0x3A, 0x04, 0x0B, 0xCA, 0xDB, 0x99, 0x79,
    0x7B, 0x2A, 0xD1, 0x47, 0x91, 0x28, 0xDA, 0x0E, 0xD9, 0xC1, 0xF5, 0xCD, 0xA9, 0x54, 0x9F, 0xCA,
    0x57, 0x00, 0x0D, 0x6B, 0xCA, 0x8B, 0x70, 0xD0, 0x1D, 0x0C, 0xEB, 0x17, 0x1A, 0x6A, 0x4F, 0x59,
    0x30, 0x4C, 0xD8, 0xF7, 0x1E, 0x23, 0x03, 0x9C, 0x37, 0x7E, 0x96, 0x19, 0x7B, 0xC8, 0x95, 0x17,
    0x9C, 0x51, 0xC4, 0xBE, 0x56, 0x77, 0x99, 0xAF, 0xEC, 0x16, 0xAA, 0x5F, 0xF8, 0x84, 0x33, 0x13,
    0x84, 0xBD, 0x08, 0x38, 0x9C, 0x1D, 0x4B, 0x6C, 0xAF, 0x77, 0x6B, 0x7A, 0x3A, 0xB1, 0x6F, 0x87,
    0xCB, 0xFF, 0x03, 0xAD, 0x58, 0xBF, 0x6F, 0x1C, 0xC7, 0x15, 0xFE, 0x76, 0x87, 0xCC, 0xC2, 0x58,
    0x89, 0xE3, 0xC2, 0x06, 0x82, 0x38, 0xE2, 0xB2, 0x50, 0xA1, 0x20, 0x67, 0x6D, 0x0A, 0x22, 0xA1,
    0x81, 0xE5, 0xCD, 0x0A, 0xFA, 0x03, 0xC2, 0x22, 0x6A, 0x92, 0x00, 0x51, 0xAB, 0x26, 0x54, 0xA1,
    0x82, 0x05, 0xC5, 0x5D, 0x4B, 0x85, 0xCB, 0xE8, 0x3F, 0xB0, 0x0A, 0x77, 0x2A, 0xAC, 0x42, 0x01,
    0x0C, 0x84, 0xE2, 0x8E, 0xC2, 0x52, 0xCD, 0x86, 0x82, 0x91, 0xC2, 0x05, 0xD7, 0xBF, 0x60, 0xC0,
    0x29, 0x3C, 0x12, 0x96, 0xC1, 0x92, 0x5C, 0xDE, 0xE4, 0x9B, 0xDD, 0x13, 0x29, 0xDA, 0x82, 0x75,
    0xD1, 0xF9, 0x76, 0xDE, 0xDB, 0xE3, 0xDC, 0xBC, 0x37, 0x33, 0x6F, 0xBE, 0xF7, 0x63, 0x08, 0xBC,
    0x0B, 0x85, 0x79, 0x00, 0x67, 0x70, 0x8E, 0xCF, 0x3C, 0x9F, 0xA8, 0x7B, 0x62, 0x5C, 0x64, 0x2F,
    0x16, 0x81, 0x35, 0x84, 0xB6, 0x54, 0xFF, 0x30, 0xD9, 0xEF, 0xCC, 0xD6, 0x6F, 0xF3, 0xD1, 0x22,
    0xFA, 0xB6, 0xB5, 0x88, 0x6C, 0x71, 0x41, 0x1D, 0x54, 0xA1, 0xD5, 0x1C, 0xE3, 0x46, 0x02, 0x9E,
    0xAD, 0xC2, 0x6F, 0x6A, 0xA9, 0x1B, 0x99, 0x1B, 0xA9, 0xC1, 0x16, 0x7D, 0x9D, 0x16, 0x56, 0x0B,
    0x03, 0x36, 0x9F, 0xBC, 0x44, 0xB8, 0xFF, 0x46, 0x6C, 0xDB, 0xF7, 0x56, 0x1B, 0x20, 0xB5, 0xCF,
    0x46, 0x59, 0xD9, 0xC6, 0xFA, 0x86, 0xD4, 0x26, 0xAC, 0x4A, 0xF1, 0x4C, 0xFB, 0x87, 0xA9, 0x67,
    0x11, 0xDB, 0x06, 0x5B, 0xF8, 0x85, 0xFD, 0x28, 0xB2, 0x35, 0xBF, 0xB0, 0x27, 0xB4, 0x55, 0x70,
    0x84, 0x78, 0x35, 0x4D, 0xC2, 0x3C, 0x09, 0xD3, 0x21, 0xA0, 0x4A, 0xA8, 0x16, 0x7F, 0xB7, 0xF9,
    0x27, 0x51, 0xB9, 0x21, 0x2A, 0xF5, 0x45, 0xB7, 0x92, 0x22, 0xE7, 0xAC, 0x4B, 0x42, 0xAF, 0x0B,
    0x3D, 0x0C, 0xF2, 0x78, 0x04, 0x6F, 0x05, 0x4B, 0x83, 0xCD, 0xE1, 0xFA, 0x32, 0xFA, 0x4F, 0x71,
    0x84, 0xE0, 0xEB, 0x55, 0x1D, 0x79, 0x97, 0x4C, 0x12, 0xB7, 0x6B, 0xD7, 0x3F, 0x19, 0x0C, 0x8C,
    0x99, 0x39, 0xF7, 0x79, 0x85, 0xB9, 0x2F, 0x48, 0xEE, 0x6D, 0x0C, 0xCE, 0x5E, 0x6F, 0xCE, 0x0C,
    0x12, 0xD5, 0x2E, 0xCD, 0xCF, 0xA6, 0x26, 0xA8, 0xDE, 0xD1, 0x4E, 0x0E, 0x1E, 0x10, 0x35, 0x18,
    0x2E, 0x63, 0x66, 0x08, 0xAA, 0x5E, 0x1F, 0xE2, 0xE6, 0x16, 0xD4, 0xC7, 0xA9, 0xD3, 0xFB, 0x06,
    0xE4, 0x32, 0x92, 0x07, 0x78, 0x60, 0x40, 0xF9, 0xBA, 0xC6, 0xE6, 0x06, 0xE2, 0x3F, 0x02, 0x2F,
    0x4C, 0xFB, 0x55, 0xA4, 0x69, 0x6A, 0x93, 0xD8, 0x7A, 0xE9, 0x7A, 0x92, 0x0C, 0x4C, 0xF2, 0xEE,
    0xD9, 0x2A, 0x49, 0xE6, 0x2A, 0x55, 0xCF, 0x55, 0xCB, 0x66, 0xCE, 0x24, 0x0F, 0xCE, 0xBA, 0xFE,
    0x25, 0x1B, 0xAD, 0xB9, 0x71, 0x41, 0x79, 0x32, 0x2D, 0x3F, 0xCA, 0xB6, 0xDD, 0x5B, 0xD6, 0xC3,
    0xCD, 0xA5, 0xF9, 0xA5, 0xF9, 0xE5, 0xE5, 0xA8, 0xF1, 0xF2, 0x90, 0x76, 0x1E, 0xE2, 0x3C, 0xED,
    0x43, 0xAB, 0x8D, 0x1E, 0xD2, 0x24, 0x37, 0x4E, 0x51, 0x4C, 0x0A, 0x49, 0x18, 0xBC, 0x82, 0x92,
    0x35, 0xF8, 0x6D, 0x06, 0xFC, 0xE1, 0x6D, 0x60, 0xA3, 0xD8, 0x9A, 0x61, 0x2F, 0xE2, 0x34, 0xD0,
    0x1F, 0xE6, 0x34, 0x7E, 0x03, 0x15, 0x63, 0x59, 0xA6, 0xEB, 0x32, 0x25, 0x1F, 0xC6, 0x90, 0xFD,
    0x5A, 0x7E, 0x05, 0xB5, 0x9A, 0xCA, 0xC7, 0x5A, 0x6C, 0x77, 0xED, 0x71, 0x1A, 0xFE, 0x15, 0x17,
    0x7F, 0xFE, 0x7C, 0xCF, 0x0F, 0x81, 0x51, 0xC7, 0xF9, 0x39, 0xCF, 0x19, 0x80, 0x75, 0x88, 0x06,
    0x91, 0x86, 0xCA, 0xC1, 0xA9, 0x32, 0xDF, 0x28, 0x51, 0x47, 0x9F, 0x99, 0xC0, 0xE6, 0x38, 0x72,
    0x5B, 0x24, 0x85, 0x9A, 0x1B, 0xCE, 0xF9, 0xAE, 0xB8, 0x55, 0x43, 0x83, 0xD7, 0xC0, 0x90, 0x58,
    0x79, 0x8F, 0x33, 0xDE, 0xE7, 0x20, 0x53, 0xC0, 0xAB, 0x32, 0xF8, 0xA5, 0x4A, 0x85, 0xB5, 0x3A,
    0xC8, 0x23, 0x2D, 0x21, 0x2B, 0x89, 0xD0, 0x28, 0xC8, 0xC6, 0x56, 0x99, 0xED, 0xA6, 0xF5, 0x28,
    0x43, 0xB4, 0xC1, 0xC7, 0x74, 0xBA, 0x24, 0x65, 0x63, 0xCA, 0xAD, 0x73, 0xF9, 0x2B, 0xB3, 0xD3,
    0xE9, 0x52, 0x01, 0xC0, 0x73, 0xF2, 0xBE, 0x74, 0x9B, 0x5D, 0x99, 0x4E, 0xD7, 0xDA, 0x05, 0xA0,
    0xBD, 0x09, 0x6C, 0x26, 0xBD, 0xB1, 0xA7, 0xD1, 0xE5, 0xA5, 0xBD, 0xEC, 0x60, 0xB1, 0x27, 0xF7,
    0xFD, 0x75, 0x75, 0x05, 0xD6, 0x72, 0xA4, 0x6F, 0xBF, 0xE5, 0xB9, 0x8B, 0xEF, 0xF4, 0x39, 0x20,
    0x58, 0x75, 0x5C, 0xC6, 0x3C, 0x58, 0x9C, 0xEB, 0x78, 0x12, 0x7F, 0x7B, 0x07, 0xB8, 0x11, 0x5B,
    0xCE, 0x61, 0x5C, 0x8F, 0x4F, 0x6D, 0x1C, 0xFE, 0xE9, 0x2A, 0x79, 0x88, 0x58, 0x87, 0x90, 0xE4,
    0x92, 0x80, 0x50, 0x9F, 0xAE, 0xC2, 0xFE, 0xCB, 0xD2, 0x6A, 0xBD, 0x1B, 0x35, 0x08, 0xF7, 0x88,
    0x74, 0xCD, 0x5F, 0xD2, 0x8B, 0x28, 0xD8, 0x65, 0x5F, 0x42, 0xAE, 0x5F, 0x71, 0x53, 0xB1, 0x0E,
    0x20, 0x0F, 0xB8, 0x6A, 0xC6, 0x13, 0xAA, 0x84, 0x8B, 0x48, 0xF0, 0x69, 0xA9, 0x5F, 0x13, 0x19,
    0x59, 0x4E, 0xC4, 0xF7, 0x30, 0x65, 0xC0, 0xEB, 0x90, 0x92, 0x71, 0x9E, 0xE8, 0xE0, 0xE3, 0x34,
    0x34, 0x21, 0x29, 0x20, 0x71, 0x3D, 0x8E, 0x0E, 0x3E, 0xA2, 0x87, 0xB5, 0x38, 0xFE, 0xBB, 0x23,
    0x5F, 0x87, 0x46, 0x68, 0xB9, 0xF7, 0x27, 0x5D, 0xB8, 0xF5, 0x8B, 0xBA, 0x3F, 0x85, 0x88, 0x13,
    0xBF, 0x35, 0xA5, 0x2E, 0xB7, 0x78, 0xBE, 0xFC, 0xCF, 0x19, 0x35, 0xD3, 0x85, 0xE9, 0x74, 0x55,
    0xF7, 0x19, 0x79, 0x1B, 0x78, 0xA6, 0xEE, 0x4C, 0x38, 0x8D, 0xAE, 0x8C, 0xCE, 0x4B, 0xA7, 0x5A,
    0xC9, 0x6C, 0xB4, 0x47, 0xF9, 0x97, 0x3C, 0xB2, 0x2E, 0x2C, 0x46, 0x5E, 0x23, 0x4A, 0x1F, 0x3F,
    0x3E, 0x2A, 0x34, 0x51, 0x93, 0x0C, 0x57, 0x66, 0x7F, 0x7C, 0xD4, 0x85, 0xC1, 0x4D, 0x95, 0x0C,
    0xF1, 0x0A, 0x5D, 0x19, 0xCF, 0x37, 0x3A, 0xB0, 0xDC, 0x4B, 0x54, 0xF5, 0xBD, 0xA2, 0x21, 0xB5,
    0xF1, 0x81, 0x68, 0x95, 0xBD, 0xDC, 0xBA, 0xEF, 0xE3, 0xBE, 0xBA, 0xFF, 0x3D, 0x2A, 0xE5, 0x5E,
    0xC1, 0xD4, 0x44, 0x5C, 0xC4, 0xB7, 0x53, 0xA7, 0x9F, 0xEC, 0x59, 0x87, 0x32, 0x77, 0x76, 0x55,
    0x40, 0x23, 0xD5, 0xDE, 0x3E, 0x63, 0x27, 0xEE, 0x23, 0x1C, 0x39, 0x96, 0xA5, 0x64, 0xB1, 0x26,
    0x93, 0x86, 0x4C, 0x34, 0x64, 0x7E, 0x4B, 0x06, 0xEB, 0x98, 0x32, 0x64, 0x91, 0x63, 0xB4, 0x9C,
    0xCC, 0x99, 0xEF, 0x0A, 0xA6, 0x02, 0x78, 0x0E, 0x62, 0x1B, 0xE8, 0x61, 0xE1, 0xA7, 0x1D, 0x14,
    0xC3, 0xBD, 0x82, 0xD0, 0x8C, 0xB4, 0x4A, 0x65, 0x55, 0x70, 0x38, 0xBD, 0xC6, 0x51, 0xFD, 0x02,
    0x99, 0xA2, 0x77, 0xAA, 0xCA, 0x8D, 0x93, 0x5F, 0x8D, 0x21, 0xEC, 0x32, 0x81, 0xC3, 0xAC, 0x70,
    0x0E, 0x9A, 0xBB, 0xA4, 0x33, 0xBD, 0x3E, 0xE7, 0x7F, 0x19, 0x61, 0xEB, 0x20, 0x92, 0xBE, 0x35,
    0xBD, 0xBE, 0x87, 0x67, 0xE8, 0xCE, 0x2D, 0xC4, 0x63, 0xF7, 0xF7, 0xCA, 0xF4, 0xFA, 0xEE, 0x12,
    0xBE, 0xF5, 0x09, 0x7C, 0xA7, 0xD5, 0xB7, 0xE0, 0xA5, 0x49, 0xA0, 0xA3, 0x08, 0x41, 0xEB, 0x0A,
    0x12, 0x72, 0x7E, 0x67, 0xCF, 0x82, 0x0B, 0x82, 0x01, 0x87, 0xD9, 0xB1, 0x7A, 0x45, 0xF5, 0x19,
    0xD5, 0xFF, 0xC7, 0x58, 0xFF, 0xB1, 0xB1, 0xE2, 0x83, 0xDA, 0x86, 0x54, 0x3D, 0x47, 0x1A, 0x50,
    0xFD, 0x22, 0xD5, 0x1B, 0xAA, 0x2F, 0xA9, 0xBE, 0x2E, 0x18, 0xF6, 0x1A, 0xCC, 0xB9, 0xE5, 0x66,
    0xEE, 0xA8, 0x79, 0x34, 0x41, 0xD9, 0xC5, 0xF8, 0x62, 0x24, 0x8F, 0xA2, 0x3A, 0xA8, 0x65, 0xE5,
    0x95, 0xAF, 0x22, 0xE7, 0x6D, 0x01, 0xBD, 0x4D, 0x8C, 0xFE, 0x92, 0x9E, 0x24, 0xFE, 0xD3, 0xB9,
    0x6C, 0x6A, 0x7D, 0x81, 0x83, 0x0E, 0x21, 0xB4, 0xCC, 0xFA, 0x6E, 0x61, 0x76, 0x7A, 0x7D, 0x03,
    0xC6, 0xF6, 0xA1, 0xEA, 0xF5, 0xE1, 0x27, 0x58, 0x9F, 0x2B, 0x04, 0xBA, 0x48, 0x4A, 0x58, 0x32,
    0xDD, 0xDA, 0x56, 0x35, 0x59, 0xFD, 0x4E, 0x25, 0xAB, 0x40, 0x4B, 0x13, 0xF2, 0x27, 0x49, 0x0F,
    0x18, 0x70, 0xD8, 0x12, 0x27, 0xBB, 0xCF, 0x30, 0x5F, 0xF5, 0x10, 0x7E, 0x91, 0x58, 0x1A, 0x3A,
    0x08, 0xBA, 0x4A, 0x20, 0xDA, 0x1B, 0x47, 0x32, 0x07, 0x9B, 0xA7, 0xD6, 0x81, 0x82, 0x51, 0x42,
    0xB1, 0x6E, 0x52, 0x7A, 0xFC, 0x66, 0xFF, 0x91, 0xAB, 0x2F, 0xBB, 0x71, 0x92, 0x53, 0x17, 0x16,
    0xC7, 0xD9, 0x46, 0xD4, 0x19, 0x83, 0x7A, 0x9C, 0xCA, 0x32, 0xCA, 0x49, 0xBA, 0xD8, 0xB1, 0x3A,
    0xFA, 0x77, 0x05, 0xF9, 0x59, 0x49, 0xA2, 0xA3, 0x3F, 0x19, 0x41, 0x96, 0x56, 0xCB, 0x32, 0xAE,
    0xE4, 0x8E, 0x30, 0x72, 0x57, 0x98, 0x68, 0xF7, 0x83, 0xCA, 0x3E, 0x61, 0x4D, 0x83, 0x37, 0x9D,
    0xB9, 0xDD, 0xE9, 0xDD, 0xEC, 0x36, 0x73, 0xCD, 0x4D, 0x23, 0xB7, 0x6B, 0x79, 0x9B, 0x8A, 0x1B,
    0xEF, 0x5E, 0x13, 0x1D, 0x36, 0xEA, 0x76, 0xA3, 0x2E, 0x77, 0x6D, 0xB7, 0x95, 0xFB, 0x16, 0x69,
    0xB7, 0x5E, 0xE6, 0x29, 0x06, 0xBD, 0x85, 0x89, 0x45, 0x0A, 0x97, 0x2E, 0xC4, 0x4E, 0xE5, 0x13,
    0x72, 0x93, 0x89, 0xF8, 0xF5, 0x62, 0x68, 0x8D, 0x8C, 0x2B, 0x97, 0xFD, 0x27, 0x14, 0xB9, 0x55,
    0x06, 0x5F, 0x1A, 0xB1, 0x5D, 0x39, 0xDB, 0x4C, 0xB8, 0x30, 0xBA, 0xC3, 0x37, 0xDA, 0xFB, 0xA7,
    0xC6, 0x61, 0xCE, 0x6A, 0x71, 0x52, 0xA9, 0x6B, 0xDE, 0x5D, 0x0E, 0xFC, 0x8E, 0xD5, 0xD7, 0xF6,
    0x28, 0xCE, 0xE5, 0xED, 0x96, 0xF6, 0x10, 0xAD, 0x2C, 0xBD, 0x7B, 0xD6, 0x96, 0xD1, 0x21, 0x19,
    0x85, 0x78, 0xCE, 0x97, 0x5B, 0xC7, 0x8E, 0x3C, 0xAD, 0x76, 0x8B, 0x7B, 0x9A, 0xC8, 0xE3, 0xC9,
    0xA5, 0x9D, 0x02, 0x3A, 0x24, 0xE7, 0x31, 0xF1, 0x2D, 0xA3, 0x2E, 0xE5, 0xCC, 0xA6, 0xE3, 0x96,
    0x13, 0x1F, 0xBF, 0x91, 0x07, 0x46, 0xD8, 0xD2, 0xD5, 0xA3, 0xC4, 0x6D, 0x98, 0xE3, 0xC3, 0x94,
    0x4E, 0x26, 0xFA, 0x50, 0x3D, 0x1C, 0x1F, 0x14, 0x07, 0x70, 0x99, 0xF1, 0xFB, 0xAD, 0xBA, 0xC4,
    0x0C, 0xD2, 0xB5, 0xB1, 0xF8, 0x05, 0x79, 0xD0, 0xF8, 0x44, 0xCB, 0xCC, 0x0B, 0x07, 0x75, 0x7E,
    0x62, 0x91, 0xD3, 0x07, 0x35, 0x89, 0xC8, 0xD8, 0xEA, 0x4F, 0xC6, 0x56, 0x9F, 0x44, 0x44, 0xE5,
    0x52, 0x33, 0xB6, 0x5D, 0x75, 0x95, 0x6B, 0x50, 0x8B, 0x53, 0x4F, 0x40, 0x11, 0xAF, 0x65, 0x1A,
    0xD4, 0xB3, 0x0E, 0xE1, 0x25, 0x13, 0xE1, 0xA9, 0x27, 0x32, 0xB6, 0x25, 0x68, 0x19, 0x22, 0xE8,
    0xD1, 0x0B, 0x3F, 0x73, 0x93, 0xB2, 0xFC, 0x0D, 0x6A, 0xE7, 0x94, 0x3F, 0x6C, 0x0C, 0x9F, 0xCA,
    0x32, 0x06, 0x0C, 0x55, 0xEF, 0xFF, 0x2F, 0x9F, 0x4F, 0xDC, 0xB9, 0x2A, 0xB8, 0xB0, 0x8C, 0xB7,
    0xBB, 0xCA, 0xF3, 0x6B, 0x6F, 0xD4, 0xCA, 0xC3, 0xA3, 0x48, 0x8F, 0x54, 0x5E, 0xA8, 0xF4, 0xB8,
    0x6D, 0xC5, 0x79, 0x2B, 0x77, 0x9E, 0x1B, 0xAA, 0xF9, 0x25, 0xB7, 0xDA, 0x22, 0xF8, 0x1B, 0x9D,
    0xD2, 0x85, 0x66, 0xEF, 0x0E, 0x8A, 0xDD, 0x96, 0xD5, 0x1C, 0xFD, 0x8D, 0x51, 0x59, 0x96, 0xD9,
    0x4B, 0x29, 0xAA, 0xB2, 0xB4, 0x68, 0xB3, 0xF2, 0x7B, 0x7E, 0x27, 0x08, 0xF5, 0x47, 0x6D, 0x9C,
    0x1F, 0x71, 0x9A, 0xD3, 0x53, 0x1E, 0x9D, 0x4C, 0xC9, 0xFD, 0xC8, 0x92, 0x37, 0x5F, 0x57, 0x01,
    0x4C, 0x28, 0x92, 0x1D, 0x1F, 0xE7, 0xD5, 0x09, 0x45, 0xE8, 0x77, 0x81, 0xAD, 0x65, 0x6C, 0x7A,
    0xBF, 0x9B, 0x48, 0xE4, 0x51, 0x29, 0x88, 0x80, 0x9D, 0x63, 0x04, 0x4C, 0xB0, 0x30, 0xBA, 0xB5,
    0x71, 0x9C, 0x9F, 0xB7, 0xAF, 0xA4, 0xD6, 0x56, 0x57, 0xAE, 0x74, 0xD7, 0xD4, 0xBB, 0x5D, 0x3F,
    0xDB, 0xB5, 0x44, 0x70, 0x19, 0xD4, 0x73, 0xEB, 0x48, 0x5D, 0x1E, 0xA9, 0xDF, 0x17, 0xEA, 0xCF,
    0x85, 0x5A, 0x2B, 0x94, 0xD9, 0x8A, 0x4B, 0xA7, 0x87, 0x7E, 0x3A, 0x37, 0xD3, 0x65, 0x8B, 0xAE,
    0x82, 0x21, 0xC8, 0x9D, 0x25, 0xBB, 0xA8, 0xB8, 0xCD, 0xDA, 0x48, 0xF3, 0x08, 0x58, 0x0E, 0xFE,
    0x80, 0x4A, 0xF6, 0x57, 0x0C, 0xB3, 0x87, 0x96, 0x57, 0x04, 0xC6, 0xE6, 0x37, 0x81, 0xEF, 0x17,
    0xC6, 0xAF, 0xA5, 0x83, 0x08, 0x7F, 0x5E, 0x10, 0x7B, 0x2C, 0x88, 0x5F, 0x47, 0x87, 0x57, 0xDE,
    0x85, 0x78, 0x56, 0xC3, 0x7F, 0x6A, 0x4E, 0xAE, 0xE5, 0xFF, 0xEF, 0x3A, 0xBA, 0x1C, 0xA1, 0x7B,
    0x7B, 0xF4, 0xCB, 0x80, 0x65, 0xD9, 0xA8, 0xF4, 0x3A, 0xF5, 0xAC, 0x51, 0x86, 0xA5, 0x60, 0x65,
    0x20, 0x9E, 0x96, 0x10, 0xFF, 0xD5, 0xF0, 0x0E, 0xF3, 0x93, 0x1B, 0x89, 0x93, 0x71, 0xB7, 0xB5,
    0x4D, 0x74, 0x87, 0xB0, 0x4A, 0x93, 0x6C, 0xB8, 0xD8, 0x3D, 0xCE, 0x5A, 0xF2, 0x39, 0x3D, 0x5A,
    0x81, 0x74, 0x50, 0xDF, 0x77, 0xB7, 0x4F, 0xD6, 0x30, 0xBC, 0x6E, 0x91, 0xE8, 0xD3, 0xA4, 0xB2,
    0xA3, 0xB4, 0xEB, 0xDF, 0x1F, 0xF5, 0xE3, 0x1E, 0xA5, 0xC7, 0xB2, 0x0C, 0xE7, 0x70, 0xFF, 0x27,
    0x20, 0x64, 0x40, 0xCC, 0x60, 0x0C, 0x9A, 0x9F, 0x64, 0x9D, 0xFF, 0x03, 0xAD, 0x58, 0xBF, 0x73,
    0xDC, 0xC6, 0x15, 0x7E, 0x00, 0x22, 0xC2, 0x0E, 0x66, 0xB4, 0x2A, 0xE8, 0x19, 0x8D, 0xE2, 0x11,
    0x5C, 0xB8, 0x70, 0x3C, 0x16, 0xE1, 0x42, 0x85, 0x33, 0x43, 0x71, 0x21, 0xAB, 0x70, 0xAB, 0x42,
    0xAA, 0x5C, 0x28, 0x85, 0x0B, 0x3B, 0x8D, 0x5C, 0xB8, 0x60, 0x21, 0x13, 0x4B, 0xEB, 0x0F, 0x88,
    0x9A, 0xD4, 0x76, 0xC1, 0xC2, 0x43, 0x15, 0x62, 0x91, 0x42, 0x33, 0xA1, 0x88, 0xB5, 0x59, 0xA8,
    0x70, 0x61, 0x44, 0x4C, 0xE2, 0xC2, 0x05, 0x91, 0x89, 0x33, 0xF6, 0x48, 0x33, 0xD6, 0xCA, 0x06,
    0x6D, 0xE8, 0x88, 0xC3, 0xFA, 0x7B, 0x8B, 0x23, 0x79, 0x22, 0x45, 0xF1, 0xC8, 0xD3, 0xDD, 0xBD,
    0xC5, 0x61, 0x01, 0xEC, 0xFB, 0xF6, 0xED, 0xFB, 0xF1, 0x2D, 0xE8, 0xA5, 0x4B, 0x44, 0x59, 0x43,
    0xF4, 0xFA, 0x02, 0x51, 0x54, 0x12, 0x09, 0x43, 0x14, 0x57, 0x44, 0x33, 0x35, 0xD1, 0x9F, 0xD0,
    0xBF, 0xD4, 0x27, 0x32, 0x39, 0x79, 0x65, 0x46, 0x7E, 0x21, 0xD3, 0xC0, 0x5A, 0x1D, 0xAA, 0x58,
    0x0B, 0x12, 0xA5, 0xA0, 0xC8, 0x48, 0x12, 0xB5, 0x2D, 0x33, 0xEB, 0x5D, 0xC6, 0xA5, 0xC2, 0x5B,
    0x54, 0xF4, 0x01, 0x45, 0xB6, 0x14, 0xAB, 0x95, 0xB8, 0x5E, 0x53, 0x50, 0x7B, 0x37, 0xEB, 0x78,
    0xB3, 0x96, 0xD7, 0x6B, 0x79, 0xC1, 0xFD, 0xD6, 0x1B, 0xF1, 0xD8, 0x52, 0x4A, 0xF4, 0xE1, 0xCB,
    0xD0, 0xB1, 0xDC, 0xE9, 0xF2, 0xD2, 0xB1, 0x74, 0x87, 0x5E, 0x11, 0x3C, 0xD0, 0x9E, 0x4D, 0x69,
    0x92, 0x46, 0x55, 0x3F, 0x86, 0x3A, 0xC2, 0x55, 0x0C, 0xA0, 0x30, 0x00, 0x06, 0x12, 0x3F, 0x10,
    0x05, 0xCD, 0x48, 0x6A, 0xDF, 0x51, 0x24, 0x88, 0x12, 0xFC, 0x16, 0x28, 0xAA, 0xC8, 0x87, 0xCA,
    0x00, 0x10, 0x04, 0x46, 0x7A, 0x91, 0x88, 0xF2, 0x9A, 0xA2, 0x0D, 0x4B, 0x89, 0x96, 0x24, 0xD3,
    0x29, 0xCA, 0xD1, 0x65, 0x9F, 0x22, 0xDC, 0x2F, 0xA1, 0x38, 0xD1, 0x21, 0x89, 0x1E, 0xE0, 0x5A,
    0xC0, 0xF7, 0xD0, 0x29, 0x4A, 0x8A, 0x15, 0x9D, 0x23, 0x7A, 0x85, 0xAD, 0x10, 0x32, 0x1C, 0x93,
    0x7C, 0x62, 0xE4, 0x79, 0x85, 0xDB, 0x07, 0x3F, 0x85, 0xC7, 0xDE, 0x14, 0x3D, 0x83, 0xB5, 0xA2,
    0xDF, 0x91, 0xFB, 0xE0, 0x19, 0x92, 0xBA, 0x3B, 0xD2, 0x73, 0x80, 0x81, 0xCF, 0x8A, 0xBB, 0xE5,
    0x63, 0xF7, 0x7F, 0x34, 0x24, 0x7E, 0x71, 0x9B, 0xA8, 0x67, 0x3A, 0x24, 0xA7, 0xC6, 0x47, 0x11,
    0x9D, 0x2F, 0xE1, 0x12, 0x7C, 0xCB, 0x1F, 0x47, 0x36, 0x86, 0x99, 0x26, 0x3A, 0x87, 0xC7, 0x63,
    0xB8, 0xC6, 0x84, 0xA2, 0x0C, 0x43, 0xC5, 0x3D, 0x9B, 0x46, 0x26, 0x2E, 0x23, 0xC3, 0xDF, 0xA0,
    0x86, 0x34, 0xBB, 0x84, 0xFB, 0xAA, 0xEE, 0x7A, 0x5C, 0x88, 0x8D, 0x3C, 0xCD, 0x19, 0x42, 0xD4,
    0x9F, 0x22, 0xBF, 0xC5, 0x5A, 0xB4, 0xB3, 0x90, 0x3F, 0xD3, 0x7B, 0x2D, 0x45, 0x6D, 0x4B, 0xF1,
    0x5A, 0x0B, 0xB5, 0x90, 0x74, 0x20, 0xB4, 0xF3, 0x3F, 0x99, 0x6F, 0x49, 0x3C, 0xB0, 0x14, 0xB6,
    0xB2, 0x60, 0xC3, 0xED, 0xA7, 0x3F, 0xE9, 0x05, 0x8D, 0xB4, 0x17, 0x0E, 0xD2, 0x0F, 0x2F, 0x6D,
    0x31, 0x0A, 0x44, 0x62, 0x7A, 0x38, 0xFA, 0x35, 0xC6, 0xB7, 0xD0, 0xF3, 0xE5, 0x10, 0x86, 0x21,
    0xFD, 0xDC, 0x17, 0x0F, 0xE9, 0xA7, 0xCB, 0x17, 0x61, 0x63, 0x2C, 0xC9, 0xE2, 0x0D, 0x60, 0xB1,
    0xC0, 0x72, 0x0B, 0x58, 0x22, 0x48, 0x08, 0x81, 0x0A, 0x96, 0x1E, 0x3C, 0xD9, 0x36, 0xB4, 0x7D,
    0xEE, 0xC4, 0xD7, 0xC0, 0xA4, 0xC5, 0xC6, 0xBB, 0x3A, 0x47, 0x08, 0x0D, 0x67, 0x06, 0xFC, 0x41,
    0x8C, 0x24, 0xF3, 0x8D, 0x3C, 0x8F, 0x39, 0xB8, 0xDF, 0x60, 0x1D, 0x5E, 0x13, 0xBD, 0xDA, 0xB7,
    0xE5, 0x96, 0x53, 0x26, 0x69, 0xE7, 0x0A, 0x7C, 0x74, 0xB6, 0x38, 0xBA, 0x7E, 0x7E, 0x7E, 0xCE,
    0x79, 0xCA, 0xDC, 0xC0, 0x21, 0x47, 0x41, 0x31, 0x9E, 0xC6, 0x6B, 0xD0, 0x83, 0x0B, 0x3E, 0xC4,
    0xEB, 0x61, 0x0A, 0x79, 0x3A, 0x92, 0x5A, 0x64, 0x87, 0x33, 0xC4, 0x11, 0x2C, 0x0D, 0x0F, 0x5A,
    0xFC, 0x9D, 0x68, 0xB3, 0xDC, 0x8E, 0x89, 0x71, 0x20, 0x45, 0xF3, 0x4F, 0xC4, 0xC3, 0x48, 0xEB,
    0x60, 0xDE, 0x40, 0x24, 0xD7, 0x0E, 0x0C, 0x4D, 0xF0, 0x24, 0x5A, 0x0A, 0x1F, 0x67, 0x1A, 0x09,
    0x51, 0xCB, 0x34, 0x52, 0xD9, 0x9E, 0x70, 0xB4, 0x95, 0x25, 0x59, 0xE4, 0x1C, 0xB4, 0x69, 0xAC,
    0x13, 0xDC, 0x19, 0x3D, 0xBE, 0x8A, 0xBC, 0x8C, 0xC4, 0x8C, 0x90, 0x3C, 0x1E, 0x28, 0xF1, 0x30,
    0x0D, 0xE0, 0x90, 0x17, 0xC9, 0x5B, 0xF8, 0x58, 0xD8, 0x1F, 0x65, 0xF4, 0x2F, 0x19, 0x18, 0xFE,
    0x85, 0x65, 0xF2, 0xA9, 0x0E, 0x6D, 0x0A, 0x03, 0xC8, 0xCB, 0x94, 0x58, 0x23, 0x6C, 0x33, 0xB7,
    0xD8, 0xD4, 0xB4, 0x5C, 0x53, 0xBD, 0xF2, 0xAE, 0x89, 0x6D, 0xE7, 0x07, 0x82, 0xF3, 0x54, 0xD1,
    0x1D, 0x5D, 0xAE, 0x1A, 0x0F, 0x12, 0x7F, 0x1A, 0x97, 0x87, 0x6B, 0xFE, 0x7B, 0x54, 0x54, 0xE3,
    0xA2, 0x70, 0xA5, 0x04, 0xC7, 0xD3, 0x90, 0x93, 0x90, 0xE3, 0x44, 0xD3, 0xCE, 0x87, 0xDE, 0x3B,
    0x0A, 0xA4, 0xAC, 0x4D, 0xAC, 0x8A, 0xAB, 0xB0, 0x4F, 0x9C, 0x1D, 0xE8, 0x6A, 0xEF, 0x66, 0x9B,
    0xDE, 0x42, 0xA3, 0xDC, 0x69, 0xD4, 0xBB, 0x89, 0xC6, 0x22, 0x47, 0x74, 0xA7, 0x4F, 0x69, 0x44,
    0x15, 0x36, 0x98, 0x13, 0x46, 0xC9, 0x61, 0xEA, 0x84, 0xCD, 0x0D, 0xB1, 0x56, 0xB9, 0xA3, 0xF8,
    0xA6, 0x22, 0xF1, 0xB0, 0x8F, 0xE2, 0x69, 0x51, 0x71, 0x72, 0xF4, 0x65, 0x7B, 0x24, 0x2E, 0xB3,
    0x34, 0x6F, 0xB2, 0xE2, 0xA5, 0x4B, 0xB2, 0x39, 0xF5, 0x79, 0x66, 0xE3, 0x8D, 0x2E, 0x41, 0xED,
    0xFE, 0x8A, 0x2A, 0xB7, 0x97, 0x2F, 0xDA, 0xEA, 0x2F, 0x9F, 0xC1, 0x88, 0x05, 0xD2, 0xD7, 0x13,
    0xDF, 0xD8, 0xD8, 0xE6, 0xD9, 0xCF, 0xFA, 0x45, 0xA4, 0x44, 0x2A, 0x7E, 0x40, 0xFD, 0x85, 0x4B,
    0xE0, 0x19, 0xE7, 0x16, 0x4F, 0x1F, 0x29, 0x44, 0x1D, 0x4F, 0x28, 0x5E, 0x40, 0xE1, 0xA5, 0xB0,
    0x14, 0x26, 0x2C, 0x39, 0xA2, 0x9E, 0x35, 0xFA, 0xBE, 0x98, 0xDA, 0xA4, 0x89, 0x2B, 0x81, 0xA4,
    0x2B, 0x60, 0xD3, 0xD3, 0x30, 0xDA, 0x2C, 0xA4, 0xA4, 0xE8, 0xE7, 0x02, 0x96, 0x35, 0x5D, 0x2C,
    0xFE, 0x84, 0x84, 0x0F, 0x0B, 0x81, 0x35, 0x20, 0x0E, 0x93, 0x52, 0x54, 0xA2, 0xCE, 0x5B, 0xDF,
    0x3A, 0x7F, 0xF1, 0xA1, 0x3A, 0x00, 0xD4, 0x10, 0xEB, 0x3E, 0xC1, 0x5A, 0x76, 0xAC, 0xBC, 0x2D,
    0x6B, 0x56, 0x89, 0xA2, 0x21, 0xF1, 0x4F, 0x03, 0x8B, 0x6B, 0x12, 0xEB, 0x10, 0xCE, 0x10, 0x9B,
    0x38, 0x5F, 0xE3, 0x7E, 0x24, 0x72, 0x93, 0xA7, 0xB6, 0x49, 0xBA, 0x64, 0xED, 0xA8, 0x08, 0xB9,
    0xFC, 0x41, 0xAF, 0x71, 0x51, 0x54, 0x5D, 0xBE, 0xC3, 0x6C, 0x49, 0xF1, 0x4C, 0x11, 0x38, 0x1B,
    0xB4, 0x2B, 0x47, 0x3C, 0x55, 0xD4, 0x9E, 0x74, 0xD6, 0xF7, 0xAB, 0x50, 0x1F, 0x03, 0xCE, 0x64,
    0x97, 0x35, 0x76, 0xAF, 0xD5, 0x18, 0x3A, 0xDC, 0x1C, 0xC8, 0xB1, 0x23, 0x76, 0x7E, 0x7A, 0x95,
    0x0E, 0xD4, 0xC7, 0x81, 0x23, 0x94, 0xA0, 0x17, 0x30, 0x3B, 0xA1, 0xE2, 0x0D, 0xE6, 0x68, 0x53,
    0x90, 0x93, 0x87, 0xD2, 0x9C, 0xAF, 0x95, 0xC9, 0x9A, 0x16, 0xDF, 0x2A, 0xF1, 0x1F, 0xB6, 0xFC,
    0x33, 0x7E, 0xB1, 0x21, 0x28, 0xDD, 0x3B, 0x4B, 0x45, 0xD1, 0xA6, 0x76, 0x15, 0x97, 0xCF, 0x13,
    0x48, 0xB6, 0x9F, 0xAE, 0x02, 0x9E, 0xB0, 0xF5, 0xED, 0x8B, 0x5A, 0x94, 0xB2, 0xBC, 0x35, 0x38,
    0x8F, 0x4D, 0xDE, 0x74, 0x5C, 0x86, 0xEE, 0x70, 0x2E, 0x32, 0xD4, 0xF1, 0xE2, 0xAC, 0x0C, 0x91,
    0xF6, 0x2B, 0xEF, 0x31, 0x45, 0x0D, 0x2D, 0x81, 0x45, 0x70, 0x93, 0xA5, 0x68, 0x12, 0x8D, 0x46,
    0x18, 0x34, 0x41, 0x8D, 0xC6, 0x6F, 0xD0, 0x90, 0xE5, 0x86, 0xCB, 0x07, 0xC3, 0x8D, 0x18, 0x85,
    0x50, 0x20, 0x99, 0xB9, 0x71, 0xF5, 0x08, 0x1A, 0xC2, 0x01, 0xE3, 0x7C, 0x81, 0xC7, 0xBF, 0x41,
    0xF9, 0x3A, 0x9C, 0xA9, 0xD7, 0xEE, 0x1B, 0xCA, 0xC3, 0xE1, 0xFC, 0x3C, 0xA1, 0x6C, 0x07, 0x02,
    0x05, 0xEC, 0xC0, 0x01, 0x93, 0xCF, 0x09, 0x3A, 0x3C, 0xA6, 0x6D, 0xE7, 0x8F, 0x87, 0x9C, 0x7F,
    0x3A, 0xE2, 0x4E, 0x76, 0xFF, 0x90, 0x13, 0xBB, 0xF7, 0xD9, 0x73, 0x35, 0xA3, 0x5F, 0xCC, 0x0E,
    0x71, 0xD5, 0xF4, 0xF0, 0x90, 0x13, 0x09, 0x72, 0x0C, 0x76, 0x5C, 0x21, 0x38, 0x95, 0x72, 0x9C,
    0x35, 0xDA, 0xE0, 0xEA, 0x10, 0xA3, 0x3E, 0xF0, 0x08, 0x9C, 0x39, 0x42, 0x96, 0x6A, 0x48, 0x4C,
    0xDE, 0xED, 0x41, 0x4A, 0xBE, 0x4F, 0x7C, 0x37, 0xC4, 0xB8, 0xEF, 0x2C, 0x53, 0x5D, 0xFB, 0xFF,
    0x2B, 0xBD, 0xB7, 0x3B, 0x9A, 0x61, 0xC4, 0x17, 0x4D, 0xA2, 0xFA, 0x32, 0x5D, 0x91, 0x69, 0xBE,
    0xF5, 0x5B, 0x41, 0x8F, 0xB8, 0x37, 0xCC, 0xB1, 0x50, 0x7F, 0x6C, 0x03, 0xC5, 0xF7, 0x97, 0x51,
    0x97, 0xD4, 0xB4, 0x4C, 0xD1, 0xE4, 0x9C, 0x38, 0xEC, 0xA0, 0xB9, 0xAF, 0x2C, 0x93, 0x47, 0xBB,
    0xDD, 0xE7, 0xAE, 0x82, 0x90, 0xAB, 0xE3, 0xFC, 0xC4, 0x71, 0x80, 0xF8, 0xDB, 0x1C, 0x8F, 0xD2,
    0x76, 0xC5, 0xF4, 0x03, 0xC7, 0xB4, 0xBF, 0xB7, 0x5A, 0x7C, 0x61, 0xEF, 0x9A, 0x44, 0xD9, 0xA0,
    0x82, 0xEA, 0xA0, 0x96, 0xCC, 0x49, 0xB7, 0x1A, 0xF6, 0x71, 0x34, 0xB8, 0xAA, 0xDE, 0x14, 0xF7,
    0xEC, 0x7D, 0xE3, 0xDB, 0x7B, 0x8E, 0x7F, 0x03, 0x15, 0x8A, 0x0F, 0x71, 0x5E, 0x1E, 0xF8, 0xA7,
    0x63, 0xC0, 0xBF, 0x30, 0x03, 0x76, 0x49, 0x14, 0x12, 0x0F, 0x8E, 0x52, 0x45, 0x16, 0xF5, 0x6D,
    0x13, 0x86, 0x7B, 0xD4, 0x0C, 0x12, 0x6D, 0xA6, 0xF8, 0x3E, 0x24, 0x5A, 0x93, 0xB7, 0x28, 0x60,
    0x89, 0x06, 0x52, 0xAE, 0xEB, 0x8A, 0x17, 0x28, 0xFF, 0xBA, 0x12, 0xB6, 0x16, 0xA6, 0x12, 0x65,
    0xBA, 0x3B, 0xAC, 0x4B, 0x2E, 0xE0, 0xC1, 0x1E, 0xB2, 0x75, 0x74, 0xDD, 0x22, 0xD0, 0xE1, 0x7A,
    0xCA, 0xF4, 0xFB, 0xFD, 0x91, 0x74, 0x53, 0x50, 0xF1, 0x49, 0xC2, 0xD5, 0xDF, 0x07, 0x33, 0xFB,
    0xA6, 0x92, 0xD4, 0x48, 0xAA, 0x98, 0x93, 0x21, 0xE5, 0xDB, 0x14, 0xDB, 0x17, 0xDE, 0x10, 0x85,
    0xCD, 0x49, 0xEA, 0x4F, 0xD3, 0x9D, 0x39, 0x5C, 0xFD, 0x04, 0x63, 0x6A, 0x3A, 0x01, 0xBF, 0xDF,
    0x9A, 0xE7, 0x0D, 0xE6, 0x0B, 0xB8, 0x79, 0x26, 0xD2, 0x33, 0x81, 0xE2, 0x85, 0x42, 0x91, 0xB6,
    0xCA, 0xCB, 0xF5, 0xAB, 0x51, 0x71, 0x2D, 0x28, 0x66, 0x84, 0x4E, 0x90, 0xBB, 0x1C, 0x65, 0x39,
    0x9C, 0x96, 0xB7, 0x88, 0x55, 0x20, 0xC8, 0xAE, 0xA6, 0x5E, 0x7F, 0x34, 0x2D, 0x25, 0x13, 0x2B,
    0x9A, 0x21, 0xFF, 0x0E, 0x87, 0x60, 0x38, 0x6F, 0xFC, 0xCD, 0x01, 0xFB, 0x3C, 0xEC, 0x04, 0xA7,
    0x42, 0x25, 0x6E, 0xF1, 0x0E, 0x9B, 0x16, 0x46, 0x9D, 0xA0, 0x5B, 0xCB, 0x5F, 0x77, 0xD6, 0x12,
    0xA9, 0xB7, 0x68, 0xF3, 0x07, 0x85, 0x91, 0xF3, 0x10, 0x55, 0xB8, 0xE2, 0x78, 0x90, 0x64, 0x1A,
    0x91, 0x04, 0xB3, 0x06, 0x25, 0x6A, 0xB5, 0x7F, 0x57, 0x05, 0xAE, 0x3C, 0x80, 0x15, 0xC4, 0xFF,
    0xDF, 0xA7, 0x42, 0xF4, 0xF0, 0x00, 0xF1, 0x92, 0x1C, 0xBB, 0x84, 0x21, 0xB0, 0xAC, 0xA7, 0x3E,
    0xC7, 0xEA, 0x8A, 0x3E, 0xB8, 0x18, 0x96, 0xDE, 0x2B, 0x0E, 0x12, 0xAE, 0x16, 0x21, 0xAA, 0x45,
    0xD0, 0x5E, 0x49, 0x29, 0xEF, 0x77, 0xB1, 0x8D, 0x4D, 0x98, 0x37, 0xD8, 0x84, 0x39, 0x6E, 0xB3,
    0x0A, 0x00, 0x1A, 0x39, 0x46, 0x67, 0x7B, 0x05, 0x0C, 0x53, 0x94, 0x70, 0xC7, 0x4D, 0x8B, 0x1D,
    0x17, 0x0C, 0x7B, 0x82, 0xBA, 0xF7, 0x1C, 0x67, 0x3E, 0x22, 0x7A, 0x03, 0x8B, 0x18, 0x1B, 0xB7,
    0xB1, 0x1D, 0x1B, 0x13, 0x17, 0xA9, 0x5F, 0x60, 0xDA, 0x12, 0xF2, 0x8F, 0xC1, 0x7E, 0xFD, 0x48,
    0xD8, 0xBE, 0x85, 0xD5, 0xFE, 0xAA, 0x68, 0x6A, 0x8A, 0x68, 0x72, 0xF2, 0x39, 0xE0, 0x9A, 0x21,
    0x5A, 0x5E, 0x26, 0x7A, 0x64, 0xC8, 0x3B, 0x9F, 0x1E, 0x09, 0x53, 0x6E, 0x45, 0x1B, 0xD7, 0x13,
    0xE0, 0x76, 0x54, 0x1E, 0x2C, 0x5E, 0x19, 0x54, 0xBE, 0xF6, 0xDB, 0x2B, 0xAA, 0x0B, 0xE3, 0x62,
    0x87, 0x87, 0xF1, 0x6B, 0x21, 0x64, 0xA1, 0xC3, 0x63, 0x30, 0x03, 0x6E, 0x08, 0x09, 0x7A, 0x98,
    0x57, 0xDB, 0xBD, 0xD9, 0xE1, 0xE9, 0x31, 0x97, 0xA3, 0xDB, 0xBC, 0xB7, 0xA4, 0x8B, 0x48, 0x8F,
    0xB6, 0x09, 0x74, 0x56, 0x65, 0xDF, 0x85, 0x60, 0xA9, 0xE0, 0xA9, 0x25, 0xD8, 0x10, 0x78, 0x2D,
    0xB3, 0x20, 0xB0, 0x53, 0xD4, 0x8B, 0xA9, 0xFA, 0x34, 0x32, 0xCB, 0xB9, 0xE6, 0x0C, 0xF2, 0xEA,
    0x6C, 0x33, 0x8D, 0xEA, 0xBF, 0xD4, 0x82, 0x5A, 0x35, 0x26, 0xE3, 0x77, 0x12, 0xA5, 0x5C, 0x62,
    0x8A, 0xC5, 0x9B, 0xBB, 0x4C, 0x27, 0x1C, 0x2C, 0x8A, 0x89, 0x67, 0x92, 0x3A, 0x12, 0xED, 0x78,
    0x08, 0xD3, 0xB2, 0xE0, 0xBF, 0xCC, 0x1B, 0xD2, 0x57, 0xBA, 0x25, 0x96, 0xCD, 0x69, 0xD1, 0x08,
    0x93, 0xF8, 0x98, 0xBC, 0xF4, 0x75, 0x60, 0xB2, 0xEB, 0x3A, 0xA8, 0xEC, 0xAA, 0xF2, 0xEB, 0xF5,
    0xBB, 0xC0, 0xFA, 0xD5, 0x43, 0x3C, 0xB5, 0x0A, 0xC8, 0xF9, 0x05, 0xCC, 0x3D, 0xF3, 0x5D, 0x0E,
    0xA8, 0x5D, 0x92, 0x72, 0xDB, 0xC8, 0xEA, 0x36, 0xF2, 0xF1, 0x24, 0x90, 0xCB, 0x3A, 0xAB, 0xFE,
    0x00, 0xD6, 0x03, 0x56, 0x6E, 0x22, 0xA0, 0x14, 0x40, 0x87, 0xED, 0x66, 0x1F, 0x5E, 0x9A, 0x03,
    0x17, 0x0C, 0xC1, 0x09, 0xFC, 0x09, 0x91, 0x05, 0x72, 0x47, 0xE3, 0x36, 0xF2, 0x1E, 0xF6, 0x22,
    0xC1, 0x6A, 0x41, 0xC7, 0xB0, 0x95, 0xE4, 0x8F, 0xFD, 0x09, 0xE5, 0x49, 0x5F, 0x83, 0x9A, 0x59,
    0x58, 0x14, 0xA5, 0xBB, 0x34, 0x14, 0x3C, 0x2A, 0x28, 0x80, 0x97, 0x7A, 0x9B, 0x6A, 0xE7, 0x55,
    0xD1, 0xCC, 0x80, 0x5D, 0x2E, 0x77, 0x04, 0xEB, 0x2A, 0xD4, 0xCC, 0xF1, 0x4C, 0x97, 0x10, 0x21,
    0x0D, 0x6F, 0x03, 0x97, 0xBB, 0xF1, 0xC6, 0xC1, 0xC7, 0x45, 0xCC, 0xBD, 0x5D, 0xC4, 0xC0, 0x93,
    0xB8, 0x84, 0x8D, 0x93, 0x5C, 0xB4, 0xE9, 0x34, 0x40, 0x4C, 0xC3, 0x20, 0x93, 0x4C, 0x49, 0xF8,
    0xCD, 0x23, 0x13, 0x77, 0xD9, 0x61, 0xE3, 0xAC, 0x8A, 0x0C, 0x97, 0x32, 0x57, 0x8C, 0xCB, 0x40,
    0xCB, 0x7F, 0x5F, 0xD1, 0x92, 0x59, 0x31, 0x56, 0x04, 0x2B, 0x71, 0x8D, 0xBA, 0x79, 0x4A, 0x6B,
    0xCE, 0x5D, 0x31, 0x67, 0x63, 0x7D, 0x02, 0x9D, 0x2D, 0xB3, 0x39, 0x50, 0x12, 0x51, 0x9E, 0x4D,
    0xF4, 0xD9, 0x6C, 0x11, 0x1B, 0x96, 0x6A, 0x7B, 0x8F, 0xCC, 0x78, 0x44, 0xF7, 0x3E, 0x6F, 0x2C,
    0xFD, 0x1D, 0x19, 0xB5, 0x1D, 0x25, 0x1D, 0x09, 0x82, 0x57, 0xC2, 0xB9, 0x56, 0x06, 0xE4, 0xE8,
    0xF7, 0xE9, 0x58, 0xEA, 0xC5, 0xDB, 0x45, 0xB0, 0xCE, 0xD4, 0x83, 0xEB, 0xE8, 0x08, 0xBA, 0x7F,
    0x03, 0x85, 0x8E, 0x21, 0x12, 0xC2, 0x30, 0x10, 0x45, 0x5F, 0x1B, 0x51, 0x51, 0x11, 0x24, 0xAE,
    0xA6, 0x1A, 0x2E, 0xD0, 0x69, 0x7A, 0x18, 0x8E, 0xC1, 0x40, 0xE0, 0x54, 0x18, 0x26, 0x39, 0x42,
    0x1C, 0xB6, 0x06, 0x85, 0xA9, 0x88, 0xE8, 0x30, 0x2D, 0x61, 0x5B, 0x8B, 0x60, 0x67, 0x9F, 0xF8,
    0xB3, 0xFB, 0xFF, 0x7C, 0x20, 0x4F, 0x41, 0x3F, 0xA2, 0x61, 0x32, 0x44, 0xD3, 0x61, 0x7A, 0x74,
    0xEA, 0x8A, 0xD4, 0xE3, 0x46, 0x8A, 0x69, 0xCB, 0xDC, 0x70, 0x3F, 0xC9, 0xF5, 0x1A, 0x75, 0xF2,
    0x6C, 0xE0, 0x06, 0x11, 0x06, 0x32, 0x0B, 0x87, 0xE5, 0xB9, 0x2D, 0x7D, 0xAB, 0xAC, 0xB1, 0x98,
    0x59, 0xA4, 0xCD, 0x9C, 0xAF, 0xCB, 0x70, 0x54, 0xA1, 0xD5, 0x7E, 0x9F, 0xA0, 0x23, 0x1B, 0xC8,
    0x07, 0x94, 0x27, 0xEF, 0x70, 0x29, 0x85, 0x8F, 0x7B, 0x85, 0xC1, 0x5C, 0x04, 0x1B, 0x10, 0xDF,
    0x5F, 0xCE, 0x1E, 0x95, 0x46, 0xD6, 0xA9, 0x84, 0x9D, 0xD0, 0x08, 0xB5, 0xD4, 0xF7, 0x4B, 0xB0,
    0x0E, 0x12, 0x4C, 0xF5, 0x44, 0xFB, 0x9F, 0x0D, 0xE8, 0xB7, 0xD8, 0x91, 0xEE, 0x79, 0x8F, 0xEA,
    0xD7, 0x22, 0xF0, 0x05, 0x01, 0x7A, 0x00, 0x85, 0xFF, 0x7F, 0x00, 0x1F, 0x80, 0x03, 0xD0, 0x00,
    0x50, 0x0F, 0xD0, 0x3F, 0x40, 0x7C, 0x00, 0x50, 0x00, 0x0F, 0xE0, 0x2F, 0xF4, 0x7C, 0x3C, 0x50,
    0x05, 0x2F, 0x83, 0x40, 0x7F, 0xFF, 0x40, 0xF2, 0xFF, 0x00, 0x00, 0x14, 0x00, 0x15, 0x54, 0x3F,
    0xFC, 0x2A, 0xA8, 0x74, 0x1D, 0x3E, 0xBC, 0x1F, 0xF4, 0x01, 0x40, 0x00, 0xBE, 0xFF, 0x7D, 0x38,
    0x28, 0xBC, 0x7E, 0x7C, 0x3D, 0x00, 0x00, 0x2F, 0x80, 0x75, 0xD0, 0xB0, 0xE0, 0x7F, 0xD0, 0x0A,
    0x40, 0x0F, 0xCF, 0xC0, 0x1F, 0x5F, 0x40, 0x3D, 0x3D, 0x00, 0x20, 0x20, 0x00, 0x3C, 0x0F, 0x00,
    0x1F, 0x7D, 0x00, 0x0B, 0xF8, 0x00, 0x01, 0x90, 0x00, 0x3E, 0x3C, 0x78, 0x60, 0x00, 0x00, 0x0E,
    0x00, 0x0F, 0xC0, 0x03, 0xD0, 0x2B, 0xD0, 0x7F, 0x80, 0x1F, 0x00, 0x3C, 0x00, 0xBC, 0x00, 0x7E,
    0x90, 0x2F, 0xD0, 0xC5, 0x1A, 0x5B, 0x6C, 0x1C, 0xD5, 0xF5, 0xCC, 0x8C, 0xE3, 0x71, 0x76, 0x62,
    0xCF, 0x22, 0x25, 0x6D, 0x44, 0x1C, 0x8F, 0x5B, 0xB9, 0xD4, 0x80, 0xED, 0x71, 0xAB, 0x55, 0xD8,
    0x24, 0xBB, 0x3B, 0x37, 0x80, 0x5A, 0x89, 0x56, 0xAA, 0x3F, 0x70, 0x5F, 0xF9, 0xC0, 0xA2, 0xFC,
    0x40, 0xAB, 0xC6, 0x95, 0x5C, 0x11, 0xC8, 0x26, 0x7B, 0x0B, 0x88, 0xF2, 0x53, 0xB1, 0xAD, 0x68,
    0x3F, 0xFA, 0x51, 0x5C, 0x29, 0x48, 0xC1, 0x40, 0x62, 0x09, 0x4B, 0x35, 0x89, 0xED, 0xBD, 0xA5,
    0x1F, 0x54, 0x42, 0xA2, 0x8B, 0xF8, 0x28, 0x88, 0x2A, 0x1D, 0x04, 0x6D, 0xA5, 0x3C, 0x9A, 0x51,
    0xBB, 0x34, 0x4B, 0xBC, 0xDE, 0xE9, 0x39, 0x67, 0xC6, 0xAF, 0x24, 0xAC, 0xD7, 0x76, 0xD2, 0xCE,
    0xCE, 0x63, 0x67, 0xE6, 0x9E, 0x73, 0xCF, 0x39, 0xF7, 0xDC, 0xF3, 0xBA, 0x03, 0xB0, 0xBC, 0x69,
    0x65, 0xBE, 0x58, 0xD1, 0xC5, 0x91, 0x7C, 0xC9, 0xC2, 0xDC, 0x04, 0x6E, 0x73, 0x53, 0xA5, 0x90,
    0xB6, 0xC0, 0xE5, 0x4B, 0x19, 0xB6, 0xF3, 0x5B, 0xBD, 0x38, 0x38, 0xDB, 0x81, 0xD7, 0xD6, 0x30,
    0xF8, 0x51, 0x58, 0xA8, 0xBF, 0xF0, 0x12, 0xB6, 0x78, 0xF5, 0x4D, 0x6E, 0x52, 0x2C, 0x97, 0x8C,
    0x00, 0x81, 0x8A, 0xBA, 0x3C, 0x06, 0x22, 0xEA, 0xA1, 0x77, 0xA9, 0xAB, 0xE8, 0x81, 0xE3, 0xF3,
    0x25, 0x17, 0xF0, 0x65, 0x70, 0x32, 0xBA, 0xBB, 0x82, 0xFD, 0x9D, 0xAA, 0x7B, 0x8C, 0xA5, 0x6E,
    0xF1, 0xE5, 0x38, 0xBF, 0x31, 0x14, 0x5F, 0x6C, 0x6E, 0x6E, 0xE7, 0x2A, 0x43, 0x78, 0x19, 0x98,
    0x1A, 0x8B, 0x29, 0x2B, 0x44, 0x94, 0x69, 0xC3, 0xC3, 0xC3, 0xF7, 0x3C, 0x02, 0x6B, 0x6D, 0xE5,
    0x15, 0xFF, 0x75, 0x7F, 0xC5, 0xCD, 0x87, 0x2B, 0x6E, 0xF4, 0xB7, 0x83, 0xA5, 0xBF, 0x55, 0x43,
    0x2D, 0xDD, 0x98, 0xE1, 0xA5, 0xFA, 0xD2, 0x8D, 0x7D, 0x08, 0x3B, 0x5F, 0xBC, 0x69, 0xD7, 0xEB,
    0xBB, 0xCA, 0x43, 0xF1, 0x0D, 0x49, 0x06, 0xC2, 0x68, 0xAB, 0x3F, 0x4F, 0x2C, 0x97, 0xE2, 0x3B,
    0x06, 0xB8, 0x75, 0x22, 0xDA, 0x96, 0xA1, 0x69, 0x1B, 0x21, 0x46, 0x8B, 0x78, 0x4A, 0x3A, 0xE1,
    0x0B, 0xC3, 0x87, 0xFC, 0x1C, 0x01, 0x43, 0xB2, 0xB5, 0x54, 0x47, 0x04, 0xB7, 0x88, 0xC1, 0xBB,
    0x54, 0xDA, 0x53, 0x9D, 0x9D, 0xD0, 0xBE, 0x0D, 0xAC, 0x6D, 0x60, 0xB4, 0x3D, 0xA2, 0xCB, 0x3A,
    0xBC, 0x1E, 0xC0, 0x3B, 0x65, 0x38, 0xA2, 0xC0, 0x13, 0xE0, 0x22, 0x15, 0x00, 0x6D, 0x2C, 0xD1,
    0x4E, 0x48, 0xA7, 0xA1, 0x33, 0xC3, 0x8D, 0x5D, 0x30, 0x3A, 0x1A, 0x35, 0x8E, 0xB6, 0x14, 0x40,
    0x02, 0xA6, 0x01, 0x3C, 0x35, 0x83, 0xB4, 0x07, 0x19, 0x80, 0xB7, 0x83, 0x3E, 0x00, 0x55, 0xC5,
    0xD3, 0xC7, 0x61, 0xD5, 0x54, 0x61, 0xE8, 0xBB, 0xAA, 0xB0, 0x00, 0x05, 0x05, 0x19, 0xF8, 0x5C,
    0x19, 0x2A, 0x00, 0x9F, 0x1C, 0xF2, 0x89, 0x4F, 0x54, 0x18, 0xAF, 0x4A, 0x83, 0x1B, 0xA3, 0xEA,
    0x4C, 0xE0, 0x03, 0x94, 0x41, 0xE1, 0x07, 0x28, 0xA4, 0x34, 0x3E, 0xA0, 0xF1, 0xC5, 0x96, 0xBA,
    0xD2, 0xC0, 0x78, 0xF6, 0x6B, 0xD2, 0x72, 0xFF, 0xEA, 0x77, 0xD8, 0x6F, 0xAA, 0x3E, 0x5D, 0x13,
    0x6D, 0x2B, 0x45, 0x40, 0x80, 0x0C, 0xC9, 0xA0, 0x11, 0x2C, 0x03, 0x13, 0x34, 0x81, 0x33, 0xFC,
    0x93, 0x0A, 0x11, 0x5C, 0x0A, 0x10, 0xC3, 0x1B, 0x3E, 0xA1, 0x90, 0x2B, 0x70, 0x0C, 0x02, 0xD4,
    0x00, 0xC6, 0xF8, 0x7F, 0x37, 0x68, 0x0B, 0x60, 0x84, 0x60, 0xDA, 0xC2, 0x34, 0xA5, 0x11, 0x2A,
    0x6D, 0x42, 0x79, 0x21, 0xEE, 0xC2, 0x8B, 0xD4, 0x6A, 0x14, 0x88, 0x89, 0x29, 0x6E, 0x3F, 0x48,
    0xED, 0xDB, 0xB3, 0xF9, 0x5A, 0x3D, 0x8F, 0x4A, 0x6A, 0x28, 0x5B, 0xBA, 0xC8, 0xE6, 0x18, 0xB5,
    0x89, 0x36, 0x8B, 0x06, 0xCB, 0x43, 0xE4, 0x30, 0x37, 0x43, 0x04, 0x75, 0xC2, 0x2E, 0x79, 0xE5,
    0xE4, 0xA9, 0x10, 0x50, 0xFD, 0x6A, 0xE0, 0x90, 0x14, 0xB4, 0x8F, 0x50, 0x43, 0xEA, 0x48, 0xF7,
    0x25, 0x64, 0x05, 0xDB, 0xF4, 0x23, 0x4A, 0xF7, 0x89, 0x0A, 0xD8, 0x38, 0xD0, 0x7A, 0x28, 0x40,
    0xAB, 0x44, 0xAA, 0x6C, 0x5A, 0x35, 0x48, 0x78, 0x75, 0x48, 0xD4, 0x1F, 0x40, 0xB4, 0x06, 0x58,
    0xCA, 0x42, 0x04, 0x75, 0xC8, 0x86, 0x55, 0x18, 0x74, 0x8B, 0xB1, 0x0A, 0x5D, 0x86, 0x10, 0x8E,
    0xE3, 0x04, 0xDA, 0x8A, 0xE7, 0xE8, 0x1F, 0x14, 0xEB, 0x93, 0x7B, 0x07, 0x7F, 0x3E, 0x7E, 0xB7,
    0x4C, 0xC2, 0x23, 0x23, 0xF3, 0xA3, 0xF3, 0x83, 0x13, 0x93, 0x77, 0xA3, 0xF0, 0x5F, 0xAA, 0x3D,
    0xDC, 0x43, 0x1C, 0x0C, 0x82, 0xAB, 0x4E, 0xAB, 0x1D, 0x3C, 0x61, 0x0C, 0xA5, 0x4B, 0x5D, 0xE6,
    0xC4, 0x95, 0x89, 0xCF, 0xDC, 0xDF, 0x0D, 0x3B, 0xB7, 0xB5, 0x9D, 0x48, 0xC2, 0xB4, 0x4C, 0x9D,
    0x38, 0x5C, 0x04, 0x17, 0xC5, 0xDA, 0x11, 0x71, 0x0A, 0xD9, 0x42, 0x3F, 0xA0, 0xD6, 0x8E, 0xF3,
    0xBC, 0x40, 0x21, 0x7F, 0x82, 0xA2, 0xC7, 0xE9, 0x89, 0x34, 0xE2, 0x9E, 0x40, 0xD1, 0xA1, 0xDC,
    0xA4, 0x16, 0x42, 0x3C, 0x0D, 0x2D, 0x5F, 0x57, 0x99, 0xEC, 0x5C, 0xA1, 0x8F, 0xD8, 0x1B, 0x31,
    0xEB, 0x4E, 0x98, 0x4D, 0xA4, 0x50, 0x9D, 0xDC, 0xB2, 0x19, 0x40, 0x40, 0x08, 0xA2, 0x36, 0xB1,
    0xC8, 0x14, 0xB8, 0x01, 0x14, 0x26, 0x49, 0xCA, 0x65, 0xB6, 0x32, 0xA1, 0x82, 0x92, 0x0F, 0x09,
    0x14, 0x87, 0xBF, 0xA3, 0x24, 0x0B, 0x75, 0x70, 0x02, 0xD2, 0x1A, 0xAD, 0x68, 0x05, 0x76, 0xA5,
    0xAF, 0x3B, 0xBB, 0xC5, 0x0D, 0x0B, 0xE1, 0xC3, 0x24, 0xE8, 0xEA, 0x2D, 0x92, 0x91, 0x95, 0x4D,
    0xDF, 0x54, 0xC6, 0xAA, 0x9F, 0x4E, 0x3F, 0xD9, 0x9B, 0x9F, 0x3E, 0x2A, 0x20, 0x33, 0x7B, 0x2C,
    0x9F, 0x89, 0xB6, 0xBE, 0xBE, 0x5E, 0x28, 0x82, 0xE1, 0x83, 0x31, 0x0E, 0x06, 0xF6, 0x00, 0xC4,
    0x96, 0x51, 0x03, 0x7B, 0x01, 0xDA, 0x1D, 0xE8, 0xB4, 0xA0, 0xEB, 0x01, 0x61, 0x87, 0xC2, 0x9C,
    0xC7, 0x01, 0x82, 0xE1, 0x59, 0x40, 0x61, 0xBB, 0x91, 0x31, 0x58, 0x8D, 0xA4, 0x2D, 0xBB, 0x37,
    0x97, 0xC4, 0xA7, 0x3B, 0xA1, 0x96, 0x31, 0x16, 0x1E, 0xB3, 0x2F, 0x1E, 0x75, 0x60, 0x08, 0x27,
    0x41, 0x06, 0x46, 0xDD, 0xEA, 0xB8, 0xBD, 0x30, 0xAE, 0x9D, 0x9C, 0x84, 0xFC, 0xEC, 0xC1, 0x8A,
    0x17, 0x96, 0x9D, 0x3A, 0x5B, 0xB4, 0xAB, 0xA8, 0x88, 0x36, 0x94, 0xA9, 0x16, 0xA0, 0x0E, 0x06,
    0xA8, 0xC0, 0x74, 0x8C, 0x4D, 0x83, 0x36, 0x59, 0x38, 0x57, 0x22, 0x4B, 0x2A, 0xCD, 0xF0, 0xA3,
    0xA8, 0x55, 0x0B, 0xE9, 0x39, 0xB0, 0xC8, 0xF9, 0x3F, 0xEC, 0x29, 0xCF, 0x95, 0xBB, 0x59, 0x01,
    0x1C, 0x65, 0x07, 0x03, 0x95, 0xD4, 0xCC, 0x64, 0xE6, 0xB5, 0xE9, 0x42, 0x10, 0xD3, 0xFA, 0x2A,
    0xCA, 0xF6, 0xB2, 0x1A, 0x87, 0xE4, 0x1A, 0xB8, 0x69, 0x4E, 0x0C, 0xE0, 0x71, 0xA6, 0xB9, 0xF6,
    0x09, 0x94, 0x76, 0x01, 0x0D, 0x0D, 0xDA, 0x29, 0x18, 0xC1, 0x71, 0x81, 0xF0, 0x39, 0x12, 0x25,
    0x93, 0x46, 0x63, 0x9D, 0xC6, 0x3F, 0x29, 0xA4, 0x31, 0xBD, 0x85, 0xD4, 0x1A, 0xC9, 0x3D, 0x77,
    0x0A, 0x2C, 0xD4, 0x7B, 0x0D, 0xD5, 0x7E, 0x4D, 0xD8, 0xC8, 0xBA, 0xF0, 0xF5, 0x6A, 0xD8, 0x48,
    0xFE, 0x78, 0xE4, 0x23, 0xFE, 0x37, 0x8B, 0x0B, 0x9F, 0xE3, 0xEC, 0x3C, 0x8A, 0xCE, 0x84, 0x61,
    0x2C, 0xC8, 0x9D, 0xC2, 0x09, 0x0A, 0x2E, 0x9A, 0x27, 0x9C, 0x7F, 0xA8, 0x15, 0x01, 0xC4, 0x3E,
    0xA9, 0x41, 0xCB, 0x5E, 0xA4, 0x26, 0x8F, 0xCF, 0x5D, 0x7C, 0x61, 0xE2, 0x9B, 0xAE, 0xE1, 0x99,
    0x52, 0xD5, 0x21, 0xF9, 0x27, 0x51, 0x95, 0x2B, 0x90, 0x84, 0x46, 0x6D, 0x70, 0xDB, 0xCA, 0x67,
    0x12, 0x7F, 0xD2, 0xF6, 0xF0, 0x1C, 0xEC, 0x76, 0x48, 0x19, 0x32, 0xD8, 0x8F, 0x76, 0xA5, 0x74,
    0x1E, 0x8D, 0x0A, 0xDA, 0x76, 0x54, 0x90, 0xD2, 0xBF, 0xEA, 0x78, 0x8E, 0x2C, 0x24, 0x9A, 0x21,
    0x98, 0x3D, 0xC8, 0x46, 0x26, 0xA4, 0xF9, 0x83, 0xAA, 0xB5, 0xEC, 0x2F, 0x17, 0x2D, 0x75, 0x96,
    0xCF, 0xE7, 0xE9, 0xBD, 0x76, 0x99, 0x39, 0x16, 0x37, 0xA1, 0x2F, 0x66, 0x10, 0x8C, 0x05, 0x76,
    0x72, 0x24, 0xD8, 0x64, 0x8E, 0x38, 0x0B, 0x02, 0xF4, 0x97, 0xDA, 0xBF, 0x95, 0x8E, 0x73, 0x39,
    0xFC, 0x65, 0x49, 0x2D, 0x61, 0x0E, 0xFD, 0x66, 0x31, 0xB7, 0x2C, 0x11, 0xCB, 0x72, 0x5F, 0xE2,
    0xEB, 0xE6, 0xF5, 0x88, 0x48, 0x80, 0x0D, 0x2F, 0x1F, 0x41, 0x74, 0x0F, 0x01, 0xAA, 0xF1, 0xA4,
    0x57, 0x86, 0x1F, 0xA3, 0x11, 0xD8, 0xFF, 0x41, 0x0D, 0x3C, 0xA4, 0x29, 0x03, 0xFD, 0xDE, 0x27,
    0x07, 0x6B, 0x68, 0xC9, 0x7D, 0x3D, 0xAC, 0xC7, 0xB0, 0x2D, 0x08, 0x37, 0x80, 0x47, 0x0E, 0x61,
    0xDB, 0x9A, 0x86, 0x35, 0x7D, 0xB0, 0x6B, 0x90, 0x7B, 0x99, 0x54, 0x35, 0xAF, 0x29, 0xCF, 0x55,
    0x6E, 0x28, 0xAD, 0x2A, 0xD8, 0x12, 0x76, 0x73, 0x30, 0x84, 0xA4, 0xA3, 0x45, 0x71, 0x8A, 0x3F,
    0xB4, 0xC3, 0x9A, 0x8E, 0x41, 0x55, 0x4B, 0x1C, 0xE5, 0x98, 0x2A, 0x76, 0xA2, 0x1B, 0xC3, 0x80,
    0x3E, 0x12, 0x65, 0xD7, 0x7F, 0x20, 0x80, 0x16, 0x87, 0x5C, 0x4E, 0x99, 0x8C, 0x1F, 0x07, 0x74,
    0x2E, 0x1E, 0x0E, 0x49, 0x62, 0x01, 0xCD, 0xBD, 0x8B, 0xC2, 0x33, 0xE5, 0x24, 0x18, 0xB2, 0x34,
    0x51, 0x12, 0x1E, 0x12, 0xEC, 0x84, 0x8B, 0xC1, 0x0F, 0x89, 0x68, 0xA3, 0xB0, 0x38, 0x88, 0x36,
    0xCE, 0x29, 0x07, 0x87, 0x44, 0xA7, 0x99, 0x10, 0x4F, 0xEF, 0x5A, 0x9F, 0xB1, 0x90, 0xB5, 0x2F,
    0xBE, 0xE4, 0xC0, 0x81, 0xC6, 0x66, 0x94, 0x37, 0xD2, 0xE1, 0x50, 0xEC, 0x79, 0x67, 0x5E, 0x9C,
    0xFE, 0xB3, 0x82, 0x6E, 0x2B, 0xB2, 0x8F, 0x9D, 0x56, 0x1D, 0x7A, 0x8D, 0x50, 0xF4, 0xC2, 0xF7,
    0x65, 0x1F, 0x1A, 0x4B, 0xF7, 0x9B, 0x0B, 0xA8, 0x28, 0x15, 0x0C, 0xC8, 0xB0, 0x93, 0xC5, 0xB0,
    0x0B, 0x61, 0xB7, 0x20, 0xAC, 0x7D, 0xCF, 0xBC, 0xD8, 0xF7, 0x0F, 0x05, 0x73, 0xEF, 0xA3, 0x4F,
    0x6F, 0x02, 0xD6, 0xF3, 0xBD, 0xC0, 0xF3, 0x61, 0x29, 0xD2, 0xC4, 0x41, 0x58, 0x0A, 0x65, 0x4C,
    0xE4, 0xC3, 0x46, 0xCD, 0x71, 0xD1, 0xF1, 0xA7, 0xB2, 0x23, 0x90, 0x1E, 0x18, 0x47, 0x3D, 0x0B,
    0xC0, 0x3E, 0x8F, 0xA1, 0x92, 0x53, 0x88, 0xC2, 0xD5, 0xAA, 0x15, 0xD6, 0x99, 0xFC, 0xBE, 0x00,
    0xB2, 0x41, 0x3C, 0x14, 0xAD, 0x92, 0x84, 0x86, 0x71, 0xD1, 0xE8, 0x0C, 0x4C, 0x66, 0xE1, 0xB5,
    0xB9, 0xD1, 0x42, 0x7D, 0xDC, 0x7D, 0x6B, 0x1C, 0xDA, 0xAF, 0xC7, 0x76, 0x86, 0x4D, 0xD1, 0x1C,
    0xDB, 0x41, 0x0C, 0x3B, 0xB2, 0xE0, 0xF7, 0x43, 0x5F, 0x17, 0x8C, 0x77, 0x70, 0x30, 0x99, 0xC8,
    0x4D, 0xCC, 0xA1, 0xA8, 0xBD, 0xB0, 0xC6, 0x43, 0xE4, 0x93, 0x7F, 0xA3, 0xDD, 0xA7, 0x08, 0x16,
    0x4D, 0x1A, 0x0D, 0xDA, 0xD2, 0x4E, 0xF1, 0xCC, 0x28, 0x8C, 0xE1, 0xFC, 0xC0, 0x1D, 0xE7, 0x07,
    0x4E, 0x0E, 0x9C, 0x19, 0x51, 0x5F, 0x46, 0x99, 0x82, 0xE8, 0x81, 0x1A, 0xF4, 0xA0, 0x98, 0x0F,
    0x49, 0x0C, 0x85, 0x4A, 0x21, 0xF9, 0x7C, 0x7F, 0x11, 0x18, 0x59, 0x9D, 0xE6, 0x9D, 0xA2, 0x51,
    0x41, 0x8F, 0x08, 0xB7, 0x48, 0xC6, 0xFF, 0xB4, 0xCA, 0x28, 0x54, 0xC6, 0x61, 0xFA, 0x5A, 0xCC,
    0x6C, 0xA1, 0x6D, 0x3F, 0x92, 0x14, 0x19, 0xEE, 0x00, 0x83, 0x20, 0xFF, 0x7D, 0x09, 0x57, 0xFE,
    0xA0, 0xF6, 0x85, 0x7F, 0xC7, 0xA8, 0x2B, 0x54, 0xD6, 0x07, 0xA1, 0x88, 0x5D, 0x63, 0x53, 0x7E,
    0x99, 0x95, 0x87, 0xAC, 0x82, 0x7D, 0x91, 0xFC, 0xE3, 0xDA, 0xCA, 0xD3, 0x6C, 0x63, 0x33, 0x4B,
    0x8A, 0xAA, 0xF3, 0x00, 0x8B, 0x59, 0xF1, 0xBE, 0x9C, 0x45, 0x5E, 0x75, 0x74, 0x3E, 0x47, 0x54,
    0x49, 0xF6, 0xB2, 0x37, 0x3E, 0x4F, 0x42, 0xA0, 0x18, 0x46, 0x54, 0x51, 0x8F, 0xB7, 0xC2, 0x7E,
    0xD4, 0xFC, 0x7E, 0xF2, 0xE9, 0xF1, 0x13, 0x1D, 0xBE, 0x05, 0x64, 0x8A, 0x60, 0xEA, 0xDD, 0x4A,
    0x1C, 0xAF, 0xB4, 0xE5, 0x30, 0x70, 0xE0, 0xD3, 0xE0, 0x60, 0x2A, 0xD5, 0x8D, 0x32, 0x33, 0x65,
    0x1E, 0xF6, 0xB1, 0xD1, 0x4E, 0x8A, 0x51, 0xB5, 0x5F, 0x24, 0xE0, 0xCE, 0xF2, 0x17, 0x90, 0xD6,
    0x77, 0xE0, 0x51, 0x7C, 0xBA, 0x13, 0x52, 0xF9, 0xB3, 0x3F, 0x79, 0xA8, 0x56, 0x7B, 0x68, 0x27,
    0xB6, 0x3A, 0x0A, 0x5D, 0x3C, 0x7B, 0xFB, 0xCA, 0x96, 0xCC, 0xC9, 0x5B, 0xA4, 0x26, 0x4D, 0x65,
    0x61, 0x60, 0x75, 0x07, 0x42, 0xEF, 0x06, 0x4F, 0x16, 0x94, 0xC3, 0x5A, 0x99, 0x61, 0xB7, 0xE3,
    0x21, 0x89, 0xB6, 0xB0, 0xA5, 0x25, 0x31, 0xB2, 0xA5, 0x1F, 0x7A, 0xB7, 0x8C, 0x99, 0xB7, 0xBD,
    0x39, 0xAF, 0xE6, 0x54, 0x6D, 0xB9, 0xEA, 0x4D, 0x52, 0x64, 0x52, 0x2A, 0xBF, 0x57, 0x79, 0x25,
    0x8A, 0x7F, 0x9D, 0x2B, 0x64, 0x45, 0x70, 0xB7, 0x24, 0x12, 0x88, 0x13, 0x99, 0x77, 0xC1, 0x01,
    0xB6, 0xAD, 0x3C, 0x91, 0x45, 0xCE, 0x4B, 0xD2, 0xC3, 0xCE, 0x3B, 0xD0, 0xE5, 0xBA, 0x2F, 0x3A,
    0x35, 0x93, 0x38, 0x14, 0x46, 0xC5, 0xAA, 0xD9, 0x33, 0x7D, 0xFD, 0xE9, 0x8E, 0x54, 0x47, 0x6A,
    0xB7, 0x57, 0xF3, 0xAA, 0x34, 0xDC, 0x3D, 0x1C, 0x14, 0x17, 0x6A, 0x70, 0xEB, 0x0C, 0x0B, 0x3D,
    0xDA, 0xFB, 0xD9, 0xC8, 0xE3, 0x30, 0xD8, 0x82, 0xF6, 0xAD, 0x64, 0x1A, 0xC6, 0x40, 0xD5, 0xF4,
    0x60, 0xD6, 0xF0, 0x3D, 0x53, 0xB9, 0x96, 0xB4, 0xBF, 0x01, 0xD6, 0x5B, 0x60, 0xFC, 0x85, 0x54,
    0x41, 0xAB, 0xB2, 0xF2, 0x15, 0x63, 0x7B, 0x4D, 0x7E, 0xBA, 0x0A, 0xC6, 0x0C, 0x98, 0xC7, 0xC0,
    0x46, 0x07, 0x6B, 0xCB, 0x01, 0x5B, 0x65, 0x4D, 0x7F, 0xC6, 0x08, 0xA6, 0x75, 0x0C, 0x63, 0x14,
    0x12, 0x8C, 0x6A, 0xEC, 0x55, 0x20, 0x35, 0x0D, 0xD9, 0x69, 0x9A, 0x64, 0x4E, 0x15, 0x34, 0x9E,
    0x3A, 0xE4, 0x56, 0x5C, 0xEE, 0x7A, 0xDB, 0x72, 0x52, 0x81, 0x29, 0x05, 0x26, 0x14, 0x94, 0x4E,
    0x4C, 0x92, 0xAE, 0x63, 0x7C, 0x6A, 0x3C, 0x2B, 0x2C, 0x57, 0x75, 0xD8, 0x98, 0x83, 0x2C, 0x25,
    0x41, 0x16, 0xD8, 0x0A, 0xE7, 0x3E, 0x46, 0x97, 0x26, 0x86, 0xFF, 0x1E, 0x3C, 0x44, 0x1A, 0xAD,
    0x3C, 0x94, 0xF7, 0x24, 0x02, 0xF9, 0xA8, 0x5D, 0x19, 0x6A, 0x2B, 0x74, 0xF5, 0xD9, 0xBF, 0x79,
    0x0B, 0x76, 0x60, 0x07, 0xED, 0xA9, 0x25, 0x3D, 0x5D, 0x3B, 0xDA, 0x6B, 0xDA, 0x20, 0x44, 0xDA,
    0xA3, 0x61, 0xF8, 0x7C, 0x4C, 0x3D, 0xCF, 0x36, 0xD4, 0x06, 0x57, 0x38, 0x12, 0x47, 0x7C, 0xD5,
    0xCF, 0xC2, 0x5F, 0x02, 0x74, 0xD4, 0x82, 0x0E, 0xE1, 0xA9, 0xEF, 0x36, 0x6C, 0x05, 0x6B, 0xBC,
    0x5D, 0xC6, 0x72, 0x6D, 0x2C, 0x1E, 0x05, 0x68, 0xB3, 0x78, 0x1C, 0x43, 0x9D, 0xCD, 0x43, 0x09,
    0x32, 0x5A, 0x28, 0x32, 0xC6, 0xEB, 0x90, 0x31, 0xDE, 0x2E, 0x66, 0x74, 0x4C, 0x16, 0xCD, 0xD0,
    0xCF, 0xB4, 0x16, 0xB9, 0x5D, 0x5F, 0x7C, 0xF4, 0xAE, 0x08, 0x85, 0x3C, 0xE2, 0x82, 0xBC, 0xB3,
    0xF6, 0x7B, 0x01, 0xE3, 0x7A, 0x79, 0x04, 0xC7, 0x3C, 0xAC, 0xD8, 0x0B, 0x46, 0x18, 0xB4, 0x3B,
    0xFA, 0x73, 0x64, 0x04, 0x80, 0xCC, 0x00, 0x39, 0x7F, 0x3C, 0x91, 0x29, 0x88, 0x0C, 0xCA, 0x30,
    0xF5, 0x1A, 0x52, 0x6E, 0xE9, 0x96, 0x57, 0xA7, 0xF1, 0xA4, 0x92, 0x50, 0x8D, 0xF2, 0xC3, 0xAD,
    0x34, 0xA8, 0xD8, 0x87, 0xBC, 0xA1, 0x7D, 0xF4, 0xB0, 0xAD, 0xE5, 0x40, 0xC0, 0xE0, 0xB3, 0x49,
    0xBC, 0xD4, 0xAC, 0x03, 0x38, 0x5B, 0x16, 0x4C, 0xF2, 0x8F, 0x17, 0x6D, 0xEC, 0xCF, 0x81, 0xC4,
    0x50, 0xC4, 0x71, 0x24, 0x27, 0x32, 0x3A, 0xA4, 0x0F, 0xE4, 0x3D, 0x01, 0x4D, 0x0F, 0x53, 0x98,
    0xE7, 0x20, 0x85, 0x0D, 0x45, 0x58, 0xBE, 0x3A, 0x48, 0xA1, 0x68, 0xFF, 0x4B, 0xB1, 0x94, 0xCE,
    0xC8, 0x71, 0xB8, 0xA3, 0x89, 0xB4, 0x61, 0x51, 0xCA, 0x51, 0x98, 0x3F, 0x0E, 0x6D, 0x4D, 0xC0,
    0x34, 0x9B, 0x92, 0xD8, 0x71, 0x05, 0x43, 0x8F, 0xFF, 0x2F, 0xFA, 0xC2, 0x66, 0x53, 0x8F, 0x3B,
    0x91, 0x2D, 0x17, 0x8F, 0x2D, 0x31, 0xEC, 0x65, 0x84, 0x9B, 0x97, 0x37, 0x9E, 0x4E, 0xF2, 0x4F,
    0x47, 0x50, 0x9A, 0xA7, 0x55, 0x94, 0x3E, 0x6D, 0x89, 0x69, 0xA6, 0x91, 0x7D, 0x10, 0x8F, 0x23,
    0x28, 0xCB, 0xEE, 0x1B, 0xD4, 0x1F, 0x0D, 0xD5, 0x7E, 0xEC, 0xA7, 0x87, 0xF8, 0x28, 0x47, 0x81,
    0xEC, 0xCE, 0x78, 0xC4, 0x1F, 0x03, 0x76, 0xDE, 0x14, 0x4A, 0x6C, 0x3A, 0x15, 0x5A, 0x6C, 0xB0,
    0x88, 0x7B, 0x93, 0x29, 0xD1, 0x9A, 0xB0, 0x7B, 0xCA, 0x90, 0x42, 0xF9, 0xA5, 0xBB, 0xD7, 0x09,
    0x8B, 0xA7, 0x34, 0xEA, 0x48, 0xAA, 0x35, 0x4A, 0x0D, 0xFB, 0xB5, 0xAB, 0x78, 0xD9, 0x1E, 0x27,
    0x2B, 0xE7, 0xD1, 0x53, 0x52, 0xA2, 0x22, 0x6F, 0x26, 0x1F, 0x02, 0xD2, 0x8F, 0xFB, 0x90, 0x7A,
    0x5C, 0x5D, 0x97, 0x96, 0x4F, 0x85, 0xC5, 0x31, 0xED, 0xC4, 0x31, 0x4D, 0xE3, 0x98, 0xA6, 0x70,
    0x4C, 0xD3, 0x2D, 0xD7, 0xF6, 0x8B, 0xEA, 0x64, 0x0C, 0x91, 0x33, 0xB2, 0x2E, 0x80, 0x3E, 0xBE,
    0x56, 0xDE, 0xD8, 0xF0, 0xAD, 0x3E, 0x45, 0x7B, 0x1C, 0xAB, 0x36, 0x46, 0x22, 0x28, 0xAC, 0x23,
    0x12, 0x37, 0x40, 0xC0, 0x0A, 0x58, 0x32, 0x59, 0x19, 0xB0, 0xF3, 0x8B, 0x13, 0x78, 0xA3, 0x94,
    0x93, 0x39, 0x38, 0x0C, 0xCE, 0x61, 0x56, 0x7A, 0x49, 0xDE, 0xD9, 0x9C, 0x6D, 0x0E, 0x6D, 0x0B,
    0x58, 0x79, 0x8A, 0xB4, 0xB4, 0x66, 0xB2, 0xEE, 0x6E, 0xB0, 0x50, 0x44, 0x3D, 0xE4, 0xF7, 0xD7,
    0xC6, 0x2C, 0xB5, 0x32, 0xD4, 0x8C, 0x0B, 0xDA, 0xF1, 0xC6, 0xA9, 0xB8, 0xF1, 0x75, 0xED, 0x5D,
    0x0C, 0x28, 0x46, 0x1A, 0xB6, 0xBA, 0xDE, 0x9B, 0x9A, 0x73, 0x01, 0x2E, 0x60, 0xD4, 0xD2, 0x00,
    0x37, 0x86, 0x5F, 0x42, 0x6B, 0x80, 0x37, 0xAD, 0x3A, 0x84, 0x05, 0xCB, 0xF8, 0x35, 0xD7, 0xFC,
    0x93, 0xF5, 0x86, 0x76, 0x3D, 0x1C, 0x60, 0xFC, 0xC6, 0xBC, 0xD8, 0x08, 0x17, 0x72, 0x50, 0x31,
    0x4E, 0x9A, 0x67, 0x1B, 0xB6, 0x49, 0x1A, 0x33, 0xFA, 0xB7, 0xF5, 0x8B, 0x28, 0xE9, 0x46, 0xC5,
    0x89, 0x96, 0x15, 0x85, 0x84, 0xEC, 0x8A, 0x27, 0x1B, 0x2B, 0x5A, 0xB4, 0x70, 0xF2, 0x3D, 0xC0,
    0xC9, 0x77, 0x8E, 0xFD, 0x5A, 0xDB, 0xCA, 0xE4, 0x7B, 0x43, 0x38, 0x35, 0xC6, 0x89, 0x5E, 0x03,
    0x71, 0xA2, 0xDF, 0x40, 0x9C, 0x03, 0x8C, 0xB3, 0xED, 0x26, 0x14, 0x42, 0x1A, 0xF7, 0xB5, 0xF9,
    0xB2, 0xC4, 0xDE, 0x80, 0x30, 0x1F, 0xF5, 0x09, 0x73, 0xF2, 0x9A, 0x72, 0x4E, 0x54, 0x08, 0x39,
    0xC3, 0xE5, 0xD2, 0xCB, 0x6A, 0xA9, 0xC3, 0x9B, 0x5B, 0x0E, 0x69, 0x8B, 0x4B, 0x1A, 0x67, 0x94,
    0x46, 0x8C, 0x07, 0xC9, 0xA6, 0x4A, 0x1A, 0xBA, 0xA0, 0xDC, 0xB8, 0x63, 0x0A, 0x06, 0xA6, 0x88,
    0xF8, 0x0D, 0xD5, 0x27, 0xD6, 0x93, 0x4C, 0xAF, 0x2F, 0xF1, 0x8E, 0x82, 0x01, 0xCC, 0x6E, 0xF9,
    0x58, 0x5C, 0x75, 0xDA, 0x5C, 0x32, 0x7F, 0x2D, 0x4E, 0x5D, 0x44, 0x38, 0x51, 0x0A, 0x24, 0x06,
    0x1E, 0xC4, 0x9B, 0xC6, 0x13, 0x15, 0x53, 0x30, 0x6C, 0xB4, 0x57, 0x16, 0x53, 0xF0, 0xE8, 0x42,
    0xD3, 0xDE, 0x36, 0x14, 0xAD, 0x85, 0x6D, 0x59, 0x3F, 0x5F, 0x28, 0x0A, 0x8B, 0x93, 0x3F, 0x7D,
    0x9D, 0x45, 0x0A, 0x9D, 0x01, 0x07, 0x36, 0x5C, 0xE0, 0xD8, 0x54, 0x61, 0x29, 0x8A, 0xAF, 0x40,
    0xE7, 0xF2, 0x87, 0xCD, 0x1E, 0xC9, 0x95, 0xF1, 0xA2, 0x15, 0x55, 0x12, 0x27, 0x4A, 0x15, 0xD2,
    0x77, 0xAA, 0xDA, 0x39, 0xE1, 0x95, 0x53, 0x91, 0x50, 0x04, 0xAF, 0xB7, 0x09, 0x5E, 0x79, 0x03,
    0x0C, 0xE4, 0x26, 0x86, 0xAE, 0x43, 0x49, 0x1D, 0x03, 0xF8, 0x9F, 0x29, 0x70, 0x9F, 0x10, 0xCD,
    0x50, 0x92, 0xCC, 0xC0, 0xF4, 0x51, 0xA8, 0xCE, 0x41, 0x77, 0x13, 0x65, 0x1A, 0x6C, 0xD0, 0x7D,
    0x14, 0xC6, 0xE6, 0xB4, 0xB3, 0x79, 0x78, 0xAA, 0x89, 0xC6, 0xEB, 0x28, 0x00, 0x51, 0x5C, 0xA5,
    0xCD, 0x0B, 0x0A, 0x57, 0xD8, 0x90, 0x14, 0x79, 0xAD, 0x05, 0x4E, 0xE3, 0x90, 0x9F, 0x0A, 0x20,
    0xB1, 0x6E, 0x11, 0x5F, 0x07, 0x7E, 0x7D, 0x82, 0x01, 0x0D, 0xC1, 0x77, 0xCB, 0x22, 0xB4, 0xDD,
    0x68, 0x3A, 0xD6, 0xAF, 0x2A, 0xD0, 0x8E, 0x53, 0xC6, 0x9D, 0x5A, 0xB4, 0xB1, 0x9B, 0xC7, 0x49,
    0x53, 0x9E, 0x97, 0xB4, 0x64, 0xBC, 0x62, 0x2C, 0x97, 0x57, 0x79, 0x5B, 0x6F, 0x08, 0xDF, 0xB0,
    0x0D, 0x83, 0x9F, 0x22, 0x75, 0xA4, 0x8B, 0x4D, 0x56, 0xF8, 0xAE, 0x2E, 0x24, 0x6F, 0x06, 0xD5,
    0x55, 0x36, 0x7F, 0x93, 0x54, 0x6D, 0x18, 0xFC, 0xFE, 0xD5, 0x51, 0xE4, 0xBA, 0xAA, 0x92, 0x22,
    0xEE, 0x8A, 0xC7, 0x6C, 0xED, 0xF6, 0xB8, 0xEB, 0x45, 0xD0, 0x6A, 0x60, 0x5E, 0x48, 0x6A, 0xE3,
    0x6B, 0x23, 0x6F, 0x92, 0x12, 0x63, 0x92, 0x76, 0x5E, 0xC1, 0xA5, 0x86, 0xC6, 0x2B, 0x60, 0xBF,
    0x92, 0xD4, 0x6F, 0x68, 0x49, 0x75, 0x5D, 0xEB, 0x68, 0x8D, 0x13, 0xA6, 0x56, 0x6C, 0xD5, 0x25,
    0x1C, 0xB1, 0xFD, 0xBA, 0xAB, 0x90, 0xD7, 0x3E, 0x69, 0xDC, 0xBE, 0xE1, 0x8A, 0x26, 0x17, 0x82,
    0xAD, 0x3A, 0x74, 0x38, 0xB0, 0xCD, 0x12, 0xF6, 0x41, 0x89, 0xD1, 0x8E, 0x79, 0x59, 0xB4, 0x58,
    0xB0, 0xDF, 0x81, 0x47, 0x6B, 0x2B, 0x6A, 0xC1, 0x9F, 0xD2, 0x12, 0xC3, 0x69, 0x3B, 0x84, 0xE1,
    0xDA, 0xAA, 0xAA, 0x71, 0x02, 0x93, 0x88, 0x51, 0x9E, 0xAA, 0x72, 0x3D, 0xB5, 0xE6, 0x0A, 0x17,
    0x94, 0xB8, 0x42, 0x18, 0x4F, 0xF1, 0x26, 0x61, 0x15, 0xEF, 0x65, 0xDE, 0xE5, 0x52, 0xF4, 0xB1,
    0x5C, 0x5C, 0x68, 0x0A, 0x49, 0x99, 0xD4, 0xD4, 0x18, 0x03, 0xBD, 0x65, 0x1D, 0x34, 0x5B, 0x4B,
    0xF9, 0x5D, 0x93, 0x20, 0x92, 0xC4, 0x62, 0xCD, 0xAC, 0x13, 0x6A, 0xDD, 0x85, 0x78, 0x9A, 0xE6,
    0x1C, 0x92, 0x78, 0x53, 0x91, 0x4A, 0x4E, 0x72, 0x61, 0xD7, 0x52, 0x25, 0xBF, 0x20, 0xBD, 0x4A,
    0x28, 0x5B, 0xA7, 0x7F, 0x81, 0xE1, 0xA7, 0xFE, 0xF1, 0xA1, 0x32, 0xC6, 0xB0, 0x02, 0x0A, 0xD5,
    0xE5, 0x68, 0x06, 0xA3, 0xCF, 0x94, 0x0A, 0xC5, 0xC0, 0x93, 0xF3, 0xC2, 0x46, 0x33, 0xB6, 0xA5,
    0xD9, 0x15, 0xA0, 0xD5, 0x99, 0xEF, 0x8D, 0x67, 0x6D, 0x88, 0xCD, 0x94, 0xCF, 0xF5, 0xBA, 0xCA,
    0x52, 0xA4, 0xDE, 0x1C, 0xEC, 0xBD, 0x60, 0x9E, 0x04, 0xF3, 0x65, 0xC6, 0x90, 0x8C, 0x32, 0x2E,
    0x6C, 0x6D, 0x56, 0xA3, 0x9A, 0x23, 0xCE, 0xDB, 0x96, 0xC2, 0xB9, 0x53, 0x35, 0x9C, 0xAC, 0xB5,
    0x5D, 0x61, 0x58, 0xD4, 0x64, 0x1C, 0x77, 0xA2, 0xB5, 0x20, 0x86, 0xB4, 0xC5, 0x2C, 0xAD, 0x01,
    0x8C, 0x53, 0xF6, 0x54, 0x41, 0x5E, 0x3B, 0xC5, 0xA8, 0x80, 0xC0, 0xBB, 0xAE, 0x57, 0xF4, 0x81,
    0x9E, 0xDC, 0xF9, 0xF2, 0xB9, 0x22, 0xEC, 0x40, 0x59, 0x6D, 0x37, 0x7A, 0x8D, 0x3E, 0x7D, 0x9F,
    0x3E, 0x90, 0xAB, 0x9E, 0x2B, 0xEE, 0x10, 0xBA, 0xD8, 0xAA, 0x6C, 0x75, 0x98, 0x94, 0x37, 0xF1,
    0xDE, 0xD1, 0x6D, 0x39, 0x9C, 0xCC, 0x75, 0xB8, 0x1D, 0x9E, 0x82, 0x67, 0xE0, 0x34, 0x57, 0x73,
    0x7A, 0xE1, 0x0E, 0xAE, 0xAC, 0x41, 0x8B, 0x76, 0xBB, 0x51, 0x7F, 0xF2, 0xDE, 0x7F, 0xB2, 0x04,
    0x34, 0x16, 0xB6, 0x45, 0x95, 0x4D, 0x7D, 0xC1, 0x43, 0x7A, 0xFB, 0x3B, 0xD3, 0x38, 0xDE, 0x1F,
    0xCC, 0x5F, 0xFA, 0xA9, 0x30, 0xCE, 0x02, 0xFC, 0xAE, 0x4C, 0x5A, 0x60, 0x07, 0x0E, 0x29, 0x46,
    0xAD, 0x8B, 0x1A, 0x1F, 0xE6, 0x5A, 0x69, 0x86, 0xBF, 0xED, 0xD9, 0xCD, 0x5F, 0xEA, 0x74, 0xF0,
    0x27, 0x3E, 0xF6, 0xCA, 0x33, 0x7F, 0x76, 0x63, 0x73, 0x78, 0xD7, 0xC1, 0x55, 0xD5, 0xFE, 0x08,
    0x8A, 0xEA, 0x7C, 0x30, 0x43, 0xC9, 0x50, 0x6B, 0x0D, 0xD3, 0x0D, 0xF4, 0xAD, 0xC6, 0x9B, 0xF2,
    0xC0, 0x87, 0x0A, 0x26, 0x4B, 0x75, 0x54, 0x94, 0xAE, 0xCE, 0xF4, 0x34, 0x15, 0x6D, 0x0B, 0x32,
    0x5A, 0x43, 0x85, 0xC5, 0x64, 0x80, 0x47, 0xEB, 0x04, 0x51, 0xF9, 0x34, 0x4A, 0x83, 0x22, 0x42,
    0xA3, 0x17, 0x1E, 0xA4, 0x4F, 0x45, 0xBA, 0x68, 0xF9, 0x83, 0x92, 0xE4, 0xA4, 0xAE, 0xEE, 0x84,
    0x0B, 0xFA, 0xE8, 0xF7, 0xB4, 0xA7, 0xF5, 0xDE, 0x2F, 0xC2, 0x7B, 0xFA, 0xA8, 0x0D, 0x3D, 0xBA,
    0x32, 0xD0, 0x09, 0xD2, 0x48, 0xD8, 0x60, 0xF4, 0xC0, 0x97, 0xC1, 0x38, 0x39, 0x81, 0x52, 0xD0,
    0xBF, 0x4A, 0xF8, 0x5E, 0x8E, 0xAB, 0xB7, 0x2D, 0xD9, 0x7D, 0x3B, 0x21, 0xFB, 0xF9, 0x3D, 0xBD,
    0x5D, 0xE0, 0x89, 0x5D, 0x28, 0xA9, 0x3E, 0xB8, 0x13, 0xB5, 0x78, 0x04, 0x06, 0x79, 0xB0, 0x57,
    0xCA, 0x8B, 0xD6, 0x89, 0xB6, 0xE7, 0x0A, 0xEE, 0x42, 0xB2, 0x0D, 0x52, 0xC9, 0x42, 0xB0, 0x1D,
    0xF5, 0x14, 0xC3, 0x85, 0x3D, 0x5F, 0x79, 0x62, 0x81, 0x49, 0x3C, 0x0E, 0xFA, 0xC3, 0xB0, 0xF5,
    0xD7, 0xE2, 0xB6, 0x5F, 0x15, 0xBF, 0xB3, 0x75, 0xE4, 0xB6, 0xFB, 0x86, 0x12, 0xF7, 0xC9, 0xC4,
    0x7D, 0x62, 0x79, 0x9F, 0x10, 0xB7, 0xBE, 0x28, 0xF7, 0x4D, 0xB0, 0x94, 0xA6, 0x4F, 0x74, 0xD3,
    0x41, 0x2B, 0x48, 0xAB, 0x7A, 0xF4, 0xC9, 0xAF, 0x18, 0x87, 0xD9, 0x94, 0x34, 0x2E, 0xA3, 0xA0,
    0xEB, 0xD1, 0x2E, 0xA0, 0x76, 0x36, 0x2C, 0xA2, 0xFC, 0x6F, 0x56, 0x9F, 0xFA, 0x21, 0x53, 0x82,
    0xFC, 0x7F, 0xE0, 0xD8, 0xC7, 0x92, 0x9A, 0x85, 0xC2, 0x7E, 0xEE, 0xBA, 0x8B, 0x54, 0x6C, 0x5D,
    0x24, 0xCD, 0x0F, 0xA3, 0xC2, 0x3E, 0xA1, 0x04, 0xED, 0x2E, 0xF4, 0x59, 0x32, 0x6D, 0xA8, 0x94,
    0xAE, 0x52, 0xBF, 0x55, 0xB9, 0x79, 0x4A, 0x46, 0xE9, 0x23, 0x2C, 0x4E, 0x7C, 0x1D, 0x9F, 0x92,
    0x94, 0xB1, 0x24, 0x4C, 0x59, 0x30, 0x57, 0x02, 0xAF, 0x4E, 0xEA, 0x6A, 0x2B, 0x5A, 0x25, 0xCA,
    0xB3, 0x61, 0x4A, 0xC2, 0xFF, 0x73, 0x79, 0xEA, 0xC6, 0xD6, 0x33, 0x1A, 0xD7, 0x63, 0x6E, 0xC6,
    0xE7, 0x17, 0x51, 0x05, 0x05, 0x87, 0x09, 0x7B, 0xB4, 0xB9, 0x82, 0xA2, 0xAF, 0xE8, 0xB1, 0xD9,
    0x6F, 0x1A, 0x5A, 0xA0, 0xD7, 0x81, 0x34, 0x8E, 0x63, 0xCB, 0xAA, 0x9A, 0xC1, 0xB5, 0x8B, 0x51,
    0x7A, 0xB7, 0xD1, 0xAD, 0x77, 0x6B, 0xC9, 0x46, 0x2B, 0xD9, 0xCF, 0x40, 0xF0, 0x47, 0xA8, 0x3C,
    0x03, 0xD3, 0xF7, 0x2E, 0xAE, 0x64, 0x77, 0xC4, 0x5F, 0x58, 0xDD, 0x85, 0xBC, 0x75, 0x8B, 0xE5,
    0x65, 0x8E, 0x26, 0xA3, 0xAB, 0xFF, 0x02, 0x1D, 0x8D, 0x31, 0x0E, 0xC2, 0x30, 0x10, 0x04, 0x57,
    0x04, 0x29, 0x48, 0x2E, 0x92, 0x82, 0x48, 0x54, 0x71, 0x9B, 0x2A, 0x6E, 0x53, 0xC4, 0xD8, 0x3F,
    0x80, 0x02, 0x7A, 0x6A, 0x2A, 0x3E, 0x40, 0x72, 0x12, 0x0F, 0x81, 0x27, 0x50, 0x52, 0x00, 0xBE,
    0x1F, 0xF0, 0x15, 0x97, 0x14, 0x28, 0xC1, 0xF1, 0x6C, 0xB3, 0x1A, 0xED, 0xE9, 0x8E, 0x37, 0xE7,
    0x9D, 0x2F, 0xF6, 0x3B, 0x33, 0x0E, 0x00, 0x8A, 0x7D, 0x60, 0x6B, 0xC6, 0x80, 0x47, 0x24, 0xD5,
    0xF7, 0xEF, 0xF0, 0xAE, 0x24, 0x0C, 0x29, 0x16, 0x24, 0xA0, 0x91, 0x07, 0xAD, 0xAC, 0x21, 0xC9,
    0x29, 0x65, 0x68, 0xA6, 0x51, 0x62, 0x75, 0x89, 0x7B, 0x83, 0xEF, 0x13, 0x83, 0xC3, 0xBB, 0x47,
    0xB5, 0x82, 0xCC, 0xAC, 0xB9, 0xB2, 0xFA, 0xB0, 0xB8, 0xB0, 0x48, 0x49, 0xD7, 0xC8, 0xA7, 0x4B,
    0xA8, 0x0D, 0x05, 0x2F, 0x3F, 0x9C, 0x5E, 0x38, 0x13, 0xB6, 0xD1, 0x93, 0x94, 0xD4, 0xFB, 0x31,
    0xC6, 0x79, 0xC5, 0xF1, 0x73, 0x97, 0x78, 0x65, 0x5D, 0xE2, 0x0D, 0xC5, 0x16, 0x5D, 0xC2, 0xC2,
    0x2A, 0x9C, 0xF1, 0x43, 0x07, 0x09, 0x41, 0x33, 0x3A, 0xA1, 0x85, 0x42, 0xC6, 0x21, 0x54, 0x87,
    0x7E, 0xC0, 0x62, 0xBD, 0xAE, 0xB0, 0x7C, 0x0D, 0x8F, 0xB6, 0x9C, 0xFF, 0x01, 0xBD, 0x58, 0xCF,
    0x6F, 0xDB, 0xD6, 0x1D, 0xFF, 0x90, 0x74, 0x42, 0xCF, 0x8C, 0x4D, 0x15, 0x28, 0x86, 0x62, 0x73,
    0x2C, 0x1F, 0x8A, 0xC1, 0x07, 0x45, 0xBA, 0x18, 0x83, 0xD2, 0xC8, 0x22, 0x87, 0x01, 0xBB, 0xF4,
    0xE2, 0xC3, 0x32, 0x0C, 0x08, 0xB0, 0xF9, 0xB8, 0x02, 0xEB, 0xE2, 0x43, 0x0A, 0xA4, 0x98, 0x12,
    0x11, 0xFD, 0x07, 0xEA, 0xC3, 0x7A, 0x1A, 0x30, 0xE8, 0xB0, 0x5D, 0xB2, 0xAE, 0x16, 0x56, 0x1F,
    0xDC, 0x4C, 0xB6, 0x98, 0x5C, 0x37, 0x2C, 0xC4, 0x7A, 0x1D, 0x16, 0x6E, 0xED, 0x0E, 0xAB, 0x1B,
    0x94, 0xDB, 0x04, 0x94, 0xC9, 0x28, 0xBD, 0x7D, 0xBE, 0x8F, 0x94, 0xE3, 0x24, 0x8E, 0x2D, 0xBB,
    0xEB, 0x44, 0xBD, 0x27, 0x8A, 0x7C, 0xDF, 0xCF, 0x7B, 0xDF, 0xDF, 0xDF, 0xF7, 0x00, 0x3B, 0xB8,
    0xE9, 0xFF, 0x3A, 0xBC, 0x81, 0x55, 0x00, 0x66, 0x58, 0xF3, 0xBF, 0x11, 0x55, 0xB1, 0x08, 0xF9,
    0x78, 0xB1, 0x97, 0x78, 0xB1, 0x89, 0x99, 0xE0, 0xA7, 0x61, 0x3F, 0x58, 0xE2, 0x93, 0x75, 0x74,
    0x78, 0x75, 0xB1, 0xF3, 0x7D, 0x6F, 0x58, 0x1E, 0x1A, 0x3E, 0xE0, 0xF8, 0xB7, 0x83, 0x1B, 0x7A,
    0xB4, 0xC3, 0x5F, 0x5F, 0x30, 0xA2, 0xE6, 0x13, 0xF4, 0x33, 0x28, 0xC3, 0xF5, 0x2F, 0x60, 0x0D,
    0x26, 0xE6, 0x02, 0x27, 0x5C, 0xF0, 0x5F, 0x3E, 0xF0, 0x36, 0xA7, 0x5B, 0xDD, 0xFF, 0x07, 0x8D,
    0x20, 0x2B, 0x30, 0xFC, 0xD9, 0x60, 0x53, 0xC6, 0x06, 0x5F, 0x8D, 0x2E, 0x85, 0x2F, 0xE5, 0xAF,
    0xC6, 0xE3, 0x1A, 0xAF, 0x35, 0x64, 0x4A, 0x0E, 0x71, 0xFD, 0xC7, 0x8F, 0x8D, 0x0D, 0x27, 0x71,
    0x07, 0x95, 0xC5, 0x95, 0x33, 0x35, 0xD5, 0x56, 0xAF, 0xC9, 0xF3, 0xF4, 0x85, 0x00, 0xB0, 0x42,
    0x27, 0xB2, 0x63, 0x3B, 0xB4, 0x9E, 0xB8, 0x4C, 0xB9, 0x82, 0x7C, 0x8C, 0x11, 0xDA, 0xA1, 0x7E,
    0x1F, 0x8D, 0x2F, 0x33, 0x36, 0x63, 0x63, 0x88, 0x21, 0x2E, 0x2C, 0xB5, 0xB6, 0x6F, 0xF8, 0x68,
    0xEC, 0xDC, 0x6C, 0x35, 0xF2, 0x4F, 0xA5, 0xB2, 0xB4, 0x84, 0x16, 0xB6, 0xB1, 0xA3, 0x19, 0x9E,
    0xE7, 0x7D, 0x0B, 0x0D, 0xAC, 0xEC, 0x5F, 0x55, 0x5E, 0xE5, 0xC8, 0x8D, 0xCC, 0x08, 0x1B, 0xB0,
    0x62, 0x58, 0x1D, 0x58, 0x09, 0xD9, 0x07, 0x85, 0x67, 0x65, 0x70, 0x87, 0x98, 0x2D, 0x63, 0xDE,
    0xC1, 0xC2, 0x0F, 0x7D, 0x57, 0xF9, 0xF6, 0x7F, 0x00, 0x17, 0x97, 0x77, 0xA0, 0x52, 0xD4, 0x22,
    0xCD, 0xE5, 0x86, 0x8C, 0xB7, 0x4A, 0xB0, 0x06, 0x42, 0x6E, 0xE4, 0x52, 0x19, 0xC0, 0x26, 0xED,
    0x2E, 0xCE, 0xB9, 0x38, 0xEF, 0xC0, 0x55, 0x91, 0xAB, 0x62, 0xA3, 0x1F, 0x3F, 0x4D, 0xFB, 0xE4,
    0x42, 0xA7, 0x57, 0x2E, 0x36, 0x4B, 0x47, 0xAF, 0x71, 0x06, 0x35, 0xDE, 0xD7, 0x50, 0x12, 0xEA,
    0x97, 0x90, 0x35, 0xAC, 0xE1, 0x9B, 0xEE, 0x83, 0x1B, 0x65, 0xAC, 0x56, 0x88, 0x86, 0xF5, 0x5A,
    0xDA, 0x71, 0x87, 0x1D, 0xE3, 0xBD, 0x2E, 0x5A, 0x3B, 0x57, 0x06, 0x9E, 0x8A, 0xCA, 0x23, 0x2A,
    0x07, 0xA2, 0x11, 0x51, 0xC2, 0x9B, 0x6C, 0x62, 0x01, 0xAB, 0x7A, 0xF6, 0x7E, 0xBC, 0x0E, 0x95,
    0x74, 0xA0, 0xE2, 0x2E, 0x6A, 0x7E, 0x97, 0xA2, 0xBF, 0x79, 0xB9, 0x1F, 0x78, 0x6A, 0x28, 0x0B,
    0xD6, 0x83, 0xCC, 0x80, 0xA2, 0xDE, 0xB0, 0xA3, 0x29, 0xC0, 0x37, 0x23, 0x2B, 0x36, 0x13, 0x24,
    0xE8, 0x52, 0x81, 0xB4, 0x1B, 0x23, 0xA0, 0xE8, 0x37, 0xAC, 0xF8, 0x8C, 0x40, 0xAD, 0x21, 0xB1,
    0x22, 0x6F, 0xE8, 0x8D, 0x56, 0xCE, 0x3F, 0xC5, 0xD4, 0x31, 0x32, 0xCF, 0x3F, 0x1D, 0xC0, 0x48,
    0x68, 0x46, 0x49, 0x17, 0x90, 0x76, 0x6D, 0x1B, 0x46, 0xB7, 0xFD, 0x49, 0x3F, 0xA9, 0x29, 0x15,
    0xD8, 0xEA, 0xE3, 0x7C, 0x14, 0x57, 0x41, 0x01, 0x82, 0x36, 0xAA, 0xEF, 0xB5, 0xE1, 0x76, 0x45,
    0x0C, 0xEC, 0xEA, 0x54, 0x31, 0x06, 0x20, 0x8D, 0xF2, 0x49, 0xD4, 0x0F, 0x1C, 0x95, 0xDA, 0x7E,
    0x4E, 0x67, 0xE4, 0x26, 0x2F, 0xD4, 0xD2, 0x89, 0x6E, 0x9F, 0x65, 0x47, 0x3E, 0x16, 0xED, 0xCA,
    0x78, 0x92, 0x19, 0x19, 0x19, 0x53, 0xAF, 0x24, 0xFC, 0x66, 0xB4, 0x1B, 0xC9, 0x9C, 0x73, 0x28,
    0x87, 0x6E, 0x52, 0x1D, 0x2C, 0xF7, 0xBA, 0x8D, 0x0F, 0xB6, 0xDB, 0x89, 0xD6, 0xE5, 0x7C, 0x82,
    0x95, 0x44, 0xAF, 0x90, 0x8A, 0xE8, 0xC1, 0xC8, 0xE0, 0x64, 0xA8, 0xB5, 0xB0, 0xDC, 0xC0, 0x6E,
    0x0F, 0x6D, 0x15, 0x96, 0xEF, 0x87, 0xC4, 0xD7, 0xD3, 0xBC, 0xCF, 0x9F, 0xCF, 0xC3, 0x0E, 0x4A,
    0x13, 0xF0, 0xCC, 0x59, 0xD9, 0xDD, 0x16, 0xC2, 0x45, 0x4C, 0xC8, 0xF3, 0xEC, 0x56, 0xB5, 0x3B,
    0x7D, 0x38, 0x8B, 0xD6, 0xEB, 0x70, 0x7E, 0x93, 0x4B, 0x00, 0x98, 0xD6, 0x46, 0xD1, 0x82, 0xA7,
    0xA8, 0xF4, 0xD0, 0x7B, 0x2B, 0x94, 0x27, 0x54, 0x0D, 0xF0, 0xBB, 0x09, 0x57, 0xA8, 0x75, 0x2F,
    0x2A, 0xC1, 0x2B, 0x12, 0x0F, 0x6E, 0x47, 0x93, 0x2F, 0xD3, 0xF4, 0xAD, 0x70, 0x6E, 0xAB, 0xBA,
    0x75, 0xE8, 0x42, 0x57, 0x85, 0xC0, 0x7A, 0x0F, 0xCE, 0x83, 0xE7, 0xAE, 0x75, 0x86, 0x1A, 0x69,
    0x8F, 0x7C, 0xF4, 0x95, 0xC2, 0x5A, 0x7B, 0x04, 0xA8, 0x9F, 0x89, 0xFF, 0xE9, 0xD5, 0xCC, 0xB3,
    0xD5, 0x79, 0xB3, 0x4C, 0x4B, 0xA9, 0x73, 0x8D, 0x17, 0xC4, 0x68, 0x3E, 0xD9, 0x84, 0xA3, 0x32,
    0x18, 0x2A, 0x40, 0x79, 0x83, 0xB4, 0xEA, 0x1D, 0x4D, 0x5B, 0xF2, 0xE8, 0x21, 0xC3, 0x2E, 0xED,
    0xC3, 0x1B, 0xCC, 0x4E, 0xD5, 0xD2, 0xA5, 0x85, 0xB3, 0x83, 0xE5, 0x1A, 0x69, 0xF3, 0x19, 0x51,
    0xFE, 0x55, 0x8F, 0xEE, 0x30, 0x80, 0xA9, 0x82, 0xDC, 0xB5, 0x53, 0xCE, 0xA1, 0x7C, 0xFD, 0x6C,
    0xCA, 0x56, 0x31, 0xCE, 0x72, 0x39, 0xEA, 0xEF, 0x3E, 0x61, 0x90, 0x07, 0x45, 0x5F, 0xA2, 0x22,
    0xF4, 0x62, 0x78, 0x7F, 0xF8, 0xF8, 0xFB, 0x99, 0x37, 0x72, 0x33, 0x06, 0xEC, 0x4C, 0x8F, 0xB7,
    0xA2, 0xBC, 0xF1, 0xFE, 0x58, 0xBE, 0xD8, 0x96, 0x8B, 0xDF, 0x89, 0xF9, 0x02, 0xF9, 0x02, 0xF9,
    0x2A, 0x68, 0x4F, 0xC3, 0xD7, 0xF1, 0x7C, 0x14, 0xC0, 0xAD, 0xDC, 0x3B, 0xBF, 0x08, 0x1F, 0x4F,
    0x63, 0xC9, 0xE7, 0x8B, 0xF0, 0xA6, 0x23, 0x80, 0x24, 0x1F, 0x69, 0x06, 0x26, 0xD3, 0xE3, 0xC4,
    0x34, 0x4F, 0xCA, 0xA0, 0x2E, 0xEE, 0x2F, 0x41, 0xB6, 0xA9, 0x79, 0x75, 0xD0, 0xDC, 0xE4, 0xBA,
    0xB9, 0x48, 0x14, 0x6F, 0x1B, 0xFA, 0xDB, 0xD4, 0x61, 0xCC, 0x0D, 0x9A, 0x9B, 0x83, 0xB6, 0x4A,
    0x6B, 0xE9, 0x35, 0xAA, 0xDE, 0x60, 0xDE, 0x49, 0xB4, 0x3D, 0x1C, 0x8D, 0xB3, 0x3F, 0x32, 0x38,
    0x0E, 0x73, 0x49, 0x87, 0xDE, 0x26, 0x13, 0x86, 0x0B, 0x9B, 0x18, 0x0B, 0x97, 0x7B, 0xFD, 0xB4,
    0x2C, 0x86, 0xB6, 0xA4, 0x85, 0xDB, 0xD2, 0x44, 0xB4, 0x76, 0x37, 0x82, 0x1D, 0xC3, 0x89, 0xB1,
    0x80, 0xCB, 0x3D, 0xF4, 0x53, 0x94, 0xF3, 0xD0, 0x5C, 0xA2, 0x1F, 0x0E, 0x74, 0xB6, 0x79, 0x3E,
    0x54, 0x49, 0x9C, 0x55, 0xBE, 0x3A, 0x29, 0x4D, 0x8A, 0xCC, 0xCF, 0x57, 0x74, 0x2F, 0xF1, 0xA6,
    0xE4, 0x7A, 0xEC, 0x93, 0xF3, 0x65, 0xC9, 0x03, 0x0D, 0xB2, 0x6B, 0x3C, 0xEA, 0xEF, 0xB1, 0x82,
    0x51, 0x54, 0x76, 0x07, 0xFD, 0x7F, 0x8D, 0xD8, 0xD7, 0x75, 0x48, 0xD9, 0x62, 0xBF, 0x73, 0x25,
    0x91, 0x72, 0x41, 0x49, 0x50, 0x64, 0x7E, 0x13, 0x5D, 0xF9, 0x63, 0x4C, 0xB1, 0x96, 0xD2, 0xF9,
    0x8A, 0xA0, 0x35, 0x1A, 0x82, 0x56, 0xBF, 0x2E, 0x68, 0x8F, 0x54, 0xA8, 0xD1, 0x18, 0xD3, 0xFA,
    0xEA, 0x4F, 0xE1, 0x84, 0x68, 0x6B, 0x02, 0xC3, 0x71, 0x09, 0xE2, 0x64, 0x60, 0xDE, 0x89, 0xAF,
    0x7B, 0x7B, 0xA3, 0x6D, 0x4F, 0xA9, 0x41, 0x53, 0x69, 0xA2, 0x52, 0xF1, 0x2E, 0x36, 0xEF, 0xFC,
    0x2D, 0xF2, 0xF6, 0xF6, 0x46, 0x7C, 0xA7, 0x9A, 0x4A, 0x7D, 0x3D, 0x0F, 0x58, 0xFC, 0xAC, 0xE8,
    0x7E, 0x4F, 0xB0, 0x8D, 0xCF, 0xB5, 0xBA, 0xFC, 0x2F, 0x81, 0xEB, 0xC5, 0x7D, 0x87, 0x81, 0xB1,
    0x27, 0x0F, 0xAD, 0x3D, 0xFD, 0x24, 0xF8, 0xDF, 0xCB, 0x84, 0x90, 0xA6, 0x14, 0x82, 0xB4, 0x4D,
    0xB7, 0x25, 0x8E, 0x71, 0x8C, 0x8C, 0x9E, 0x19, 0x8F, 0x63, 0xE4, 0x96, 0x5B, 0x91, 0x35, 0xD4,
    0x99, 0x45, 0xFC, 0xB7, 0xD4, 0x14, 0x8B, 0x49, 0x12, 0xC2, 0x18, 0xFF, 0x0E, 0x19, 0x59, 0x0D,
    0xF5, 0x4E, 0x3F, 0xDC, 0x97, 0x12, 0xBD, 0x70, 0x52, 0xDB, 0xC8, 0xED, 0x33, 0x87, 0xCE, 0xB1,
    0x0B, 0xF0, 0x1C, 0x5D, 0xC3, 0xCB, 0x0F, 0xF1, 0x55, 0xAE, 0x86, 0x7E, 0x3E, 0x83, 0x53, 0x4C,
    0x51, 0xCC, 0x51, 0x4C, 0x52, 0xCC, 0x52, 0x4C, 0x73, 0x60, 0x1E, 0xB9, 0x71, 0xE9, 0x0F, 0x90,
    0xB0, 0x87, 0xB4, 0xED, 0xE3, 0xA3, 0xD0, 0x09, 0xAC, 0x7B, 0xAC, 0x81, 0xBD, 0xD1, 0xF7, 0x14,
    0xE9, 0x18, 0xE7, 0xEA, 0x57, 0xF3, 0xE0, 0xF4, 0xFC, 0xC1, 0x81, 0x0C, 0xCE, 0x38, 0x78, 0x94,
    0xC9, 0xE0, 0x1F, 0xEF, 0xC7, 0xC2, 0xAA, 0xEE, 0x9B, 0xE3, 0xBC, 0xF8, 0xA5, 0x0A, 0xAD, 0x88,
    0xBE, 0xF9, 0x94, 0xC5, 0x9C, 0xE3, 0x49, 0xFF, 0x5F, 0x02, 0xD5, 0xD3, 0x6C, 0x4B, 0x97, 0x3E,
    0xB6, 0xF6, 0x93, 0x08, 0xF9, 0x84, 0x00, 0x87, 0x08, 0x5E, 0xDB, 0xB8, 0x31, 0x28, 0x5A, 0x92,
    0xFF, 0x47, 0xC2, 0xDA, 0xA2, 0xEB, 0x45, 0x78, 0x83, 0x15, 0xFD, 0xA5, 0xBF, 0x66, 0xF0, 0x28,
    0xA7, 0x06, 0x2E, 0x78, 0x0F, 0xAF, 0x64, 0x65, 0xA5, 0x62, 0x53, 0x8D, 0x0A, 0x0E, 0x64, 0xB0,
    0x50, 0xE6, 0x9D, 0xFE, 0x5B, 0x74, 0x52, 0x41, 0x09, 0x84, 0xC6, 0xD0, 0x20, 0x1A, 0x85, 0x30,
    0x55, 0x10, 0x47, 0xC5, 0x04, 0xDA, 0x4B, 0x88, 0xA4, 0x27, 0xD5, 0x15, 0xA4, 0x73, 0xA0, 0x59,
    0xBA, 0xBD, 0x0E, 0xEB, 0xAE, 0x0A, 0xCD, 0x7B, 0x2A, 0x31, 0x14, 0xB7, 0x1E, 0x29, 0xB6, 0x8C,
    0xD8, 0x49, 0xC8, 0x40, 0x28, 0xC5, 0xBC, 0xF7, 0xA8, 0x10, 0xA4, 0x2E, 0x3F, 0x9D, 0xFD, 0xCE,
    0x0E, 0xC7, 0xCF, 0x04, 0x41, 0x43, 0x40, 0x30, 0xA0, 0x41, 0x04, 0x05, 0x02, 0x23, 0x92, 0x14,
    0x71, 0x0E, 0xFB, 0x82, 0xE4, 0x14, 0x0C, 0x4D, 0x91, 0x95, 0x2A, 0x1B, 0xF7, 0x01, 0xC9, 0xF4,
    0x49, 0xA5, 0x31, 0x05, 0x4D, 0xAD, 0xC9, 0xF9, 0x77, 0xFA, 0xF4, 0xD2, 0x28, 0x91, 0x95, 0x6D,
    0xB6, 0x94, 0x6D, 0xF1, 0xA4, 0xD2, 0x28, 0x41, 0x53, 0x6B, 0x72, 0x4A, 0x63, 0xF1, 0x34, 0xD2,
    0x60, 0x6E, 0x73, 0x33, 0x34, 0xDF, 0x95, 0xDA, 0xA3, 0x65, 0x84, 0x5E, 0x2D, 0xAC, 0xA9, 0xC0,
    0x49, 0x65, 0xA7, 0x71, 0x5E, 0xE7, 0xC2, 0xBA, 0xDE, 0x11, 0x94, 0x37, 0x7E, 0xE2, 0xAA, 0xCC,
    0xE4, 0xB6, 0x6A, 0x0A, 0x67, 0x3F, 0x06, 0x8B, 0x0C, 0x7A, 0xC4, 0x8E, 0xEB, 0xBB, 0xAE, 0xB8,
    0x8F, 0xA9, 0x42, 0x47, 0x45, 0xB3, 0x4E, 0xB4, 0xA4, 0x6B, 0x18, 0xC6, 0xE8, 0x9A, 0xFF, 0x23,
    0x57, 0xA5, 0x52, 0xBF, 0x50, 0x56, 0x2F, 0x72, 0x0D, 0xB0, 0x38, 0xC6, 0x97, 0x4A, 0xC0, 0x0D,
    0x2A, 0x9E, 0x58, 0x67, 0xEA, 0xFD, 0x03, 0xD8, 0x65, 0xCD, 0x14, 0x96, 0xB9, 0xCD, 0xFB, 0x76,
    0x6C, 0x7D, 0x18, 0x41, 0x8A, 0xE3, 0x94, 0x6F, 0x9B, 0xDF, 0x4A, 0x73, 0xDD, 0x52, 0xC7, 0x79,
    0xC8, 0x3D, 0xC5, 0x3A, 0xA5, 0x78, 0x8D, 0x75, 0xCD, 0xA6, 0x03, 0xD5, 0x89, 0x97, 0x5D, 0xD2,
    0x3E, 0x97, 0x8E, 0xFD, 0xED, 0x08, 0x2E, 0x4A, 0xBA, 0x5E, 0xE8, 0x8D, 0x03, 0xCA, 0x91, 0x4C,
    0x15, 0x36, 0x2B, 0xC6, 0x5B, 0x54, 0x65, 0xB0, 0xA3, 0xDC, 0x93, 0x6B, 0x34, 0x97, 0xE5, 0x95,
    0x35, 0xD4, 0xAB, 0x1D, 0x6A, 0x28, 0x81, 0xBB, 0xC7, 0xF9, 0xCB, 0xED, 0x5B, 0x9B, 0x92, 0x5F,
    0x52, 0x47, 0x8D, 0xC6, 0x01, 0x45, 0x97, 0xDA, 0xBA, 0xC3, 0x7E, 0xD0, 0xD6, 0x77, 0xD4, 0xEF,
    0x1A, 0xCA, 0x29, 0xA3, 0x53, 0xB3, 0x45, 0x93, 0xAC, 0x57, 0xC8, 0xC1, 0x72, 0x05, 0xED, 0x5B,
    0xDC, 0xBA, 0x88, 0xE2, 0xB9, 0x75, 0x79, 0x78, 0x35, 0x78, 0x82, 0x33, 0xEE, 0x8F, 0x86, 0x64,
    0x0B, 0xB6, 0xEB, 0xDB, 0x76, 0x40, 0xFE, 0x8C, 0x5B, 0xA1, 0xEC, 0x50, 0x48, 0xF0, 0xCB, 0x67,
    0x38, 0x7B, 0x11, 0xD0, 0x83, 0x9D, 0xFB, 0xBE, 0x6B, 0x05, 0xAE, 0x45, 0xD0, 0x98, 0x2B, 0xF5,
    0x7E, 0xAE, 0xCD, 0xB9, 0xB2, 0xBF, 0x87, 0xA4, 0xB4, 0x59, 0xCD, 0xD3, 0xD8, 0x52, 0xAC, 0xF7,
    0xD0, 0x5D, 0xC1, 0x07, 0xBB, 0xEB, 0xED, 0x51, 0xA7, 0xF6, 0xC7, 0x0E, 0x66, 0x9F, 0xDA, 0xDA,
    0xA3, 0xA0, 0x14, 0xD2, 0x71, 0xB4, 0x86, 0x4B, 0xE9, 0xD4, 0xF8, 0xFF, 0x15, 0x4A, 0x85, 0x00,
    0xE8, 0x52, 0x37, 0x64, 0x61, 0x9D, 0xBB, 0xA7, 0xCE, 0x0C, 0x1B, 0xCE, 0x31, 0xF2, 0xF6, 0x74,
    0xD8, 0x25, 0x90, 0x0E, 0xB8, 0x05, 0x94, 0x79, 0x0F, 0xD6, 0x7D, 0x2D, 0x8C, 0xA3, 0x19, 0x23,
    0x01, 0x47, 0x7E, 0xA6, 0x47, 0x1E, 0xCD, 0x95, 0xD8, 0xC5, 0x0D, 0x51, 0xAA, 0x48, 0xA2, 0x81,
    0x6B, 0x2B, 0x88, 0x2F, 0xA0, 0xB2, 0x80, 0xCE, 0x9C, 0x6C, 0xA5, 0x31, 0xD3, 0xBC, 0xB5, 0xEB,
    0x29, 0x6A, 0x28, 0xCB, 0x75, 0x20, 0xFB, 0x74, 0xB7, 0x68, 0x4E, 0xDE, 0x2A, 0x6C, 0x75, 0x3B,
    0xC0, 0x8C, 0x15, 0xAC, 0x2E, 0x59, 0x5C, 0xBD, 0x15, 0x74, 0xD9, 0x76, 0x6F, 0xF5, 0x53, 0x89,
    0xF2, 0xAE, 0x8A, 0x5B, 0x7A, 0x41, 0x09, 0x79, 0xA6, 0x4D, 0xBA, 0x43, 0xDA, 0xA1, 0xFE, 0x26,
    0x38, 0x93, 0xE9, 0x22, 0x94, 0x36, 0x67, 0xD1, 0x8A, 0xE0, 0xD1, 0xFF, 0x37, 0x72, 0x11, 0x6D,
    0xA1, 0x3C, 0x30, 0x19, 0x50, 0xF8, 0x24, 0x90, 0xC1, 0x6E, 0x22, 0x9B, 0xF6, 0x03, 0x83, 0x59,
    0xD5, 0x67, 0xDE, 0x46, 0x45, 0x23, 0xC7, 0xFA, 0x8C, 0x27, 0x11, 0x67, 0xA0, 0x4B, 0xB0, 0xF4,
    0x96, 0xF8, 0xB3, 0xFF, 0x65, 0x0A, 0xBB, 0xB6, 0x8E, 0x6B, 0x4C, 0x69, 0xFC, 0x32, 0xA3, 0x51,
    0xAC, 0x14, 0xD4, 0x01, 0xF5, 0x90, 0x5E, 0xA8, 0xF3, 0x16, 0xE7, 0x15, 0x91, 0xD4, 0xEF, 0x8F,
    0x13, 0x49, 0xD1, 0x24, 0x19, 0xB6, 0x99, 0x29, 0xDB, 0x3E, 0x2D, 0x58, 0xE7, 0x48, 0x49, 0x90,
    0xB9, 0x9A, 0xC2, 0x03, 0x6A, 0xB2, 0x59, 0xE8, 0x97, 0xE9, 0x46, 0xBC, 0x7C, 0xC7, 0xB7, 0x7D,
    0x4B, 0x5F, 0x1E, 0x69, 0x56, 0x8A, 0xB7, 0xEE, 0xFE, 0xE5, 0xF0, 0xB2, 0x61, 0xC1, 0x1B, 0x78,
    0xE9, 0xC5, 0x2D, 0x5A, 0x3D, 0x39, 0xAD, 0x66, 0x78, 0x99, 0xB5, 0xE7, 0x55, 0xB2, 0xE9, 0xD3,
    0xA3, 0x1F, 0x02, 0xF1, 0x98, 0x99, 0x81, 0xB6, 0xED, 0xED, 0xBC, 0xF8, 0xFD, 0x9A, 0xF8, 0xAC,
    0x43, 0x07, 0xFC, 0x30, 0xBC, 0xF4, 0x56, 0xFC, 0xFE, 0xA3, 0xF4, 0xB7, 0x2A, 0xEB, 0xB6, 0x3F,
    0x15, 0x86, 0x81, 0xEB, 0xE3, 0x42, 0xBF, 0x9E, 0x73, 0x39, 0x03, 0x11, 0x25, 0xED, 0xE4, 0xA3,
    0xD8, 0xBA, 0x93, 0x78, 0x8F, 0x28, 0x84, 0xA4, 0x7E, 0x35, 0x64, 0x70, 0x11, 0x43, 0x1A, 0xC1,
    0x79, 0x1B, 0x73, 0xCC, 0xAD, 0x7B, 0xF2, 0xFC, 0x62, 0xBF, 0x2B, 0xCA, 0xCE, 0x05, 0xE9, 0x97,
    0x8A, 0x3B, 0x63, 0xB0, 0x8E, 0x41, 0x07, 0xDB, 0x87, 0x88, 0xF1, 0x90, 0xC1, 0x23, 0x56, 0x14,
    0xAC, 0x26, 0x0E, 0x93, 0x79, 0x71, 0x90, 0x73, 0xE8, 0x19, 0x88, 0x1C, 0x18, 0x6A, 0x67, 0x3F,
    0x70, 0xCC, 0x73, 0xE8, 0x91, 0xCE, 0x31, 0x27, 0x39, 0x71, 0x6E, 0xF5, 0x0C, 0x09, 0xD1, 0x5C,
    0x35, 0x39, 0x37, 0x3F, 0x70, 0x7B, 0x75, 0x6F, 0xD4, 0x62, 0xAC, 0x6A, 0xD6, 0x92, 0xA2, 0x74,
    0x62, 0xEA, 0xBA, 0xC9, 0x9D, 0x2F, 0xCC, 0xFB, 0xB0, 0x7E, 0x0F, 0xFB, 0x55, 0x78, 0xFD, 0x8E,
    0x78, 0x06, 0xED, 0xEE, 0xD5, 0xC0, 0xBE, 0x1B, 0xD2, 0xAB, 0xD0, 0xF7, 0x31, 0xF9, 0x61, 0xE3,
    0xE4, 0x47, 0x8B, 0xF2, 0xC9, 0x24, 0x4A, 0xBB, 0x0F, 0x64, 0x57, 0x78, 0xE4, 0xF1, 0xE0, 0x24,
    0x47, 0x81, 0x27, 0x02, 0xB4, 0x57, 0xE0, 0xF6, 0xF2, 0xA3, 0x9B, 0x63, 0x90, 0xBF, 0x4B, 0x85,
    0xFC, 0x82, 0x26, 0xFB, 0x97, 0x22, 0x9C, 0x4F, 0x11, 0x55, 0x0E, 0x0B, 0x2F, 0x60, 0xD6, 0xCB,
    0xBC, 0xB4, 0xA9, 0x53, 0xCF, 0x4C, 0xC3, 0xBD, 0x7E, 0xE6, 0xB0, 0xF3, 0x2A, 0x8C, 0xCF, 0xB4,
    0xDE, 0x1D, 0x9F, 0x13, 0xB5, 0x59, 0x4D, 0x7C, 0xC7, 0x17, 0x3D, 0x7B, 0x30, 0x83, 0x26, 0xF3,
    0x1E, 0x5B, 0x56, 0x65, 0xAE, 0x5A, 0x60, 0x2E, 0x78, 0x00, 0x11, 0x73, 0x5E, 0x0B, 0x66, 0x3A,
    0xD8, 0xA1, 0xBC, 0xE9, 0x13, 0x10, 0x92, 0xDB, 0x74, 0x09, 0x9A, 0x1A, 0xE1, 0x0B, 0x01, 0xAD,
    0xC7, 0xB7, 0x43, 0x3B, 0x62, 0x4B, 0x9C, 0xD0, 0xCA, 0x58, 0x2F, 0xAD, 0x30, 0xA6, 0xBA, 0x6C,
    0xF6, 0x0F, 0xA8, 0xFD, 0x21, 0xA7, 0xCE, 0xF8, 0x9B, 0x0E, 0x39, 0xE1, 0x88, 0x46, 0x50, 0x9D,
    0xD6, 0x7B, 0xBD, 0x8B, 0x52, 0x22, 0x2F, 0x96, 0x24, 0x35, 0x64, 0x33, 0x48, 0xCB, 0x41, 0x5A,
    0x4E, 0xB6, 0x9D, 0xEC, 0x3A, 0xDA, 0x5B, 0xE2, 0x76, 0xA6, 0x8E, 0x23, 0x4E, 0x03, 0x37, 0xA9,
    0xA9, 0x8C, 0xCA, 0x92, 0x73, 0xFA, 0x5E, 0xB1, 0x9E, 0x1E, 0xE6, 0x69, 0x96, 0x2D, 0x46, 0xD3,
    0x16, 0xE3, 0x65, 0x8B, 0x71, 0xA0, 0x07, 0x2F, 0xEC, 0xD1, 0x5E, 0xB9, 0xD2, 0x84, 0xED, 0x8D,
    0x4F, 0xB9, 0xBC, 0x3F, 0xD3, 0x24, 0xFE, 0xC0, 0xDF, 0xB7, 0x23, 0x5B, 0xB9, 0xB1, 0x97, 0x9A,
    0x3A, 0x3D, 0xCB, 0xB9, 0x75, 0xB2, 0x64, 0xC5, 0x37, 0xAD, 0xB8, 0x7D, 0x37, 0xAE, 0xFD, 0x33,
    0x36, 0x46, 0x11, 0x89, 0x25, 0x78, 0x72, 0xC9, 0x95, 0xC4, 0x78, 0x34, 0xB0, 0x54, 0x62, 0xA9,
    0x38, 0x3F, 0xFE, 0x64, 0x6C, 0x9D, 0xF3, 0xA5, 0x1F, 0xE7, 0x0B, 0x7D, 0x22, 0x73, 0x9A, 0xA9,
    0x09, 0x57, 0xC4, 0xEC, 0xB9, 0x20, 0x2F, 0x2B, 0xA7, 0x8B, 0x6D, 0xE2, 0x49, 0x96, 0x74, 0xEA,
    0x05, 0xFC, 0x17,
};

static const EpdGlyph notonaskh_10_boldGlyphs[] = {
    { 0, 0, 0, 0, 0, 0, 0 }, // U+0000
    { 0, 0, 0, 0, 0, 0, 0 }, // U+0001
    { 0, 0, 0, 0, 0, 0, 0 }, // U+0002
    { 0, 0, 0, 0, 0, 0, 0 }, // U+0003
    { 0, 0, 0, 0, 0, 0, 0 }, // U+0004
    { 0, 0, 0, 0, 0, 0, 0 }, // U+0005
    { 0, 0, 0, 0, 0, 0, 0 }, // U+0006
    { 0, 0, 0, 0, 0, 0, 0 }, // U+0007
    { 0, 0, 0, 0, 0, 0, 0 }, // U+0008
    { 0, 0, 0, 0, 0, 0, 0 }, // U+0009
    { 0, 0, 0, 0, 0, 0, 0 }, // U+000A
    { 0, 0, 0, 0, 0, 0, 0 }, // U+000B
    { 0, 0, 0, 0, 0, 0, 0 }, // U+000C
    { 0, 0, 0, 0, 0, 0, 0 }, // U+000D
    { 0, 0, 0, 0, 0, 0, 0 }, // U+000E
    { 0, 0, 0, 0, 0, 0, 0 }, // U+000F
    { 0, 0, 0, 0, 0, 0, 0 }, // U+0010
    { 0, 0, 0, 0, 0, 0, 0 }, // U+0011
    { 0, 0, 0, 0, 0, 0, 0 }, // U+0012
    { 0, 0, 0, 0, 0, 0, 0 }, // U+0013
    { 0, 0, 0, 0, 0, 0, 0 }, // U+0014
    { 0, 0, 0, 0, 0, 0, 0 }, // U+0015
    { 0, 0, 0, 0, 0, 0, 0 }, // U+0016
    { 0, 0, 0, 0, 0, 0, 0 }, // U+0017
    { 0, 0, 0, 0, 0, 0, 0 }, // U+0018
    { 0, 0, 0, 0, 0, 0, 0 }, // U+0019
    { 0, 0, 0, 0, 0, 0, 0 }, // U+001A
    { 0, 0, 0, 0, 0, 0, 0 }, // U+001B
    { 0, 0, 0, 0, 0, 0, 0 }, // U+001C
    { 0, 0, 0, 0, 0, 0, 0 }, // U+001D
    { 0, 0, 0, 0, 0, 0, 0 }, // U+001E
    { 0, 0, 0, 0, 0, 0, 0 }, // U+001F
    { 0, 0, 74, 0, 0, 0, 0 }, // U+0020
    { 4, 16, 87, 1, 14, 16, 0 }, // !
    { 9, 6, 170, 1, 15, 14, 16 }, // "
    { 12, 15, 188, 0, 15, 45, 30 }, // #
    { 10, 18, 188, 1, 16, 45, 75 }, // $
    { 19, 17, 302, 0, 16, 81, 120 }, // %
    { 17, 17, 267, 0, 16, 73, 201 }, // &
    { 4, 6, 97, 1, 15, 6, 274 }, // '
    { 7, 20, 134, 1, 17, 35, 280 }, // (
    { 8, 20, 134, 0, 17, 40, 315 }, // )
    { 10, 9, 167, 0, 16, 23, 355 }, // *
    { 10, 11, 188, 1, 13, 28, 378 }, // +
    { 5, 8, 98, 0, 4, 10, 406 }, // ,
    { 6, 3, 103, 0, 7, 5, 416 }, // -
    { 4, 5, 82, 1, 3, 5, 421 }, // .
    { 6, 19, 96, 0, 16, 29, 426 }, // /
    { 11, 17, 186, 0, 16, 47, 455 }, // 0
    { 11, 15, 186, 0, 15, 42, 502 }, // 1
    { 11, 16, 186, 0, 16, 44, 544 }, // 2
    { 11, 17, 186, 0, 16, 47, 588 }, // 3
    { 12, 15, 186, 0, 15, 45, 635 }, // 4
    { 11, 16, 186, 0, 15, 44, 680 }, // 5
    { 11, 17, 186, 0, 16, 47, 724 }, // 6
    { 11, 15, 186, 0, 15, 42, 771 }, // 7
    { 12, 17, 186, 0, 16, 51, 813 }, // 8
    { 11, 17, 186, 0, 16, 47, 864 }, // 9
    { 4, 12, 91, 1, 10, 12, 911 }, // :
    { 4, 16, 101, 1, 12, 16, 923 }, // ;
    { 10, 11, 188, 1, 13, 28, 939 }, // <
    { 10, 7, 188, 1, 11, 18, 967 }, // =
    { 10, 11, 188, 1, 13, 28, 985 }, // >
    { 11, 17, 174, 0, 16, 47, 1013 }, // ?
    { 18, 18, 307, 1, 15, 81, 1060 }, // @
    { 16, 15, 251, 0, 15, 60, 1141 }, // A
    { 14, 15, 231, 0, 15, 53, 1201 }, // B
    { 13, 17, 223, 1, 16, 56, 1254 }, // C
    { 15, 15, 256, 0, 15, 57, 1310 }, // D
    { 13, 15, 218, 0, 15, 49, 1367 }, // E
    { 13, 15, 207, 0, 15, 49, 1416 }, // F
    { 15, 17, 257, 1, 16, 64, 1465 }, // G
    { 17, 15, 273, 0, 15, 64, 1529 }, // H
    { 8, 15, 134, 0, 15, 30, 1593 }, // I
    { 9, 20, 132, -1, 15, 45, 1623 }, // J
    { 16, 15, 249, 0, 15, 60, 1668 }, // K
    { 13, 15, 218, 0, 15, 49, 1728 }, // L
    { 20, 15, 317, 0, 15, 75, 1777 }, // M
    { 17, 15, 263, 0, 15, 64, 1852 }, // N
    { 15, 17, 262, 1, 16, 64, 1916 }, // O
    { 13, 15, 213, 0, 15, 49, 1980 }, // P
    { 15, 21, 262, 1, 16, 79, 2029 }, // Q
    { 15, 15, 237, 0, 15, 57, 2108 }, // R
    { 12, 17, 193, 0, 16, 51, 2165 }, // S
    { 14, 15, 218, 0, 15, 53, 2216 }, // T
    { 16, 16, 249, 0, 15, 64, 2269 }, // U
    { 15, 15, 233, 0, 15, 57, 2333 }, // V
    { 23, 15, 356, 0, 15, 87, 2390 }, // W
    { 16, 15, 244, 0, 15, 60, 2477 }, // X
    { 15, 15, 231, 0, 15, 57, 2537 }, // Y
    { 13, 15, 222, 0, 15, 49, 2594 }, // Z
    { 6, 19, 138, 2, 16, 29, 2643 }, // [
    { 6, 19, 96, 0, 16, 29, 2672 }, // <backslash>
    { 7, 19, 138, 0, 16, 34, 2701 }, // ]
    { 11, 10, 188, 0, 15, 28, 2735 }, // ^
    { 11, 2, 153, -1, -1, 6, 2763 }, // _
    { 7, 4, 111, 0, 16, 7, 2769 }, // `
    { 12, 13, 200, 0, 12, 39, 2776 }, // a
    { 13, 17, 216, 0, 16, 56, 2815 }, // b
    { 11, 13, 176, 0, 12, 36, 2871 }, // c
    { 14, 17, 216, 0, 16, 60, 2907 }, // d
    { 12, 13, 191, 0, 12, 39, 2967 }, // e
    { 10, 17, 136, 0, 17, 43, 3006 }, // f
    { 12, 18, 187, 0, 13, 54, 3049 }, // g
    { 14, 16, 222, 0, 16, 56, 3103 }, // h
    { 7, 17, 117, 0, 17, 30, 3159 }, // i
    { 7, 22, 115, -1, 17, 39, 3189 }, // j
    { 14, 16, 212, 0, 16, 56, 3228 }, // k
    { 7, 16, 117, 0, 16, 28, 3284 }, // l
    { 21, 12, 329, 0, 12, 63, 3312 }, // m
    { 14, 12, 222, 0, 12, 42, 3375 }, // n
    { 12, 13, 205, 0, 12, 39, 3417 }, // o
    { 13, 17, 215, 0, 12, 56, 3456 }, // p
    { 14, 17, 216, 0, 12, 60, 3512 }, // q
    { 11, 12, 174, 0, 12, 33, 3572 }, // r
    { 10, 13, 160, 0, 12, 33, 3605 }, // s
    { 9, 15, 135, 0, 14, 34, 3638 }, // t
    { 14, 13, 222, 0, 12, 46, 3672 }, // u
    { 13, 12, 202, 0, 12, 39, 3718 }, // v
    { 19, 12, 285, -1, 12, 57, 3757 }, // w
    { 14, 12, 215, 0, 12, 42, 3814 }, // x
    { 13, 17, 193, 0, 12, 56, 3856 }, // y
    { 11, 12, 176, 0, 12, 33, 3912 }, // z
    { 9, 19, 147, 0, 16, 43, 3945 }, // {
    { 2, 21, 188, 5, 16, 11, 3988 }, // |
    { 9, 19, 147, 0, 16, 43, 3999 }, // }
    { 11, 5, 188, 0, 10, 14, 4042 }, // ~
    { 0, 0, 0, 0, 0, 0, 4056 }, // U+007F
    { 0, 0, 0, 0, 0, 0, 0 }, // U+0080
    { 0, 0, 0, 0, 0, 0, 0 }, // U+0081
    { 0, 0, 0, 0, 0, 0, 0 }, // U+0082
    { 0, 0, 0, 0, 0, 0, 0 }, // U+0083
    { 0, 0, 0, 0, 0, 0, 0 }, // U+0084
    { 0, 0, 0, 0, 0, 0, 0 }, // U+0085
    { 0, 0, 0, 0, 0, 0, 0 }, // U+0086
    { 0, 0, 0, 0, 0, 0, 0 }, // U+0087
    { 0, 0, 0, 0, 0, 0, 0 }, // U+0088
    { 0, 0, 0, 0, 0, 0, 0 }, // U+0089
    { 0, 0, 0, 0, 0, 0, 0 }, // U+008A
    { 0, 0, 0, 0, 0, 0, 0 }, // U+008B
    { 0, 0, 0, 0, 0, 0, 0 }, // U+008C
    { 0, 0, 0, 0, 0, 0, 0 }, // U+008D
    { 0, 0, 0, 0, 0, 0, 0 }, // U+008E
    { 0, 0, 0, 0, 0, 0, 0 }, // U+008F
    { 0, 0, 0, 0, 0, 0, 0 }, // U+0090
    { 0, 0, 0, 0, 0, 0, 0 }, // U+0091
    { 0, 0, 0, 0, 0, 0, 0 }, // U+0092
    { 0, 0, 0, 0, 0, 0, 0 }, // U+0093
    { 0, 0, 0, 0, 0, 0, 0 }, // U+0094
    { 0, 0, 0, 0, 0, 0, 0 }, // U+0095
    { 0, 0, 0, 0, 0, 0, 0 }, // U+0096
    { 0, 0, 0, 0, 0, 0, 0 }, // U+0097
    { 0, 0, 0, 0, 0, 0, 0 }, // U+0098
    { 0, 0, 0, 0, 0, 0, 0 }, // U+0099
    { 0, 0, 0, 0, 0, 0, 0 }, // U+009A
    { 0, 0, 0, 0, 0, 0, 0 }, // U+009B
    { 0, 0, 0, 0, 0, 0, 0 }, // U+009C
    { 0, 0, 0, 0, 0, 0, 0 }, // U+009D
    { 0, 0, 0, 0, 0, 0, 0 }, // U+009E
    { 0, 0, 0, 0, 0, 0, 0 }, // U+009F
    { 0, 0, 74, 0, 0, 0, 0 }, // U+00A0
    { 5, 16, 120, 2, 13, 20, 0 }, // U+00A1
    { 10, 15, 188, 1, 15, 38, 20 }, // U+00A2
    { 12, 17, 188, 0, 16, 51, 58 }, // U+00A3
    { 12, 15, 188, 0, 15, 45, 109 }, // U+00A5
    { 10, 19, 181, 1, 16, 48, 154 }, // U+00A7
    { 8, 4, 192, 2, 16, 8, 202 }, // U+00A8
    { 16, 17, 282, 1, 16, 68, 210 }, // U+00A9
    { 9, 8, 140, 0, 15, 18, 278 }, // U+00AA
    { 9, 9, 162, 1, 10, 21, 296 }, // U+00AB
    { 0, 0, 0, 0, 0, 0, 317 }, // U+00AD
    { 16, 17, 282, 1, 16, 68, 317 }, // U+00AE
    { 11, 3, 153, -1, 18, 9, 385 }, // U+00AF
    { 8, 8, 133, 0, 16, 16, 394 }, // U+00B0
    { 7, 4, 111, 0, 16, 7, 410 }, // U+00B4
    { 13, 19, 209, 0, 16, 62, 417 }, // U+00B6
    { 4, 5, 98, 1, 10, 5, 479 }, // U+00B7
    { 5, 6, 111, 1, 1, 8, 484 }, // U+00B8
    { 9, 8, 146, 0, 15, 18, 492 }, // U+00BA
    { 9, 9, 162, 0, 10, 21, 510 }, // U+00BB
    { 11, 16, 174, 0, 12, 44, 531 }, // U+00BF
    { 16, 19, 251, 0, 19, 76, 575 }, // U+00C0
    { 16, 19, 251, 0, 19, 76, 651 }, // U+00C1
    { 16, 19, 251, 0, 19, 76, 727 }, // U+00C2
    { 16, 19, 251, 0, 19, 76, 803 }, // U+00C3
    { 16, 19, 251, 0, 19, 76, 879 }, // U+00C4
    { 16, 19, 251, 0, 19, 76, 955 }, // U+00C5
    { 21, 15, 331, 0, 15, 79, 1031 }, // U+00C6
    { 13, 21, 223, 1, 16, 69, 1110 }, // U+00C7
    { 13, 19, 218, 0, 19, 62, 1179 }, // U+00C8
    { 13, 19, 218, 0, 19, 62, 1241 }, // U+00C9
    { 13, 19, 218, 0, 19, 62, 1303 }, // U+00CA
    { 13, 19, 218, 0, 19, 62, 1365 }, // U+00CB
    { 8, 19, 134, 0, 19, 38, 1427 }, // U+00CC
    { 8, 19, 134, 0, 19, 38, 1465 }, // U+00CD
    { 8, 19, 134, 0, 19, 38, 1503 }, // U+00CE
    { 8, 19, 134, 0, 19, 38, 1541 }, // U+00CF
    { 15, 15, 256, 0, 15, 57, 1579 }, // U+00D0
    { 17, 19, 263, 0, 19, 81, 1636 }, // U+00D1
    { 15, 20, 262, 1, 19, 75, 1717 }, // U+00D2
    { 15, 20, 262, 1, 19, 75, 1792 }, // U+00D3
    { 15, 20, 262, 1, 19, 75, 1867 }, // U+00D4
    { 15, 20, 262, 1, 19, 75, 1942 }, // U+00D5
    { 15, 20, 262, 1, 19, 75, 2017 }, // U+00D6
    { 10, 9, 188, 1, 12, 23, 2092 }, // U+00D7
    { 15, 17, 262, 1, 16, 64, 2115 }, // U+00D8
    { 16, 20, 249, 0, 19, 80, 2179 }, // U+00D9
    { 16, 20, 249, 0, 19, 80, 2259 }, // U+00DA
    { 16, 20, 249, 0, 19, 80, 2339 }, // U+00DB
    { 16, 20, 249, 0, 19, 80, 2419 }, // U+00DC
    { 15, 19, 231, 0, 19, 72, 2499 }, // U+00DD
    { 13, 15, 213, 0, 15, 49, 2571 }, // U+00DE
    { 14, 18, 235, 0, 17, 63, 2620 }, // U+00DF
    { 12, 17, 200, 0, 16, 51, 2683 }, // U+00E0
    { 12, 17, 200, 0, 16, 51, 2734 }, // U+00E1
    { 12, 17, 200, 0, 16, 51, 2785 }, // U+00E2
    { 12, 17, 200, 0, 16, 51, 2836 }, // U+00E3
    { 12, 17, 200, 0, 16, 51, 2887 }, // U+00E4
    { 12, 18, 200, 0, 17, 54, 2938 }, // U+00E5
    { 18, 13, 292, 0, 12, 59, 2992 }, // U+00E6
    { 11, 17, 176, 0, 12, 47, 3051 }, // U+00E7
    { 12, 17, 191, 0, 16, 51, 3098 }, // U+00E8
    { 12, 17, 191, 0, 16, 51, 3149 }, // U+00E9
    { 12, 17, 191, 0, 16, 51, 3200 }, // U+00EA
    { 12, 17, 191, 0, 16, 51, 3251 }, // U+00EB
    { 8, 16, 117, -1, 16, 32, 3302 }, // U+00EC
    { 8, 16, 117, 0, 16, 32, 3334 }, // U+00ED
    { 9, 16, 117, -1, 16, 36, 3366 }, // U+00EE
    { 8, 16, 117, -1, 16, 32, 3402 }, // U+00EF
    { 12, 17, 205, 0, 16, 51, 3434 }, // U+00F0
    { 14, 16, 222, 0, 16, 56, 3485 }, // U+00F1
    { 12, 17, 205, 0, 16, 51, 3541 }, // U+00F2
    { 12, 17, 205, 0, 16, 51, 3592 }, // U+00F3
    { 12, 17, 205, 0, 16, 51, 3643 }, // U+00F4
    { 12, 17, 205, 0, 16, 51, 3694 }, // U+00F5
    { 12, 17, 205, 0, 16, 51, 3745 }, // U+00F6
    { 10, 11, 188, 1, 13, 28, 3796 }, // U+00F7
    { 12, 13, 205, 0, 12, 39, 3824 }, // U+00F8
    { 14, 17, 222, 0, 16, 60, 3863 }, // U+00F9
    { 14, 17, 222, 0, 16, 60, 3923 }, // U+00FA
    { 14, 17, 222, 0, 16, 60, 3983 }, // U+00FB
    { 14, 17, 222, 0, 16, 60, 4043 }, // U+00FC
    { 13, 21, 193, 0, 16, 69, 4103 }, // U+00FD
    { 13, 21, 215, 0, 16, 69, 4172 }, // U+00FE
    { 13, 21, 193, 0, 16, 69, 4241 }, // U+00FF
    { 16, 18, 251, 0, 18, 72, 0 }, // U+0100
    { 12, 16, 200, 0, 15, 48, 72 }, // U+0101
    { 16, 19, 251, 0, 19, 76, 120 }, // U+0102
    { 12, 17, 200, 0, 16, 51, 196 }, // U+0103
    { 16, 20, 251, 0, 15, 80, 247 }, // U+0104
    { 12, 17, 200, 0, 12, 51, 327 }, // U+0105
    { 13, 20, 223, 1, 19, 65, 378 }, // U+0106
    { 11, 17, 176, 0, 16, 47, 443 }, // U+0107
    { 13, 21, 223, 1, 20, 69, 490 }, // U+010A
    { 11, 18, 176, 0, 17, 50, 559 }, // U+010B
    { 13, 20, 223, 1, 19, 65, 609 }, // U+010C
    { 11, 17, 176, 0, 16, 47, 674 }, // U+010D
    { 15, 19, 256, 0, 19, 72, 721 }, // U+010E
    { 16, 17, 216, 0, 16, 68, 793 }, // U+010F
    { 15, 15, 256, 0, 15, 57, 861 }, // U+0110
    { 14, 17, 216, 0, 16, 60, 918 }, // U+0111
    { 13, 18, 218, 0, 18, 59, 978 }, // U+0112
    { 12, 16, 191, 0, 15, 48, 1037 }, // U+0113
    { 13, 20, 218, 0, 20, 65, 1085 }, // U+0116
    { 12, 18, 191, 0, 17, 54, 1150 }, // U+0117
    { 13, 20, 218, 0, 15, 65, 1204 }, // U+0118
    { 12, 17, 191, 0, 12, 51, 1269 }, // U+0119
    { 13, 19, 218, 0, 19, 62, 1320 }, // U+011A
    { 12, 17, 191, 0, 16, 51, 1382 }, // U+011B
    { 15, 20, 257, 1, 19, 75, 1433 }, // U+011E
    { 12, 21, 187, 0, 16, 63, 1508 }, // U+011F
    { 15, 21, 257, 1, 20, 79, 1571 }, // U+0120
    { 12, 22, 187, 0, 17, 66, 1650 }, // U+0121
    { 15, 21, 257, 1, 16, 79, 1716 }, // U+0122
    { 12, 21, 187, 0, 16, 63, 1795 }, // U+0123
    { 17, 15, 273, 0, 15, 64, 1858 }, // U+0126
    { 14, 16, 222, 0, 16, 56, 1922 }, // U+0127
    { 8, 18, 134, 0, 18, 36, 1978 }, // U+012A
    { 7, 15, 117, 0, 15, 27, 2014 }, // U+012B
    { 8, 20, 134, 0, 15, 40, 2041 }, // U+012E
    { 7, 22, 117, 0, 17, 39, 2081 }, // U+012F
    { 8, 20, 134, 0, 20, 40, 2120 }, // U+0130
    { 7, 12, 117, 0, 12, 21, 2160 }, // U+0131
    { 16, 20, 249, 0, 15, 80, 2181 }, // U+0136
    { 14, 21, 212, 0, 16, 74, 2261 }, // U+0137
    { 13, 19, 218, 0, 19, 62, 2335 }, // U+0139
    { 8, 20, 117, 0, 20, 40, 2397 }, // U+013A
    { 13, 20, 218, 0, 15, 65, 2437 }, // U+013B
    { 7, 21, 117, 0, 16, 37, 2502 }, // U+013C
    { 13, 15, 218, 0, 15, 49, 2539 }, // U+013D
    { 10, 16, 117, 0, 16, 40, 2588 }, // U+013E
    { 13, 15, 218, 0, 15, 49, 2628 }, // U+0141
    { 8, 16, 117, 0, 16, 32, 2677 }, // U+0142
    { 17, 19, 263, 0, 19, 81, 2709 }, // U+0143
    { 14, 16, 222, 0, 16, 56, 2790 }, // U+0144
    { 17, 20, 263, 0, 15, 85, 2846 }, // U+0145
    { 14, 17, 222, 0, 12, 60, 2931 }, // U+0146
    { 17, 19, 263, 0, 19, 81, 2991 }, // U+0147
    { 14, 16, 222, 0, 16, 56, 3072 }, // U+0148
    { 15, 20, 262, 1, 19, 75, 3128 }, // U+0150
    { 12, 17, 205, 0, 16, 51, 3203 }, // U+0151
    { 20, 17, 340, 1, 16, 85, 3254 }, // U+0152
    { 19, 13, 312, 0, 12, 62, 3339 }, // U+0153
    { 15, 19, 237, 0, 19, 72, 3401 }, // U+0154
    { 11, 16, 174, 0, 16, 44, 3473 }, // U+0155
    { 15, 19, 237, 0, 19, 72, 3517 }, // U+0158
    { 11, 16, 174, 0, 16, 44, 3589 }, // U+0159
    { 12, 20, 193, 0, 19, 60, 3633 }, // U+015A
    { 10, 17, 160, 0, 16, 43, 3693 }, // U+015B
    { 12, 21, 193, 0, 16, 63, 3736 }, // U+015E
    { 10, 17, 160, 0, 12, 43, 3799 }, // U+015F
    { 12, 20, 193, 0, 19, 60, 3842 }, // U+0160
    { 10, 17, 160, 0, 16, 43, 3902 }, // U+0161
    { 14, 19, 218, 0, 19, 67, 3945 }, // U+0164
    { 10, 17, 135, 0, 16, 43, 4012 }, // U+0165
    { 16, 19, 249, 0, 18, 76, 4055 }, // U+016A
    { 14, 16, 222, 0, 15, 56, 4131 }, // U+016B
    { 16, 21, 249, 0, 20, 84, 4187 }, // U+016E
    { 14, 18, 222, 0, 17, 63, 4271 }, // U+016F
    { 16, 20, 249, 0, 19, 80, 4334 }, // U+0170
    { 14, 17, 222, 0, 16, 60, 4414 }, // U+0171
    { 16, 20, 252, 0, 15, 80, 4474 }, // U+0172
    { 14, 17, 222, 0, 12, 60, 4554 }, // U+0173
    { 23, 19, 356, 0, 19, 110, 4614 }, // U+0174
    { 19, 16, 285, -1, 16, 76, 4724 }, // U+0175
    { 15, 19, 231, 0, 19, 72, 4800 }, // U+0176
    { 13, 21, 193, 0, 16, 69, 4872 }, // U+0177
    { 15, 19, 231, 0, 19, 72, 4941 }, // U+0178
    { 13, 19, 222, 0, 19, 62, 5013 }, // U+0179
    { 11, 16, 176, 0, 16, 44, 5075 }, // U+017A
    { 13, 20, 222, 0, 20, 65, 5119 }, // U+017B
    { 11, 17, 176, 0, 17, 47, 5184 }, // U+017C
    { 13, 19, 222, 0, 19, 62, 5231 }, // U+017D
    { 11, 16, 176, 0, 16, 44, 5293 }, // U+017E
    { 12, 21, 193, 0, 16, 63, 0 }, // U+0218
    { 10, 17, 160, 0, 12, 43, 63 }, // U+0219
    { 14, 20, 218, 0, 15, 70, 106 }, // U+021A
    { 9, 19, 135, 0, 14, 43, 176 }, // U+021B
    { 6, 4, 0, -10, 16, 6, 0 }, // U+0300
    { 6, 4, 0, -7, 16, 6, 6 }, // U+0301
    { 8, 4, 0, -10, 16, 8, 12 }, // U+0302
    { 9, 4, 0, -11, 16, 9, 20 }, // U+0303
    { 8, 3, 0, -4, 15, 6, 29 }, // U+0304
    { 8, 4, 0, -4, 16, 8, 35 }, // U+0306
    { 4, 4, 0, -2, 17, 4, 43 }, // U+0307
    { 8, 4, 0, -4, 16, 8, 47 }, // U+0308
    { 6, 5, 0, -3, 17, 8, 55 }, // U+030A
    { 10, 4, 0, -5, 16, 10, 63 }, // U+030B
    { 9, 4, 0, -11, 16, 9, 73 }, // U+030C
    { 4, 4, 0, -2, -1, 4, 82 }, // U+0326
    { 6, 6, 0, -3, 1, 9, 86 }, // U+0327
    { 6, 5, 0, -3, 0, 8, 95 }, // U+0328
    { 0, 0, 0, 0, 0, 0, 103 }, // U+034F
    { 27, 8, 429, 0, 7, 54, 0 }, // U+0600
    { 34, 7, 549, 0, 2, 60, 54 }, // U+0601
    { 28, 7, 448, 0, 6, 49, 114 }, // U+0602
    { 27, 8, 427, 0, 5, 54, 163 }, // U+0603
    { 50, 14, 825, 1, 11, 175, 217 }, // U+0604
    { 22, 4, 333, -1, 20, 22, 392 }, // U+0605
    { 12, 15, 179, -1, 15, 45, 414 }, // U+0606
    { 12, 15, 179, -1, 15, 45, 459 }, // U+0607
    { 20, 16, 318, 0, 10, 80, 504 }, // U+0608
    { 14, 14, 227, 0, 12, 49, 584 }, // U+0609
    { 18, 14, 296, 0, 12, 63, 633 }, // U+060A
    { 9, 21, 142, -1, 14, 48, 696 }, // U+060B
    { 4, 7, 87, 1, 5, 7, 744 }, // U+060C
    { 5, 8, 100, 0, 4, 10, 751 }, // U+060D
    { 17, 8, 285, 1, 8, 34, 761 }, // U+060E
    { 13, 19, 221, 0, 12, 62, 795 }, // U+060F
    { 5, 5, 0, 0, 20, 7, 857 }, // U+0610
    { 5, 5, 0, 0, 20, 7, 864 }, // U+0611
    { 6, 5, 0, 0, 20, 8, 871 }, // U+0612
    { 6, 6, 0, 0, 21, 9, 879 }, // U+0613
    { 8, 3, 0, 0, 18, 6, 888 }, // U+0614
    { 5, 6, 0, 0, 27, 8, 894 }, // U+0615
    { 8, 8, 0, 0, 29, 16, 902 }, // U+0616
    { 3, 7, 0, 0, 28, 6, 918 }, // U+0617
    { 3, 3, 0, 0, 18, 3, 924 }, // U+0618
    { 3, 4, 0, 0, 19, 3, 927 }, // U+0619
    { 4, 4, 0, -1, 0, 4, 930 }, // U+061A
    { 4, 13, 87, 1, 11, 13, 934 }, // U+061B
    { 0, 0, 0, 0, 0, 0, 947 }, // U+061C
    { 9, 13, 164, 1, 12, 30, 947 }, // U+061D
    { 8, 8, 155, 1, 6, 16, 977 }, // U+061E
    { 8, 15, 142, 0, 13, 30, 993 }, // U+061F
    { 10, 15, 186, 1, 9, 38, 1023 }, // U+0620
    { 8, 8, 151, 1, 7, 16, 1061 }, // U+0621
    { 7, 18, 95, -1, 18, 32, 1077 }, // U+0622
    { 4, 20, 95, 1, 20, 20, 1109 }, // U+0623
    { 9, 18, 166, 1, 13, 41, 1129 }, // U+0624
    { 4, 20, 95, 1, 15, 20, 1170 }, // U+0625
    { 12, 15, 212, 1, 9, 45, 1190 }, // U+0626
    { 4, 15, 95, 1, 15, 15, 1235 }, // U+0627
    { 15, 15, 269, 1, 10, 57, 1250 }, // U+0628
    { 7, 14, 142, 1, 14, 25, 1307 }, // U+0629
    { 15, 11, 269, 1, 11, 42, 1332 }, // U+062A
    { 15, 12, 269, 1, 12, 45, 1374 }, // U+062B
    { 13, 15, 218, 1, 9, 49, 1419 }, // U+062C
    { 13, 15, 218, 1, 9, 49, 1468 }, // U+062D
    { 13, 19, 218, 1, 13, 62, 1517 }, // U+062E
    { 9, 10, 145, 0, 10, 23, 1579 }, // U+062F
    { 9, 14, 145, 0, 14, 32, 1602 }, // U+0630
    { 8, 13, 126, -1, 8, 26, 1634 }, // U+0631
    { 8, 18, 126, -1, 13, 36, 1660 }, // U+0632
    { 21, 14, 354, 1, 8, 74, 1696 }, // U+0633
    { 21, 18, 354, 1, 12, 95, 1770 }, // U+0634
    { 22, 15, 377, 1, 9, 83, 1865 }, // U+0635
    { 22, 19, 377, 1, 13, 105, 1948 }, // U+0636
    { 16, 15, 264, 0, 15, 60, 2053 }, // U+0637
    { 16, 15, 264, 0, 15, 60, 2113 }, // U+0638
    { 12, 17, 201, 1, 10, 51, 2173 }, // U+0639
    { 12, 22, 201, 1, 15, 66, 2224 }, // U+063A
    { 15, 16, 247, 1, 16, 60, 2290 }, // U+063B
    { 15, 21, 247, 1, 15, 79, 2350 }, // U+063C
    { 12, 15, 212, 1, 9, 45, 2429 }, // U+063D
    { 13, 15, 212, 0, 9, 49, 2474 }, // U+063E
    { 13, 15, 212, 0, 9, 49, 2523 }, // U+063F
    { 6, 3, 70, -1, 3, 5, 2572 }, // U+0640
    { 16, 16, 283, 1, 16, 64, 2577 }, // U+0641
    { 12, 19, 217, 1, 13, 57, 2641 }, // U+0642
    { 12, 15, 206, 0, 15, 45, 2698 }, // U+0643
    { 11, 21, 204, 1, 15, 58, 2743 }, // U+0644
    { 9, 15, 167, 1, 8, 34, 2801 }, // U+0645
    { 11, 15, 201, 1, 9, 42, 2835 }, // U+0646
    { 13, 11, 223, 0, 10, 36, 2877 }, // U+0647
    { 9, 13, 166, 1, 8, 30, 2913 }, // U+0648
    { 12, 15, 212, 1, 9, 45, 2943 }, // U+0649
    { 12, 18, 212, 1, 9, 54, 2988 }, // U+064A
    { 5, 6, 0, 0, 21, 8, 3042 }, // U+064B
    { 6, 5, 0, 0, 20, 8, 3050 }, // U+064C
    { 5, 5, 0, 0, 0, 7, 3058 }, // U+064D
    { 5, 4, 0, 0, 19, 5, 3065 }, // U+064E
    { 5, 5, 0, 0, 20, 7, 3070 }, // U+064F
    { 5, 4, 0, 0, 0, 5, 3077 }, // U+0650
    { 5, 4, 0, 0, 19, 5, 3082 }, // U+0651
    { 3, 5, 0, 0, 19, 4, 3087 }, // U+0652
    { 7, 3, 0, -1, 18, 6, 3091 }, // U+0653
    { 4, 5, 0, -1, 20, 5, 3097 }, // U+0654
    { 4, 5, 0, -1, 0, 5, 3102 }, // U+0655
    { 3, 6, 0, -1, 0, 5, 3107 }, // U+0656
    { 5, 6, 0, -1, 20, 8, 3112 }, // U+0657
    { 5, 4, 0, -1, 19, 5, 3120 }, // U+0658
    { 6, 2, 0, -1, 17, 3, 3125 }, // U+0659
    { 5, 5, 0, 0, 20, 7, 3128 }, // U+065A
    { 4, 4, 0, 0, 19, 4, 3135 }, // U+065B
    { 4, 4, 0, 0, 0, 4, 3139 }, // U+065C
    { 5, 5, 0, -1, 20, 7, 3143 }, // U+065D
    { 6, 5, 0, -1, 20, 8, 3150 }, // U+065E
    { 6, 5, 0, -1, 0, 8, 3158 }, // U+065F
    { 5, 6, 119, 1, 8, 8, 3166 }, // U+0660
    { 5, 13, 114, 1, 13, 17, 3174 }, // U+0661
    { 8, 13, 151, 1, 13, 26, 3191 }, // U+0662
    { 10, 13, 169, 1, 13, 33, 3217 }, // U+0663
    { 8, 15, 150, 1, 14, 30, 3250 }, // U+0664
    { 8, 12, 134, 0, 12, 24, 3280 }, // U+0665
    { 9, 13, 159, 0, 13, 30, 3304 }, // U+0666
    { 10, 13, 162, 0, 13, 33, 3334 }, // U+0667
    { 10, 13, 162, 0, 13, 33, 3367 }, // U+0668
    { 9, 14, 152, 0, 13, 32, 3400 }, // U+0669
    { 10, 14, 157, 0, 12, 35, 3432 }, // U+066A
    { 6, 10, 83, -1, 5, 15, 3467 }, // U+066B
    { 5, 10, 83, 0, 13, 13, 3482 }, // U+066C
    { 8, 8, 133, 0, 9, 16, 3495 }, // U+066D
    { 15, 10, 269, 1, 10, 38, 3511 }, // U+066E
    { 12, 14, 217, 1, 8, 42, 3549 }, // U+066F
    { 3, 6, 0, -1, 21, 5, 3591 }, // U+0670
    { 6, 20, 95, 0, 20, 30, 3596 }, // U+0671
    { 6, 19, 95, 0, 19, 29, 3626 }, // U+0672
    { 6, 21, 95, 0, 15, 32, 3655 }, // U+0673
    { 8, 8, 151, 1, 12, 16, 3687 }, // U+0674
    { 14, 15, 245, 1, 15, 53, 3703 }, // U+0675
    { 19, 17, 316, 1, 12, 81, 3756 }, // U+0676
    { 19, 20, 316, 1, 15, 95, 3837 }, // U+0677
    { 22, 18, 363, 1, 12, 99, 3932 }, // U+0678
    { 15, 12, 269, 1, 12, 45, 4031 }, // U+0679
    { 15, 13, 269, 1, 13, 49, 4076 }, // U+067A
    { 15, 16, 269, 1, 10, 60, 4125 }, // U+067B
    { 15, 14, 269, 1, 11, 53, 4185 }, // U+067C
    { 15, 12, 269, 1, 12, 45, 4238 }, // U+067D
    { 15, 16, 269, 1, 10, 60, 4283 }, // U+067E
    { 15, 12, 269, 1, 12, 45, 4343 }, // U+067F
    { 15, 15, 269, 1, 10, 57, 4388 }, // U+0680
    { 13, 20, 218, 1, 14, 65, 4445 }, // U+0681
    { 13, 21, 218, 1, 15, 69, 4510 }, // U+0682
    { 13, 15, 218, 1, 9, 49, 4579 }, // U+0683
    { 13, 15, 218, 1, 9, 49, 4628 }, // U+0684
    { 13, 20, 218, 1, 14, 65, 4677 }, // U+0685
    { 13, 15, 218, 1, 9, 49, 4742 }, // U+0686
    { 13, 15, 218, 1, 9, 49, 4791 }, // U+0687
    { 9, 15, 145, 0, 15, 34, 4840 }, // U+0688
    { 9, 13, 145, 0, 10, 30, 4874 }, // U+0689
    { 9, 15, 145, 0, 10, 34, 4904 }, // U+068A
    { 9, 20, 145, 0, 15, 45, 4938 }, // U+068B
    { 9, 14, 145, 0, 14, 32, 4983 }, // U+068C
    { 9, 14, 145, 0, 10, 32, 5015 }, // U+068D
    { 9, 15, 145, 0, 15, 34, 5047 }, // U+068E
    { 9, 15, 145, 0, 15, 34, 5081 }, // U+068F
    { 9, 15, 145, 0, 15, 34, 5115 }, // U+0690
    { 8, 19, 126, -1, 14, 38, 5149 }, // U+0691
    { 8, 19, 126, -1, 14, 38, 5187 }, // U+0692
    { 8, 14, 126, -1, 8, 28, 5225 }, // U+0693
    { 8, 17, 126, -1, 8, 34, 5253 }, // U+0694
    { 8, 17, 126, -1, 8, 34, 5287 }, // U+0695
    { 8, 17, 126, -1, 8, 34, 5321 }, // U+0696
    { 8, 17, 126, -1, 12, 34, 5355 }, // U+0697
    { 8, 18, 126, -1, 13, 36, 5389 }, // U+0698
    { 8, 18, 126, -1, 13, 36, 5425 }, // U+0699
    { 21, 18, 354, 1, 12, 95, 5461 }, // U+069A
    { 21, 14, 354, 1, 8, 74, 5556 }, // U+069B
    { 21, 18, 354, 1, 12, 95, 5630 }, // U+069C
    { 22, 15, 377, 1, 9, 83, 5725 }, // U+069D
    { 22, 20, 377, 1, 14, 110, 5808 }, // U+069E
    { 16, 15, 264, 0, 15, 60, 5918 }, // U+069F
    { 12, 22, 201, 1, 15, 66, 5978 }, // U+06A0
    { 16, 11, 283, 1, 11, 44, 6044 }, // U+06A1
    { 16, 16, 283, 1, 11, 64, 6088 }, // U+06A2
    { 16, 21, 283, 1, 16, 84, 6152 }, // U+06A3
    { 16, 16, 283, 1, 16, 64, 6236 }, // U+06A4
    { 16, 16, 283, 1, 11, 64, 6300 }, // U+06A5
    { 16, 17, 283, 1, 17, 68, 6364 }, // U+06A6
    { 12, 19, 217, 1, 13, 57, 6432 }, // U+06A7
    { 12, 20, 217, 1, 14, 60, 6489 }, // U+06A8
    { 15, 15, 247, 1, 15, 57, 6549 }, // U+06A9
    { 21, 13, 338, 0, 13, 69, 6606 }, // U+06AA
    { 15, 15, 247, 1, 15, 57, 6675 }, // U+06AB
    { 12, 15, 206, 0, 15, 45, 6732 }, // U+06AC
    { 12, 15, 206, 0, 15, 45, 6777 }, // U+06AD
    { 12, 21, 206, 0, 15, 63, 6822 }, // U+06AE
    { 15, 16, 247, 1, 16, 60, 6885 }, // U+06AF
    { 15, 16, 247, 1, 16, 60, 6945 }, // U+06B0
    { 15, 18, 247, 1, 18, 68, 7005 }, // U+06B1
    { 15, 21, 247, 1, 16, 79, 7073 }, // U+06B2
    { 15, 22, 247, 1, 16, 83, 7152 }, // U+06B3
    { 15, 19, 247, 1, 19, 72, 7235 }, // U+06B4
    { 11, 26, 204, 1, 20, 72, 7307 }, // U+06B5
    { 11, 25, 204, 1, 19, 69, 7379 }, // U+06B6
    { 11, 25, 204, 1, 19, 69, 7448 }, // U+06B7
    { 11, 25, 204, 1, 15, 69, 7517 }, // U+06B8
    { 11, 19, 201, 1, 9, 53, 7586 }, // U+06B9
    { 11, 12, 201, 1, 6, 33, 7639 }, // U+06BA
    { 11, 15, 201, 1, 9, 42, 7672 }, // U+06BB
    { 11, 17, 201, 1, 9, 47, 7714 }, // U+06BC
    { 11, 15, 201, 1, 9, 42, 7761 }, // U+06BD
    { 13, 11, 223, 0, 10, 36, 7803 }, // U+06BE
    { 13, 19, 218, 1, 13, 62, 7839 }, // U+06BF
    { 7, 15, 142, 1, 15, 27, 7901 }, // U+06C0
    { 7, 9, 142, 1, 9, 16, 7928 }, // U+06C1
    { 7, 15, 142, 1, 15, 27, 7944 }, // U+06C2
    { 7, 14, 142, 1, 14, 25, 7971 }, // U+06C3
    { 9, 14, 169, 1, 8, 32, 7996 }, // U+06C4
    { 9, 14, 169, 1, 8, 32, 8028 }, // U+06C5
    { 9, 18, 166, 1, 13, 41, 8060 }, // U+06C6
    { 9, 20, 166, 1, 15, 45, 8101 }, // U+06C7
    { 9, 23, 166, 1, 18, 52, 8146 }, // U+06C8
    { 9, 17, 166, 1, 12, 39, 8198 }, // U+06C9
    { 9, 17, 166, 1, 12, 39, 8237 }, // U+06CA
    { 9, 18, 166, 1, 13, 41, 8276 }, // U+06CB
    { 12, 15, 212, 1, 9, 45, 8317 }, // U+06CC
    { 15, 15, 212, -2, 9, 57, 8362 }, // U+06CD
    { 13, 15, 212, 0, 9, 49, 8419 }, // U+06CE
    { 9, 18, 166, 1, 13, 41, 8468 }, // U+06CF
    { 12, 20, 212, 1, 9, 60, 8509 }, // U+06D0
    { 12, 19, 212, 1, 9, 57, 8569 }, // U+06D1
    { 16, 8, 269, 1, 8, 32, 8626 }, // U+06D2
    { 16, 13, 269, 1, 13, 52, 8658 }, // U+06D3
    { 6, 3, 97, 0, 3, 5, 8710 }, // U+06D4
    { 7, 9, 142, 1, 9, 16, 8715 }, // U+06D5
    { 11, 8, 0, 0, 29, 22, 8731 }, // U+06D6
    { 8, 8, 0, 0, 29, 16, 8753 }, // U+06D7
    { 5, 5, 0, 0, 26, 7, 8769 }, // U+06D8
    { 4, 7, 0, 0, 28, 7, 8776 }, // U+06D9
    { 5, 7, 0, 0, 28, 9, 8783 }, // U+06DA
    { 5, 5, 0, 0, 26, 7, 8792 }, // U+06DB
    { 8, 6, 0, 0, 27, 12, 8799 }, // U+06DC
    { 24, 28, 420, 1, 22, 168, 8811 }, // U+06DD
    { 19, 19, 307, 0, 15, 91, 8979 }, // U+06DE
    { 4, 4, 0, -1, 19, 4, 9070 }, // U+06DF
    { 4, 5, 0, -1, 20, 5, 9074 }, // U+06E0
    { 5, 4, 0, -1, 19, 5, 9079 }, // U+06E1
    { 5, 6, 0, -1, 21, 8, 9084 }, // U+06E2
    { 8, 6, 0, 0, 0, 12, 9092 }, // U+06E3
    { 7, 3, 0, -1, 18, 6, 9104 }, // U+06E4
    { 4, 6, 68, 0, 5, 6, 9110 }, // U+06E5
    { 7, 3, 102, 0, 3, 6, 9116 }, // U+06E6
    { 6, 3, 0, 0, 18, 5, 9122 }, // U+06E7
    { 4, 6, 0, 0, 27, 6, 9127 }, // U+06E8
    { 11, 16, 170, 0, 14, 44, 9133 }, // U+06E9
    { 3, 4, 0, 0, 0, 3, 9177 }, // U+06EA
    { 3, 4, 0, 0, 19, 3, 9180 }, // U+06EB
    { 4, 4, 0, 0, 19, 4, 9183 }, // U+06EC
    { 5, 6, 0, -1, 0, 8, 9187 }, // U+06ED
    { 9, 14, 145, 0, 14, 32, 9195 }, // U+06EE
    { 8, 18, 126, -1, 13, 36, 9227 }, // U+06EF
    { 5, 6, 119, 1, 8, 8, 9263 }, // U+06F0
    { 5, 13, 114, 1, 13, 17, 9271 }, // U+06F1
    { 8, 13, 151, 1, 13, 26, 9288 }, // U+06F2
    { 10, 13, 169, 1, 13, 33, 9314 }, // U+06F3
    { 9, 14, 167, 1, 13, 32, 9347 }, // U+06F4
    { 10, 15, 160, 0, 14, 38, 9379 }, // U+06F5
    { 9, 13, 155, 1, 13, 30, 9417 }, // U+06F6
    { 10, 13, 162, 0, 13, 33, 9447 }, // U+06F7
    { 10, 13, 162, 0, 13, 33, 9480 }, // U+06F8
    { 9, 14, 152, 0, 13, 32, 9513 }, // U+06F9
    { 21, 18, 354, 1, 12, 95, 9545 }, // U+06FA
    { 22, 19, 377, 1, 13, 105, 9640 }, // U+06FB
    { 12, 22, 201, 1, 15, 66, 9745 }, // U+06FC
    { 8, 13, 151, 1, 7, 26, 9811 }, // U+06FD
    { 9, 15, 167, 1, 8, 34, 9837 }, // U+06FE
    { 13, 16, 223, 0, 15, 52, 9871 }, // U+06FF
    { 0, 0, 37, 0, 0, 0, 0 }, // U+2009
    { 0, 0, 0, 0, 0, 0, 0 }, // U+200B
    { 0, 0, 0, 0, 0, 0, 0 }, // U+200C
    { 0, 0, 0, 0, 0, 0, 0 }, // U+200D
    { 0, 0, 0, 0, 0, 0, 0 }, // U+200E
    { 0, 0, 0, 0, 0, 0, 0 }, // U+200F
    { 7, 3, 107, 0, 3, 6, 0 }, // U+2010
    { 12, 3, 167, -1, 7, 9, 6 }, // U+2013
    { 22, 3, 333, -1, 7, 17, 15 }, // U+2014
    { 4, 7, 93, 1, 15, 7, 32 }, // U+2018
    { 5, 7, 93, 0, 15, 9, 39 }, // U+2019
    { 5, 8, 98, 0, 4, 10, 48 }, // U+201A
    { 9, 7, 163, 1, 15, 16, 58 }, // U+201C
    { 10, 7, 163, 0, 15, 18, 74 }, // U+201D
    { 10, 8, 163, 0, 4, 20, 92 }, // U+201E
    { 7, 7, 133, 1, 11, 13, 112 }, // U+2022
    { 17, 5, 304, 1, 4, 22, 125 }, // U+2026
    { 0, 0, 0, 0, 0, 0, 147 }, // U+202A
    { 0, 0, 0, 0, 0, 0, 147 }, // U+202B
    { 0, 0, 0, 0, 0, 0, 147 }, // U+202C
    { 0, 0, 0, 0, 0, 0, 147 }, // U+202D
    { 0, 0, 0, 0, 0, 0, 147 }, // U+202E
    { 0, 0, 37, 0, 0, 0, 147 }, // U+202F
    { 5, 9, 118, 1, 10, 12, 147 }, // U+2039
    { 5, 9, 118, 1, 10, 12, 159 }, // U+203A
    { 4, 12, 87, 1, 8, 12, 171 }, // U+204F
    { 0, 0, 0, 0, 0, 0, 183 }, // U+2060
    { 0, 0, 0, 0, 0, 0, 183 }, // U+2061
    { 0, 0, 0, 0, 0, 0, 183 }, // U+2062
    { 0, 0, 0, 0, 0, 0, 183 }, // U+2063
    { 0, 0, 0, 0, 0, 0, 183 }, // U+2064
    { 0, 0, 0, 0, 0, 0, 183 }, // U+2066
    { 0, 0, 0, 0, 0, 0, 183 }, // U+2067
    { 0, 0, 0, 0, 0, 0, 183 }, // U+2068
    { 0, 0, 0, 0, 0, 0, 183 }, // U+2069
    { 0, 0, 0, 0, 0, 0, 183 }, // U+206A
    { 0, 0, 0, 0, 0, 0, 183 }, // U+206B
    { 0, 0, 0, 0, 0, 0, 183 }, // U+206C
    { 0, 0, 0, 0, 0, 0, 183 }, // U+206D
    { 0, 0, 0, 0, 0, 0, 183 }, // U+206E
    { 0, 0, 0, 0, 0, 0, 183 }, // U+206F
    { 5, 6, 74, 0, 21, 8, 0 }, // U+FE70
    { 6, 11, 70, -1, 11, 17, 8 }, // U+FE71
    { 6, 5, 74, 0, 20, 8, 25 }, // U+FE72
    { 8, 9, 126, 1, 3, 18, 33 }, // U+FE73
    { 5, 5, 74, 0, 0, 7, 51 }, // U+FE74
    { 5, 4, 74, 0, 19, 5, 58 }, // U+FE76
    { 6, 9, 70, -1, 9, 14, 63 }, // U+FE77
    { 5, 5, 74, 0, 20, 7, 77 }, // U+FE78
    { 6, 10, 70, -1, 10, 15, 84 }, // U+FE79
    { 5, 4, 74, 0, 0, 5, 99 }, // U+FE7A
    { 6, 9, 70, -1, 3, 14, 104 }, // U+FE7B
    { 5, 4, 74, 0, 19, 5, 118 }, // U+FE7C
    { 6, 10, 70, -1, 10, 15, 123 }, // U+FE7D
    { 4, 5, 74, 0, 19, 5, 138 }, // U+FE7E
    { 6, 9, 70, -1, 9, 14, 143 }, // U+FE7F
    { 8, 8, 151, 1, 7, 16, 157 }, // U+FE80
    { 7, 18, 95, -1, 18, 32, 173 }, // U+FE81
    { 8, 17, 96, -1, 17, 34, 205 }, // U+FE82
    { 4, 20, 95, 1, 20, 20, 239 }, // U+FE83
    { 6, 20, 96, 1, 20, 30, 259 }, // U+FE84
    { 9, 18, 166, 1, 13, 41, 289 }, // U+FE85
    { 10, 20, 163, 1, 15, 50, 330 }, // U+FE86
    { 4, 20, 95, 1, 15, 20, 380 }, // U+FE87
    { 6, 20, 96, 1, 15, 30, 400 }, // U+FE88
    { 12, 15, 212, 1, 9, 45, 430 }, // U+FE89
    { 14, 14, 230, 1, 8, 49, 475 }, // U+FE8A
    { 6, 14, 92, -1, 14, 21, 524 }, // U+FE8B
    { 8, 12, 97, -1, 12, 24, 545 }, // U+FE8C
    { 4, 15, 95, 1, 15, 15, 569 }, // U+FE8D
    { 6, 15, 96, 1, 15, 23, 584 }, // U+FE8E
    { 15, 15, 269, 1, 10, 57, 607 }, // U+FE8F
    { 17, 12, 272, 1, 7, 51, 664 }, // U+FE90
    { 6, 14, 92, -1, 9, 21, 715 }, // U+FE91
    { 8, 11, 97, -1, 6, 22, 736 }, // U+FE92
    { 7, 14, 142, 1, 14, 25, 758 }, // U+FE93
    { 10, 14, 155, 1, 14, 35, 783 }, // U+FE94
    { 15, 11, 269, 1, 11, 42, 818 }, // U+FE95
    { 17, 11, 272, 1, 11, 47, 860 }, // U+FE96
    { 7, 13, 92, -1, 13, 23, 907 }, // U+FE97
    { 9, 11, 120, -1, 11, 25, 930 }, // U+FE98
    { 15, 12, 269, 1, 12, 45, 955 }, // U+FE99
    { 17, 12, 272, 1, 12, 51, 1000 }, // U+FE9A
    { 7, 14, 92, -1, 14, 25, 1051 }, // U+FE9B
    { 9, 12, 120, -1, 12, 27, 1076 }, // U+FE9C
    { 13, 15, 218, 1, 9, 49, 1103 }, // U+FE9D
    { 15, 15, 241, 1, 8, 57, 1152 }, // U+FE9E
    { 14, 12, 216, -1, 8, 42, 1209 }, // U+FE9F
    { 16, 12, 219, -1, 8, 48, 1251 }, // U+FEA0
    { 13, 15, 218, 1, 9, 49, 1299 }, // U+FEA1
    { 15, 15, 241, 1, 8, 57, 1348 }, // U+FEA2
    { 14, 8, 216, -1, 8, 28, 1405 }, // U+FEA3
    { 16, 8, 219, -1, 8, 32, 1433 }, // U+FEA4
    { 13, 19, 218, 1, 13, 62, 1465 }, // U+FEA5
    { 15, 20, 241, 1, 13, 75, 1527 }, // U+FEA6
    { 14, 13, 216, -1, 13, 46, 1602 }, // U+FEA7
    { 16, 13, 219, -1, 13, 52, 1648 }, // U+FEA8
    { 9, 10, 145, 0, 10, 23, 1700 }, // U+FEA9
    { 11, 10, 162, 0, 10, 28, 1723 }, // U+FEAA
    { 9, 14, 145, 0, 14, 32, 1751 }, // U+FEAB
    { 11, 14, 162, 0, 14, 39, 1783 }, // U+FEAC
    { 8, 13, 126, -1, 8, 26, 1822 }, // U+FEAD
    { 10, 13, 132, -1, 8, 33, 1848 }, // U+FEAE
    { 8, 18, 126, -1, 13, 36, 1881 }, // U+FEAF
    { 10, 18, 132, -1, 13, 45, 1917 }, // U+FEB0
    { 21, 14, 354, 1, 8, 74, 1962 }, // U+FEB1
    { 21, 13, 346, 1, 7, 69, 2036 }, // U+FEB2
    { 15, 8, 233, -1, 8, 30, 2105 }, // U+FEB3
    { 16, 7, 232, -1, 7, 28, 2135 }, // U+FEB4
    { 21, 18, 354, 1, 12, 95, 2163 }, // U+FEB5
    { 21, 18, 346, 1, 12, 95, 2258 }, // U+FEB6
    { 15, 12, 233, -1, 12, 45, 2353 }, // U+FEB7
    { 16, 12, 232, -1, 12, 48, 2398 }, // U+FEB8
    { 22, 15, 377, 1, 9, 83, 2446 }, // U+FEB9
    { 25, 15, 396, 1, 9, 94, 2529 }, // U+FEBA
    { 17, 9, 265, -1, 9, 39, 2623 }, // U+FEBB
    { 19, 9, 282, -1, 9, 43, 2662 }, // U+FEBC
    { 22, 19, 377, 1, 13, 105, 2705 }, // U+FEBD
    { 25, 19, 396, 1, 13, 119, 2810 }, // U+FEBE
    { 17, 13, 265, -1, 13, 56, 2929 }, // U+FEBF
    { 19, 13, 282, -1, 13, 62, 2985 }, // U+FEC0
    { 16, 15, 264, 0, 15, 60, 3047 }, // U+FEC1
    { 18, 15, 280, 0, 15, 68, 3107 }, // U+FEC2
    { 15, 15, 231, -1, 15, 57, 3175 }, // U+FEC3
    { 17, 15, 235, -1, 15, 64, 3232 }, // U+FEC4
    { 16, 15, 264, 0, 15, 60, 3296 }, // U+FEC5
    { 18, 15, 280, 0, 15, 68, 3356 }, // U+FEC6
    { 15, 15, 231, -1, 15, 57, 3424 }, // U+FEC7
    { 17, 15, 235, -1, 15, 64, 3481 }, // U+FEC8
    { 12, 17, 201, 1, 10, 51, 3545 }, // U+FEC9
    { 11, 16, 159, 1, 9, 44, 3596 }, // U+FECA
    { 12, 9, 172, -1, 9, 27, 3640 }, // U+FECB
    { 11, 9, 149, -1, 9, 25, 3667 }, // U+FECC
    { 12, 22, 201, 1, 15, 66, 3692 }, // U+FECD
    { 11, 21, 159, 1, 14, 58, 3758 }, // U+FECE
    { 12, 14, 172, -1, 14, 42, 3816 }, // U+FECF
    { 11, 14, 149, -1, 14, 39, 3858 }, // U+FED0
    { 16, 16, 283, 1, 16, 64, 3897 }, // U+FED1
    { 17, 14, 277, 1, 14, 60, 3961 }, // U+FED2
    { 9, 14, 142, -1, 14, 32, 4021 }, // U+FED3
    { 10, 14, 137, -1, 14, 35, 4053 }, // U+FED4
    { 12, 19, 217, 1, 13, 57, 4088 }, // U+FED5
    { 13, 19, 211, 1, 13, 62, 4145 }, // U+FED6
    { 9, 14, 142, -1, 14, 32, 4207 }, // U+FED7
    { 10, 13, 137, -1, 13, 33, 4239 }, // U+FED8
    { 12, 15, 206, 0, 15, 45, 4272 }, // U+FED9
    { 15, 15, 248, 1, 15, 57, 4317 }, // U+FEDA
    { 10, 15, 148, -1, 15, 38, 4374 }, // U+FEDB
    { 12, 15, 156, -1, 15, 45, 4412 }, // U+FEDC
    { 11, 21, 204, 1, 15, 58, 4457 }, // U+FEDD
    { 13, 21, 206, 1, 15, 69, 4515 }, // U+FEDE
    { 5, 15, 72, -1, 15, 19, 4584 }, // U+FEDF
    { 7, 15, 82, -1, 15, 27, 4603 }, // U+FEE0
    { 9, 15, 167, 1, 8, 34, 4630 }, // U+FEE1
    { 11, 15, 185, 1, 8, 42, 4664 }, // U+FEE2
    { 10, 8, 158, -1, 8, 20, 4706 }, // U+FEE3
    { 10, 8, 138, -1, 8, 20, 4726 }, // U+FEE4
    { 11, 15, 201, 1, 9, 42, 4746 }, // U+FEE5
    { 12, 15, 200, 1, 9, 45, 4788 }, // U+FEE6
    { 6, 14, 92, -1, 14, 21, 4833 }, // U+FEE7
    { 8, 11, 97, -1, 11, 22, 4854 }, // U+FEE8
    { 7, 9, 142, 1, 9, 16, 4876 }, // U+FEE9
    { 10, 11, 155, 1, 11, 28, 4892 }, // U+FEEA
    { 11, 11, 172, -1, 10, 31, 4920 }, // U+FEEB
    { 10, 15, 132, -1, 10, 38, 4951 }, // U+FEEC
    { 9, 13, 166, 1, 8, 30, 4989 }, // U+FEED
    { 10, 14, 163, 1, 9, 35, 5019 }, // U+FEEE
    { 12, 15, 212, 1, 9, 45, 5054 }, // U+FEEF
    { 14, 9, 230, 1, 3, 32, 5099 }, // U+FEF0
    { 12, 18, 212, 1, 9, 54, 5131 }, // U+FEF1
    { 14, 12, 230, 1, 3, 42, 5185 }, // U+FEF2
    { 8, 14, 114, -1, 9, 28, 5227 }, // U+FEF3
    { 9, 11, 120, -1, 6, 25, 5255 }, // U+FEF4
    { 13, 16, 182, -2, 16, 52, 5280 }, // U+FEF5
    { 16, 15, 210, -2, 15, 60, 5332 }, // U+FEF6
    { 12, 18, 182, -1, 18, 54, 5392 }, // U+FEF7
    { 14, 17, 210, 0, 17, 60, 5446 }, // U+FEF8
    { 11, 21, 182, 0, 15, 58, 5506 }, // U+FEF9
    { 14, 21, 210, 0, 15, 74, 5564 }, // U+FEFA
    { 11, 15, 182, 0, 15, 42, 5638 }, // U+FEFB
    { 14, 15, 210, 0, 15, 53, 5680 }, // U+FEFC
};

static const EpdUnicodeInterval notonaskh_10_boldIntervals[] = {
    { 0x0, 0xA3, 0x0 },
    { 0xA5, 0xA5, 0xA4 },
    { 0xA7, 0xAB, 0xA5 },
    { 0xAD, 0xB0, 0xAA },
    { 0xB4, 0xB4, 0xAE },
    { 0xB6, 0xB8, 0xAF },
    { 0xBA, 0xBB, 0xB2 },
    { 0xBF, 0x107, 0xB4 },
    { 0x10A, 0x113, 0xFD },
    { 0x116, 0x11B, 0x107 },
    { 0x11E, 0x123, 0x10D },
    { 0x126, 0x127, 0x113 },
    { 0x12A, 0x12B, 0x115 },
    { 0x12E, 0x131, 0x117 },
    { 0x136, 0x137, 0x11B },
    { 0x139, 0x13E, 0x11D },
    { 0x141, 0x148, 0x123 },
    { 0x150, 0x155, 0x12B },
    { 0x158, 0x15B, 0x131 },
    { 0x15E, 0x161, 0x135 },
    { 0x164, 0x165, 0x139 },
    { 0x16A, 0x16B, 0x13B },
    { 0x16E, 0x17E, 0x13D },
    { 0x218, 0x21B, 0x14E },
    { 0x300, 0x304, 0x152 },
    { 0x306, 0x308, 0x157 },
    { 0x30A, 0x30C, 0x15A },
    { 0x326, 0x328, 0x15D },
    { 0x34F, 0x34F, 0x160 },
    { 0x600, 0x6FF, 0x161 },
    { 0x2009, 0x2009, 0x261 },
    { 0x200B, 0x2010, 0x262 },
    { 0x2013, 0x2014, 0x268 },
    { 0x2018, 0x201A, 0x26A },
    { 0x201C, 0x201E, 0x26D },
    { 0x2022, 0x2022, 0x270 },
    { 0x2026, 0x2026, 0x271 },
    { 0x202A, 0x202F, 0x272 },
    { 0x2039, 0x203A, 0x278 },
    { 0x204F, 0x204F, 0x27A },
    { 0x2060, 0x2064, 0x27B },
    { 0x2066, 0x206F, 0x280 },
    { 0xFE70, 0xFE74, 0x28A },
    { 0xFE76, 0xFEFC, 0x28F },
};

static const EpdFontGroup notonaskh_10_boldGroups[] = {
    { 0, 2419, 4535, 128, 0 },
    { 2419, 1801, 4653, 117, 128 },
    { 4220, 2053, 5836, 89, 245 },
    { 6273, 163, 251, 4, 334 },
    { 6436, 127, 122, 15, 338 },
    { 6563, 3652, 11053, 256, 353 },
    { 10215, 182, 223, 41, 609 },
    { 10397, 2470, 6418, 140, 650 },
};

static const EpdKernClassEntry notonaskh_10_boldKernLeftClasses[] = {
    { 0x0022, 1 }, // "
    { 0x0026, 2 }, // &
    { 0x0027, 1 }, // '
    { 0x002A, 3 }, // *
    { 0x002C, 4 }, // ,
    { 0x0040, 5 }, // @
    { 0x0041, 6 }, // A
    { 0x0042, 7 }, // B
    { 0x0044, 8 }, // D
    { 0x0045, 9 }, // E
    { 0x0046, 10 }, // F
    { 0x0047, 11 }, // G
    { 0x004B, 12 }, // K
    { 0x004C, 13 }, // L
    { 0x004E, 14 }, // N
    { 0x004F, 8 }, // O
    { 0x0050, 3 }, // P
    { 0x0051, 8 }, // Q
    { 0x0052, 15 }, // R
    { 0x0053, 16 }, // S
    { 0x0054, 17 }, // T
    { 0x0055, 18 }, // U
    { 0x0056, 19 }, // V
    { 0x0057, 20 }, // W
    { 0x0058, 21 }, // X
    { 0x0059, 22 }, // Y
    { 0x005F, 23 }, // _
    { 0x0061, 24 }, // a
    { 0x0062, 25 }, // b
    { 0x0065, 26 }, // e
    { 0x0066, 27 }, // f
    { 0x0067, 28 }, // g
    { 0x0068, 24 }, // h
    { 0x006B, 29 }, // k
    { 0x006D, 24 }, // m
    { 0x006E, 24 }, // n
    { 0x006F, 25 }, // o
    { 0x0070, 25 }, // p
    { 0x0072, 30 }, // r
    { 0x0073, 31 }, // s
    { 0x0076, 32 }, // v
    { 0x0077, 33 }, // w
    { 0x0079, 34 }, // y
    { 0x00A1, 35 }, // U+00A1
    { 0x00BF, 36 }, // U+00BF
    { 0x00C0, 37 }, // U+00C0
    { 0x00C1, 37 }, // U+00C1
    { 0x00C2, 37 }, // U+00C2
    { 0x00C3, 37 }, // U+00C3
    { 0x00C4, 37 }, // U+00C4
    { 0x00C5, 37 }, // U+00C5
    { 0x00C6, 9 }, // U+00C6
    { 0x00C8, 9 }, // U+00C8
    { 0x00C9, 9 }, // U+00C9
    { 0x00CA, 9 }, // U+00CA
    { 0x00CB, 9 }, // U+00CB
    { 0x00D0, 8 }, // U+00D0
    { 0x00D1, 14 }, // U+00D1
    { 0x00D2, 8 }, // U+00D2
    { 0x00D3, 8 }, // U+00D3
    { 0x00D4, 8 }, // U+00D4
    { 0x00D5, 8 }, // U+00D5
    { 0x00D6, 8 }, // U+00D6
    { 0x00D8, 8 }, // U+00D8
    { 0x00D9, 18 }, // U+00D9
    { 0x00DA, 18 }, // U+00DA
    { 0x00DB, 18 }, // U+00DB
    { 0x00DC, 18 }, // U+00DC
    { 0x00DD, 22 }, // U+00DD
    { 0x00DE, 8 }, // U+00DE
    { 0x00DF, 25 }, // U+00DF
    { 0x00E0, 24 }, // U+00E0
    { 0x00E1, 24 }, // U+00E1
    { 0x00E2, 24 }, // U+00E2
    { 0x00E3, 24 }, // U+00E3
    { 0x00E4, 24 }, // U+00E4
    { 0x00E5, 24 }, // U+00E5
    { 0x00E6, 26 }, // U+00E6
    { 0x00E8, 26 }, // U+00E8
    { 0x00E9, 26 }, // U+00E9
    { 0x00EA, 26 }, // U+00EA
    { 0x00EB, 26 }, // U+00EB
    { 0x00F0, 25 }, // U+00F0
    { 0x00F1, 24 }, // U+00F1
    { 0x00F2, 25 }, // U+00F2
    { 0x00F3, 25 }, // U+00F3
    { 0x00F4, 25 }, // U+00F4
    { 0x00F5, 25 }, // U+00F5
    { 0x00F6, 25 }, // U+00F6
    { 0x00F8, 25 }, // U+00F8
    { 0x00FD, 34 }, // U+00FD
    { 0x00FE, 25 }, // U+00FE
    { 0x00FF, 34 }, // U+00FF
    { 0x0100, 6 }, // U+0100
    { 0x0102, 37 }, // U+0102
    { 0x0104, 37 }, // U+0104
    { 0x010E, 8 }, // U+010E
    { 0x010F, 38 }, // U+010F
    { 0x0110, 8 }, // U+0110
    { 0x0112, 9 }, // U+0112
    { 0x0113, 26 }, // U+0113
    { 0x0116, 9 }, // U+0116
    { 0x0117, 26 }, // U+0117
    { 0x0118, 9 }, // U+0118
    { 0x0119, 26 }, // U+0119
    { 0x011A, 9 }, // U+011A
    { 0x011B, 26 }, // U+011B
    { 0x011E, 11 }, // U+011E
    { 0x0120, 11 }, // U+0120
    { 0x0122, 11 }, // U+0122
    { 0x0127, 24 }, // U+0127
    { 0x0136, 12 }, // U+0136
    { 0x0137, 29 }, // U+0137
    { 0x0139, 13 }, // U+0139
    { 0x013B, 13 }, // U+013B
    { 0x013E, 38 }, // U+013E
    { 0x0141, 13 }, // U+0141
    { 0x0143, 14 }, // U+0143
    { 0x0144, 24 }, // U+0144
    { 0x0145, 14 }, // U+0145
    { 0x0146, 24 }, // U+0146
    { 0x0147, 14 }, // U+0147
    { 0x0148, 24 }, // U+0148
    { 0x0150, 8 }, // U+0150
    { 0x0151, 25 }, // U+0151
    { 0x0152, 9 }, // U+0152
    { 0x0153, 26 }, // U+0153
    { 0x0154, 15 }, // U+0154
    { 0x0155, 30 }, // U+0155
    { 0x0158, 15 }, // U+0158
    { 0x0159, 30 }, // U+0159
    { 0x015A, 16 }, // U+015A
    { 0x015B, 31 }, // U+015B
    { 0x015E, 16 }, // U+015E
    { 0x015F, 31 }, // U+015F
    { 0x0160, 16 }, // U+0160
    { 0x0161, 31 }, // U+0161
    { 0x0164, 17 }, // U+0164
    { 0x0165, 39 }, // U+0165
    { 0x016A, 18 }, // U+016A
    { 0x016E, 18 }, // U+016E
    { 0x0170, 18 }, // U+0170
    { 0x0172, 18 }, // U+0172
    { 0x0174, 20 }, // U+0174
    { 0x0175, 33 }, // U+0175
    { 0x0176, 22 }, // U+0176
    { 0x0177, 34 }, // U+0177
    { 0x0178, 22 }, // U+0178
    { 0x0218, 16 }, // U+0218
    { 0x0219, 31 }, // U+0219
    { 0x021A, 17 }, // U+021A
    { 0x2018, 40 }, // U+2018
    { 0x2019, 41 }, // U+2019
    { 0x201A, 4 }, // U+201A
    { 0x201C, 40 }, // U+201C
    { 0x201D, 41 }, // U+201D
    { 0x201E, 4 }, // U+201E
    { 0x2026, 4 }, // U+2026
};

static const EpdKernClassEntry notonaskh_10_boldKernRightClasses[] = {
    { 0x0022, 1 }, // "
    { 0x0026, 2 }, // &
    { 0x0027, 1 }, // '
    { 0x0029, 3 }, // )
    { 0x002A, 4 }, // *
    { 0x002C, 5 }, // ,
    { 0x003F, 6 }, // ?
    { 0x0040, 7 }, // @
    { 0x0041, 8 }, // A
    { 0x0042, 9 }, // B
    { 0x0043, 10 }, // C
    { 0x0044, 9 }, // D
    { 0x0045, 9 }, // E
    { 0x0046, 9 }, // F
    { 0x0047, 10 }, // G
    { 0x0048, 9 }, // H
    { 0x0049, 9 }, // I
    { 0x004A, 11 }, // J
    { 0x004B, 9 }, // K
    { 0x004C, 9 }, // L
    { 0x004D, 9 }, // M
    { 0x004E, 9 }, // N
    { 0x004F, 10 }, // O
    { 0x0050, 9 }, // P
    { 0x0051, 10 }, // Q
    { 0x0052, 9 }, // R
    { 0x0053, 12 }, // S
    { 0x0054, 13 }, // T
    { 0x0055, 14 }, // U
    { 0x0056, 15 }, // V
    { 0x0057, 16 }, // W
    { 0x0058, 17 }, // X
    { 0x0059, 18 }, // Y
    { 0x005A, 19 }, // Z
    { 0x005D, 3 }, // ]
    { 0x0061, 20 }, // a
    { 0x0062, 21 }, // b
    { 0x0063, 22 }, // c
    { 0x0064, 22 }, // d
    { 0x0065, 22 }, // e
    { 0x0067, 23 }, // g
    { 0x0068, 21 }, // h
    { 0x006B, 21 }, // k
    { 0x006C, 21 }, // l
    { 0x006F, 22 }, // o
    { 0x0071, 22 }, // q
    { 0x0073, 24 }, // s
    { 0x0075, 25 }, // u
    { 0x0076, 26 }, // v
    { 0x0077, 27 }, // w
    { 0x0079, 28 }, // y
    { 0x007A, 29 }, // z
    { 0x007D, 3 }, // }
    { 0x00B7, 30 }, // U+00B7
    { 0x00C0, 8 }, // U+00C0
    { 0x00C1, 8 }, // U+00C1
    { 0x00C2, 8 }, // U+00C2
    { 0x00C3, 8 }, // U+00C3
    { 0x00C4, 8 }, // U+00C4
    { 0x00C5, 8 }, // U+00C5
    { 0x00C6, 31 }, // U+00C6
    { 0x00C7, 10 }, // U+00C7
    { 0x00C8, 9 }, // U+00C8
    { 0x00C9, 9 }, // U+00C9
    { 0x00CA, 9 }, // U+00CA
    { 0x00CB, 9 }, // U+00CB
    { 0x00CC, 9 }, // U+00CC
    { 0x00CD, 9 }, // U+00CD
    { 0x00CE, 9 }, // U+00CE
    { 0x00CF, 9 }, // U+00CF
    { 0x00D0, 9 }, // U+00D0
    { 0x00D1, 9 }, // U+00D1
    { 0x00D2, 10 }, // U+00D2
    { 0x00D3, 10 }, // U+00D3
    { 0x00D4, 10 }, // U+00D4
    { 0x00D5, 10 }, // U+00D5
    { 0x00D6, 10 }, // U+00D6
    { 0x00D8, 10 }, // U+00D8
    { 0x00D9, 14 }, // U+00D9
    { 0x00DA, 14 }, // U+00DA
    { 0x00DB, 14 }, // U+00DB
    { 0x00DC, 14 }, // U+00DC
    { 0x00DD, 18 }, // U+00DD
    { 0x00DE, 9 }, // U+00DE
    { 0x00E0, 20 }, // U+00E0
    { 0x00E1, 20 }, // U+00E1
    { 0x00E2, 20 }, // U+00E2
    { 0x00E3, 20 }, // U+00E3
    { 0x00E4, 20 }, // U+00E4
    { 0x00E5, 20 }, // U+00E5
    { 0x00E6, 20 }, // U+00E6
    { 0x00E7, 22 }, // U+00E7
    { 0x00E8, 22 }, // U+00E8
    { 0x00E9, 22 }, // U+00E9
    { 0x00EA, 22 }, // U+00EA
    { 0x00EB, 22 }, // U+00EB
    { 0x00EC, 32 }, // U+00EC
    { 0x00EE, 32 }, // U+00EE
    { 0x00EF, 32 }, // U+00EF
    { 0x00F0, 22 }, // U+00F0
    { 0x00F2, 22 }, // U+00F2
    { 0x00F3, 22 }, // U+00F3
    { 0x00F4, 22 }, // U+00F4
    { 0x00F5, 22 }, // U+00F5
    { 0x00F6, 22 }, // U+00F6
    { 0x00F8, 22 }, // U+00F8
    { 0x00F9, 25 }, // U+00F9
    { 0x00FA, 25 }, // U+00FA
    { 0x00FB, 25 }, // U+00FB
    { 0x00FC, 25 }, // U+00FC
    { 0x00FD, 28 }, // U+00FD
    { 0x00FE, 21 }, // U+00FE
    { 0x00FF, 28 }, // U+00FF
    { 0x0100, 8 }, // U+0100
    { 0x0101, 20 }, // U+0101
    { 0x0102, 8 }, // U+0102
    { 0x0103, 20 }, // U+0103
    { 0x0104, 8 }, // U+0104
    { 0x0105, 20 }, // U+0105
    { 0x0106, 10 }, // U+0106
    { 0x0107, 22 }, // U+0107
    { 0x010A, 10 }, // U+010A
    { 0x010B, 22 }, // U+010B
    { 0x010C, 10 }, // U+010C
    { 0x010D, 22 }, // U+010D
    { 0x010E, 9 }, // U+010E
    { 0x010F, 22 }, // U+010F
    { 0x0110, 9 }, // U+0110
    { 0x0111, 22 }, // U+0111
    { 0x0112, 9 }, // U+0112
    { 0x0113, 22 }, // U+0113
    { 0x0116, 9 }, // U+0116
    { 0x0117, 22 }, // U+0117
    { 0x0118, 9 }, // U+0118
    { 0x0119, 22 }, // U+0119
    { 0x011A, 9 }, // U+011A
    { 0x011B, 22 }, // U+011B
    { 0x011E, 10 }, // U+011E
    { 0x011F, 22 }, // U+011F
    { 0x0120, 10 }, // U+0120
    { 0x0121, 22 }, // U+0121
    { 0x0122, 10 }, // U+0122
    { 0x0123, 22 }, // U+0123
    { 0x0126, 9 }, // U+0126
    { 0x0127, 21 }, // U+0127
    { 0x012A, 9 }, // U+012A
    { 0x012B, 32 }, // U+012B
    { 0x012E, 9 }, // U+012E
    { 0x0130, 9 }, // U+0130
    { 0x0136, 9 }, // U+0136
    { 0x0137, 21 }, // U+0137
    { 0x0139, 9 }, // U+0139
    { 0x013A, 21 }, // U+013A
    { 0x013B, 9 }, // U+013B
    { 0x013C, 21 }, // U+013C
    { 0x013D, 9 }, // U+013D
    { 0x013E, 21 }, // U+013E
    { 0x0141, 9 }, // U+0141
    { 0x0142, 21 }, // U+0142
    { 0x0143, 9 }, // U+0143
    { 0x0145, 9 }, // U+0145
    { 0x0147, 9 }, // U+0147
    { 0x0150, 10 }, // U+0150
    { 0x0151, 22 }, // U+0151
    { 0x0152, 10 }, // U+0152
    { 0x0153, 22 }, // U+0153
    { 0x0154, 9 }, // U+0154
    { 0x0158, 9 }, // U+0158
    { 0x015A, 12 }, // U+015A
    { 0x015B, 24 }, // U+015B
    { 0x015E, 12 }, // U+015E
    { 0x015F, 24 }, // U+015F
    { 0x0160, 12 }, // U+0160
    { 0x0161, 24 }, // U+0161
    { 0x0164, 13 }, // U+0164
    { 0x016A, 14 }, // U+016A
    { 0x016B, 25 }, // U+016B
    { 0x016E, 14 }, // U+016E
    { 0x016F, 25 }, // U+016F
    { 0x0170, 14 }, // U+0170
    { 0x0171, 25 }, // U+0171
    { 0x0172, 14 }, // U+0172
    { 0x0173, 25 }, // U+0173
    { 0x0174, 16 }, // U+0174
    { 0x0175, 27 }, // U+0175
    { 0x0176, 18 }, // U+0176
    { 0x0177, 28 }, // U+0177
    { 0x0178, 18 }, // U+0178
    { 0x0179, 19 }, // U+0179
    { 0x017A, 29 }, // U+017A
    { 0x017B, 19 }, // U+017B
    { 0x017C, 29 }, // U+017C
    { 0x017D, 19 }, // U+017D
    { 0x017E, 29 }, // U+017E
    { 0x0218, 12 }, // U+0218
    { 0x0219, 24 }, // U+0219
    { 0x021A, 13 }, // U+021A
    { 0x2018, 33 }, // U+2018
    { 0x2019, 4 }, // U+2019
    { 0x201A, 34 }, // U+201A
    { 0x201C, 33 }, // U+201C
    { 0x201D, 4 }, // U+201D
    { 0x201E, 34 }, // U+201E
    { 0x2026, 34 }, // U+2026
    { 0x2039, 35 }, // U+2039
    { 0x203A, 35 }, // U+203A
};

static const int8_t notonaskh_10_boldKernMatrix[] = {
       0,    0,    0,    0,    0,    0,    0,  -27,    0,    0,    0,    0,    0,    0,    0,    0,    0,    0,    0,    0,    0,   -7,  -20,    0,    0,    0,    0,    0,    0,    0,  -40,    0,    0,    0,    0,
       0,    0,    0,    0,    0,  -10,    0,    0,    0,    0,    0,    0,  -10,    0,  -13,  -13,    0,  -10,    0,    0,    0,    0,    0,    0,    0,    0,    0,    0,    0,    0,    0,    0,    0,    0,    0,
       0,   -3,    0,    0,  -40,    0,    0,  -17,    0,    0,    0,    0,    0,    0,    0,    0,    0,    0,    0,    0,    0,    0,    0,    0,    0,    0,    0,    0,    0,    0,  -27,    0,    0,  -40,    0,
       0,    0,    0,    0,    0,  -30,    0,    0,    0,   -7,    0,    0,  -30,   -7,  -37,  -30,    0,  -27,    0,    0,    0,    0,    0,    0,    0,  -23,  -20,  -17,    0,    0,    0,    0,    0,    0,    0,
       0,    0,    0,    0,    0,    0,    0,  -10,    0,    0,    0,    0,    0,    0,    0,    0,    0,   -3,    0,    0,    0,    0,    0,    0,    0,    0,    0,    0,    0,    0,    0,    0,    0,    0,    0,
     -27,    0,    0,  -23,    0,  -20,    0,    0,    0,   -7,    0,    0,  -20,   -7,  -27,  -23,    0,  -23,    0,    0,    0,   -7,   -7,    0,   -7,  -20,  -10,  -17,    0,    0,    0,    0,  -23,    0,    0,
       0,    0,    0,   -7,    0,   -7,    0,   -7,    0,    0,    0,    0,   -7,    0,  -13,  -10,   -7,  -13,   -7,    0,    0,    0,    0,    0,    0,    0,   -3,   -7,    0,    0,  -10,    0,    0,    0,    0,
       0,    0,    0,    0,   -7,   -7,    0,   -7,    0,    0,    0,    0,   -7,    0,   -7,   -7,   -7,  -10,    0,    0,    0,    0,    0,    0,    0,    0,    0,    0,    0,    0,  -17,    0,    0,   -7,    0,
       0,    0,    0,    0,    0,    0,    0,    0,    0,    0,    0,    0,    0,    0,   -7,   -7,    0,   -7,    0,    0,    0,    0,    0,    0,    0,    0,    0,    0,    0,    0,    0,    0,    0,    0,    0,
       0,   -7,    0,    0,  -40,    0,  -13,  -23,    0,    0,    0,    0,    0,    0,    0,    0,    0,    0,    0,  -13,    0,  -13,  -13,    0,    0,    0,    0,    0,    0,    0,  -37,    0,    0,  -40,    0,
       0,    0,    0,    0,    0,   -7,    0,    0,    0,    0,    0,    0,   -7,    0,   -7,   -7,    0,   -7,    0,    0,    0,    0,    0,    0,    0,    0,    0,    0,    0,    0,   -7,    0,    0,    0,    0,
       0,    0,    0,    0,    0,    0,    0,    0,    0,   -7,    0,    0,    0,    0,    0,    0,    0,    0,    0,    0,    0,   -7,   -7,    0,   -7,    0,  -10,  -10,    0,    0,    0,    0,    0,    0,    0,
     -20,    0,    0,  -27,    0,  -23,    0,    0,    0,    0,    0,    0,  -23,    0,  -17,  -17,    0,  -20,    0,    0,    0,    0,    0,    0,    0,   -7,   -3,  -10,    0,   -7,    0,    0,  -27,    0,    0,
       0,    0,    0,    0,    0,    0,    0,    0,    0,    0,    0,    0,    0,    0,    0,    0,    0,    0,    0,    0,    0,    0,    0,    0,    0,    0,    0,    0,    0,    0,    0,    0,    0,    0,   -3,
       0,    0,    0,   -7,    0,   -7,    0,    0,    0,   -7,    0,    0,   -7,   -3,  -10,  -10,    0,  -10,    0,    0,    0,    0,    0,    0,    0,   -3,   -3,   -7,    0,    0,    0,    0,    0,    0,    0,
       0,    0,    0,    0,    0,   -7,    0,   -7,    0,    0,    0,    0,   -7,    0,   -7,   -7,   -7,   -7,    0,    0,    0,    0,    0,    0,    0,    0,   -3,   -7,    0,    0,   -7,    0,    0,    0,    0,
       0,   -3,    0,    0,  -30,    0,  -10,  -20,    0,   -7,    0,    0,    0,    0,    0,    0,    0,    0,    0,  -10,    0,  -13,  -13,   -2,    0,    0,    0,    0,    0,    0,  -27,    0,    0,  -30,    0,
       0,    0,    0,    0,   -7,    0,   -3,   -7,    0,    0,    0,    0,    0,    0,    0,    0,    0,    0,    0,    0,    0,    0,    0,    0,    0,    0,    0,    0,    0,    0,  -13,    0,    0,   -7,    0,
       0,  -10,    0,    0,  -37,    0,  -17,  -27,    0,   -7,    0,    0,    0,    0,    0,    0,    0,    0,    0,  -20,    0,  -20,  -20,  -13,    0,    0,    0,    0,    0,    0,  -43,    0,    0,  -37,    0,
       0,    0,    0,    0,  -30,    0,  -17,  -23,    0,   -7,    0,    0,    0,    0,    0,    0,    0,    0,    0,  -21,    0,  -20,  -20,  -17,    0,    0,    0,    0,  -10,    0,  -43,    0,    0,  -30,    0,
       0,    0,    0,    0,    0,    0,    0,    0,    0,   -7,    0,   -3,    0,    0,    0,    0,    0,    0,    0,    0,    0,    0,    0,    0,    0,    0,  -10,  -17,    0,    0,    0,    0,    0,    0,    0,
       0,   -3,    0,    0,  -27,    0,  -13,  -23,    0,  -10,    0,   -7,    0,    0,    0,    0,    0,    0,    0,  -20,    0,  -23,  -23,  -20,    0,    0,    0,    0,   -7,    0,  -30,    0,    0,  -27,    0,
       0,    0,    0,    0,    0,    0,    0,    0,    0,    0,    0,    0,    0,    0,    0,    0,    0,    0,    0,    0,    0,    0,    0,    0,    0,    0,    0,    6,    0,    0,    0,    0,    0,    0,    0,
     -13,    0,    0,    0,    0,    0,    0,    0,    0,    0,    0,    0,    0,    0,    0,    0,    0,    0,    0,    0,    0,    0,    0,    0,    0,    0,    0,   -7,    0,    0,    0,    0,    0,    0,    0,
       0,    0,    0,    0,    0,    0,    0,    0,    0,    0,    0,    0,    0,    0,  -20,  -20,    0,  -23,    0,    0,    0,    0,    0,    0,    0,    0,    0,   -7,    0,    0,    0,    0,    0,    0,    0,
       0,    0,    0,    0,    0,    0,    0,    0,    0,    0,    0,    0,    0,    0,  -20,  -20,    0,  -20,    0,    0,    0,    0,    0,    0,    0,    0,    0,    0,    0,    0,    0,    0,    0,    0,    0,
      27,    0,   30,   27,    0,    0,    0,    0,    0,    0,    0,    0,    0,    0,    0,    0,    0,    0,    0,    0,    0,    0,    0,    0,    0,    0,    0,    0,    0,    0,    0,   13,    0,    0,    0,
       0,    0,    0,    0,    0,    0,    0,    0,    0,    0,    0,    0,    0,    0,    0,   -7,    0,    0,    0,    0,    0,    0,    0,    0,    0,    0,    0,    0,    0,    0,    0,    0,    0,    0,    0,
       0,    0,    0,    0,    0,    0,    0,    0,    0,    0,    0,    0,    0,    0,    0,    0,    0,    0,    0,    0,    0,   -7,   -7,    0,    0,    0,    0,    0,    0,    0,    0,    0,    0,    0,    0,
       0,    0,    0,   10,  -47,    0,    0,    0,    0,    0,    0,    0,    0,    0,    0,    0,    0,    0,    0,   -7,    0,    0,    0,    0,    0,    0,    0,    0,    0,    0,    0,    0,    0,  -47,    0,
       0,    0,    0,    0,    0,    0,    0,    0,    0,    0,    0,    0,    0,    0,    0,    0,    0,  -20,    0,    0,    0,    0,    0,    0,    0,    0,    0,    0,    0,    0,    0,    0,    0,    0,    0,
       0,    0,    0,    0,  -17,    0,    0,  -20,    0,    0,    0,    0,    0,    0,    0,    0,    0,    0,    0,    0,    0,    0,    0,    0,    0,    0,    0,    0,    0,    0,    0,    0,    0,  -23,    0,
       0,    0,    0,    0,  -23,    0,    0,  -10,    0,    0,    0,    0,    0,    0,    0,    0,    0,    0,    0,    0,    0,    0,    0,    0,    0,    0,    0,    0,    0,    0,    0,    0,    0,  -23,    0,
       0,    0,    0,    0,  -30,    0,    0,  -17,    0,    0,    0,    0,    0,    0,    0,    0,    0,    0,    0,    0,    0,   -3,   -3,    0,    0,    0,    0,    0,    0,    0,    0,    0,    0,  -30,    0,
       0,    0,    0,    0,    0,    0,    0,    0,    0,    0,    0,    0,    0,    0,  -10,   -7,    0,  -10,    0,    0,    0,    0,    0,    0,    0,    0,    0,    0,    0,    0,    0,    0,    0,    0,    0,
       0,    0,    0,    0,    0,   -7,    0,    0,    0,    0,    0,    0,   -7,    0,  -17,  -17,    0,  -17,    0,    0,    0,    0,    0,    0,    0,    0,    0,    0,    0,    0,    0,    0,    0,    0,    0,
     -27,    0,    0,  -23,    0,  -20,    0,    0,    0,   -7,    0,    0,  -20,   -7,  -27,  -23,    0,  -23,    0,    0,    0,   -7,   -7,    0,   -7,  -17,  -10,  -17,    0,    0,    0,    0,  -23,    0,    0,
       0,    0,   20,   13,    0,   27,    0,    0,   17,    0,   20,    0,   17,   23,   27,   23,   23,   33,   13,    0,   30,    0,    0,    0,    0,    0,    0,    0,    0,    0,    0,    0,    0,    0,    0,
       0,    0,    0,    0,    0,    0,    0,    0,    0,    0,    0,    0,    0,    0,    0,    0,    0,    0,    0,    0,   14,    0,    0,    0,    0,    0,    0,    0,    0,    0,    0,    0,    0,    0,    0,
       0,    0,    0,    0,    0,    0,    0,  -23,    0,    0,    0,    0,    0,    0,    0,    0,    0,    0,    0,    0,    0,    0,    0,    0,    0,    0,    0,    0,    0,    0,  -47,    0,    0,    0,    0,
       0,    0,    0,    0,    0,    0,    0,  -33,    0,   -7,    0,    0,    0,    0,    0,    0,    0,    0,    0,  -10,    0,  -13,  -13,  -17,    0,    0,    0,    0,    0,    0,    0,    0,    0,    0,    0,
};

static constexpr EpdFontData notonaskh_10_bold = {
    notonaskh_10_boldBitmaps,
    notonaskh_10_boldGlyphs,
    notonaskh_10_boldIntervals,
    44,
    35,
    23,
    -14,
    true,
    notonaskh_10_boldGroups,
    8,
    nullptr,
    notonaskh_10_boldKernLeftClasses,
    notonaskh_10_boldKernRightClasses,
    notonaskh_10_boldKernMatrix,
    158,
    206,
    41,
    35,
    nullptr,
    0,
};
