/**
 * generated by fontconvert.py
 * name: notonaskh_16_regular
 * size: 16
 * mode: 2-bit  compressed: true
 * Command used: fontconvert.py notonaskh_16_regular 16 ../builtinFonts/source/NotoNaskhArabic/NotoNaskhArabic-Regular.ttf --additional-intervals 0x0600,0x06FF --additional-intervals 0xFE70,0xFEFC --font-include-intervals 0:0x0000,0x024F --font-include-intervals 0:0x0300,0x036F --font-include-intervals 0:0x2000,0x206F --font-include-intervals 0:0x0600,0x06FF --font-include-intervals 0:0xFE70,0xFEFC --2bit --compress --pnum --darken-aa
 */
#pragma once
#include "EpdFontData.h"

static const uint8_t notonaskh_16_regularBitmaps[21911] = {
    0xCD, 0x5A, 0x3D, 0x90, 0xDD, 0x56, 0x15, 0x3E, 0x92, 0xE2, 0x15, 0x83, 0x18, 0x94, 0x22, 0x9E,
    0x61, 0x08, 0x44, 0x94, 0x0C, 0x49, 0x56, 0x14, 0x14, 0x29, 0xDE, 0xAE, 0x04, 0x29, 0x29, 0xE2,
    0xC2, 0xDB, 0xD0, 0xA4, 0x26, 0x0C, 0x2C, 0x05, 0x85, 0x67, 0xD8, 0x58, 0x22, 0x94, 0x29, 0x70,
    0x03, 0xB5, 0x8B, 0x14, 0x99, 0xA5, 0x58, 0x0A, 0x17, 0xCB, 0xCC, 0x7A, 0x25, 0x27, 0x05, 0x45,
    0x8A, 0x68, 0xA0, 0xA0, 0xA0, 0x40, 0x13, 0x6F, 0xC1, 0x84, 0x61, 0x72, 0x49, 0x14, 0x90, 0x6D,
    0x49, 0x97, 0xEF, 0x3B, 0x57, 0xEF, 0xBD, 0x5D, 0x67, 0x13, 0x3B, 0x36, 0xCC, 0xF0, 0xDE, 0xD3,
    0xB9, 0xFB, 0xF4, 0xAE, 0xEE, 0xCF, 0xF9, 0xF9, 0xCE, 0xCF, 0x5D, 0x91, 0xAF, 0xC9, 0x9E, 0x2C,
    0xF0, 0xDE, 0x5A, 0xBD, 0x9F, 0xD7, 0xF7, 0xD7, 0xE7, 0x37, 0x5F, 0xCF, 0x4B, 0x96, 0x17, 0x79,
    0x8C, 0xBF, 0xB2, 0xEF, 0xF5, 0xD9, 0x8B, 0x7D, 0xE6, 0xE3, 0xD3, 0xA5, 0x9E, 0x49, 0xC5, 0x24,
    0x62, 0xBE, 0x2C, 0x86, 0xBD, 0x82, 0xFA, 0x19, 0x92, 0x4D, 0x91, 0xB0, 0xDE, 0x12, 0x89, 0xCA,
    0x85, 0x48, 0x9C, 0x93, 0x60, 0x8A, 0x0B, 0x2F, 0xEF, 0xDC, 0xBC, 0x14, 0x5B, 0x6B, 0x0D, 0x49,
    0x2B, 0x9B, 0x7C, 0x66, 0x8B, 0x64, 0xE1, 0x81, 0xEC, 0xF9, 0xAD, 0xC8, 0x51, 0xD0, 0x88, 0x1C,
    0x06, 0xB5, 0x64, 0xE8, 0x52, 0x92, 0xD4, 0x17, 0x3F, 0x7E, 0xF9, 0xD7, 0xE2, 0x99, 0x38, 0x17,
    0xBF, 0xC5, 0xFC, 0x41, 0x43, 0x52, 0x27, 0xA7, 0xE7, 0x11, 0xC9, 0x45, 0xFC, 0xDA, 0x5D, 0x4F,
    0x4F, 0xB9, 0x87, 0xE1, 0xC3, 0x0F, 0xFF, 0xD0, 0xC5, 0x6F, 0xBD, 0xD5, 0xC7, 0x6F, 0xD5, 0x7D,
    0xF2, 0x56, 0x6D, 0xD0, 0x4A, 0xFC, 0x5E, 0x2D, 0x91, 0xAD, 0xC5, 0xB7, 0x98, 0xA5, 0x1A, 0x65,
    0xFE, 0x62, 0xC4, 0x7F, 0x67, 0x10, 0xFF, 0xD6, 0xB0, 0xE9, 0xD7, 0x63, 0xE6, 0xAE, 0x21, 0x7B,
    0xED, 0xD6, 0x90, 0xFE, 0xF1, 0x1D, 0x13, 0x62, 0x09, 0xB2, 0x7B, 0xB2, 0x1E, 0x9F, 0x97, 0x57,
    0xCB, 0xFC, 0xF2, 0x6D, 0x29, 0x61, 0x29, 0xF1, 0x9F, 0x0D, 0x36, 0x2A, 0xE9, 0x77, 0x7B, 0x49,
    0xC1, 0x22, 0x19, 0xB0, 0x31, 0x29, 0xD0, 0x1C, 0x89, 0x1C, 0xCB, 0x28, 0x1D, 0x9B, 0x63, 0xDF,
    0x68, 0xC3, 0x3D, 0x1E, 0xCB, 0x14, 0x61, 0x90, 0xAB, 0x32, 0xC6, 0xF9, 0x0F, 0xF9, 0x40, 0x1A,
    0xDA, 0x1A, 0xCD, 0x56, 0xF2, 0xB6, 0x49, 0x5E, 0x33, 0x47, 0x99, 0xD7, 0x47, 0xB6, 0xE9, 0x38,
    0x12, 0x1E, 0xBB, 0x8A, 0x06, 0x3B, 0xE7, 0x48, 0x12, 0xD5, 0xDA, 0xC4, 0xB9, 0x36, 0xA9, 0x0E,
    0x8F, 0xD9, 0xB4, 0xCB, 0x91, 0x4E, 0x8D, 0xD9, 0xF0, 0xB8, 0x60, 0xB6, 0xF8, 0x6D, 0x83, 0xC7,
    0x04, 0x43, 0xEB, 0x62, 0x9F, 0x5A, 0xAE, 0x3A, 0xC5, 0xAA, 0x45, 0xEC, 0x01, 0xD6, 0xE3, 0x0F,
    0x3E, 0xC7, 0xEE, 0x74, 0x06, 0x73, 0x8A, 0xF6, 0xA4, 0xFE, 0x80, 0x5F, 0xD0, 0x33, 0x81, 0x6C,
    0xA4, 0xB0, 0x7C, 0x36, 0xEB, 0xC4, 0x76, 0xBE, 0x05, 0xBD, 0x1E, 0x7F, 0x34, 0xA2, 0x53, 0x56,
    0xDB, 0xBC, 0xC7, 0x66, 0xB3, 0xA6, 0x93, 0x4A, 0x62, 0x63, 0x64, 0x92, 0x60, 0x22, 0x15, 0xF0,
    0x19, 0x34, 0xAB, 0x71, 0x5F, 0x12, 0x03, 0x15, 0x92, 0x74, 0x90, 0xB4, 0x91, 0xD1, 0x4A, 0x3C,
    0x1D, 0x98, 0xE2, 0x6F, 0x90, 0x54, 0x9E, 0x4E, 0x72, 0xE1, 0x12, 0x07, 0xCE, 0xF1, 0xC6, 0x06,
    0x52, 0xBC, 0x13, 0xF9, 0xF2, 0x92, 0xC1, 0xAD, 0xC4, 0x35, 0x46, 0xC7, 0x44, 0x58, 0x58, 0x84,
    0x3D, 0x35, 0x92, 0xD4, 0x92, 0xD6, 0x1C, 0x36, 0x2B, 0x4F, 0x7D, 0xF2, 0xB3, 0x5F, 0xB5, 0x0F,
    0x1E, 0x45, 0xFF, 0xD0, 0x70, 0x83, 0xDC, 0x4F, 0x26, 0xFC, 0xEE, 0xB5, 0x6E, 0x6C, 0x15, 0x07,
    0x47, 0x5B, 0x77, 0xC0, 0x72, 0x2B, 0x4A, 0xEE, 0x9C, 0xE1, 0xCE, 0xCC, 0x94, 0xB3, 0x0F, 0x7A,
    0x8E, 0xE2, 0x0D, 0x7C, 0x36, 0x6A, 0x25, 0x29, 0x39, 0xDA, 0x3C, 0xF4, 0x05, 0x68, 0x64, 0x5C,
    0xEA, 0xB5, 0x88, 0xBF, 0xDB, 0x14, 0xAF, 0xC7, 0xA6, 0xB8, 0x57, 0xB5, 0x5E, 0xD5, 0x0B, 0xAF,
    0xC2, 0x56, 0x6D, 0xF1, 0x7A, 0x62, 0x16, 0xB1, 0xDF, 0x50, 0x71, 0xB4, 0xEF, 0x17, 0x73, 0xF7,
    0xAC, 0x7E, 0xFF, 0xE4, 0x05, 0x63, 0xE8, 0x79, 0x7D, 0xDA, 0xEF, 0xE2, 0x61, 0x5A, 0x2C, 0xB4,
    0x68, 0xB2, 0x36, 0x69, 0x83, 0x26, 0xA8, 0xE3, 0xFC, 0xA6, 0xAE, 0xE7, 0xE2, 0x4E, 0x9E, 0xD9,
    0x16, 0x9F, 0xFB, 0x4C, 0x99, 0x76, 0x03, 0xFE, 0xC2, 0xDC, 0xF0, 0x81, 0x16, 0x47, 0x39, 0x0C,
    0x95, 0x9F, 0x4D, 0x6A, 0x14, 0x10, 0x81, 0x9F, 0x43, 0xEA, 0x13, 0x58, 0x05, 0x1B, 0x65, 0xDF,
    0x46, 0xFB, 0xC2, 0x8E, 0x4A, 0xCE, 0x89, 0xBE, 0x89, 0x76, 0x77, 0x7D, 0xF7, 0x44, 0x6E, 0x88,
    0x83, 0x82, 0xA5, 0xA6, 0x81, 0xA1, 0x1E, 0x4D, 0x28, 0xEC, 0x28, 0xBB, 0x16, 0x6A, 0x95, 0xD4,
    0x1E, 0x95, 0x06, 0xAC, 0x03, 0x2F, 0x27, 0xB2, 0xB2, 0x72, 0xCC, 0xAC, 0x66, 0x52, 0x9C, 0x43,
    0xE6, 0x2E, 0xDA, 0x19, 0x64, 0xE2, 0xB3, 0xA3, 0x1B, 0x2A, 0x6E, 0xFC, 0x1E, 0x12, 0x84, 0x0C,
    0xFD, 0xA9, 0x82, 0xA2, 0x17, 0x98, 0x52, 0x3C, 0x6A, 0x54, 0x88, 0x0D, 0xA7, 0xB8, 0xB0, 0xF1,
    0xE8, 0x83, 0x56, 0xAA, 0x5F, 0xB5, 0x72, 0x1C, 0xE3, 0xFB, 0x63, 0x5D, 0x46, 0xBE, 0x5A, 0x4D,
    0xD7, 0x00, 0x4D, 0xC6, 0xD9, 0x3F, 0x2C, 0xFE, 0xAE, 0xC5, 0x72, 0xB2, 0x1A, 0xCA, 0x0F, 0x13,
    0x8D, 0xDB, 0x57, 0xD1, 0xE9, 0x0B, 0xEB, 0x07, 0xB0, 0xA4, 0xB4, 0x54, 0xD5, 0x93, 0x9B, 0x58,
    0x18, 0x98, 0x19, 0xCC, 0xB7, 0x79, 0x0B, 0x00, 0x41, 0x58, 0x00, 0x47, 0x5F, 0x48, 0x72, 0xB9,
    0x02, 0xB6, 0xF7, 0x4B, 0x41, 0xAB, 0xB0, 0xB9, 0x17, 0x3B, 0x49, 0x34, 0x55, 0x4D, 0xD2, 0x44,
    0x26, 0xAD, 0x83, 0x3E, 0x2B, 0x83, 0x21, 0xC9, 0xFD, 0x61, 0x43, 0x02, 0x67, 0xBA, 0xD4, 0x5F,
    0xAA, 0xF1, 0x05, 0x1A, 0xDB, 0x1D, 0x91, 0x6F, 0x11, 0xDF, 0x62, 0x3C, 0xCB, 0xDF, 0xA9, 0xD2,
    0x42, 0xCB, 0xB5, 0x5F, 0xC0, 0xDF, 0x10, 0xD2, 0xB4, 0x0D, 0xB3, 0xCE, 0xF2, 0xA8, 0x4B, 0xEE,
    0x56, 0x4D, 0x88, 0xB1, 0xE5, 0x22, 0x15, 0x8F, 0x63, 0x70, 0x77, 0x18, 0x82, 0xE4, 0xE7, 0x24,
    0x1F, 0x11, 0x20, 0x6E, 0x73, 0x79, 0x00, 0x12, 0x89, 0x5F, 0x04, 0xD9, 0x0C, 0x08, 0xD8, 0x24,
    0x5D, 0x40, 0x8D, 0x00, 0x09, 0xEA, 0x80, 0xE8, 0x07, 0x92, 0xD2, 0x46, 0xB7, 0xF7, 0x7F, 0x7B,
    0xF7, 0x7A, 0x45, 0x9C, 0x7F, 0x85, 0x7F, 0x29, 0xA0, 0xCC, 0x44, 0xE7, 0x88, 0xB0, 0x60, 0xEF,
    0x60, 0x2A, 0x25, 0xB0, 0xB6, 0xC1, 0x45, 0x88, 0x35, 0x11, 0xAF, 0x5C, 0x78, 0xFD, 0x14, 0x4A,
    0xF5, 0x24, 0xD5, 0x73, 0x75, 0xC1, 0x98, 0x62, 0xAC, 0x33, 0x79, 0xDF, 0xD6, 0x4F, 0x10, 0x47,
    0x08, 0x4E, 0x42, 0xD8, 0xF2, 0x78, 0x8D, 0xAE, 0xF5, 0x87, 0xE7, 0xB0, 0xDF, 0x2D, 0xF0, 0x23,
    0xCB, 0x13, 0x93, 0x42, 0xE7, 0x22, 0x3B, 0xCE, 0x7B, 0x53, 0xC8, 0x83, 0x05, 0x1D, 0x60, 0xB9,
    0x81, 0x81, 0xC2, 0x74, 0x49, 0xED, 0x1B, 0xE8, 0x51, 0x4E, 0x11, 0x54, 0x33, 0x83, 0xA6, 0x8D,
    0x6B, 0x32, 0x55, 0x36, 0xB7, 0x1F, 0x17, 0x8D, 0xCD, 0x23, 0x03, 0x18, 0xEB, 0x71, 0x0D, 0x13,
    0xC6, 0xB6, 0xB8, 0x2A, 0xF2, 0x4D, 0x79, 0x17, 0xF4, 0x09, 0xF6, 0x1C, 0xB7, 0xD0, 0x67, 0xAA,
    0x5C, 0x35, 0xA9, 0xC1, 0xD3, 0x5D, 0xAD, 0xC8, 0x44, 0x7B, 0xB8, 0x29, 0x2F, 0x10, 0x55, 0x5E,
    0x10, 0xC0, 0xF1, 0x93, 0x2A, 0xE7, 0x99, 0x0F, 0xB4, 0x44, 0x6A, 0x80, 0x23, 0x29, 0xD7, 0xC8,
    0x95, 0x00, 0xC5, 0x9D, 0x96, 0x28, 0x16, 0xF1, 0xA9, 0xD3, 0xDC, 0x8B, 0x56, 0x4F, 0x25, 0x67,
    0x9F, 0xD2, 0x17, 0xD1, 0x39, 0x98, 0x0E, 0x1A, 0x1A, 0x59, 0xE7, 0x2C, 0x03, 0x6A, 0x37, 0xD0,
    0x50, 0x66, 0x92, 0xAA, 0xB5, 0x18, 0xA2, 0xD5, 0x18, 0x35, 0x50, 0x5D, 0x6E, 0xBA, 0x18, 0xC9,
    0x01, 0x35, 0xD0, 0xC2, 0xE0, 0xB1, 0x88, 0x9D, 0x3D, 0xBB, 0xB2, 0xC8, 0xCC, 0x11, 0x22, 0x22,
    0x0D, 0xEF, 0xD8, 0x8D, 0x12, 0xDD, 0x79, 0xD9, 0xD0, 0xAE, 0xA1, 0xD7, 0x8A, 0xDD, 0xBA, 0x80,
    0x81, 0x12, 0x2D, 0x63, 0x93, 0x34, 0x49, 0x1D, 0x1A, 0x68, 0x69, 0x9F, 0xE5, 0x1E, 0x38, 0x26,
    0x03, 0x9E, 0x1E, 0x71, 0x4D, 0x05, 0x2C, 0x97, 0x46, 0x9F, 0xD5, 0xC1, 0x14, 0x77, 0xC9, 0x14,
    0xD8, 0x71, 0x92, 0xA2, 0xE5, 0x12, 0x56, 0x52, 0x74, 0xD2, 0x0D, 0xCC, 0x97, 0xB0, 0xDF, 0x04,
    0xB3, 0xC5, 0xEF, 0x5B, 0x38, 0x30, 0xDC, 0xBA, 0x28, 0xF2, 0x15, 0x42, 0x57, 0x99, 0xC8, 0xFD,
    0xAF, 0xD3, 0x90, 0x16, 0x37, 0x89, 0x49, 0x4C, 0x6C, 0xFC, 0xF2, 0xFE, 0x5E, 0x9E, 0x24, 0x4D,
    0x66, 0x52, 0x13, 0x19, 0xCF, 0xF8, 0x6D, 0x58, 0xA7, 0xC4, 0xB6, 0xE5, 0x0B, 0x82, 0x02, 0x8C,
    0x10, 0x2E, 0x7C, 0xB0, 0x25, 0xE9, 0xB0, 0xBB, 0x9C, 0x8D, 0x54, 0x18, 0x07, 0x7F, 0x4A, 0x4A,
    0x5B, 0x20, 0xC7, 0x88, 0x28, 0x3E, 0x8D, 0x2A, 0xC3, 0x1F, 0x21, 0x45, 0x74, 0x65, 0x39, 0xC8,
    0x69, 0xAB, 0x3D, 0xFD, 0xDA, 0xDF, 0xDF, 0x7F, 0x83, 0xF7, 0x5F, 0xD9, 0xDF, 0xBF, 0xCE, 0xEF,
    0xED, 0x6C, 0x96, 0x05, 0xEC, 0x34, 0x54, 0x01, 0x40, 0xA0, 0x11, 0x45, 0xCE, 0xD9, 0x62, 0xCC,
    0x1A, 0xF5, 0xFA, 0x2B, 0x7F, 0x44, 0x13, 0x4C, 0x6E, 0xDA, 0x49, 0x56, 0x0E, 0x46, 0x5F, 0x91,
    0x3D, 0x91, 0xEC, 0xEE, 0x24, 0xC4, 0x9F, 0x11, 0xAA, 0x01, 0xF1, 0xB6, 0xCF, 0xAD, 0x91, 0x07,
    0xA3, 0xA7, 0x84, 0x99, 0x52, 0xF5, 0x9B, 0xE3, 0x67, 0xB8, 0xB5, 0x2D, 0x8A, 0xD5, 0xAB, 0x6B,
    0x19, 0x15, 0x3C, 0x75, 0xCA, 0x14, 0xEC, 0xFC, 0xB7, 0xE3, 0x5B, 0x75, 0xC7, 0x59, 0x10, 0x1D,
    0x88, 0x6F, 0xF3, 0x8D, 0xD1, 0x8D, 0x9F, 0xAA, 0x1F, 0x44, 0x40, 0xA2, 0xCA, 0xEA, 0x53, 0xB1,
    0x5E, 0xF9, 0x05, 0x4C, 0xB8, 0x85, 0x1A, 0xE4, 0x87, 0x71, 0x0D, 0x6E, 0xCB, 0x5E, 0x9A, 0x23,
    0x32, 0x90, 0xBD, 0x8C, 0x70, 0x2F, 0x8B, 0x6D, 0xC8, 0xF8, 0xAA, 0x2C, 0x6E, 0x42, 0xC4, 0x37,
    0x65, 0xEF, 0x48, 0xC3, 0x8E, 0xBD, 0x41, 0x23, 0x8E, 0xC3, 0x21, 0x64, 0xD3, 0xA1, 0x41, 0x27,
    0x83, 0x9B, 0x41, 0xEF, 0xB7, 0x88, 0x3F, 0xC2, 0x21, 0xAC, 0x8F, 0xBC, 0xE9, 0x27, 0xD9, 0x2E,
    0x9E, 0x29, 0xFA, 0x64, 0xC0, 0x0E, 0x36, 0x4A, 0xEF, 0xDA, 0x52, 0xF7, 0x13, 0x17, 0xDC, 0x44,
    0x34, 0x91, 0x4B, 0x12, 0x8C, 0x0E, 0x66, 0xAA, 0x13, 0x8F, 0xBC, 0x8C, 0x66, 0x69, 0xEC, 0xDE,
    0x55, 0x1C, 0x80, 0xDA, 0x2F, 0x51, 0x4E, 0x81, 0x04, 0x1C, 0xD1, 0x9F, 0xB7, 0xB9, 0x03, 0xF9,
    0xBD, 0xD2, 0x6E, 0xD2, 0xD8, 0xA0, 0xD2, 0xE0, 0x83, 0x1B, 0x0C, 0x6A, 0x72, 0x10, 0xFA, 0x52,
    0xD3, 0x4F, 0x93, 0xAB, 0xB1, 0x0E, 0x91, 0xEA, 0x9C, 0x99, 0xCE, 0x00, 0x3A, 0xD0, 0x57, 0x7A,
    0x1A, 0x7E, 0x41, 0x50, 0x0C, 0x69, 0x2B, 0x45, 0xFA, 0x22, 0x67, 0xC0, 0x97, 0x95, 0x9C, 0x3B,
    0xAB, 0x0F, 0xEE, 0xCA, 0x86, 0xBD, 0x03, 0xD3, 0x03, 0xA2, 0x01, 0x24, 0xAF, 0xC1, 0xF6, 0x2C,
    0x41, 0x06, 0x92, 0xF7, 0x19, 0x1B, 0xF9, 0x94, 0x21, 0x89, 0x39, 0x4B, 0xF8, 0x43, 0x56, 0xFB,
    0xE3, 0x0F, 0x26, 0x1A, 0x6E, 0x07, 0x0D, 0xDC, 0xB7, 0xF9, 0xB2, 0x73, 0xC8, 0x2E, 0x60, 0x17,
    0xC8, 0x70, 0x96, 0xF0, 0x5E, 0x64, 0x30, 0x7C, 0xDA, 0xEE, 0x32, 0xA4, 0x3E, 0xA5, 0x9D, 0x3E,
    0xA1, 0x1F, 0x42, 0x6D, 0xA0, 0xDE, 0x3A, 0x07, 0x58, 0x0D, 0x30, 0x87, 0xE9, 0x88, 0x0F, 0x5F,
    0x23, 0x4E, 0x79, 0xE8, 0xA9, 0xCF, 0x90, 0x72, 0x45, 0xCE, 0xFE, 0xA0, 0x9D, 0x35, 0x4E, 0x8C,
    0x97, 0x28, 0xFF, 0x0D, 0x0A, 0xE3, 0x77, 0x62, 0x4B, 0x8C, 0x9B, 0x71, 0xA2, 0x88, 0x53, 0x12,
    0x92, 0xB1, 0xE9, 0x13, 0xC2, 0x0E, 0x14, 0x85, 0x7B, 0x2F, 0x5A, 0x1A, 0x7E, 0x38, 0x90, 0x7A,
    0x93, 0x82, 0x80, 0x55, 0x5A, 0x90, 0x29, 0xDC, 0xF7, 0x8A, 0xA6, 0x8E, 0x36, 0x9F, 0x42, 0xEB,
    0xFB, 0xFB, 0xBB, 0x11, 0xEC, 0x7A, 0xE4, 0x90, 0xAC, 0xA1, 0x35, 0x2B, 0x3F, 0xC4, 0x31, 0x84,
    0x2B, 0xA9, 0x95, 0xE0, 0xB7, 0x98, 0x0F, 0x06, 0x4A, 0x38, 0xA8, 0xAF, 0x23, 0xCB, 0xFD, 0x64,
    0xDC, 0xB9, 0x4C, 0x49, 0x0C, 0x94, 0xC4, 0x1B, 0x72, 0x6E, 0x97, 0x25, 0xF9, 0x19, 0xC9, 0x0D,
    0x92, 0x0E, 0xC3, 0xFB, 0x1D, 0x67, 0xEE, 0x2C, 0x3D, 0xE4, 0x23, 0xCC, 0xAB, 0x64, 0xDA, 0x7F,
    0x73, 0x9E, 0xFC, 0xB3, 0xE6, 0x3D, 0x45, 0x34, 0x12, 0xD8, 0xB5, 0x6F, 0x10, 0xA3, 0x86, 0x35,
    0x22, 0x56, 0x1A, 0x29, 0xE8, 0xAD, 0xA2, 0x0C, 0xAC, 0x3A, 0x53, 0xAB, 0x21, 0x45, 0xA5, 0x62,
    0xBC, 0xA2, 0x86, 0x3E, 0x0B, 0xD7, 0xC9, 0xF9, 0x2C, 0x2D, 0x4F, 0x51, 0x44, 0xDC, 0xD6, 0x80,
    0x3E, 0x8D, 0x58, 0xB3, 0xE6, 0x38, 0xA9, 0x52, 0xAA, 0x92, 0xD5, 0xD1, 0x00, 0xE4, 0x9D, 0x8E,
    0xAF, 0xB3, 0x08, 0xB9, 0x4F, 0x0D, 0x3C, 0xB0, 0xE2, 0x74, 0x1A, 0xCE, 0xE4, 0x32, 0x65, 0xC1,
    0x68, 0x00, 0x4D, 0x1B, 0x3A, 0xCB, 0x20, 0x6A, 0x39, 0xE1, 0x7E, 0x9E, 0x66, 0xDC, 0xD9, 0xD9,
    0x65, 0x76, 0x47, 0xE6, 0x92, 0x61, 0xFB, 0x55, 0xFD, 0x08, 0xA3, 0xB8, 0x26, 0x50, 0x05, 0x03,
    0xFF, 0xAE, 0x6F, 0xD8, 0xBB, 0x62, 0x97, 0x0B, 0x84, 0xF8, 0xDA, 0x40, 0x65, 0xF0, 0x08, 0x1F,
    0x3C, 0x88, 0xF1, 0xDC, 0x58, 0xB4, 0x0B, 0x97, 0xB0, 0x3C, 0xFE, 0xC7, 0x25, 0x28, 0x05, 0xB5,
    0x7D, 0x17, 0x89, 0x46, 0xC9, 0x75, 0xC6, 0xB6, 0xC1, 0x52, 0x23, 0xD5, 0xB2, 0x79, 0x76, 0x43,
    0x1A, 0xE9, 0x0E, 0x13, 0xD5, 0x91, 0x57, 0x95, 0x76, 0x9A, 0xF3, 0x11, 0xE7, 0x07, 0xA6, 0x24,
    0x0C, 0x76, 0x48, 0xE9, 0x9F, 0xFC, 0xC9, 0xAA, 0x0B, 0x7C, 0x97, 0xC1, 0x97, 0x0D, 0xD5, 0x59,
    0xD3, 0x21, 0xE2, 0x29, 0x48, 0x92, 0xF0, 0xA4, 0x62, 0x4A, 0x75, 0xE4, 0xD8, 0xCD, 0xA2, 0xF2,
    0xF3, 0x6C, 0x89, 0x9D, 0x4A, 0xD5, 0x31, 0x66, 0x4E, 0x86, 0x8A, 0xC3, 0x54, 0xF4, 0x25, 0xC1,
    0x43, 0x2A, 0xEF, 0x43, 0x92, 0x1B, 0x6B, 0x33, 0x3B, 0x6B, 0x6B, 0x66, 0xB6, 0x35, 0x75, 0x62,
    0x30, 0xB7, 0x9C, 0x78, 0x0D, 0x75, 0x67, 0xB2, 0x00, 0x24, 0x65, 0x5B, 0x61, 0xD5, 0x48, 0x11,
    0xE4, 0x1E, 0xDA, 0xBF, 0x23, 0xB4, 0x61, 0x8B, 0xC0, 0x37, 0xF8, 0x0B, 0xDB, 0x5E, 0x82, 0x77,
    0xD0, 0xBE, 0x07, 0x86, 0xBD, 0xCE, 0x98, 0x17, 0xAE, 0xF6, 0xFB, 0x6C, 0x27, 0x89, 0x23, 0xB6,
    0x85, 0x6C, 0x6A, 0x9B, 0xE5, 0x0B, 0xD7, 0xD6, 0xAE, 0x4D, 0xEA, 0x43, 0x6D, 0xE3, 0xD6, 0x68,
    0x1B, 0xFD, 0xD3, 0xB5, 0xC1, 0x87, 0x8D, 0x6B, 0xEF, 0xD5, 0xDA, 0xFA, 0xB6, 0xD4, 0x56, 0x18,
    0x75, 0x52, 0x34, 0x96, 0x9E, 0x65, 0x77, 0x82, 0xAB, 0xDC, 0x9D, 0x00, 0xD9, 0x70, 0xD3, 0x84,
    0x09, 0x2C, 0x03, 0x3E, 0x63, 0xC4, 0x82, 0x47, 0x98, 0x2A, 0xE1, 0xC2, 0x32, 0x09, 0xE3, 0xFA,
    0x41, 0x3F, 0x60, 0x0C, 0xEE, 0xFF, 0x9D, 0xE9, 0xA1, 0x7F, 0x7B, 0x20, 0x6D, 0xAD, 0xD2, 0xAA,
    0x24, 0xCD, 0x6A, 0x52, 0x04, 0x46, 0xA0, 0x51, 0x47, 0x1A, 0x0C, 0xA4, 0xDE, 0x44, 0x2A, 0xD5,
    0x4B, 0xA4, 0xD9, 0xBB, 0xA4, 0xC9, 0x07, 0xA4, 0x91, 0x25, 0x0D, 0x94, 0x22, 0x16, 0x62, 0x04,
    0x6A, 0xF3, 0xDD, 0x89, 0x3E, 0x9F, 0x16, 0x95, 0xE4, 0xA7, 0xDD, 0x88, 0xF3, 0x23, 0xE8, 0x80,
    0x78, 0x88, 0x52, 0x1D, 0xD5, 0x35, 0x16, 0x8A, 0x1E, 0x59, 0x99, 0x68, 0x20, 0x42, 0x34, 0x40,
    0x48, 0x40, 0x27, 0xAA, 0xF8, 0x10, 0x1B, 0xE2, 0xC6, 0xB9, 0xB4, 0x5E, 0x51, 0xED, 0x99, 0x34,
    0x6E, 0x04, 0x37, 0x9A, 0x1B, 0x39, 0x70, 0xC9, 0xBA, 0xD5, 0x68, 0x31, 0xBB, 0x5B, 0x31, 0x16,
    0xD3, 0x95, 0x68, 0xC4, 0xBF, 0xF4, 0xAC, 0x23, 0xFB, 0xA9, 0x9F, 0x54, 0x6F, 0x90, 0x9C, 0xE7,
    0x59, 0xCD, 0xD2, 0x8B, 0x26, 0xEC, 0x92, 0xC1, 0x5F, 0x20, 0xFC, 0xF5, 0xE9, 0x16, 0xB0, 0xB5,
    0xFC, 0x91, 0x70, 0xF5, 0xFF, 0x8E, 0x27, 0x2E, 0xD6, 0x89, 0x4F, 0x51, 0x22, 0xF1, 0xBC, 0x7C,
    0x17, 0xDF, 0xE2, 0x09, 0xFD, 0xE2, 0x1F, 0x39, 0xEE, 0x39, 0xF6, 0xB9, 0xC8, 0x44, 0xED, 0x5A,
    0xB1, 0x22, 0x56, 0x4F, 0x1D, 0x9B, 0x4F, 0x50, 0xBD, 0x9F, 0x68, 0x9F, 0x8C, 0xFD, 0xFD, 0x51,
    0x41, 0x5D, 0x63, 0xE5, 0xCA, 0xE1, 0x89, 0x56, 0x9B, 0x1C, 0x6E, 0xD0, 0x03, 0x10, 0x37, 0x94,
    0x56, 0xA7, 0xD0, 0x03, 0x0B, 0xC5, 0x8C, 0x91, 0x62, 0x63, 0xC0, 0x70, 0xC5, 0x68, 0x6C, 0xAC,
    0x39, 0x4A, 0x8E, 0x64, 0xAB, 0x8D, 0x9B, 0xB0, 0x4B, 0x4B, 0xBF, 0xCF, 0x90, 0x49, 0x23, 0x00,
    0x6C, 0xB2, 0xD9, 0xFF, 0xA4, 0x73, 0xCA, 0x1B, 0xC2, 0x26, 0x3C, 0x8A, 0x82, 0x35, 0x2E, 0xD6,
    0xF6, 0x24, 0x9D, 0x13, 0x61, 0x6F, 0xFC, 0xCA, 0x9C, 0x00, 0x1F, 0xBB, 0x74, 0x64, 0x40, 0x8A,
    0xD2, 0x25, 0x77, 0x76, 0x57, 0x49, 0x30, 0x73, 0xB7, 0xA9, 0x20, 0x58, 0x5C, 0x65, 0x99, 0x61,
    0x0F, 0x24, 0xBD, 0x42, 0x4F, 0xA8, 0x64, 0x8E, 0x88, 0xFF, 0x3B, 0x84, 0x58, 0xF4, 0xAC, 0xFD,
    0x1B, 0x81, 0x68, 0x24, 0x42, 0x23, 0x13, 0x2A, 0xAC, 0xA1, 0x65, 0x4F, 0x0C, 0x32, 0x19, 0x46,
    0xC6, 0xF9, 0xFF, 0x8C, 0xAA, 0x9A, 0x24, 0xBA, 0x8A, 0x6D, 0xBA, 0x57, 0xDE, 0x4C, 0xAC, 0x83,
    0x77, 0x2D, 0x0D, 0x32, 0xA9, 0xD3, 0x0C, 0xBA, 0xAF, 0x80, 0x4D, 0xB6, 0x63, 0x3A, 0x92, 0xA9,
    0x5A, 0x6D, 0x2B, 0x2F, 0xB7, 0x54, 0xFB, 0xF7, 0x34, 0x6D, 0x3B, 0xD4, 0x71, 0x34, 0xDC, 0x65,
    0xD0, 0x0B, 0xA6, 0x52, 0x25, 0xEB, 0x80, 0x4A, 0x5A, 0x87, 0xAA, 0xB0, 0x5A, 0x09, 0x33, 0xB1,
    0x56, 0x00, 0x52, 0xAA, 0x5D, 0xBF, 0xAD, 0x06, 0xC4, 0xF4, 0xC3, 0x1B, 0xF6, 0xC8, 0x90, 0x51,
    0xF5, 0xF1, 0x58, 0x75, 0xB3, 0x70, 0x91, 0x79, 0xB3, 0x8E, 0x3C, 0x38, 0x00, 0x5D, 0xC6, 0x37,
    0x45, 0x97, 0xD4, 0x20, 0x0F, 0x0D, 0x6D, 0x17, 0x6A, 0x64, 0xC7, 0x85, 0xB9, 0x3F, 0x52, 0x8D,
    0xF2, 0xB0, 0x81, 0x2D, 0x06, 0x32, 0xC4, 0x45, 0x4A, 0x5B, 0x82, 0xBF, 0xD6, 0x2C, 0xB3, 0xC0,
    0x2C, 0xDE, 0x6D, 0x84, 0xC1, 0x9E, 0x44, 0xBF, 0x6A, 0xE9, 0xE9, 0xB2, 0x12, 0x38, 0xAE, 0x6B,
    0xAE, 0xE3, 0xC0, 0x30, 0x3D, 0x4F, 0xEB, 0x24, 0xE8, 0x19, 0xAE, 0x27, 0xCD, 0x26, 0xB4, 0x54,
    0x17, 0xBF, 0xF0, 0x06, 0x96, 0x6A, 0x23, 0xB3, 0x90, 0x91, 0xEB, 0x08, 0xCD, 0xA1, 0x4C, 0xAC,
    0xB7, 0x05, 0xFD, 0x0D, 0xA9, 0x12, 0xB5, 0x22, 0xC4, 0xB7, 0xA9, 0xEE, 0x08, 0x7F, 0xBC, 0xCA,
    0x05, 0x4F, 0xAD, 0xA4, 0x47, 0x2A, 0xE8, 0x06, 0x2E, 0x4F, 0x5C, 0x8A, 0x17, 0x6B, 0xE8, 0x5D,
    0xD4, 0x9A, 0xE1, 0xA9, 0xDA, 0x32, 0x53, 0x29, 0x6C, 0x9B, 0xD8, 0x3A, 0x23, 0x65, 0x08, 0xC6,
    0x2C, 0xD4, 0x6A, 0xC2, 0x5F, 0x94, 0xE4, 0x1E, 0x81, 0x9B, 0xDC, 0xDB, 0xD4, 0xA0, 0x7A, 0x4F,
    0xA7, 0xEB, 0xB4, 0x2A, 0xD4, 0xCE, 0xC3, 0xAE, 0xA3, 0xB1, 0x76, 0xCD, 0xBD, 0x7F, 0x2B, 0x3A,
    0xBD, 0xC7, 0xE4, 0x32, 0xAA, 0xAD, 0x56, 0x52, 0x10, 0x0B, 0x40, 0x7C, 0x64, 0xEB, 0x11, 0xAD,
    0xD6, 0xEB, 0x98, 0x65, 0xB2, 0x7E, 0x33, 0xD2, 0xD7, 0xA4, 0xF6, 0x1A, 0xA2, 0x71, 0x28, 0x61,
    0xC6, 0x78, 0x01, 0x14, 0xF1, 0x42, 0x4B, 0x3B, 0xAD, 0x18, 0x4A, 0x30, 0x3C, 0xB0, 0x2A, 0x6B,
    0xAC, 0x5A, 0x19, 0xA5, 0x45, 0xAC, 0x36, 0x54, 0xCE, 0x28, 0x37, 0x86, 0x44, 0xA5, 0xA9, 0xF5,
    0xF8, 0x49, 0xF7, 0xAE, 0x85, 0x24, 0x4D, 0x5C, 0x97, 0x59, 0xDA, 0x03, 0x68, 0xB3, 0xEA, 0xBF,
    0x51, 0x31, 0x61, 0x8B, 0xE9, 0x69, 0xF4, 0x14, 0xC0, 0x11, 0x22, 0xD5, 0x02, 0x3B, 0x87, 0x5C,
    0x21, 0xF2, 0x85, 0x66, 0xC9, 0x73, 0xCD, 0x8A, 0x8F, 0x16, 0xE5, 0x6C, 0x59, 0x9A, 0x9E, 0x2B,
    0xB6, 0x29, 0xA7, 0x35, 0x2B, 0x51, 0x16, 0x55, 0xCB, 0x1E, 0xDC, 0x18, 0x93, 0x77, 0xAF, 0xD1,
    0x74, 0x07, 0xE8, 0x11, 0x10, 0x86, 0xC3, 0x86, 0xD6, 0xAF, 0xA4, 0xDE, 0xD9, 0xD1, 0x84, 0x09,
    0x0A, 0xF4, 0x79, 0xDE, 0x56, 0xC8, 0xC7, 0x8B, 0x3B, 0x97, 0xD4, 0x24, 0x0E, 0xD5, 0x48, 0x16,
    0x5A, 0x4E, 0xDD, 0x54, 0x93, 0x8B, 0xB5, 0x56, 0x1B, 0x95, 0xAC, 0xF8, 0xB1, 0xF0, 0xDA, 0xD0,
    0xEF, 0xB3, 0xAB, 0xD1, 0xC4, 0xF1, 0x70, 0x59, 0x4A, 0x7D, 0x7E, 0xD5, 0x5B, 0x3E, 0xD1, 0x5B,
    0xB8, 0x34, 0x84, 0x5E, 0x56, 0x4B, 0x34, 0x0F, 0xFF, 0xB6, 0x1B, 0xD8, 0x11, 0xD3, 0x96, 0xDA,
    0xD5, 0x20, 0xE9, 0x35, 0xA8, 0x93, 0x09, 0x17, 0x88, 0x15, 0xEE, 0x61, 0x46, 0x84, 0x06, 0x9E,
    0x09, 0x21, 0x5D, 0x16, 0x90, 0x7D, 0x83, 0xA9, 0x3B, 0xAC, 0xE0, 0x08, 0xDA, 0xBD, 0x70, 0x7B,
    0x60, 0x39, 0x79, 0x67, 0x67, 0x7D, 0x40, 0x93, 0xBF, 0x42, 0x6F, 0x56, 0x87, 0x2D, 0xF4, 0xE9,
    0x05, 0xF1, 0x72, 0x57, 0xAF, 0x64, 0xC1, 0x12, 0x7A, 0xDE, 0xB2, 0xE8, 0xCB, 0xF2, 0x60, 0x58,
    0xAF, 0xEB, 0x58, 0x24, 0x17, 0x7E, 0x64, 0x88, 0x35, 0xF8, 0xB5, 0xC7, 0xD7, 0x8C, 0xBF, 0x66,
    0xFC, 0xA1, 0x70, 0x24, 0x24, 0x89, 0xF9, 0x43, 0xD6, 0x01, 0x99, 0x3E, 0x9C, 0x60, 0xEE, 0xB7,
    0xE0, 0xA5, 0x2E, 0x73, 0x7A, 0x92, 0x8A, 0xC2, 0x8D, 0x1E, 0x10, 0x12, 0x66, 0x00, 0x81, 0x11,
    0xCB, 0xF4, 0x2D, 0x04, 0xEC, 0x33, 0x07, 0x81, 0x57, 0x72, 0xB9, 0x72, 0xB7, 0x4A, 0x98, 0x49,
    0xFC, 0x15, 0x59, 0xDF, 0x43, 0x17, 0xED, 0xCC, 0xC7, 0x10, 0x2A, 0xA6, 0x4D, 0xFA, 0x2F, 0x0C,
    0x55, 0x19, 0x2D, 0x98, 0xB1, 0xBC, 0xCF, 0x43, 0xA7, 0xC2, 0x39, 0xA5, 0x08, 0x71, 0x1D, 0xB7,
    0x99, 0x02, 0xFB, 0xB2, 0xDC, 0xD3, 0xB2, 0x48, 0x26, 0xF7, 0x5D, 0xF9, 0xEC, 0xA8, 0x6A, 0xAD,
    0xCC, 0x7C, 0x3B, 0xEA, 0x3D, 0x8C, 0x0B, 0x23, 0xAE, 0xE8, 0xB1, 0x58, 0x44, 0xBB, 0xB0, 0x43,
    0x5D, 0xB5, 0x6A, 0xDB, 0x2B, 0x47, 0x51, 0x9C, 0x26, 0x9E, 0x96, 0xE5, 0xFA, 0x82, 0x85, 0x36,
    0xF0, 0xA7, 0x8B, 0x98, 0x5D, 0xF9, 0x9A, 0x68, 0xB1, 0x04, 0x44, 0xA2, 0x05, 0x72, 0x76, 0xBE,
    0x9F, 0xE4, 0xAB, 0xF2, 0x39, 0x3B, 0x27, 0xB5, 0xC7, 0x8D, 0x85, 0x15, 0x87, 0xCA, 0x4E, 0xC4,
    0xF6, 0xF0, 0xFE, 0xBA, 0x2B, 0xDD, 0x96, 0x16, 0x19, 0xEA, 0x79, 0x5B, 0x3D, 0xB3, 0xEA, 0x0C,
    0x3E, 0x49, 0xCB, 0x79, 0xFB, 0xFB, 0x03, 0x8B, 0x1D, 0xD9, 0xCE, 0xCE, 0xE5, 0x73, 0xB6, 0xF5,
    0x1D, 0x6C, 0xAB, 0x53, 0xC1, 0x16, 0xF3, 0xB6, 0xBC, 0x63, 0x04, 0xA9, 0x48, 0xEE, 0xB2, 0x17,
    0x7B, 0x39, 0x86, 0x8E, 0x8C, 0x72, 0x4D, 0xE6, 0x82, 0x1F, 0xAF, 0xCC, 0x95, 0x4B, 0xE5, 0xF4,
    0xBD, 0x87, 0xBD, 0x88, 0x4B, 0xCF, 0xDA, 0x37, 0xD5, 0x87, 0x62, 0xDD, 0x31, 0xB0, 0x62, 0x2A,
    0x10, 0xD1, 0x1E, 0xDC, 0x6B, 0x03, 0x13, 0x9A, 0x32, 0x34, 0x3C, 0x32, 0xE2, 0x99, 0x03, 0xE2,
    0xBB, 0xDE, 0x9D, 0x3E, 0x44, 0xAC, 0x8E, 0xEA, 0x0F, 0x88, 0x48, 0x5A, 0x51, 0xEE, 0xCB, 0xF1,
    0x1B, 0xE2, 0x0C, 0x8B, 0xD0, 0x2F, 0xC1, 0xC7, 0x3B, 0xE2, 0x02, 0x40, 0xD1, 0xDA, 0x0C, 0x2B,
    0xBA, 0x09, 0x4F, 0x7E, 0xB0, 0xDF, 0xA4, 0xDC, 0x26, 0xB9, 0x0A, 0xC2, 0xDA, 0x71, 0xC6, 0x1A,
    0xEB, 0x48, 0x9C, 0x62, 0xC1, 0x10, 0xD1, 0xA2, 0x2A, 0xA7, 0xD3, 0x4E, 0x56, 0x1A, 0x96, 0xBA,
    0x78, 0x2E, 0xF5, 0x94, 0x16, 0x0C, 0x88, 0x46, 0x16, 0x42, 0xE0, 0xB0, 0x0A, 0x66, 0xAC, 0xC4,
    0xC1, 0x75, 0xA8, 0xA5, 0x34, 0xFA, 0xFC, 0x94, 0x61, 0x94, 0x21, 0xAA, 0x47, 0x93, 0x68, 0xF2,
    0x97, 0xCB, 0x93, 0x2C, 0x4F, 0x41, 0xAB, 0x7D, 0x2D, 0x55, 0xAD, 0x5E, 0x90, 0x7C, 0x3A, 0x68,
    0xE5, 0xEA, 0x21, 0x3E, 0x70, 0xAC, 0xCF, 0xDA, 0xEB, 0x05, 0xF6, 0xFB, 0x14, 0x11, 0x05, 0xEF,
    0x57, 0xE7, 0x32, 0x1C, 0xB2, 0xD8, 0x87, 0x42, 0xA4, 0x63, 0xA0, 0xE4, 0x10, 0xF4, 0x85, 0xA9,
    0xF2, 0xB5, 0x29, 0x87, 0x0F, 0x30, 0xE5, 0xC0, 0x76, 0xCC, 0x36, 0x69, 0xBB, 0x2C, 0xC3, 0x0B,
    0xD3, 0x4B, 0x95, 0xA1, 0xA6, 0xB0, 0x29, 0xBB, 0x5C, 0x55, 0x3E, 0xAA, 0xE4, 0xC8, 0xC5, 0x84,
    0x8C, 0x60, 0x5A, 0x35, 0x68, 0xD2, 0xEB, 0x8A, 0x3F, 0x30, 0x57, 0xA6, 0x02, 0xE0, 0x4A, 0x72,
    0x87, 0xC9, 0xFB, 0x84, 0x15, 0x54, 0xCB, 0xCA, 0x93, 0xFF, 0x58, 0xA9, 0xFC, 0xB5, 0xCA, 0x9D,
    0x08, 0xC9, 0x13, 0x2C, 0x2A, 0x66, 0xA3, 0x0F, 0xD3, 0x4E, 0x07, 0x6B, 0x5F, 0x82, 0x1E, 0x79,
    0xB6, 0x29, 0xFE, 0xE1, 0xAA, 0x1E, 0x70, 0x48, 0x13, 0x83, 0x12, 0x80, 0x9B, 0x1E, 0x1F, 0xC6,
    0xC6, 0x1D, 0x6E, 0x42, 0x62, 0x8F, 0xDF, 0x7A, 0x9A, 0x63, 0x14, 0x94, 0x10, 0xA4, 0x5E, 0x9C,
    0x64, 0xAC, 0x2E, 0xE4, 0x45, 0xEF, 0xAC, 0x9A, 0xAB, 0x12, 0x5D, 0x13, 0x43, 0xE4, 0xC6, 0xD5,
    0x68, 0x62, 0x2D, 0x2B, 0xD3, 0x13, 0x8C, 0x1A, 0x8D, 0x0C, 0x8F, 0x42, 0x3D, 0x7D, 0x16, 0xB3,
    0x86, 0x53, 0x9E, 0xF1, 0x40, 0xA7, 0xD4, 0x09, 0x09, 0x8F, 0x90, 0x44, 0xC5, 0x73, 0x5B, 0xAA,
    0x32, 0xCF, 0xFC, 0x52, 0x1E, 0x06, 0xB3, 0x46, 0xE1, 0x8E, 0x51, 0x33, 0x99, 0x49, 0xB9, 0x22,
    0xB9, 0xFB, 0x21, 0x77, 0xC6, 0x55, 0xF1, 0xB1, 0xC9, 0x0D, 0xE0, 0x4F, 0x07, 0x1A, 0x2F, 0x95,
    0xF3, 0xF9, 0x9E, 0x9A, 0x5A, 0x87, 0x4D, 0xED, 0xDE, 0xC1, 0x9E, 0x82, 0x7B, 0x8F, 0x89, 0xF2,
    0x3E, 0x51, 0xDE, 0x9F, 0xE8, 0x30, 0x86, 0x82, 0x56, 0x72, 0x21, 0xFF, 0xF4, 0x9C, 0x2F, 0x75,
    0x29, 0x52, 0xAB, 0xE7, 0x0A, 0x5C, 0x47, 0x9F, 0x0E, 0x84, 0xD2, 0xFE, 0xBF, 0x81, 0xCA, 0xD6,
    0x01, 0x3C, 0x50, 0xB9, 0xA0, 0xAF, 0x29, 0x3E, 0xE1, 0x08, 0x66, 0x52, 0x69, 0x16, 0x71, 0x42,
    0x14, 0x1D, 0xA8, 0x78, 0x88, 0x5C, 0xDA, 0xEA, 0x36, 0x04, 0x70, 0xEF, 0xFB, 0x26, 0x18, 0x03,
    0x13, 0x0C, 0x7E, 0xA9, 0xA7, 0x29, 0x9D, 0xF3, 0xBA, 0x9F, 0x75, 0x31, 0x21, 0x3C, 0x98, 0xAE,
    0xC9, 0x7C, 0xB0, 0x29, 0x3C, 0xE2, 0x8F, 0xDF, 0x9F, 0x28, 0x28, 0x46, 0x8D, 0x72, 0x55, 0x9E,
    0x73, 0x7E, 0x8C, 0xD1, 0xF1, 0xC4, 0x44, 0xAB, 0x75, 0xB6, 0x1B, 0xE9, 0x61, 0x41, 0xFE, 0x04,
    0xA4, 0xB5, 0x40, 0xA0, 0x7E, 0x04, 0x78, 0x3C, 0xE6, 0x53, 0xBF, 0x19, 0x15, 0xF7, 0x85, 0x5E,
    0xED, 0x67, 0x7A, 0x30, 0xDC, 0x71, 0x21, 0x29, 0x36, 0x65, 0xF9, 0x6F, 0x05, 0x0F, 0xFE, 0xF4,
    0xAE, 0x12, 0xFC, 0x26, 0x8F, 0x96, 0xC0, 0x85, 0xC1, 0x53, 0x93, 0xF2, 0x2A, 0x05, 0xB7, 0x47,
    0x06, 0x46, 0x07, 0xAA, 0x9E, 0x52, 0x2A, 0x24, 0x0F, 0x88, 0x59, 0xFF, 0x81, 0x62, 0x7D, 0xC4,
    0xB4, 0xC8, 0xFE, 0x92, 0x0A, 0x76, 0x59, 0x8F, 0x73, 0x4A, 0x3B, 0x54, 0x53, 0x5E, 0xF5, 0x31,
    0xC3, 0x18, 0xA8, 0x78, 0x84, 0x8C, 0x11, 0x11, 0x19, 0x87, 0xE0, 0x08, 0xCF, 0xD3, 0x76, 0x16,
    0x94, 0xC3, 0x15, 0xFA, 0x82, 0x1B, 0x54, 0x61, 0x06, 0xC7, 0xB7, 0x18, 0x1B, 0xFF, 0x89, 0x1E,
    0xF1, 0x36, 0x48, 0x78, 0x8F, 0xE1, 0xF1, 0x2A, 0x2E, 0xD5, 0x1A, 0xAB, 0xCD, 0x13, 0x66, 0xA8,
    0x15, 0xCF, 0xBF, 0x9F, 0xE6, 0xA1, 0x19, 0x15, 0xA0, 0x57, 0xEB, 0xAD, 0xC5, 0xD5, 0x80, 0x1A,
    0x64, 0x26, 0x60, 0xC1, 0xBF, 0x8D, 0x4F, 0x77, 0xE0, 0xDF, 0x36, 0x08, 0x00, 0xBD, 0x21, 0x78,
    0xBB, 0x63, 0x5A, 0x32, 0x06, 0xB7, 0x06, 0xC4, 0x66, 0x32, 0x45, 0xE5, 0xC0, 0xBC, 0xAA, 0x88,
    0x91, 0x9C, 0x50, 0x3A, 0x08, 0xF3, 0x9F, 0x61, 0xFB, 0x63, 0xC9, 0x98, 0x5D, 0x21, 0x09, 0xC9,
    0x98, 0x33, 0xC4, 0x48, 0xAD, 0x7B, 0x17, 0x0F, 0x6B, 0x48, 0xCC, 0xB8, 0x6C, 0x3E, 0x91, 0xE5,
    0x61, 0x64, 0x66, 0xFF, 0x64, 0x4D, 0x6A, 0x5F, 0xD3, 0x88, 0xFF, 0x2A, 0x19, 0x72, 0x34, 0xEF,
    0x25, 0x79, 0x9B, 0x11, 0xFE, 0xBD, 0x72, 0xDE, 0x81, 0xBA, 0x5E, 0x17, 0x41, 0xB3, 0x6C, 0x16,
    0xBD, 0xD4, 0xF2, 0x48, 0xB8, 0xE3, 0xBF, 0xEF, 0xE8, 0xC9, 0x87, 0x66, 0x2E, 0x45, 0xB9, 0x3B,
    0x6D, 0xF0, 0x24, 0x2C, 0xB2, 0x00, 0x1B, 0x21, 0x0F, 0x65, 0xCD, 0xC3, 0x78, 0xC5, 0xC3, 0x54,
    0xDC, 0x3F, 0xCA, 0x28, 0x0F, 0x0B, 0x37, 0x65, 0xC7, 0x64, 0x80, 0x71, 0xE9, 0x1F, 0x19, 0xA0,
    0x92, 0x7D, 0xC1, 0x47, 0x24, 0x6A, 0xF4, 0x76, 0x39, 0xB9, 0x3B, 0x23, 0xD5, 0x24, 0x83, 0xBB,
    0xE2, 0xA1, 0xBA, 0x8B, 0x2D, 0xE3, 0x65, 0x1E, 0x90, 0xEA, 0x09, 0xDD, 0x89, 0x68, 0x84, 0x61,
    0x78, 0x6D, 0xC3, 0x2A, 0x17, 0x60, 0xF3, 0x77, 0x68, 0x36, 0x9E, 0x2B, 0x6D, 0x28, 0xF0, 0x25,
    0x8D, 0xCB, 0x0E, 0xD6, 0xB7, 0xBF, 0x81, 0xDB, 0xBF, 0xC3, 0x50, 0x26, 0xAB, 0x3D, 0xD6, 0xE8,
    0xF5, 0xA2, 0x26, 0x03, 0x55, 0x91, 0x2A, 0xAC, 0xFE, 0xFB, 0xE3, 0xDC, 0xCF, 0x28, 0x4F, 0xF7,
    0x3C, 0xB4, 0x03, 0x9D, 0xFF, 0x9D, 0xE4, 0xDC, 0x8F, 0xFB, 0x1F, 0x13, 0x8C, 0x86, 0x31, 0xE5,
    0xF2, 0xA5, 0xEE, 0x41, 0xAF, 0x8B, 0x9A, 0xD9, 0x85, 0xAE, 0xC4, 0xF3, 0x19, 0xE3, 0x02, 0x70,
    0x20, 0xE9, 0x60, 0x92, 0xE4, 0xC4, 0x21, 0xCB, 0xF9, 0x9F, 0x49, 0x01, 0x7F, 0xE0, 0x98, 0x17,
    0xF5, 0xE8, 0xF3, 0x99, 0xD8, 0xCA, 0x66, 0xFA, 0x72, 0xB3, 0xB5, 0x15, 0xF4, 0x7B, 0x0B, 0xC8,
    0x6B, 0xE1, 0xF2, 0x26, 0xF9, 0x0F, 0xD5, 0x5A, 0x31, 0x73, 0xDD, 0xC6, 0x11, 0x5E, 0xE0, 0x44,
    0x22, 0x11, 0x26, 0x3E, 0x17, 0x56, 0x0A, 0x67, 0x2C, 0xB8, 0x70, 0x91, 0xD8, 0x31, 0x91, 0x42,
    0x85, 0x33, 0x43, 0xF2, 0x60, 0xE7, 0x07, 0x58, 0x05, 0x39, 0x29, 0xDC, 0xA6, 0xF0, 0xD8, 0x33,
    0x51, 0xE3, 0xC2, 0x33, 0x21, 0x09, 0x8C, 0x5D, 0xA4, 0x70, 0x11, 0xF5, 0x29, 0xAC, 0xC2, 0x85,
    0xCC, 0x14, 0x52, 0xA1, 0x82, 0x99, 0x21, 0x05, 0x58, 0x2A, 0x54, 0x1A, 0xA3, 0x5F, 0x00, 0xC7,
    0x4E, 0x8A, 0xA8, 0xD0, 0x4D, 0x04, 0xCF, 0x40, 0x34, 0x1E, 0x2E, 0xFB, 0xED, 0xE1, 0xBD, 0x47,
    0xD2, 0x74, 0xE2, 0x28, 0x32, 0x45, 0x3D, 0xBE, 0xF7, 0x1D, 0x1F, 0x70, 0xB8, 0xDB, 0xDD, 0xDB,
    0xDD, 0xDB, 0xDD, 0x7B, 0x3F, 0x27, 0x93, 0xE5, 0x74, 0x9E, 0xF0, 0xFA, 0x09, 0xBD, 0xC0, 0xFF,
    0x4D, 0xFF, 0x12, 0xF9, 0xD3, 0xFE, 0x2F, 0xD3, 0xD9, 0x33, 0x74, 0x86, 0x28, 0xAC, 0xFC, 0x27,
    0x6A, 0x88, 0x4A, 0x57, 0x28, 0x77, 0xDF, 0xEA, 0xBF, 0xDD, 0xEE, 0x92, 0x5B, 0xB7, 0x3B, 0xF3,
    0xC1, 0x2D, 0x6B, 0xF8, 0x5E, 0x7E, 0xCC, 0x07, 0xD7, 0xCD, 0x1B, 0xFC, 0xB9, 0x55, 0x51, 0x72,
    0xB7, 0xBA, 0x10, 0xEF, 0x7F, 0xD6, 0x86, 0xCE, 0x59, 0x4A, 0x5D, 0x41, 0x61, 0x3D, 0x1F, 0x57,
    0x5E, 0x89, 0xE3, 0x2B, 0xEE, 0x5A, 0x4B, 0xAA, 0x0B, 0x7B, 0x52, 0x96, 0x7A, 0x8A, 0x1B, 0xDA,
    0x05, 0x5C, 0x07, 0x90, 0x87, 0xC8, 0x32, 0x28, 0x40, 0xD8, 0x31, 0xE4, 0xCE, 0x65, 0x1E, 0x68,
    0x0F, 0xA3, 0xAC, 0x02, 0xCC, 0x61, 0x58, 0x01, 0xA0, 0x73, 0xF8, 0xCF, 0xCB, 0x41, 0x11, 0x3B,
    0xF7, 0xE7, 0xCA, 0x38, 0xE7, 0xE8, 0xD7, 0x54, 0xF6, 0x7C, 0x35, 0xB8, 0x48, 0xCE, 0xBD, 0xEE,
    0xBA, 0xD2, 0x05, 0xAE, 0xD5, 0x2D, 0x25, 0x45, 0xC4, 0xC0, 0x64, 0xD0, 0x12, 0x05, 0x3D, 0x2D,
    0x13, 0x0D, 0xB4, 0xC3, 0x33, 0x11, 0x4F, 0x6A, 0x5E, 0x67, 0x1A, 0x92, 0xDB, 0x4C, 0xB3, 0xBE,
    0x53, 0x30, 0x45, 0xF7, 0xF9, 0xF1, 0xB7, 0xDC, 0x3A, 0x29, 0x8C, 0x47, 0xEB, 0x93, 0x35, 0xC2,
    0x23, 0x14, 0x6E, 0x0F, 0x9F, 0x8E, 0xD7, 0x02, 0x99, 0x62, 0x06, 0xE1, 0x84, 0xE1, 0x92, 0xFB,
    0x84, 0x59, 0x75, 0x4C, 0xD2, 0x42, 0x46, 0x81, 0x9B, 0x50, 0xF4, 0xB0, 0xCC, 0x74, 0x91, 0x54,
    0x29, 0xE9, 0xCA, 0x50, 0x5C, 0x18, 0x5A, 0xA0, 0x94, 0xC7, 0xD7, 0x3C, 0xA5, 0x1E, 0x20, 0x9B,
    0x86, 0x96, 0xF3, 0x81, 0x36, 0x62, 0x57, 0xED, 0x52, 0xD9, 0x6C, 0xF1, 0x1D, 0x53, 0xA8, 0x36,
    0xED, 0xA8, 0xD3, 0xAE, 0x60, 0xA9, 0x7E, 0x6D, 0xC9, 0xB0, 0x00, 0x95, 0x63, 0xD2, 0x72, 0xFE,
    0xC4, 0x2C, 0x4C, 0xD5, 0x9C, 0xE7, 0x4F, 0x4A, 0xAA, 0x4E, 0x33, 0x55, 0x25, 0x75, 0xC2, 0xBC,
    0xF3, 0x60, 0x65, 0x43, 0x4B, 0x81, 0xCD, 0x55, 0xC7, 0xEF, 0xD5, 0xD0, 0xD2, 0xF4, 0x55, 0x3A,
    0x11, 0xB2, 0x43, 0x1F, 0x32, 0x97, 0x29, 0xE5, 0x21, 0xC0, 0x0B, 0xAF, 0x88, 0x0D, 0x3E, 0xC5,
    0x4A, 0x54, 0xA9, 0xE3, 0xE1, 0x34, 0xDD, 0x54, 0xAD, 0xCE, 0x96, 0xF8, 0x46, 0x1B, 0x17, 0x2B,
    0xBC, 0x16, 0x97, 0x55, 0xB5, 0x0C, 0xDD, 0xE0, 0x46, 0xE6, 0xAD, 0x8F, 0x6F, 0x7C, 0x17, 0x3C,
    0xC0, 0x0D, 0x1E, 0x7F, 0x29, 0xAE, 0x34, 0x4D, 0x88, 0x07, 0x63, 0x96, 0x31, 0xB4, 0x6A, 0x16,
    0x99, 0x49, 0x0A, 0x3A, 0x99, 0x96, 0xF2, 0x82, 0x92, 0x1A, 0x12, 0xF8, 0x8B, 0xF3, 0x04, 0xB6,
    0x68, 0x82, 0x35, 0x21, 0x33, 0x33, 0x1F, 0xD7, 0x46, 0x35, 0x3F, 0x66, 0xE2, 0xDE, 0xB5, 0xE9,
    0x37, 0xF6, 0xA6, 0xB2, 0x3D, 0xBF, 0x23, 0x5B, 0x5E, 0xB2, 0xE6, 0xEB, 0x3E, 0x60, 0xC9, 0xD2,
    0xB3, 0xF1, 0x67, 0x36, 0x61, 0xAA, 0x74, 0xB6, 0x93, 0x50, 0xBB, 0x44, 0xED, 0x2A, 0x75, 0x29,
    0xED, 0xE9, 0xC2, 0x7C, 0xD4, 0xC4, 0x77, 0xBB, 0xEF, 0xC5, 0x3A, 0x5F, 0x61, 0xD6, 0xEF, 0x38,
    0x57, 0x08, 0xEB, 0x6F, 0x59, 0x66, 0x9D, 0x36, 0x43, 0xB0, 0x4E, 0x9B, 0xD4, 0xF1, 0xE8, 0xB4,
    0x19, 0xF8, 0x26, 0xB4, 0xCC, 0x25, 0x6D, 0xBD, 0x55, 0xA3, 0xC9, 0x1D, 0xC9, 0x37, 0x23, 0xCD,
    0x66, 0x52, 0x31, 0xEB, 0xB4, 0x19, 0xD7, 0xCC, 0x3A, 0x6D, 0x2A, 0x0B, 0xD6, 0x6F, 0x86, 0x3D,
    0xB3, 0xFE, 0x47, 0x57, 0xBB, 0x4B, 0xA4, 0xBE, 0x58, 0xCF, 0xCE, 0xED, 0x7E, 0x1F, 0xD6, 0xCF,
    0xAD, 0xAF, 0xAF, 0x13, 0x14, 0xB8, 0x00, 0x64, 0xF4, 0x2C, 0x45, 0xAE, 0x60, 0x0D, 0x31, 0x61,
    0xBB, 0x41, 0xDD, 0x2E, 0xED, 0x6E, 0xD0, 0xEE, 0x32, 0x75, 0xE6, 0x37, 0x56, 0xBB, 0x3A, 0x1C,
    0x28, 0xBC, 0x1A, 0xB5, 0x9A, 0x55, 0x60, 0x85, 0xED, 0x88, 0xF8, 0xD9, 0x8B, 0xCC, 0xA7, 0x6B,
    0x53, 0xB7, 0x5F, 0x66, 0xC6, 0xD9, 0x65, 0x1E, 0x7B, 0x0A, 0x6E, 0x06, 0xF2, 0x35, 0x07, 0x48,
    0x97, 0x04, 0x10, 0x01, 0x28, 0x78, 0x2C, 0xA0, 0x2C, 0x1B, 0x6A, 0x6E, 0x8D, 0xA5, 0xBC, 0x61,
    0xA0, 0x92, 0x5C, 0xE6, 0xB2, 0x92, 0x9E, 0xE3, 0x45, 0x63, 0xC7, 0xD3, 0xC4, 0x1D, 0xCB, 0x9F,
    0xFF, 0x5C, 0xEB, 0xEA, 0xC8, 0x65, 0xE9, 0x3D, 0x9B, 0x87, 0xDD, 0x1E, 0xF5, 0xFD, 0xF4, 0x3D,
    0xA1, 0x7E, 0x2B, 0x00, 0x8F, 0x6C, 0x11, 0xB4, 0x46, 0x67, 0x82, 0xCC, 0x7C, 0x64, 0xE3, 0x2F,
    0xFA, 0xD0, 0x6E, 0x8E, 0xAB, 0xCC, 0xCB, 0x6D, 0x57, 0x54, 0xB3, 0xCB, 0x2A, 0x70, 0x5E, 0x89,
    0x93, 0x81, 0x1A, 0x26, 0x3C, 0x59, 0x0A, 0xAB, 0xE2, 0x05, 0x5F, 0x2C, 0x66, 0x0A, 0x40, 0x51,
    0x31, 0xFF, 0xC4, 0xDE, 0x86, 0x58, 0x74, 0xC4, 0xEE, 0x80, 0x52, 0xFE, 0x6A, 0x32, 0xD0, 0xC8,
    0x46, 0x4B, 0xF0, 0x06, 0x61, 0x36, 0xF0, 0xA2, 0xE6, 0x14, 0x5B, 0x93, 0xE9, 0x46, 0xFF, 0xBD,
    0xAC, 0x42, 0x98, 0xFA, 0x4F, 0x2F, 0xF2, 0xDA, 0x5D, 0xC1, 0x68, 0xAA, 0x97, 0x41, 0x27, 0x34,
    0xF3, 0x41, 0xA4, 0x65, 0xB2, 0x99, 0xB7, 0x9B, 0xBD, 0x40, 0x94, 0x37, 0x74, 0x4F, 0x1C, 0xF7,
    0x17, 0xBD, 0x5C, 0x95, 0x21, 0xFE, 0x2A, 0xD8, 0x42, 0x2D, 0xC9, 0x82, 0x80, 0xB0, 0x01, 0x29,
    0xAA, 0x32, 0xA0, 0xB5, 0x02, 0x69, 0xBA, 0xD0, 0x50, 0x14, 0x19, 0x22, 0x65, 0x92, 0x08, 0xBA,
    0xD1, 0x09, 0xF2, 0xC3, 0x3B, 0xE2, 0x76, 0x5A, 0x50, 0x1D, 0x88, 0x9C, 0x15, 0x33, 0x9E, 0x67,
    0x8A, 0x1F, 0x31, 0x05, 0xE6, 0x36, 0xD5, 0xB5, 0x7D, 0x5A, 0x74, 0x0F, 0x99, 0x01, 0x2D, 0xEA,
    0xFF, 0xB2, 0x10, 0x9A, 0x67, 0x24, 0xAC, 0x4E, 0xFD, 0x2C, 0x29, 0xA1, 0x33, 0xA6, 0xD3, 0x4E,
    0xFF, 0xD9, 0xCB, 0x47, 0x29, 0xE9, 0xB1, 0x31, 0x84, 0x36, 0x05, 0x13, 0x45, 0x54, 0x9C, 0x72,
    0xFA, 0x7F, 0x27, 0xC2, 0x76, 0x19, 0x77, 0xD3, 0xEE, 0x1B, 0xEE, 0xF0, 0x4C, 0x04, 0x9F, 0xFE,
    0x23, 0xBA, 0x79, 0xCA, 0x25, 0x1F, 0x36, 0x09, 0x28, 0x6F, 0x31, 0xBE, 0xC7, 0xD0, 0x26, 0x19,
    0x1D, 0xF7, 0x3A, 0x6D, 0x32, 0x5F, 0xCC, 0xE6, 0x34, 0x3C, 0xDC, 0x92, 0x79, 0xF5, 0x01, 0x5C,
    0x12, 0x0F, 0xDC, 0xCF, 0xA9, 0x1D, 0x69, 0x6E, 0x9F, 0x24, 0xCD, 0x70, 0xE2, 0x50, 0x8C, 0x68,
    0x6C, 0xE9, 0x0F, 0x3D, 0x07, 0x0F, 0xDC, 0x3E, 0xE0, 0xE0, 0x89, 0xDB, 0xE0, 0x4B, 0xDF, 0xAA,
    0xDB, 0xBE, 0x8D, 0x3F, 0xF4, 0x3E, 0x49, 0x8F, 0xBE, 0x69, 0x69, 0x6C, 0x97, 0xC7, 0x76, 0x47,
    0x4D, 0xD6, 0xB1, 0xBB, 0x58, 0x25, 0xF4, 0x84, 0x8D, 0x1A, 0xB6, 0x3F, 0x01, 0x07, 0xFE, 0x7E,
    0x2C, 0x57, 0xA1, 0x93, 0xBE, 0x5D, 0x1D, 0x7D, 0xDC, 0xC6, 0xD8, 0x76, 0xD2, 0xDE, 0x60, 0xDA,
    0xD1, 0xB6, 0x4C, 0xBD, 0xB4, 0xB1, 0xB4, 0xA1, 0x2D, 0xF7, 0x39, 0xE8, 0xE1, 0x9D, 0x85, 0xA9,
    0x07, 0xBD, 0x63, 0xD0, 0x11, 0x82, 0x91, 0xD4, 0x71, 0xDC, 0xE2, 0x32, 0x6D, 0x11, 0xF5, 0xB5,
    0x1C, 0xDE, 0x29, 0xCB, 0x22, 0x0A, 0x6B, 0x6C, 0x7F, 0xE2, 0x7B, 0x99, 0xF5, 0xC3, 0x50, 0xCC,
    0xE0, 0xF0, 0x0D, 0xE9, 0x9C, 0x34, 0x53, 0xD5, 0x8A, 0x59, 0x9A, 0x2F, 0x2A, 0xF6, 0xC1, 0xD7,
    0xC9, 0x15, 0x11, 0xE2, 0x23, 0x9E, 0x48, 0x22, 0x20, 0x5A, 0xC2, 0x82, 0x23, 0xC0, 0xA2, 0x9F,
    0x49, 0x24, 0x89, 0x95, 0x0C, 0xDA, 0x31, 0xB0, 0x0C, 0x9D, 0x00, 0xDF, 0x7D, 0x87, 0xA6, 0x43,
    0x63, 0xE9, 0x7C, 0x2C, 0x20, 0x81, 0x24, 0xFD, 0xF2, 0xA0, 0x3A, 0x97, 0x58, 0x01, 0x01, 0x85,
    0x35, 0x00, 0x1F, 0x02, 0x35, 0x43, 0x08, 0xE0, 0xE1, 0x8E, 0x00, 0x64, 0x1D, 0x42, 0x94, 0x21,
    0xA4, 0x7C, 0x6C, 0x97, 0x29, 0xBC, 0x07, 0xB8, 0x11, 0x8A, 0x54, 0xB9, 0x7F, 0x0B, 0x39, 0xB6,
    0xA3, 0x10, 0x17, 0xAF, 0x4C, 0x99, 0x4D, 0xAA, 0xE9, 0x4E, 0xB3, 0x0B, 0x68, 0x4E, 0x07, 0x7D,
    0x57, 0x65, 0x91, 0xB1, 0xBD, 0x42, 0x9C, 0xFA, 0x73, 0x26, 0x32, 0x45, 0xC4, 0xF9, 0x3E, 0xBD,
    0x77, 0x1A, 0xE8, 0x5B, 0x09, 0x61, 0x64, 0x8A, 0x17, 0xBE, 0x04, 0x1C, 0x0C, 0x86, 0x9F, 0x30,
    0x69, 0xDB, 0xB2, 0x03, 0xF3, 0xA2, 0x72, 0xCC, 0x0C, 0x7F, 0xF0, 0xDA, 0x8C, 0x1E, 0xCB, 0xB1,
    0x2A, 0x3A, 0x3F, 0xD2, 0x9B, 0x1F, 0xBC, 0xE4, 0xAE, 0x80, 0xF5, 0xB3, 0x57, 0x10, 0x5F, 0xB2,
    0x15, 0x6D, 0xC1, 0xEB, 0x84, 0xF5, 0x63, 0x1E, 0x3F, 0xB8, 0x4A, 0x6C, 0x79, 0xDA, 0x51, 0xFA,
    0x71, 0xB1, 0x12, 0xD5, 0xD7, 0xC9, 0x3E, 0xDE, 0xF1, 0x37, 0x54, 0x3D, 0xC4, 0x96, 0xDF, 0x1B,
    0xAA, 0x3E, 0xB0, 0x58, 0x8F, 0x67, 0x70, 0x5E, 0xEF, 0xAF, 0xFC, 0xD2, 0x67, 0xB8, 0x98, 0x37,
    0xB8, 0x1B, 0x49, 0x9F, 0x60, 0x90, 0x85, 0x73, 0x82, 0x79, 0x01, 0x34, 0xD5, 0x1C, 0xD3, 0xEA,
    0xB7, 0x93, 0x75, 0xCE, 0x1E, 0x10, 0x9C, 0xA7, 0xF5, 0xBB, 0xC3, 0x36, 0xFF, 0x2F, 0xD7, 0x3D,
    0x56, 0x47, 0xFB, 0xFB, 0x11, 0xDC, 0x7C, 0xE4, 0x48, 0xC8, 0xE0, 0x00, 0x15, 0xAA, 0x50, 0xC0,
    0x57, 0x8A, 0xBB, 0x79, 0xDB, 0x7B, 0xCB, 0xE2, 0x3A, 0x2C, 0x69, 0x1F, 0xE1, 0xAB, 0x42, 0xB6,
    0xBC, 0x30, 0x86, 0x69, 0x73, 0x09, 0xB0, 0x1B, 0x76, 0x43, 0x39, 0xE1, 0xBE, 0x13, 0xC5, 0x76,
    0xC7, 0x1A, 0xCB, 0xA3, 0xE8, 0x2C, 0xE4, 0x1D, 0x82, 0xF1, 0xBE, 0x05, 0xDE, 0xEB, 0x80, 0xBC,
    0x3D, 0x30, 0x36, 0x4E, 0xB0, 0x2C, 0x80, 0xA6, 0x02, 0x26, 0x16, 0x18, 0xB7, 0x40, 0xD5, 0x03,
    0x83, 0x01, 0x48, 0xE5, 0x9B, 0x40, 0xF3, 0x39, 0x30, 0xB9, 0x0F, 0xE4, 0x24, 0x8C, 0x51, 0x09,
    0x06, 0x2E, 0x83, 0x7F, 0x74, 0xD9, 0xA5, 0x21, 0xE3, 0x70, 0x19, 0x7B, 0x12, 0xEF, 0xFE, 0x8B,
    0xFF, 0x63, 0x38, 0x2C, 0x3B, 0x82, 0xDF, 0x12, 0x78, 0xA8, 0xC8, 0xEF, 0x2A, 0x13, 0xD9, 0x2D,
    0x73, 0x89, 0xD9, 0x4D, 0x81, 0x7D, 0x21, 0x95, 0x1D, 0x35, 0xA9, 0xE1, 0x9B, 0x75, 0x23, 0x68,
    0x4D, 0xF1, 0x1D, 0x58, 0xCD, 0x50, 0x7A, 0x26, 0xB5, 0x1F, 0xC1, 0x8F, 0xE6, 0x47, 0xC6, 0x2C,
    0x03, 0x16, 0x42, 0x61, 0x43, 0xDE, 0xE7, 0x0C, 0x99, 0xE5, 0x2C, 0x9B, 0xF9, 0x39, 0x2F, 0x60,
    0xD9, 0x09, 0x0E, 0x86, 0xC3, 0x51, 0x33, 0xE7, 0xE2, 0x05, 0x7A, 0x3A, 0xB8, 0x38, 0x2B, 0xD4,
    0x1A, 0xA1, 0xBC, 0x94, 0xE0, 0xA5, 0xC7, 0xC2, 0xA8, 0x06, 0x4B, 0x12, 0x67, 0x71, 0xF6, 0x34,
    0x70, 0x11, 0x88, 0x46, 0xC5, 0x03, 0x54, 0x27, 0x71, 0xF7, 0x18, 0x97, 0x35, 0xAA, 0x3F, 0xCF,
    0x05, 0x93, 0xA7, 0x62, 0x15, 0x54, 0x8D, 0x70, 0x32, 0xB6, 0xF9, 0x0C, 0x55, 0xBD, 0x7A, 0x6C,
    0x94, 0x7C, 0x2A, 0xE9, 0x7F, 0x89, 0xE8, 0xF2, 0x1E, 0x07, 0x74, 0x26, 0x8B, 0x6B, 0x14, 0x15,
    0x54, 0xCB, 0xD9, 0xD5, 0x4D, 0x64, 0xC9, 0xB5, 0xFF, 0xB0, 0x62, 0x85, 0x2D, 0x53, 0x59, 0x9B,
    0x2C, 0xCD, 0x74, 0xBD, 0xC7, 0x51, 0xD3, 0x05, 0xA2, 0xB9, 0x93, 0x46, 0x35, 0x8E, 0x39, 0xDB,
    0x10, 0xCE, 0xDA, 0x39, 0x67, 0x6A, 0x00, 0x67, 0xB1, 0x03, 0x67, 0x5A, 0x38, 0x5B, 0x12, 0xCE,
    0x96, 0x85, 0xB3, 0x16, 0xF4, 0x06, 0x56, 0xAA, 0x5E, 0x35, 0x30, 0xAA, 0x80, 0x5A, 0x38, 0x5B,
    0x12, 0x9E, 0x96, 0x05, 0x77, 0x84, 0x33, 0x0B, 0xCE, 0x6E, 0xD5, 0xE0, 0xEC, 0xCB, 0x0A, 0x9C,
    0xA1, 0x48, 0x48, 0xF0, 0x88, 0x33, 0xCE, 0x4A, 0xE1, 0xEC, 0x1B, 0x70, 0x16, 0x36, 0xE0, 0x2C,
    0xF0, 0xEA, 0x1F, 0x5C, 0x9D, 0x9B, 0x3A, 0xE5, 0xBE, 0x32, 0x59, 0xCD, 0x13, 0x60, 0xB2, 0x47,
    0x03, 0x04, 0x0E, 0x98, 0x27, 0xB9, 0xB3, 0xF0, 0xB8, 0x28, 0x18, 0x14, 0x88, 0xE3, 0x75, 0xF6,
    0x83, 0xA1, 0x90, 0x96, 0x48, 0x25, 0x82, 0xD5, 0xC6, 0xD4, 0xB8, 0x98, 0x38, 0x1F, 0xB2, 0x22,
    0xC8, 0xA2, 0x85, 0x8B, 0x42, 0xD8, 0xF3, 0xDE, 0xD8, 0x05, 0x25, 0x75, 0x0C, 0x7C, 0x1A, 0x2F,
    0xD6, 0x1F, 0x65, 0x4F, 0x07, 0x17, 0xBE, 0x9A, 0x12, 0xFB, 0xD4, 0x4B, 0x96, 0xC4, 0xC8, 0xF6,
    0xD1, 0xA3, 0x44, 0x13, 0x34, 0x41, 0xFD, 0x54, 0x70, 0xB1, 0x13, 0x41, 0x81, 0x7A, 0x18, 0x59,
    0x20, 0x48, 0x5D, 0x5C, 0x1D, 0x63, 0xF0, 0xA7, 0x56, 0x97, 0x5E, 0xCE, 0xE6, 0x25, 0x21, 0xF1,
    0xB2, 0x92, 0x30, 0x7D, 0x47, 0x49, 0xC8, 0x38, 0xAB, 0x9D, 0x35, 0xAE, 0x89, 0x39, 0x16, 0x9B,
    0x20, 0x95, 0xE5, 0xD0, 0x86, 0x36, 0x65, 0x96, 0x1D, 0xD1, 0x48, 0x24, 0xC0, 0x15, 0x14, 0x51,
    0x37, 0x90, 0x4C, 0xCC, 0x01, 0x07, 0x62, 0x84, 0x44, 0x6A, 0xE4, 0x52, 0xAC, 0x1F, 0x24, 0x89,
    0x31, 0x62, 0x6B, 0x69, 0x33, 0xB7, 0xC1, 0xFF, 0x82, 0xF5, 0xAC, 0xFF, 0x62, 0xB9, 0x9F, 0x49,
    0xB2, 0x5A, 0xF9, 0xD2, 0xA9, 0x14, 0x78, 0xD5, 0x91, 0x08, 0xDC, 0xF1, 0xC5, 0x70, 0x28, 0x25,
    0xF0, 0x2A, 0x11, 0x89, 0x49, 0x98, 0xA6, 0x1B, 0x80, 0x3D, 0x0C, 0x72, 0x0D, 0x77, 0x25, 0x86,
    0x2B, 0xC7, 0x00, 0x1F, 0x42, 0x9A, 0x8F, 0x27, 0xC3, 0x73, 0x04, 0x89, 0xD2, 0xBE, 0xC8, 0xE7,
    0xF9, 0x4C, 0x32, 0x1F, 0x48, 0x2C, 0xAD, 0xF3, 0x42, 0xDC, 0x76, 0x0D, 0x99, 0xE3, 0x0C, 0x43,
    0x8E, 0x38, 0xE6, 0xD8, 0x92, 0xE9, 0xE1, 0x3B, 0xD3, 0x5E, 0xE1, 0xE1, 0x5E, 0x12, 0xCE, 0x5E,
    0x12, 0xFA, 0x3E, 0x29, 0xE6, 0xFF, 0x4B, 0xB2, 0xD7, 0xC7, 0xB0, 0x85, 0x3E, 0x04, 0x53, 0x3D,
    0x1E, 0x64, 0x8C, 0x06, 0x29, 0x59, 0xB3, 0x90, 0xFB, 0x33, 0x88, 0xB1, 0xFA, 0x57, 0x05, 0x57,
    0x19, 0x83, 0xDE, 0xF0, 0xD4, 0xAF, 0xF4, 0xC9, 0x3F, 0x38, 0x98, 0xED, 0x23, 0x9F, 0x7D, 0x9F,
    0x9B, 0xBA, 0xBA, 0x61, 0xE6, 0xE8, 0x64, 0x9E, 0xA8, 0x3E, 0x94, 0x3F, 0xC2, 0x2B, 0x06, 0x52,
    0x6F, 0x18, 0xCA, 0x0A, 0x85, 0x59, 0x0E, 0x21, 0x2B, 0xA6, 0x39, 0xAA, 0xD4, 0xEC, 0x20, 0x06,
    0xB0, 0xF0, 0xAE, 0x25, 0x39, 0xDB, 0xD1, 0x1D, 0x7F, 0x35, 0xB8, 0x6B, 0x70, 0x23, 0xF7, 0x10,
    0x01, 0x34, 0x6E, 0x98, 0x96, 0x55, 0xEC, 0x5F, 0x2C, 0x03, 0xF7, 0x19, 0x3B, 0xE5, 0xB5, 0xB9,
    0xAF, 0x12, 0x57, 0x55, 0x8A, 0x75, 0x4F, 0xFD, 0xD4, 0xDC, 0x4D, 0x9D, 0x04, 0x19, 0x3E, 0x99,
    0xC6, 0xCA, 0x41, 0xA2, 0xB4, 0x05, 0x99, 0xB4, 0x1A, 0x27, 0x55, 0xB3, 0x30, 0xF5, 0x24, 0xC8,
    0x78, 0x7B, 0x1A, 0xEA, 0x2B, 0x44, 0xFA, 0x71, 0xC8, 0xDB, 0xFF, 0x22, 0x5D, 0xCA, 0x4E, 0x8E,
    0x82, 0x00, 0xF6, 0xA8, 0x3A, 0xDE, 0x7B, 0x05, 0xE4, 0xEB, 0x81, 0xD7, 0x89, 0x68, 0x84, 0xA8,
    0x23, 0x36, 0x2C, 0x03, 0x8D, 0xD8, 0x01, 0x05, 0x16, 0xF1, 0xA9, 0xFC, 0x27, 0xD7, 0x92, 0xEE,
    0x24, 0x09, 0xE2, 0x39, 0xCE, 0xC8, 0x2C, 0x8A, 0x6D, 0x8E, 0xE7, 0xB9, 0xCF, 0x56, 0xCD, 0x33,
    0x39, 0x3C, 0x52, 0xB1, 0x97, 0x43, 0x40, 0xC2, 0xF6, 0x0F, 0x3F, 0xC4, 0xC1, 0x85, 0x1E, 0x9B,
    0x9A, 0xE7, 0x1C, 0xB6, 0xAF, 0xD5, 0x21, 0x72, 0x7A, 0x57, 0xF3, 0xBC, 0x0F, 0xD7, 0xD7, 0x33,
    0x9E, 0x59, 0x94, 0x4C, 0xC2, 0x90, 0x31, 0xE0, 0xC2, 0xFC, 0xBE, 0xD1, 0xEC, 0x8E, 0x0A, 0x53,
    0xAD, 0xE6, 0x85, 0x2E, 0x12, 0xD7, 0x73, 0x90, 0xC4, 0x74, 0x34, 0x11, 0xF2, 0xC0, 0xB5, 0x31,
    0x84, 0xCC, 0x70, 0xEC, 0x99, 0xA9, 0xA1, 0x64, 0x56, 0xD9, 0x79, 0x32, 0x23, 0x69, 0xC1, 0x41,
    0x7C, 0x16, 0xC8, 0x31, 0x85, 0xA1, 0x23, 0x9F, 0xCC, 0xDB, 0x96, 0xD4, 0x20, 0x6B, 0xFA, 0x55,
    0xDC, 0x05, 0xA8, 0xF1, 0x35, 0x38, 0xC9, 0x15, 0x17, 0x0E, 0x6A, 0xC2, 0xE1, 0xC0, 0x13, 0xAC,
    0xF8, 0x66, 0xE2, 0xEB, 0x9B, 0x57, 0xC7, 0x33, 0x0F, 0x0C, 0x22, 0x5C, 0xC1, 0x2C, 0xAF, 0x8F,
    0x82, 0x07, 0x1D, 0x03, 0x44, 0x5A, 0x8D, 0x74, 0x74, 0xF0, 0x8E, 0x86, 0x77, 0x2D, 0xA6, 0xA5,
    0x37, 0xDB, 0xDB, 0x3D, 0x6A, 0x9B, 0x66, 0x7D, 0x7D, 0xED, 0x18, 0x3A, 0x2E, 0x30, 0x1D, 0xFE,
    0x34, 0x38, 0x67, 0x3A, 0x82, 0x8B, 0xA3, 0x1B, 0x40, 0x8F, 0xD2, 0xFB, 0x00, 0xCC, 0x35, 0x2B,
    0xD7, 0x3F, 0xE6, 0xB9, 0x60, 0xEB, 0x30, 0x75, 0x58, 0xFA, 0xDE, 0x16, 0x05, 0x6D, 0x92, 0xA9,
    0x4A, 0x55, 0x3F, 0xC4, 0x5C, 0xB0, 0x1F, 0x8C, 0x20, 0xA3, 0x1C, 0xB2, 0xA5, 0xC7, 0x3B, 0xCF,
    0x3B, 0x52, 0xAA, 0xE4, 0x3B, 0xD0, 0xF5, 0x6E, 0x5E, 0xA2, 0x64, 0x16, 0xD3, 0x5E, 0xAA, 0xCB,
    0xDF, 0xE3, 0xCD, 0x49, 0xD4, 0x2B, 0xEE, 0x4A, 0xCE, 0x5B, 0x10, 0x87, 0x5E, 0x6C, 0x0C, 0xAC,
    0xD0, 0x46, 0x4A, 0x8A, 0xCD, 0xFF, 0x35, 0x1A, 0xCA, 0x41, 0x03, 0x82, 0xFB, 0xE4, 0x4F, 0xD5,
    0xAA, 0x6A, 0x6E, 0x4C, 0x55, 0xE8, 0xD1, 0x46, 0x5B, 0x0E, 0xEB, 0x21, 0xB2, 0xFC, 0xDE, 0x54,
    0xF3, 0x3A, 0xE7, 0x23, 0xB2, 0x99, 0xF9, 0x92, 0x2E, 0xD3, 0x53, 0xDE, 0xB1, 0x28, 0x73, 0xE3,
    0xF4, 0xC2, 0xE7, 0x5D, 0xFC, 0xDF, 0x0A, 0xB6, 0xE1, 0x17, 0xC5, 0x83, 0x20, 0x7C, 0x4E, 0x07,
    0x7E, 0x14, 0x87, 0xC4, 0x71, 0x1B, 0x39, 0xD8, 0x83, 0xC3, 0x6A, 0x94, 0x99, 0x41, 0xC5, 0xC3,
    0x03, 0xD6, 0x08, 0x90, 0xCD, 0x00, 0x0B, 0x67, 0xB0, 0x72, 0x39, 0xA4, 0x39, 0xF1, 0xB1, 0x84,
    0x1A, 0xAE, 0x59, 0xF9, 0x2D, 0x05, 0x79, 0xD5, 0x0F, 0xE4, 0xD4, 0x4A, 0x0F, 0x50, 0xC1, 0xD4,
    0xDD, 0xE3, 0xCB, 0xCB, 0x09, 0xEC, 0xEE, 0xA5, 0xB0, 0xA3, 0x43, 0x0A, 0x63, 0x3A, 0x98, 0x66,
    0xDA, 0x23, 0xF4, 0x08, 0x9C, 0x24, 0x7D, 0x92, 0x32, 0x91, 0xA4, 0x4F, 0x3C, 0xBC, 0x8F, 0x2D,
    0x1E, 0x01, 0x03, 0x79, 0x96, 0xC5, 0x12, 0x0D, 0x38, 0x17, 0x46, 0xC5, 0xF6, 0x53, 0x9A, 0x6E,
    0xC9, 0xB2, 0x39, 0x4B, 0x04, 0xE2, 0x6B, 0xA4, 0x37, 0x0E, 0xD2, 0x04, 0x6F, 0xC4, 0x6A, 0x5C,
    0xF2, 0x6E, 0x25, 0xC1, 0x12, 0xB8, 0x84, 0x5C, 0xF0, 0x94, 0x67, 0x7F, 0x2E, 0x8D, 0xE2, 0x80,
    0x84, 0xA6, 0x52, 0x43, 0x25, 0xBE, 0xC4, 0x63, 0x83, 0x1F, 0x20, 0x14, 0xE1, 0xE4, 0x33, 0xE1,
    0xA0, 0x58, 0x39, 0x46, 0x77, 0x30, 0x02, 0xFF, 0x43, 0x8F, 0xF6, 0x70, 0xF9, 0xE8, 0x04, 0xC8,
    0x90, 0x64, 0x44, 0xC3, 0x4B, 0x27, 0x93, 0x69, 0x26, 0x82, 0xA8, 0x2C, 0x68, 0x66, 0xE5, 0xD3,
    0x93, 0x20, 0xE3, 0x17, 0x50, 0x17, 0x57, 0xBD, 0xE7, 0xE3, 0x83, 0xE8, 0x0D, 0xF6, 0xE4, 0x8B,
    0xFE, 0x2C, 0xE3, 0xA4, 0x28, 0xB8, 0x11, 0x17, 0x48, 0x64, 0x6A, 0x0F, 0xDF, 0x4A, 0x66, 0x4E,
    0x42, 0x23, 0xC6, 0xDA, 0x1B, 0xF6, 0x5B, 0x7C, 0xCE, 0x1E, 0xCE, 0x67, 0x51, 0x36, 0x9D, 0x96,
    0x4E, 0x67, 0xAF, 0x45, 0x9A, 0xF7, 0x87, 0x26, 0x07, 0x72, 0x75, 0x01, 0x04, 0x2F, 0x61, 0xEC,
    0x0D, 0x10, 0xDC, 0xF2, 0x7C, 0x52, 0xE9, 0x57, 0x20, 0x98, 0x1D, 0x96, 0x29, 0x34, 0x08, 0x5E,
    0x01, 0xAD, 0x1B, 0x00, 0xCB, 0xB4, 0x86, 0x0D, 0x83, 0xAA, 0xF8, 0xEB, 0x9B, 0x4C, 0xAE, 0xF9,
    0x3D, 0x08, 0x46, 0x56, 0xC0, 0x3B, 0xCA, 0x48, 0xB0, 0xD8, 0x77, 0x0C, 0x23, 0xD5, 0x20, 0xF8,
    0x8C, 0x4F, 0xA3, 0x8A, 0x79, 0x96, 0x12, 0xDB, 0x79, 0x1E, 0x45, 0x1B, 0x82, 0xE7, 0x8F, 0x24,
    0x52, 0x79, 0x1F, 0xF0, 0xDA, 0xA6, 0x7D, 0x50, 0xCA, 0x21, 0x9A, 0x96, 0x32, 0x74, 0xFC, 0x48,
    0xC8, 0xCF, 0x06, 0x82, 0x58, 0x87, 0x06, 0x2E, 0xA3, 0x14, 0x79, 0x3E, 0x90, 0xDF, 0x16, 0x7D,
    0x08, 0xB9, 0xAE, 0x1D, 0xA8, 0x7E, 0xF8, 0x7A, 0xAD, 0xFC, 0xD2, 0xCA, 0x1B, 0x3D, 0xA5, 0x72,
    0xF7, 0xB5, 0x53, 0x40, 0xE1, 0xCB, 0x7E, 0x85, 0x2B, 0xB1, 0x02, 0x39, 0x95, 0x7B, 0x60, 0x85,
    0xCC, 0x5E, 0x44, 0xF8, 0xEA, 0x13, 0xA7, 0x30, 0x2E, 0xDE, 0x17, 0x4D, 0x9B, 0xCC, 0x50, 0x17,
    0xBB, 0xC7, 0xD5, 0xF7, 0x9E, 0x84, 0xF4, 0xC2, 0x4F, 0xA6, 0xBA, 0x27, 0x09, 0x66, 0x0A, 0xBB,
    0xD9, 0xA4, 0x03, 0x31, 0xDD, 0x68, 0x3F, 0xE4, 0x7A, 0xCE, 0x8B, 0xCB, 0x4E, 0x23, 0x96, 0x66,
    0x45, 0xD0, 0x05, 0x47, 0x89, 0x1A, 0x53, 0xA5, 0xD8, 0x2E, 0x56, 0xB0, 0xDF, 0x2C, 0x23, 0x52,
    0xDC, 0x85, 0xF1, 0xB6, 0xE0, 0x14, 0xA7, 0x12, 0x77, 0x79, 0xEE, 0xF8, 0x4B, 0xC4, 0x89, 0x0F,
    0x00, 0x62, 0xAF, 0xF2, 0xFB, 0x25, 0x81, 0xBD, 0xD9, 0xF1, 0x64, 0x77, 0xF0, 0xBC, 0xD5, 0x93,
    0x82, 0xFC, 0x38, 0x95, 0x28, 0xF4, 0x2B, 0x64, 0xA7, 0x6B, 0xD3, 0x23, 0xF7, 0xF8, 0x3F, 0x1D,
    0xA0, 0x31, 0xF0, 0x76, 0x18, 0x4E, 0xD8, 0xD0, 0x38, 0x4F, 0xE2, 0xF4, 0xDD, 0x21, 0x5F, 0xC7,
    0x46, 0x26, 0x87, 0xC9, 0x80, 0x6E, 0x0A, 0xE1, 0x0C, 0xE6, 0xD7, 0xB8, 0x8B, 0x74, 0x96, 0xC7,
    0x5C, 0xC5, 0x03, 0x0C, 0x18, 0xAA, 0xCF, 0x79, 0xD0, 0x7E, 0x21, 0x3B, 0x76, 0x4A, 0x31, 0x8E,
    0xD4, 0x5D, 0x9E, 0xFE, 0x6A, 0x2C, 0xC1, 0x56, 0x64, 0x3E, 0xE8, 0x47, 0x48, 0xA9, 0x3D, 0xBA,
    0xD0, 0x4F, 0x5E, 0x9C, 0xFF, 0x06, 0xD5, 0x5A, 0xBF, 0x8F, 0xDD, 0xC6, 0x11, 0x5E, 0x92, 0x96,
    0x88, 0x88, 0x80, 0xE9, 0xC2, 0x0A, 0x04, 0x39, 0x30, 0x5D, 0x1A, 0xB2, 0x61, 0xA6, 0x70, 0xE1,
    0xE2, 0x24, 0x32, 0x69, 0x5D, 0x58, 0x85, 0x0E, 0x69, 0x53, 0xDB, 0x08, 0x94, 0xC2, 0x85, 0x0B,
    0xE9, 0x1E, 0x03, 0xFF, 0x01, 0x51, 0x93, 0xD4, 0x2A, 0x5C, 0xD8, 0xAF, 0x91, 0x0B, 0x15, 0x0A,
    0x70, 0x16, 0x69, 0xF8, 0x0F, 0xF0, 0x4B, 0x82, 0x20, 0x45, 0x8A, 0x10, 0x91, 0x8B, 0xC0, 0x2E,
    0xCC, 0xD8, 0x74, 0xF2, 0x2C, 0xF3, 0x71, 0xF3, 0x7D, 0xDF, 0x92, 0xEF, 0x97, 0x2E, 0x86, 0x24,
    0xDF, 0xE9, 0x2E, 0x77, 0xF7, 0x86, 0xEF, 0xC8, 0xE5, 0xEE, 0xCC, 0xEC, 0xEC, 0xCC, 0x37, 0xB3,
    0x6B, 0xFC, 0xE9, 0x34, 0x37, 0x26, 0xB0, 0xB6, 0x30, 0xC6, 0x7D, 0xDF, 0xF8, 0x89, 0x66, 0xA4,
    0x71, 0x43, 0x9A, 0x88, 0x66, 0x73, 0xD2, 0x4B, 0x1D, 0xE9, 0x1F, 0x44, 0xDB, 0x9E, 0xB4, 0x29,
    0x41, 0xFC, 0x3A, 0x63, 0x6F, 0x55, 0x86, 0xDE, 0xC2, 0x2A, 0xAD, 0xF0, 0x6A, 0x11, 0xA3, 0x8B,
    0x58, 0x5D, 0xA4, 0x26, 0x02, 0xCD, 0xAC, 0x9D, 0x8B, 0xE2, 0xE5, 0x3B, 0xC6, 0x03, 0x6D, 0x8D,
    0xE9, 0x8D, 0x87, 0x47, 0xA5, 0x09, 0x6A, 0x63, 0x26, 0x79, 0x80, 0x57, 0xB2, 0x82, 0x63, 0x67,
    0xD5, 0xAD, 0xFB, 0xE6, 0xB4, 0xFD, 0xD6, 0x5A, 0x13, 0xDB, 0x1E, 0x0C, 0x16, 0xE4, 0xB5, 0x32,
    0xFA, 0xE6, 0x7E, 0x3C, 0x8C, 0xE8, 0x59, 0xF0, 0x10, 0xF5, 0x65, 0x65, 0xE2, 0x1A, 0x63, 0xC4,
    0x55, 0xD0, 0x60, 0xFC, 0x80, 0x0C, 0x2F, 0xC9, 0xA9, 0xB7, 0x1A, 0xE3, 0x5B, 0x8B, 0xA7, 0x73,
    0xFC, 0x9B, 0xF1, 0x69, 0xC6, 0x07, 0x13, 0x47, 0x42, 0x92, 0x98, 0x0F, 0xB2, 0xD6, 0x24, 0xF6,
    0xAB, 0xDE, 0x84, 0xF6, 0x63, 0x9B, 0x9B, 0x2B, 0x1C, 0x23, 0x28, 0x42, 0xCA, 0x35, 0x8B, 0x29,
    0x63, 0x4F, 0x49, 0x8D, 0x95, 0xEC, 0x69, 0x6D, 0x4E, 0xB4, 0xC6, 0xBC, 0x2A, 0x28, 0xD0, 0x30,
    0x44, 0xBF, 0x7D, 0x89, 0x81, 0x26, 0x1C, 0x39, 0x6A, 0xCD, 0x13, 0xD4, 0xDD, 0x09, 0xD3, 0x88,
    0x78, 0x91, 0x99, 0x5F, 0x13, 0x77, 0x62, 0xC5, 0x6F, 0xD7, 0xE8, 0x42, 0xF7, 0xAD, 0x1E, 0xA4,
    0xED, 0x91, 0xEB, 0x28, 0xA2, 0x21, 0x5F, 0xE2, 0x60, 0xFB, 0x24, 0xDD, 0x92, 0xF4, 0x4F, 0x81,
    0x94, 0xFC, 0x9A, 0xE8, 0xFF, 0x37, 0x75, 0x93, 0x1C, 0x76, 0xE3, 0xB8, 0x31, 0xDF, 0x7D, 0x7E,
    0xC3, 0xFE, 0x7C, 0xB2, 0x9A, 0x5A, 0x3B, 0x33, 0x36, 0x8F, 0x1B, 0x34, 0x0D, 0x5A, 0x0C, 0x1D,
    0x34, 0x18, 0xDA, 0x9F, 0x25, 0x9C, 0x0A, 0xAA, 0x14, 0x6C, 0x6C, 0x92, 0x62, 0x49, 0x36, 0x1F,
    0xA8, 0x71, 0x52, 0x8F, 0x13, 0x48, 0xD3, 0x79, 0x21, 0x80, 0x86, 0x3E, 0x34, 0xB6, 0x40, 0xBF,
    0x19, 0x07, 0x8A, 0xA4, 0xD5, 0xB3, 0x54, 0xEA, 0xF9, 0xC2, 0x75, 0x73, 0x17, 0x3A, 0x83, 0x02,
    0x39, 0x15, 0xE1, 0xE8, 0x53, 0x68, 0x7E, 0x36, 0x0F, 0xFA, 0x12, 0x2A, 0x8C, 0x1A, 0xEA, 0x30,
    0x2D, 0x02, 0x4C, 0xB6, 0x67, 0x38, 0xE1, 0x99, 0xD9, 0xFA, 0xE4, 0xAE, 0x27, 0x19, 0xC0, 0xCC,
    0xFC, 0x34, 0x9A, 0x7B, 0x0D, 0x96, 0x7E, 0x6D, 0x4A, 0xB8, 0x2A, 0xEF, 0x32, 0x8D, 0x57, 0x53,
    0x29, 0x26, 0x29, 0x96, 0x64, 0x8B, 0x8A, 0xED, 0xF5, 0x78, 0xCC, 0x0A, 0xC1, 0x07, 0x77, 0xD5,
    0x2C, 0x6C, 0x69, 0xDC, 0x6B, 0x9C, 0x1D, 0xB2, 0x42, 0xCE, 0xE0, 0xD7, 0x44, 0xD5, 0x25, 0xDA,
    0x06, 0x2D, 0xC4, 0x92, 0xBF, 0xC9, 0x52, 0xC0, 0x13, 0xA1, 0x10, 0xAF, 0xF0, 0x0A, 0xD3, 0x46,
    0x95, 0xB9, 0x0E, 0x91, 0x32, 0xB4, 0x8A, 0x3B, 0xA7, 0xA0, 0xA3, 0x50, 0xC8, 0x8B, 0xF8, 0xA5,
    0xC7, 0xE0, 0x4A, 0x8E, 0x3F, 0xD1, 0x3A, 0xB5, 0x64, 0xD6, 0xB3, 0x32, 0xC9, 0x72, 0xCB, 0x50,
    0x4A, 0x6B, 0x3F, 0x13, 0xC5, 0xE3, 0xA0, 0x33, 0x93, 0x9A, 0x0B, 0x2D, 0xEC, 0x48, 0xBD, 0x5E,
    0x8B, 0xCE, 0x8A, 0x4E, 0x0A, 0xD2, 0xAC, 0x5A, 0xD1, 0xD4, 0xD1, 0xD9, 0xFF, 0xA0, 0xD5, 0x76,
    0x7B, 0xD7, 0x83, 0x5D, 0xF5, 0x8C, 0x51, 0x30, 0x62, 0xDA, 0x98, 0xAB, 0x96, 0x91, 0xD8, 0x5A,
    0xE7, 0x7D, 0x4E, 0xED, 0x52, 0x8C, 0xC4, 0x46, 0x35, 0x99, 0x96, 0xA9, 0x97, 0xF2, 0x5D, 0x13,
    0x06, 0x22, 0x33, 0xF9, 0x89, 0xA8, 0x96, 0x02, 0x69, 0x39, 0x9F, 0x28, 0x94, 0x83, 0xC6, 0x6D,
    0x64, 0xB9, 0x24, 0x7C, 0x2B, 0xFD, 0x58, 0x69, 0xCA, 0x4A, 0x67, 0xA5, 0xB4, 0x37, 0x39, 0x90,
    0xBA, 0xA7, 0x8E, 0xEA, 0xAD, 0xA4, 0xF2, 0x2C, 0x27, 0x36, 0x2C, 0xD5, 0x73, 0xF6, 0x19, 0x1D,
    0x63, 0x06, 0xE6, 0x4F, 0xE5, 0x3F, 0x50, 0x63, 0xBF, 0x58, 0xEC, 0x42, 0x3F, 0x14, 0x37, 0x9D,
    0xBD, 0xD5, 0x4F, 0x0F, 0x4D, 0x63, 0x34, 0x46, 0xAB, 0x49, 0x1E, 0xE6, 0xD8, 0xDB, 0x2D, 0xAF,
    0x90, 0xF7, 0xCE, 0x7D, 0x93, 0xA0, 0xE7, 0x6F, 0x4C, 0xD0, 0xA0, 0x83, 0x57, 0xA6, 0xB6, 0x62,
    0x98, 0x8D, 0xD3, 0x92, 0x94, 0x24, 0xF9, 0xA5, 0x90, 0x07, 0x49, 0x39, 0x3C, 0x65, 0xBB, 0x94,
    0xBA, 0x91, 0x6A, 0x42, 0x69, 0x46, 0x8A, 0x91, 0x5E, 0x2E, 0x4C, 0xDF, 0xA3, 0x25, 0xCF, 0x87,
    0x6F, 0xEB, 0x16, 0x66, 0x2B, 0x11, 0xF0, 0x1E, 0x53, 0xB0, 0x40, 0x84, 0x42, 0xFB, 0x92, 0xDC,
    0x6C, 0x93, 0xC5, 0xEE, 0x15, 0x46, 0x15, 0x3C, 0xEF, 0xD1, 0xD5, 0x81, 0x4D, 0x46, 0xF2, 0x36,
    0xC9, 0x6D, 0x92, 0x16, 0xDD, 0xFB, 0x2D, 0x35, 0xD3, 0xE2, 0x63, 0x1B, 0x0F, 0x68, 0x89, 0xB0,
    0xC9, 0x5B, 0xA2, 0x26, 0x07, 0x05, 0xD0, 0x71, 0x35, 0xAC, 0xB4, 0x39, 0x75, 0x9E, 0x15, 0x5E,
    0x87, 0xD5, 0xD6, 0x65, 0xD3, 0x69, 0xC7, 0xE0, 0x9A, 0xED, 0xEE, 0x5E, 0x39, 0x60, 0xA5, 0xBD,
    0x8A, 0x95, 0xD6, 0x2A, 0xD4, 0x4D, 0x46, 0x5F, 0xFC, 0x0C, 0x3B, 0x5D, 0x8C, 0x01, 0xCA, 0x91,
    0x7D, 0x73, 0x02, 0x44, 0x57, 0xF8, 0x26, 0x64, 0xA0, 0x73, 0xE2, 0x35, 0x98, 0x6D, 0x79, 0xE0,
    0xC3, 0x53, 0xC3, 0xB1, 0xC9, 0xE8, 0xF0, 0x83, 0x47, 0xF8, 0xC2, 0x88, 0x6B, 0xC2, 0xD9, 0x08,
    0xBB, 0x42, 0xDD, 0x53, 0x93, 0xB2, 0x3E, 0x5C, 0x79, 0xC1, 0x88, 0xDF, 0x0C, 0x21, 0xBE, 0x76,
    0x4E, 0x3C, 0xE8, 0x6F, 0x62, 0x59, 0xE1, 0xCB, 0xF9, 0xDC, 0xFC, 0x12, 0xBF, 0xE6, 0x22, 0x5B,
    0x24, 0x6F, 0xF0, 0x7D, 0xAB, 0x34, 0x63, 0x14, 0xE8, 0xD8, 0xED, 0xC2, 0x47, 0x20, 0xF2, 0x1A,
    0xE0, 0xA7, 0x8F, 0x18, 0x88, 0xD0, 0x20, 0x9E, 0x3B, 0xFB, 0x38, 0x8A, 0xE5, 0xE1, 0x13, 0x85,
    0x1B, 0xAF, 0x0E, 0xB9, 0xFA, 0x84, 0xC3, 0x1D, 0x10, 0x5F, 0x43, 0xE2, 0x23, 0x20, 0x2F, 0x2D,
    0xA1, 0xAE, 0x80, 0xED, 0x04, 0x6B, 0xD6, 0x78, 0x0B, 0xBA, 0xBD, 0xA0, 0xA5, 0xEB, 0xA1, 0x09,
    0xBF, 0x03, 0x04, 0x6A, 0x96, 0x21, 0x3D, 0x7B, 0x90, 0x16, 0x6B, 0xB4, 0x42, 0x98, 0x6F, 0x40,
    0x9F, 0xB3, 0x35, 0x9F, 0xCA, 0xC9, 0x81, 0x32, 0xC6, 0x5B, 0xF5, 0x66, 0x65, 0x20, 0xE8, 0x5F,
    0xA3, 0x18, 0xAB, 0x18, 0x91, 0xDA, 0x5B, 0x96, 0x28, 0xC1, 0x92, 0xB9, 0x53, 0xF4, 0x98, 0xB5,
    0x87, 0xF7, 0x9A, 0x00, 0xA4, 0xBC, 0x55, 0x11, 0x77, 0x93, 0xF5, 0xF9, 0x6A, 0x15, 0x21, 0x32,
    0x65, 0xFD, 0xA4, 0xF6, 0xFA, 0x5B, 0xDF, 0xD5, 0x41, 0x13, 0x36, 0x88, 0xFB, 0x80, 0xA7, 0x51,
    0x1D, 0xCC, 0xC1, 0xAD, 0x4F, 0x82, 0x6F, 0xF8, 0xB7, 0x35, 0x7A, 0xE0, 0x77, 0x94, 0x81, 0x51,
    0xDA, 0xDC, 0x7D, 0x6F, 0xC0, 0x44, 0x5A, 0x96, 0xC1, 0x37, 0xBB, 0x1A, 0x18, 0x5D, 0x5B, 0x20,
    0x06, 0xB8, 0x2C, 0x30, 0x5B, 0x40, 0x1A, 0x68, 0x39, 0x29, 0x2E, 0x91, 0xEC, 0x81, 0xE4, 0x9C,
    0x32, 0x93, 0x16, 0x70, 0x38, 0x31, 0xB9, 0x04, 0x3A, 0xCF, 0x87, 0x59, 0x1B, 0xC1, 0x84, 0x53,
    0x6C, 0xE8, 0x00, 0xFD, 0x03, 0x39, 0xDA, 0x09, 0x56, 0xB5, 0x84, 0x10, 0xB6, 0x0F, 0xE7, 0xA3,
    0x04, 0xDB, 0x02, 0x9C, 0x14, 0x7D, 0x9F, 0x60, 0x2D, 0x0E, 0xB9, 0xB8, 0xB3, 0x85, 0x7A, 0x99,
    0x28, 0x0C, 0x99, 0x5F, 0xA2, 0xA7, 0x4F, 0x89, 0x9E, 0x23, 0xD9, 0xD9, 0x48, 0xBF, 0x7C, 0x6A,
    0x3E, 0x68, 0x4F, 0x96, 0xBE, 0x4B, 0xDB, 0x44, 0x68, 0x5E, 0xDA, 0x3A, 0xE4, 0xAB, 0x44, 0x46,
    0x33, 0xE3, 0xC0, 0xD2, 0x78, 0x01, 0xA4, 0xDA, 0xBD, 0xFA, 0x17, 0x62, 0x21, 0x76, 0x0C, 0x50,
    0x35, 0xBD, 0xF5, 0xF9, 0x56, 0x13, 0x9F, 0x4D, 0x2A, 0xF2, 0xA0, 0x2A, 0x0A, 0x9A, 0x94, 0xD5,
    0x76, 0x93, 0x87, 0xBE, 0x04, 0x02, 0x6C, 0x40, 0x60, 0x37, 0x4F, 0xDB, 0xFB, 0x18, 0x56, 0x0C,
    0x9E, 0x95, 0xFE, 0x95, 0xB6, 0x12, 0xA4, 0x2D, 0x1D, 0xFE, 0x8F, 0x17, 0xBB, 0xCE, 0xDD, 0x17,
    0xE3, 0x77, 0x7F, 0x78, 0x7A, 0xE6, 0x06, 0x69, 0xD9, 0xB3, 0xB4, 0xC2, 0xC7, 0xBE, 0xCD, 0x33,
    0xF2, 0x46, 0x5F, 0x8A, 0x36, 0xB1, 0x50, 0x65, 0xF4, 0xE8, 0x14, 0xEC, 0xC1, 0x00, 0x52, 0x7B,
    0x23, 0xEA, 0xA9, 0xB6, 0xC8, 0xE6, 0x6F, 0x4E, 0x6F, 0x82, 0x4B, 0xD0, 0x31, 0xF6, 0x34, 0xB8,
    0x1F, 0x08, 0xAF, 0x3E, 0xC6, 0x1F, 0x5E, 0x84, 0xE8, 0xE8, 0x70, 0x3A, 0xBD, 0xE1, 0xA8, 0xEB,
    0x16, 0xD1, 0x24, 0xED, 0x14, 0x1F, 0x1F, 0xE2, 0x0F, 0xCB, 0xE5, 0x25, 0x7B, 0x73, 0x62, 0xDB,
    0xC3, 0x62, 0xC6, 0xDC, 0x61, 0x48, 0x86, 0xC5, 0x22, 0xB6, 0x91, 0xD6, 0x79, 0x04, 0xE0, 0x07,
    0xB5, 0x3E, 0x43, 0x96, 0xFC, 0x85, 0xD4, 0x7E, 0x67, 0xB5, 0x46, 0x1E, 0x8F, 0x5B, 0x73, 0x9D,
    0xC1, 0x1F, 0x38, 0x83, 0x43, 0x54, 0xD4, 0x73, 0xC0, 0x7C, 0x72, 0x66, 0x2E, 0x0F, 0xCC, 0x04,
    0xAE, 0x26, 0xB3, 0x0A, 0xF3, 0x87, 0x23, 0xDD, 0x63, 0xEB, 0x36, 0xB6, 0x33, 0xD9, 0x40, 0xB5,
    0xE4, 0x41, 0x0B, 0x15, 0xF9, 0x32, 0x69, 0x22, 0x6B, 0xBC, 0x2E, 0xCA, 0x2C, 0xBD, 0x23, 0xAA,
    0xC1, 0x32, 0x66, 0x51, 0xB4, 0x63, 0x78, 0x87, 0x7D, 0x56, 0xB2, 0xCF, 0x86, 0x0B, 0xF8, 0xD3,
    0x39, 0x29, 0xAD, 0xDB, 0xEF, 0x98, 0x61, 0xE1, 0x2D, 0xDA, 0x6D, 0x37, 0x2C, 0xC9, 0x54, 0x3D,
    0xC7, 0x6E, 0x14, 0xAD, 0x55, 0xE8, 0x1F, 0xFC, 0x9B, 0xB2, 0xE5, 0x04, 0x25, 0xDD, 0xA6, 0x3B,
    0x77, 0x9E, 0x29, 0x11, 0x4D, 0x75, 0x47, 0xD5, 0x20, 0xE7, 0x94, 0xCC, 0xB3, 0x4C, 0x9C, 0xAF,
    0x8C, 0x4B, 0x2A, 0xFC, 0x3E, 0xB4, 0x43, 0xBE, 0x6D, 0x4B, 0x96, 0x98, 0xD5, 0x97, 0xBC, 0x47,
    0x1E, 0x24, 0xA8, 0xE4, 0x4C, 0xD9, 0x64, 0x8F, 0x10, 0xCA, 0xF9, 0x4B, 0x3A, 0x82, 0x84, 0xCB,
    0x25, 0x62, 0x13, 0x69, 0xC6, 0x65, 0x57, 0x48, 0xC2, 0x21, 0x4C, 0x85, 0xB5, 0x93, 0x7C, 0xCB,
    0x79, 0xEB, 0xD7, 0xF9, 0xCD, 0xC6, 0xAC, 0xD3, 0x7C, 0xB4, 0xAC, 0x55, 0xC9, 0xD1, 0x32, 0x11,
    0xF0, 0xDF, 0x1B, 0x0B, 0x01, 0x12, 0x28, 0x5B, 0x3A, 0xD6, 0x7A, 0x2B, 0xD7, 0x66, 0xA9, 0x0E,
    0xB9, 0xBA, 0x0C, 0xE5, 0xFB, 0x41, 0xDC, 0x23, 0x91, 0xDB, 0x2B, 0xC4, 0xB7, 0x09, 0xFB, 0x1A,
    0x07, 0x95, 0xCF, 0xDC, 0xA4, 0x43, 0x41, 0xB8, 0xD9, 0x63, 0xE9, 0xCF, 0x9B, 0x51, 0xB7, 0xE5,
    0x98, 0xB4, 0xFA, 0x3F, 0xC8, 0x3E, 0x6F, 0xC8, 0xC8, 0x8F, 0x49, 0xAE, 0xB5, 0x9F, 0xBB, 0xCB,
    0x5C, 0x6C, 0x39, 0x35, 0x0E, 0x41, 0xE4, 0xE6, 0x90, 0xA5, 0x1D, 0xEA, 0x49, 0xAC, 0x20, 0x71,
    0x39, 0x21, 0xC6, 0x85, 0x15, 0xCB, 0x72, 0x78, 0x74, 0x2A, 0x87, 0x16, 0x62, 0xAE, 0xB6, 0x24,
    0xE7, 0x92, 0x60, 0xAB, 0x1D, 0x92, 0xD7, 0x8E, 0x50, 0x0B, 0x67, 0xAF, 0x9C, 0x82, 0x78, 0x69,
    0x1E, 0x76, 0x19, 0x9A, 0x5F, 0xC4, 0xE7, 0x1A, 0x3E, 0x1F, 0xEA, 0xD5, 0x1F, 0xFA, 0xE1, 0x7C,
    0x42, 0x6A, 0x59, 0xEE, 0xC3, 0xCF, 0x72, 0x44, 0x32, 0xE1, 0x62, 0x93, 0xCB, 0xC0, 0x92, 0x20,
    0x72, 0x71, 0x2E, 0x40, 0x0B, 0xFA, 0xAB, 0x47, 0x93, 0x8F, 0x35, 0xB3, 0x70, 0xA1, 0xE9, 0x3D,
    0xF8, 0xEF, 0x59, 0xB3, 0x68, 0x59, 0xF9, 0xB3, 0x39, 0x9A, 0xA5, 0x0B, 0xB3, 0xF3, 0x60, 0x9B,
    0x1E, 0x5E, 0xB1, 0xCE, 0x54, 0x2F, 0xB9, 0xB0, 0x06, 0xBE, 0xB4, 0xC6, 0x3D, 0xA1, 0x7A, 0x25,
    0x91, 0xAB, 0xC2, 0xED, 0xB8, 0x66, 0xE7, 0x70, 0xF2, 0x7D, 0x89, 0x08, 0x62, 0x17, 0xCC, 0xE4,
    0x90, 0xAD, 0xC1, 0xEB, 0xC5, 0x39, 0xC5, 0x02, 0xFD, 0xB2, 0x21, 0xFD, 0x62, 0x4E, 0x7A, 0xAF,
    0x23, 0xAD, 0xAD, 0x68, 0x59, 0x90, 0x66, 0x15, 0x69, 0xD2, 0x90, 0x46, 0x2D, 0x69, 0xD0, 0x91,
    0x7A, 0x3D, 0xA9, 0x29, 0xDF, 0x20, 0xCD, 0x3E, 0x25, 0x4D, 0xBE, 0x24, 0x45, 0xBC, 0x06, 0x0D,
    0x44, 0x3D, 0x38, 0x24, 0xA2, 0xBF, 0xFC, 0x2A, 0x90, 0x50, 0x96, 0xD3, 0x73, 0x25, 0xE4, 0x6E,
    0x2A, 0x9E, 0x65, 0xEB, 0x0E, 0xAF, 0x0D, 0x7B, 0x0D, 0xE2, 0xFC, 0x65, 0xB3, 0x99, 0xE9, 0x67,
    0x73, 0x16, 0x1C, 0xD3, 0x8E, 0x18, 0xC3, 0xB3, 0x33, 0x07, 0x30, 0x89, 0xD4, 0x7A, 0x01, 0xC5,
    0x85, 0x52, 0x87, 0xEE, 0x71, 0xA8, 0xA7, 0x77, 0x11, 0x6B, 0xC2, 0x3E, 0xCF, 0x6C, 0x13, 0xDA,
    0xE2, 0x04, 0xEA, 0x6A, 0xED, 0x47, 0xF9, 0xC5, 0x98, 0x29, 0x39, 0x5C, 0x2C, 0x13, 0x88, 0xD7,
    0x70, 0xF1, 0x93, 0xD6, 0xD8, 0x26, 0x87, 0x2E, 0x5B, 0x48, 0xF3, 0x65, 0xBC, 0x31, 0x17, 0xCD,
    0x6A, 0xCF, 0x46, 0xD5, 0x26, 0xAF, 0x30, 0x04, 0x5C, 0x2D, 0xF7, 0xB6, 0xCC, 0x9E, 0x9A, 0xA6,
    0x6E, 0x77, 0xA7, 0x5B, 0xE5, 0x7E, 0x27, 0xD8, 0x7A, 0x55, 0xAE, 0x77, 0xF5, 0xFA, 0xA1, 0x60,
    0xEF, 0x2A, 0xF6, 0xAE, 0x64, 0xBF, 0x59, 0xB3, 0x7F, 0xE2, 0x73, 0x71, 0xE1, 0xE7, 0x8C, 0xE3,
    0xA5, 0x12, 0xA8, 0x05, 0x77, 0xDF, 0xFC, 0x36, 0xE5, 0x7E, 0xDC, 0x6C, 0x8F, 0x3C, 0xE7, 0xB7,
    0x0F, 0xDA, 0x63, 0x71, 0x7B, 0x0A, 0xF4, 0x3C, 0x73, 0xF9, 0xC5, 0x85, 0x18, 0x9B, 0x88, 0xC9,
    0xAC, 0x60, 0x0E, 0x97, 0x6A, 0x3B, 0x2F, 0x11, 0xF3, 0xB1, 0x32, 0xBC, 0xB8, 0xA1, 0xF3, 0x39,
    0x90, 0x56, 0x4B, 0xAA, 0x96, 0xC9, 0xCC, 0xF5, 0xE0, 0x7A, 0x73, 0x3D, 0x73, 0x94, 0x5E, 0xE9,
    0x20, 0x77, 0x03, 0xEF, 0xB3, 0xC2, 0x15, 0xBA, 0x1D, 0x3E, 0xED, 0xBD, 0x9C, 0xB9, 0x39, 0xE5,
    0xDB, 0xB8, 0x91, 0xBD, 0x8B, 0x06, 0x13, 0x49, 0x0C, 0xB4, 0xE5, 0xD5, 0xCF, 0xAF, 0x6B, 0x96,
    0x7B, 0x0E, 0x90, 0xA0, 0x44, 0x46, 0x47, 0xDC, 0x84, 0x06, 0x0B, 0x6A, 0x5F, 0x55, 0xDE, 0x8C,
    0xC5, 0x9D, 0x4C, 0x09, 0x99, 0x48, 0xB1, 0x24, 0xB9, 0x7B, 0x90, 0xBB, 0x4C, 0xAD, 0xE4, 0x6B,
    0xBD, 0xEB, 0xC0, 0xEF, 0x6F, 0x91, 0x3B, 0xAA, 0x51, 0xB5, 0xD1, 0x95, 0x92, 0xAC, 0x2A, 0xE5,
    0xE9, 0x70, 0xB5, 0x39, 0xD3, 0x93, 0xDC, 0xA5, 0x29, 0x31, 0xFF, 0xE1, 0x5F, 0x01, 0x01, 0x71,
    0x0D, 0xA9, 0x30, 0xA9, 0x3F, 0xAD, 0xDC, 0x35, 0xDB, 0xBE, 0x16, 0x26, 0xFA, 0x66, 0xF7, 0xB2,
    0xAE, 0x44, 0x00, 0xBC, 0xDE, 0x47, 0x6A, 0xC3, 0xEB, 0x81, 0xED, 0x87, 0xEB, 0xD8, 0xAF, 0x1B,
    0xC7, 0xAB, 0xDD, 0xB8, 0x34, 0x68, 0xC1, 0xF8, 0x1A, 0xEA, 0xE4, 0xF8, 0x35, 0x15, 0x6A, 0xB9,
    0x9D, 0x12, 0x8A, 0x5F, 0x28, 0xFF, 0xEC, 0xE5, 0xA5, 0xCE, 0xDC, 0x4E, 0x4D, 0x6A, 0xA9, 0xB7,
    0xDA, 0x96, 0x33, 0x08, 0xFE, 0x5D, 0x1B, 0xB6, 0x50, 0x82, 0xAD, 0x81, 0x33, 0xA1, 0xBD, 0xCA,
    0xEB, 0xA8, 0x3F, 0x28, 0x93, 0x3A, 0x2A, 0x4C, 0x4F, 0xA5, 0x7D, 0x3E, 0xD5, 0x05, 0xC9, 0x2F,
    0x2F, 0xBF, 0x53, 0xF9, 0x8C, 0xD3, 0xED, 0x9A, 0xE8, 0x82, 0xA9, 0xA6, 0x3E, 0x2B, 0xE1, 0x62,
    0x88, 0xF5, 0x22, 0xBB, 0xEE, 0xCC, 0x3E, 0xB4, 0x5A, 0xBB, 0x9A, 0x1A, 0x86, 0xAD, 0xA8, 0x59,
    0x8F, 0xA8, 0xF8, 0xB4, 0x72, 0x39, 0x57, 0x62, 0x70, 0x71, 0x6C, 0x6F, 0xB5, 0xAD, 0xEB, 0xCD,
    0x1E, 0xDC, 0xE2, 0xB9, 0x21, 0xBA, 0x50, 0xE8, 0x2E, 0x05, 0xDA, 0x5D, 0x42, 0xEB, 0xD2, 0xCC,
    0xB8, 0x79, 0x80, 0xEA, 0x7E, 0xA2, 0x36, 0x19, 0xDB, 0x73, 0x7F, 0xD8, 0xA7, 0x5E, 0x78, 0x12,
    0xC0, 0xA5, 0x09, 0x4C, 0x0A, 0x3A, 0x97, 0x0E, 0x30, 0xBC, 0x13, 0x40, 0x8B, 0x96, 0x6B, 0x49,
    0x41, 0xD2, 0x28, 0x21, 0x55, 0x22, 0x13, 0xD8, 0x82, 0xA2, 0x50, 0xC8, 0x0F, 0x06, 0x74, 0xD1,
    0xB8, 0x3C, 0x20, 0x59, 0xE2, 0x7E, 0x39, 0x62, 0x3B, 0xB3, 0x75, 0x79, 0x0F, 0x6B, 0xF2, 0xBB,
    0xD7, 0x9B, 0x60, 0x11, 0x34, 0x41, 0xE7, 0x17, 0xB4, 0x75, 0x06, 0x3B, 0xBE, 0xF2, 0x7D, 0x1F,
    0x3A, 0xC0, 0x5B, 0xFD, 0x0D, 0x23, 0x74, 0x78, 0x93, 0xD5, 0x58, 0x73, 0x4D, 0x81, 0x3D, 0x65,
    0x3D, 0xD6, 0xC4, 0xDA, 0x1F, 0x71, 0xC8, 0xDE, 0xEF, 0x4E, 0xB8, 0x9E, 0xCE, 0x99, 0x73, 0x58,
    0x21, 0xFB, 0x26, 0xFC, 0x07, 0xF7, 0xD8, 0xD1, 0x19, 0x91, 0xD4, 0xE4, 0x08, 0xF4, 0x24, 0x44,
    0x34, 0xC9, 0x85, 0x93, 0x78, 0x1C, 0x80, 0x65, 0x9B, 0x68, 0x43, 0x31, 0xDA, 0x9E, 0x8C, 0x67,
    0x21, 0xFC, 0xA1, 0x3F, 0xCF, 0x8C, 0xD7, 0xC2, 0x84, 0x67, 0xD9, 0x60, 0x7D, 0xDC, 0x88, 0x66,
    0x21, 0x39, 0x94, 0x93, 0x66, 0x79, 0x44, 0xF5, 0x0C, 0x9E, 0x5B, 0x98, 0x3B, 0xB0, 0xE8, 0x2D,
    0xCE, 0xC1, 0x67, 0x61, 0x8A, 0x7B, 0xC0, 0xF4, 0x05, 0x44, 0xC0, 0x2A, 0x09, 0xDA, 0xE4, 0xDB,
    0xAB, 0x33, 0x79, 0x2E, 0xF9, 0xAD, 0x0F, 0x5C, 0xD3, 0x70, 0xB0, 0x09, 0xE6, 0x84, 0xAF, 0xAD,
    0xBB, 0x91, 0xD6, 0xC4, 0x9F, 0xF7, 0x74, 0x4D, 0x48, 0x14, 0x33, 0xD8, 0xFB, 0xCB, 0x6E, 0x3B,
    0x14, 0x63, 0x27, 0x3D, 0xC7, 0xAE, 0x1D, 0xB6, 0xE4, 0x0E, 0xA0, 0x29, 0xF3, 0xA7, 0xB0, 0x9E,
    0x76, 0x10, 0xE0, 0xF7, 0x4D, 0x52, 0xDC, 0xE5, 0x5B, 0xBF, 0x67, 0x59, 0x09, 0xB2, 0xED, 0x3E,
    0x21, 0x99, 0x9E, 0x2B, 0xDC, 0x02, 0x55, 0xEE, 0xFA, 0xD1, 0xF0, 0xE9, 0xDC, 0x09, 0x8B, 0xB2,
    0x3E, 0x5C, 0x99, 0xAE, 0x0F, 0xE5, 0x78, 0x32, 0xBD, 0x9C, 0xE0, 0x5A, 0xFB, 0xBE, 0x0C, 0xFA,
    0xAE, 0xEA, 0x0F, 0xC8, 0x73, 0x60, 0xD5, 0xFF, 0xC9, 0xCC, 0xEF, 0x8F, 0xF0, 0x1B, 0x17, 0xD7,
    0x4C, 0xF0, 0xAF, 0xD6, 0x6D, 0x96, 0xD0, 0x96, 0xB3, 0xFC, 0x68, 0xE6, 0xF7, 0x45, 0xD6, 0x37,
    0x13, 0x66, 0xE0, 0xD1, 0x9F, 0x9B, 0x71, 0xFF, 0x5B, 0x60, 0x6B, 0x63, 0xF7, 0x1B, 0x1E, 0xD9,
    0xF6, 0x13, 0xBA, 0xF9, 0x3D, 0xC6, 0xBD, 0x6B, 0x20, 0xE9, 0x3B, 0x0C, 0x6A, 0x22, 0x43, 0xE3,
    0xC3, 0x21, 0x64, 0xFA, 0x25, 0xFB, 0x4F, 0x8E, 0x49, 0xDC, 0xCE, 0xFD, 0xD2, 0x74, 0xD8, 0xDC,
    0x07, 0xC4, 0x7B, 0x1B, 0x9A, 0xBB, 0xFD, 0x6B, 0x95, 0x8E, 0xB8, 0x76, 0x53, 0xD8, 0xC8, 0xC4,
    0x76, 0x6E, 0x1D, 0x3F, 0xCA, 0x67, 0x3E, 0x38, 0x35, 0xFB, 0x3E, 0x96, 0xF3, 0xB8, 0x5D, 0xAD,
    0x0A, 0x9D, 0x27, 0x97, 0x64, 0x96, 0xD5, 0xBA, 0x55, 0x41, 0x22, 0xB0, 0x8B, 0x89, 0x6D, 0x08,
    0x0F, 0x7B, 0x02, 0x62, 0x16, 0x99, 0xE2, 0xFC, 0xC8, 0xA8, 0x90, 0x4B, 0x22, 0x7D, 0x5C, 0xE2,
    0xE4, 0xF2, 0x66, 0x62, 0x5D, 0x7D, 0x49, 0x13, 0x74, 0x8A, 0xD1, 0xF6, 0xFC, 0xF4, 0x7D, 0x4D,
    0x4F, 0xB7, 0xFC, 0xBE, 0xF6, 0x33, 0xE9, 0x3C, 0xC8, 0x92, 0x76, 0x5E, 0xA9, 0x62, 0xE7, 0x63,
    0x17, 0x4A, 0x9D, 0xF7, 0xF6, 0x44, 0x89, 0x7D, 0xE8, 0x5F, 0x4D, 0x29, 0x0C, 0xF3, 0x35, 0x99,
    0xB4, 0xEF, 0x92, 0xA1, 0xB5, 0xBA, 0xBA, 0x49, 0x14, 0x5E, 0x33, 0x4D, 0xE8, 0x1D, 0x65, 0x5B,
    0x4D, 0x94, 0x2F, 0xBF, 0xBB, 0xFB, 0xDB, 0x65, 0xAE, 0x13, 0xAA, 0xE1, 0x61, 0x1B, 0x43, 0x37,
    0xC2, 0x2F, 0x74, 0x8C, 0x45, 0x25, 0x93, 0x75, 0xEA, 0xEE, 0x7B, 0xDB, 0x49, 0xCA, 0x71, 0xE8,
    0x5F, 0x98, 0xD6, 0x24, 0x7F, 0xE4, 0xDA, 0x11, 0xAA, 0x35, 0x77, 0xB5, 0xBF, 0x31, 0x57, 0xAD,
    0xB2, 0x7E, 0xE5, 0xFF, 0x43, 0xE7, 0xD3, 0x33, 0x80, 0x6D, 0x5E, 0xCF, 0x53, 0x43, 0xC1, 0x5C,
    0x07, 0xFD, 0xEA, 0x3D, 0x65, 0xA1, 0x14, 0xE8, 0x79, 0xAF, 0x3E, 0x6E, 0x3D, 0x4F, 0xEC, 0x1C,
    0x29, 0x4D, 0x66, 0x5B, 0x50, 0x5F, 0xC9, 0x22, 0x01, 0x41, 0x54, 0x1C, 0x09, 0xD5, 0xBC, 0x50,
    0x63, 0x58, 0x3C, 0x65, 0xCE, 0x70, 0x9F, 0xD5, 0x7C, 0xA4, 0xBD, 0x9F, 0x51, 0x6F, 0x2E, 0x9D,
    0x8D, 0xD7, 0x8A, 0xC4, 0xD9, 0x3A, 0xFD, 0x8D, 0x56, 0x9C, 0xCE, 0x35, 0x85, 0xF6, 0x89, 0x6B,
    0xCC, 0xD5, 0x17, 0x54, 0xE6, 0xF5, 0x9A, 0x55, 0x81, 0x61, 0xA0, 0x9D, 0x5B, 0x60, 0x12, 0x60,
    0xE2, 0x62, 0xED, 0x9B, 0xE3, 0xD4, 0xDA, 0x21, 0xEE, 0xB9, 0xC0, 0xC4, 0xDC, 0xF2, 0xAF, 0xC3,
    0xE4, 0x27, 0x3F, 0x1B, 0x12, 0xF8, 0x9D, 0x15, 0x20, 0xDE, 0xB2, 0xED, 0x1A, 0xE1, 0x2D, 0xB2,
    0x73, 0xEE, 0x40, 0xDE, 0x85, 0xD8, 0x6D, 0xA8, 0x23, 0x42, 0x3C, 0x75, 0xE9, 0xBE, 0xA8, 0xE8,
    0xC8, 0x55, 0x7B, 0x91, 0x39, 0x2E, 0x13, 0x7D, 0xC6, 0x65, 0x13, 0xFC, 0xBD, 0x22, 0xAF, 0xC8,
    0x1A, 0x3F, 0x9D, 0x31, 0x4F, 0x28, 0x4D, 0xF4, 0xDB, 0x9A, 0x11, 0x27, 0x2B, 0xE2, 0xD7, 0x1B,
    0x0A, 0x80, 0x6C, 0x3F, 0x68, 0x78, 0x74, 0x21, 0xAD, 0x92, 0x60, 0x4E, 0x0C, 0x98, 0xCC, 0x5E,
    0x01, 0x66, 0x55, 0x32, 0xBA, 0xE3, 0xB1, 0x98, 0x0E, 0xD4, 0xB0, 0x83, 0xCC, 0x98, 0xA6, 0xDB,
    0xDC, 0x31, 0x3D, 0xFD, 0x5E, 0x30, 0xBF, 0x6D, 0xCA, 0x44, 0x12, 0x23, 0x1B, 0x4B, 0x85, 0xAB,
    0xF1, 0xE5, 0xBA, 0x8A, 0x6B, 0x98, 0x0D, 0xE9, 0x07, 0xBC, 0x3A, 0xC7, 0xC8, 0xB3, 0xA4, 0xF2,
    0xA2, 0x13, 0x7C, 0x69, 0x87, 0xF4, 0x65, 0x38, 0x09, 0x77, 0x61, 0xD0, 0xCA, 0x64, 0x50, 0x8A,
    0x75, 0x3A, 0x09, 0xFE, 0xED, 0x54, 0x12, 0x55, 0xEE, 0x68, 0xCD, 0xD3, 0x5B, 0x47, 0x3F, 0x87,
    0xC6, 0x36, 0x4F, 0x88, 0x4B, 0x4A, 0x40, 0x88, 0xFC, 0x39, 0x5B, 0xE8, 0xCC, 0x29, 0xE4, 0x04,
    0xCC, 0x41, 0x7F, 0x3C, 0xE8, 0x07, 0x26, 0x20, 0x25, 0x62, 0xE4, 0x7F, 0x1A, 0x9F, 0x98, 0xDB,
    0xBF, 0xC7, 0xBD, 0x7D, 0xAF, 0x0B, 0x3E, 0x69, 0x29, 0xE2, 0x22, 0xF8, 0xB8, 0xE3, 0x39, 0xCA,
    0x3E, 0x2A, 0xBA, 0xD8, 0x1D, 0x36, 0x5B, 0xF0, 0x9A, 0xC5, 0x66, 0xC2, 0x01, 0xB3, 0x5F, 0x99,
    0x8C, 0x53, 0x02, 0x81, 0xB2, 0x6B, 0xAE, 0xDE, 0xA2, 0x78, 0x00, 0x29, 0x24, 0x08, 0xB3, 0xD9,
    0xC6, 0xD5, 0x97, 0x42, 0x31, 0x7E, 0xC6, 0x55, 0x19, 0x5D, 0x71, 0x43, 0x22, 0x74, 0xEE, 0x04,
    0x2B, 0x8D, 0x37, 0x2C, 0xA2, 0xCD, 0xEA, 0x54, 0xC6, 0xCD, 0x9A, 0x26, 0xE3, 0x66, 0x4D, 0xCD,
    0x2C, 0xA1, 0xE4, 0x89, 0x2F, 0x02, 0x3B, 0xAB, 0x7D, 0x2B, 0x68, 0x49, 0x13, 0xC3, 0x54, 0x26,
    0xAE, 0x43, 0xCD, 0x84, 0xB4, 0xDF, 0x51, 0xF5, 0x5E, 0xA7, 0x3A, 0x51, 0xBF, 0xBF, 0x1A, 0xD1,
    0x1D, 0xD1, 0x4E, 0xAA, 0x87, 0xA0, 0xB3, 0x65, 0xFB, 0xD3, 0xE5, 0xFD, 0x5C, 0x2B, 0xB0, 0x72,
    0x78, 0xDC, 0x1D, 0x27, 0x93, 0x95, 0xC6, 0x7F, 0x63, 0x1D, 0x82, 0x66, 0xF2, 0x9A, 0x79, 0x67,
    0x43, 0xEF, 0xC6, 0x72, 0x17, 0xB3, 0x9C, 0xC7, 0x3C, 0x21, 0x0C, 0xE9, 0x63, 0x20, 0x3F, 0xB8,
    0x44, 0x95, 0xBF, 0x01, 0x78, 0x2F, 0xD2, 0xF8, 0x76, 0x98, 0xB7, 0xEC, 0x53, 0x8C, 0x96, 0xC3,
    0x12, 0xE2, 0xFF, 0x09, 0x03, 0x46, 0xF7, 0x58, 0x1A, 0xFE, 0x9A, 0x44, 0x75, 0x03, 0x3B, 0x42,
    0x25, 0xB7, 0xC7, 0xB2, 0x3F, 0xA6, 0xB4, 0xEE, 0x8C, 0x8F, 0x22, 0x13, 0x99, 0x9D, 0x14, 0x43,
    0xD1, 0x8B, 0x07, 0xF3, 0xE8, 0xFF, 0x13, 0xA7, 0xD7, 0x62, 0xA4, 0x7E, 0x93, 0x1C, 0xB4, 0x76,
    0x4E, 0x9E, 0x8E, 0xB9, 0x09, 0x3C, 0x9C, 0x3B, 0x1D, 0x77, 0x2E, 0xE4, 0x4A, 0x82, 0x6A, 0x1B,
    0xA7, 0x56, 0x8E, 0xD0, 0x77, 0xEC, 0x50, 0x51, 0x3B, 0x5C, 0xEE, 0x3B, 0xEE, 0x3C, 0x8A, 0xEC,
    0x2E, 0x1B, 0x35, 0x23, 0x05, 0xFA, 0xFD, 0xE8, 0x83, 0x64, 0x9C, 0x3A, 0xA8, 0xAA, 0x93, 0x07,
    0xE5, 0xD8, 0x42, 0x15, 0xF9, 0x90, 0x9B, 0x41, 0x3A, 0x01, 0x0B, 0x8C, 0x1F, 0xB0, 0x42, 0x15,
    0xCE, 0x54, 0xF6, 0x70, 0x3B, 0xE5, 0x5A, 0x92, 0xD6, 0x68, 0xE7, 0x91, 0xEA, 0xA7, 0x07, 0x78,
    0x7A, 0x83, 0xAF, 0x86, 0x9F, 0x4B, 0x90, 0x6F, 0x07, 0xDD, 0xBF, 0xAA, 0x83, 0x87, 0x2E, 0x79,
    0x56, 0x7E, 0x91, 0xCC, 0xDC, 0xA8, 0xAB, 0xDB, 0x2F, 0xE0, 0xF6, 0x87, 0x98, 0xC4, 0x26, 0xAB,
    0xBC, 0x06, 0x99, 0xB6, 0x3E, 0xAE, 0xB4, 0xE9, 0x75, 0xE3, 0x31, 0x74, 0x97, 0x98, 0xDF, 0x39,
    0x60, 0xFE, 0x8E, 0x49, 0x0F, 0x3C, 0x4D, 0xC7, 0x58, 0x10, 0x0F, 0x27, 0xEA, 0xC2, 0x6A, 0x9B,
    0xAF, 0xC3, 0xD1, 0x83, 0xEA, 0x15, 0x2A, 0x57, 0xA4, 0x71, 0x35, 0x14, 0x2B, 0xC2, 0xFE, 0x81,
    0x52, 0xC5, 0x71, 0xE9, 0xC1, 0x2F, 0xF0, 0xCB, 0xD3, 0x63, 0xDD, 0x25, 0x97, 0x47, 0xA6, 0xED,
    0x58, 0x84, 0x3A, 0x54, 0x3D, 0xFC, 0x17, 0xAD, 0x91, 0xB1, 0x4D, 0xC4, 0x40, 0x10, 0x45, 0x9F,
    0xED, 0x43, 0x0E, 0x2E, 0x58, 0x12, 0x24, 0x32, 0x17, 0x00, 0x92, 0x1B, 0x38, 0xB1, 0x2E, 0x81,
    0x84, 0x3A, 0x48, 0x08, 0x08, 0xD0, 0x79, 0xAB, 0xA0, 0x06, 0x0A, 0x20, 0x20, 0x80, 0x33, 0x25,
    0xB8, 0x04, 0x87, 0x88, 0x88, 0xC0, 0x81, 0x91, 0x6C, 0x0F, 0x7F, 0xF7, 0x12, 0x32, 0x12, 0xC6,
    0x3B, 0xA3, 0xD1, 0x5F, 0xCF, 0xFF, 0x5F, 0xB3, 0xA0, 0xE8, 0xAC, 0x29, 0xD6, 0x6E, 0x70, 0x7D,
    0x39, 0xD6, 0x21, 0x9F, 0x3C, 0xD9, 0xE8, 0xA1, 0x57, 0xE2, 0x03, 0xD4, 0x3D, 0xB8, 0x09, 0x4A,
    0x0B, 0x64, 0x36, 0x0B, 0x50, 0x93, 0xDB, 0x97, 0x1A, 0xA1, 0x85, 0x80, 0x6C, 0x39, 0x87, 0x75,
    0xA7, 0x3C, 0xC0, 0xD2, 0xC2, 0xEC, 0x43, 0x31, 0x56, 0xDF, 0xB7, 0x7D, 0x69, 0x2B, 0x9C, 0x35,
    0xA4, 0xD8, 0x6A, 0xC4, 0x45, 0xB2, 0x77, 0xA5, 0xB0, 0x4A, 0xD8, 0xE6, 0x78, 0x95, 0xDB, 0x88,
    0xFB, 0x5C, 0xF1, 0xFA, 0xAE, 0x94, 0x7B, 0x2E, 0x49, 0xFA, 0xFA, 0xBD, 0x5A, 0xA3, 0xF6, 0x20,
    0x9F, 0x92, 0xDA, 0x5A, 0x34, 0xDC, 0x6C, 0xA8, 0xC3, 0x0E, 0x17, 0x5E, 0xA9, 0xC2, 0x21, 0x4E,
    0x3D, 0x2E, 0x38, 0x71, 0x70, 0x73, 0xE4, 0x4B, 0xC3, 0x32, 0xC2, 0x9B, 0x52, 0x63, 0x48, 0x9A,
    0x6B, 0xC1, 0x66, 0xB6, 0xB6, 0x2A, 0xB6, 0xA7, 0xC3, 0x3F, 0xA8, 0xD4, 0xF7, 0x2A, 0x2E, 0x15,
    0x31, 0xA7, 0x7D, 0xFC, 0x4B, 0x89, 0x46, 0x2F, 0xEC, 0x23, 0x6A, 0x2E, 0xFC, 0x8E, 0x74, 0x9B,
    0xA0, 0x68, 0x0C, 0x99, 0x26, 0x1B, 0x62, 0x17, 0xD7, 0x74, 0x07, 0xCF, 0x11, 0x2B, 0x46, 0xAD,
    0x79, 0x6A, 0x6D, 0x2E, 0x52, 0xFF, 0xC7, 0x99, 0xC8, 0xC5, 0x65, 0x4F, 0xB4, 0x33, 0x27, 0x69,
    0xDB, 0x75, 0xC0, 0x37, 0x71, 0x0B, 0x7A, 0x95, 0x17, 0x38, 0xE5, 0x07, 0x15, 0x8E, 0xB1, 0x4D,
    0x03, 0x31, 0x00, 0x45, 0x5F, 0x6C, 0x29, 0x29, 0x5C, 0x38, 0x05, 0xFD, 0xF5, 0x11, 0x92, 0x5B,
    0x0A, 0x14, 0x5B, 0x62, 0x00, 0x56, 0xB8, 0x21, 0x52, 0x26, 0x70, 0x23, 0x30, 0x02, 0x05, 0x05,
    0xA4, 0x49, 0x0A, 0x8A, 0x34, 0xE7, 0x98, 0x09, 0x72, 0x23, 0x78, 0x04, 0x17, 0x29, 0x0E, 0xC9,
    0x39, 0x63, 0xF4, 0xBE, 0xBE, 0x9E, 0xF4, 0x9B, 0xBF, 0x72, 0x36, 0xE8, 0x41, 0x26, 0x46, 0xEE,
    0xF9, 0x92, 0x79, 0x91, 0x74, 0x30, 0x3C, 0x30, 0xFB, 0x44, 0x4E, 0xA8, 0x82, 0xBE, 0x84, 0xB5,
    0x8C, 0xDF, 0x1C, 0xC5, 0x1B, 0x34, 0x79, 0xE1, 0x6C, 0x39, 0xB0, 0x31, 0x13, 0xAD, 0x18, 0xD9,
    0xEF, 0xDF, 0x4B, 0x49, 0xB5, 0x8F, 0xC4, 0x93, 0x88, 0xF6, 0x10, 0x4C, 0xE9, 0xE6, 0xBF, 0xDC,
    0xF9, 0x52, 0x76, 0x5B, 0x39, 0x4C, 0x2A, 0xD5, 0x54, 0x01, 0x33, 0x7A, 0x9F, 0xF4, 0x3F, 0xDE,
    0x9B, 0x11, 0xC4, 0xC7, 0xCA, 0xE9, 0x54, 0x68, 0x7E, 0x6E, 0xD8, 0xA7, 0x2B, 0xBD, 0x1A, 0x48,
    0xDA, 0xD1, 0xD2, 0xEE, 0x44, 0x32, 0xCF, 0x41, 0x17, 0x57, 0x1F, 0x88, 0x4C, 0x13, 0x4C, 0x67,
    0x59, 0xF3, 0xC8, 0x92, 0x19, 0xB2, 0x53, 0x71, 0x9E, 0xF1, 0xBC, 0xD0, 0x9F, 0xF3, 0x6B, 0x94,
    0x43, 0x53, 0xB7, 0xBE, 0x72, 0x76, 0x76, 0x52, 0xB7, 0x3F, 0xE5, 0x3C, 0x7F, 0x70, 0x1C, 0xE5,
    0x75, 0x6F, 0x77, 0x4F, 0x5A, 0xDB, 0x2B, 0x6B, 0xF5, 0x87, 0x01, 0x75, 0xFC, 0xE3, 0xD4, 0xE2,
    0x74, 0x4C, 0x72, 0xD6, 0x0A, 0x22, 0x88, 0x0A, 0x77, 0xDA, 0x0D, 0x99, 0x42, 0x5B, 0xDA, 0xC1,
    0x33, 0xC5, 0xB4, 0x93, 0x32, 0x13, 0xCD, 0xF4, 0x0F, 0x9A, 0x21, 0x13, 0x5F, 0x13, 0x25, 0xD0,
    0x46, 0xF8, 0xD6, 0xCE, 0x4C, 0xD3, 0x29, 0xC3, 0x44, 0x2D, 0x65, 0x9A, 0x69, 0xDA, 0xE4, 0xDA,
    0x26, 0x6D, 0x30, 0x01, 0xAE, 0x19, 0x4D, 0xAB, 0xD0, 0xB3, 0xF6, 0xC3, 0xFA, 0xC3, 0x9D, 0xF4,
    0x07, 0x0B, 0x4E, 0x4B, 0x3B, 0x49, 0xCB, 0x02, 0x0E, 0x25, 0x81, 0x19, 0x2F, 0xE5, 0x08, 0x67,
    0xFB, 0x74, 0xDB, 0xF7, 0xDE, 0xF7, 0xED, 0xDE, 0x9D, 0x64, 0x88, 0x85, 0x24, 0xFF, 0xA0, 0x7B,
    0xB7, 0x7B, 0x7B, 0x7B, 0x7B, 0xDF, 0x7B, 0xDF, 0xFB, 0xDE, 0xEF, 0xEF, 0x7D, 0x0B, 0x20, 0xB7,
    0x21, 0xF5, 0xA9, 0xC7, 0xEA, 0xC4, 0x8E, 0xD4, 0x89, 0xEB, 0xA9, 0x93, 0x19, 0xF5, 0x09, 0x35,
    0x48, 0xDA, 0x47, 0x68, 0x6B, 0x27, 0x41, 0x22, 0xB7, 0xF6, 0x76, 0x75, 0xF2, 0x0A, 0x80, 0x9F,
    0xDE, 0x07, 0x7D, 0x30, 0x64, 0xA6, 0xED, 0x41, 0x7F, 0xE2, 0x97, 0xED, 0x96, 0x21, 0x9B, 0xDD,
    0x92, 0x24, 0xA2, 0xE6, 0xB6, 0xED, 0xE4, 0x6B, 0xF8, 0xE5, 0x9E, 0x24, 0x39, 0xE1, 0x45, 0x33,
    0xCE, 0x29, 0xD5, 0xC6, 0x49, 0x1B, 0xE2, 0xD8, 0x6E, 0x39, 0xFC, 0xA5, 0x0A, 0x05, 0x78, 0x23,
    0x32, 0x62, 0x38, 0x80, 0x50, 0x66, 0x01, 0xB6, 0x41, 0x22, 0xC0, 0xCB, 0x40, 0x40, 0xA5, 0xEB,
    0x1C, 0x60, 0x27, 0x9C, 0x7B, 0x33, 0x5B, 0xE9, 0x59, 0x3E, 0x49, 0xCF, 0x4A, 0xF9, 0xF4, 0xAF,
    0x65, 0x2B, 0x3D, 0x9B, 0x36, 0xD5, 0xC9, 0x36, 0x37, 0xC1, 0x0E, 0x3E, 0x8A, 0x08, 0x28, 0x3C,
    0x70, 0x6B, 0x9A, 0xE9, 0xD9, 0xEC, 0x0A, 0x00, 0x5A, 0xD6, 0x7E, 0x4A, 0xB7, 0x4A, 0x53, 0x7E,
    0xFE, 0xE1, 0x9B, 0x12, 0xB6, 0xB1, 0x28, 0x8A, 0x7C, 0x62, 0x3D, 0x0D, 0x45, 0xF7, 0x91, 0xFD,
    0xFB, 0xF7, 0x07, 0xC9, 0x97, 0x9B, 0xAE, 0x6A, 0x31, 0xDA, 0xC2, 0xC7, 0x24, 0x51, 0x98, 0x84,
    0xF0, 0x4E, 0xDB, 0xC8, 0xCA, 0x4B, 0x8D, 0x95, 0x97, 0x9A, 0xCB, 0x2F, 0xE8, 0x61, 0x6B, 0xF9,
    0x25, 0x43, 0xAC, 0xB8, 0x64, 0xFA, 0xF7, 0xF7, 0x7C, 0xAF, 0xF8, 0x60, 0x7B, 0xA5, 0x9E, 0x4B,
    0x49, 0x03, 0x6C, 0x7F, 0x6F, 0x4F, 0x3B, 0x67, 0x93, 0x87, 0x0F, 0xB4, 0x3F, 0xD1, 0xD3, 0x8E,
    0x20, 0xEE, 0xE8, 0x69, 0xDE, 0x02, 0x2B, 0x69, 0x06, 0x3D, 0x78, 0xD9, 0x00, 0x57, 0x00, 0xEC,
    0x5B, 0x76, 0xA9, 0x9B, 0x25, 0xBB, 0x2E, 0x55, 0x98, 0xEF, 0x88, 0x52, 0x47, 0xFE, 0xD8, 0x12,
    0x92, 0x3D, 0x93, 0xAE, 0x4D, 0xB6, 0x6C, 0x75, 0x5F, 0x4A, 0x96, 0x77, 0xEF, 0xCE, 0x20, 0x59,
    0x49, 0xAA, 0xED, 0x6F, 0x4B, 0x6A, 0x35, 0x1E, 0xBE, 0xD9, 0xE6, 0xB3, 0x03, 0x02, 0xD9, 0xE1,
    0xEB, 0x70, 0x65, 0xD0, 0x82, 0x79, 0xC9, 0x18, 0xC4, 0xEE, 0xDB, 0x25, 0x6F, 0x76, 0x6F, 0x43,
    0x30, 0xA1, 0x2F, 0x8E, 0x41, 0x51, 0x7B, 0x35, 0x82, 0xBD, 0xD0, 0x46, 0x1A, 0xA2, 0xDC, 0x20,
    0x01, 0xC6, 0x90, 0x56, 0x3E, 0x1D, 0x04, 0x1E, 0xB4, 0x08, 0x0F, 0x10, 0x8F, 0xF5, 0xDD, 0x01,
    0x73, 0x90, 0x6F, 0x42, 0x11, 0xDC, 0xAF, 0x21, 0xBF, 0x23, 0xFD, 0x07, 0x01, 0x09, 0x67, 0x6B,
    0x38, 0xAA, 0xE6, 0xE7, 0x51, 0x84, 0x8C, 0xE3, 0xC8, 0x10, 0xFA, 0xF3, 0xD4, 0x65, 0xE6, 0x90,
    0x80, 0x19, 0x98, 0x0E, 0xCC, 0x53, 0xDB, 0x32, 0xB0, 0xC3, 0x00, 0x13, 0x30, 0x4F, 0x97, 0x91,
    0x0F, 0xF7, 0xEA, 0x21, 0x35, 0xD2, 0x22, 0xB8, 0xC5, 0x0C, 0x6E, 0x95, 0xE0, 0x12, 0xDA, 0xB1,
    0xBB, 0x7E, 0x70, 0x99, 0xBD, 0xBA, 0x07, 0x4B, 0xF3, 0xC0, 0x61, 0x79, 0x88, 0xC1, 0xA1, 0x7F,
    0x56, 0x5A, 0x90, 0x27, 0x52, 0xB5, 0x13, 0xB0, 0x05, 0x61, 0xE0, 0xFA, 0x34, 0x82, 0x86, 0xB0,
    0x85, 0x41, 0x9F, 0x9E, 0x25, 0x74, 0x9F, 0x70, 0x34, 0x22, 0x92, 0x4B, 0x23, 0x34, 0x68, 0xE8,
    0xEA, 0x06, 0x8F, 0x2A, 0x8A, 0x2F, 0x52, 0xD8, 0x03, 0xB7, 0x09, 0x6E, 0x1B, 0xD1, 0x6A, 0x8F,
    0x13, 0xD9, 0x00, 0xAA, 0xD3, 0xF8, 0x49, 0x02, 0x77, 0x1F, 0x42, 0x17, 0x12, 0x2B, 0x8B, 0xA0,
    0x4C, 0x22, 0x40, 0xE6, 0x8E, 0xD9, 0xED, 0xCC, 0x80, 0x36, 0xCA, 0x16, 0xF3, 0x64, 0xCA, 0x0F,
    0xC1, 0x6C, 0x26, 0x49, 0xC3, 0xF4, 0x6F, 0x97, 0x04, 0xA8, 0xF2, 0x14, 0xB6, 0x19, 0x2C, 0x62,
    0x97, 0xF3, 0x26, 0xE1, 0x68, 0x13, 0xE2, 0xF9, 0xAC, 0xCB, 0xAC, 0x00, 0x49, 0x9F, 0x69, 0x31,
    0x4B, 0x8E, 0x18, 0x06, 0x73, 0xB1, 0xE1, 0x7A, 0xB6, 0xD9, 0xAA, 0x88, 0xBC, 0xD9, 0x0A, 0x50,
    0xC0, 0x1B, 0x36, 0xE2, 0x30, 0xA4, 0xC1, 0xEE, 0x8E, 0xA0, 0x72, 0xFB, 0x12, 0x80, 0x84, 0x20,
    0x41, 0x48, 0x18, 0x0A, 0x88, 0x84, 0x22, 0xC1, 0x28, 0x45, 0xCB, 0x8A, 0x93, 0x21, 0x31, 0x28,
    0xDD, 0x27, 0x58, 0x1F, 0x89, 0x09, 0xD8, 0xD3, 0x2D, 0x82, 0xF6, 0x74, 0x83, 0xC0, 0x69, 0x31,
    0xC3, 0x4B, 0x01, 0xF6, 0x53, 0x5B, 0x48, 0x01, 0x17, 0xDB, 0x26, 0x3A, 0xA6, 0x7A, 0xA9, 0x1F,
    0xCF, 0x5D, 0xEA, 0x1D, 0x92, 0xE3, 0x4C, 0x82, 0xC4, 0x72, 0x3D, 0xC3, 0xB7, 0x7D, 0x03, 0x07,
    0xC1, 0x10, 0x48, 0xFA, 0x24, 0x09, 0x21, 0x39, 0x1B, 0x42, 0xE5, 0x30, 0x0D, 0x78, 0x48, 0x8C,
    0xFE, 0x7E, 0x54, 0x46, 0x15, 0x24, 0x7E, 0xE5, 0x74, 0x8F, 0xBE, 0x58, 0xB6, 0x87, 0x92, 0xF2,
    0xB4, 0x6B, 0x52, 0xF3, 0xEB, 0x9E, 0xE9, 0x0D, 0x22, 0xCF, 0x17, 0xA1, 0x8E, 0x4C, 0x13, 0xF8,
    0x2E, 0x5D, 0x1C, 0x87, 0x79, 0x2D, 0xC6, 0xC1, 0xF6, 0x46, 0xF1, 0xFA, 0x1C, 0x8A, 0xC2, 0x14,
    0x5D, 0xBD, 0x42, 0xFE, 0x21, 0x11, 0x72, 0x8C, 0xB8, 0xB3, 0xEE, 0x9F, 0xB0, 0x14, 0x4F, 0xE3,
    0xBF, 0x79, 0x70, 0x89, 0xD1, 0xAA, 0x31, 0xF3, 0x6F, 0x74, 0x14, 0x99, 0x5B, 0x0B, 0x44, 0xE5,
    0xCC, 0x02, 0x6A, 0x66, 0x60, 0xF9, 0x6B, 0xE0, 0xDF, 0x93, 0xE4, 0x87, 0x78, 0x13, 0xB1, 0x99,
    0x46, 0x6D, 0x98, 0xA4, 0x74, 0xEC, 0xD9, 0x61, 0x65, 0x0E, 0x58, 0x4F, 0x31, 0x12, 0xAE, 0x40,
    0x59, 0xC8, 0x37, 0x91, 0xE1, 0x2D, 0xE2, 0x07, 0x3D, 0x69, 0xD3, 0xC5, 0x30, 0xFD, 0x99, 0xE0,
    0x6A, 0x11, 0x77, 0x52, 0xFB, 0x06, 0x72, 0xA2, 0x93, 0xF8, 0x06, 0xF2, 0x5D, 0x68, 0x9A, 0xED,
    0xDF, 0x88, 0xCD, 0x7C, 0x08, 0xB1, 0x71, 0x10, 0x8D, 0x85, 0xD1, 0xA4, 0x03, 0xDE, 0x17, 0x9B,
    0x0D, 0xEC, 0xBF, 0x9D, 0x3C, 0x1C, 0xF8, 0x45, 0x17, 0xDB, 0x9A, 0xB6, 0x10, 0x9B, 0x29, 0xEA,
    0x94, 0x1E, 0xDD, 0xD6, 0x78, 0x65, 0xF7, 0x9B, 0xB5, 0x40, 0x4C, 0xB1, 0x6A, 0xD3, 0xC3, 0x5B,
    0xAB, 0xFF, 0x05, 0x67, 0xEB, 0x41, 0x54, 0x96, 0xAA, 0xCE, 0x80, 0x8F, 0x63, 0xD3, 0x6F, 0xF9,
    0x76, 0xD5, 0x9F, 0xD0, 0xFC, 0xA9, 0x5B, 0xC1, 0x3F, 0x2A, 0xA9, 0x04, 0xEF, 0xFB, 0x23, 0xCF,
    0xFA, 0xB1, 0xF8, 0xFE, 0x6E, 0xD1, 0x28, 0x8B, 0x20, 0x14, 0x53, 0x57, 0x89, 0x6A, 0x25, 0x23,
    0xFE, 0xCF, 0xDF, 0xF9, 0xC4, 0x6B, 0xC1, 0x9B, 0xC4, 0x48, 0x9B, 0x60, 0x80, 0x5E, 0xF3, 0x5B,
    0xBE, 0xF2, 0x8B, 0x5B, 0x32, 0x85, 0xFA, 0xC1, 0x65, 0xFB, 0xD5, 0x72, 0xD7, 0xBE, 0x85, 0xC4,
    0xF9, 0x30, 0xD1, 0xB2, 0x0F, 0x02, 0xEE, 0x33, 0x6D, 0x83, 0x2C, 0xB1, 0x06, 0x4A, 0x1E, 0xF8,
    0x9A, 0x67, 0xC2, 0x51, 0xFE, 0x1E, 0xC0, 0x49, 0x90, 0x44, 0xFB, 0x2C, 0x12, 0x65, 0x54, 0x9A,
    0x95, 0x21, 0x2B, 0x72, 0xBD, 0x11, 0xE4, 0x25, 0x64, 0x19, 0xA0, 0x01, 0x9C, 0xC1, 0xFB, 0xD4,
    0xC0, 0xAA, 0xBB, 0x5D, 0xAF, 0xE2, 0xD9, 0x92, 0xE1, 0xCB, 0xE4, 0x21, 0xD0, 0x3B, 0xE6, 0x37,
    0x0E, 0xA3, 0x1B, 0x91, 0x1A, 0x20, 0xD7, 0xA2, 0xC6, 0xE2, 0x4A, 0xEF, 0x21, 0x88, 0x27, 0x61,
    0xBE, 0x82, 0xFA, 0x1B, 0xEC, 0xD4, 0x46, 0xE0, 0x90, 0xB4, 0xC0, 0x68, 0xD1, 0x6D, 0x7B, 0x2D,
    0xCF, 0xBD, 0x3D, 0xAC, 0x7C, 0x2C, 0xB4, 0x0D, 0xE6, 0x2A, 0x67, 0x56, 0x4B, 0x9A, 0x56, 0xB2,
    0x64, 0x3F, 0x73, 0x74, 0x12, 0x36, 0x15, 0x99, 0x54, 0x93, 0xDC, 0x32, 0xFE, 0xDB, 0x48, 0x58,
    0xDC, 0xF3, 0xAC, 0x7A, 0x76, 0x11, 0x71, 0xD8, 0xAA, 0x03, 0x2C, 0x81, 0xD6, 0xEE, 0x38, 0x2E,
    0xC8, 0x1F, 0x36, 0xE2, 0xE0, 0x22, 0x80, 0xA4, 0x0E, 0x06, 0xE9, 0x38, 0xD2, 0x8F, 0x9E, 0xA4,
    0xC5, 0x0E, 0xE0, 0xFF, 0x82, 0x8D, 0x7A, 0xC6, 0x62, 0xB6, 0xC2, 0xFB, 0xFA, 0xEA, 0x52, 0xA9,
    0x90, 0x42, 0xCC, 0x87, 0x43, 0xFD, 0xC8, 0xCF, 0x78, 0xD9, 0x41, 0x61, 0xD1, 0x9B, 0xCA, 0xEA,
    0x57, 0x04, 0x73, 0x9D, 0x71, 0xB2, 0x06, 0x96, 0xB7, 0x8F, 0x95, 0x9F, 0x8D, 0x28, 0x9B, 0x6F,
    0x06, 0x24, 0x55, 0x68, 0x2E, 0xDA, 0xA8, 0x85, 0x94, 0x93, 0xE0, 0x0D, 0xD9, 0x49, 0xE3, 0xC6,
    0x84, 0x8D, 0x7B, 0x8E, 0x1B, 0x46, 0xAA, 0x2F, 0x30, 0xF2, 0x33, 0xFC, 0x2E, 0xF2, 0xBB, 0xF4,
    0xF6, 0xEF, 0x42, 0xEF, 0x1B, 0x65, 0xBD, 0x22, 0x6A, 0xF0, 0x6D, 0xDF, 0x15, 0x6D, 0x74, 0xBC,
    0x34, 0x04, 0xEF, 0x78, 0x8E, 0x9F, 0x17, 0x79, 0xA4, 0x86, 0x4D, 0x2F, 0x6F, 0xF9, 0xCB, 0x82,
    0xF4, 0x25, 0x95, 0x35, 0xCA, 0xDE, 0x24, 0xEE, 0xE3, 0x48, 0x86, 0xD2, 0x3E, 0xE9, 0xBF, 0x4C,
    0xE2, 0xF9, 0x4F, 0x7B, 0xAC, 0xBB, 0x49, 0x6F, 0x43, 0xBB, 0x0D, 0x5A, 0xE8, 0x92, 0xAE, 0xF6,
    0x50, 0x4F, 0xA3, 0xD2, 0x30, 0x04, 0xEA, 0x67, 0x81, 0xBA, 0x59, 0x00, 0xED, 0x95, 0x97, 0x04,
    0xB9, 0x0D, 0x52, 0xF3, 0x4F, 0xC2, 0x3E, 0x9D, 0xD4, 0x75, 0x83, 0xC9, 0xA4, 0x2D, 0xC1, 0xAA,
    0xB1, 0xB2, 0xC4, 0x68, 0x38, 0x8E, 0xC8, 0xE4, 0xE3, 0x49, 0x6F, 0x44, 0xFA, 0x91, 0xD2, 0x0D,
    0x21, 0x4D, 0x91, 0xF7, 0xAC, 0x33, 0x61, 0xC5, 0x47, 0xB4, 0x63, 0x62, 0x80, 0x6F, 0xFB, 0x33,
    0x24, 0xD7, 0x35, 0x1A, 0xEB, 0x88, 0x7C, 0x4F, 0x1C, 0xA8, 0x31, 0x08, 0x5E, 0x41, 0x16, 0x72,
    0x13, 0xBF, 0x86, 0x4A, 0x25, 0xC4, 0x4E, 0x5C, 0x19, 0xC5, 0x24, 0x84, 0x0D, 0x6A, 0xBB, 0x4E,
    0x56, 0xCC, 0xF5, 0x0E, 0xD0, 0x30, 0xA2, 0x12, 0xB0, 0x49, 0x20, 0x34, 0x32, 0x07, 0xB9, 0xE2,
    0xD1, 0x85, 0xCA, 0xCC, 0x4C, 0xB1, 0x58, 0x4A, 0xB7, 0x02, 0x6D, 0x1D, 0x2F, 0x80, 0x2D, 0x0C,
    0x6B, 0x3C, 0xEC, 0x6D, 0x44, 0xEE, 0x89, 0x11, 0xD7, 0xB2, 0xA3, 0x16, 0xB3, 0xFA, 0x8A, 0x59,
    0x62, 0xE2, 0x3A, 0xFB, 0xD2, 0xE8, 0x9C, 0x6A, 0x41, 0xE8, 0xB6, 0x51, 0x5B, 0x79, 0x16, 0x2B,
    0x2B, 0x14, 0xC0, 0xD3, 0xCB, 0x5D, 0x8C, 0x1C, 0x1F, 0x47, 0x53, 0x67, 0x0B, 0x94, 0xED, 0x82,
    0xAD, 0xDD, 0xA6, 0x75, 0xD0, 0x12, 0xEE, 0x57, 0x23, 0xF7, 0x36, 0xB1, 0x55, 0xAA, 0xF4, 0x59,
    0xD6, 0x57, 0xC8, 0xF8, 0x89, 0xD0, 0x4F, 0x45, 0xE6, 0x47, 0xE2, 0x41, 0xAD, 0xB9, 0x03, 0xEA,
    0x05, 0x28, 0x16, 0xA1, 0x38, 0x09, 0x73, 0x4E, 0x12, 0x63, 0xDF, 0x0D, 0x96, 0x76, 0x6A, 0x13,
    0xEF, 0x20, 0x76, 0xF9, 0x5E, 0x03, 0xFB, 0x92, 0x5F, 0x8C, 0xB0, 0x2F, 0x26, 0xF8, 0xEB, 0xD3,
    0x97, 0x5C, 0x97, 0xED, 0x62, 0xCC, 0xF5, 0xBB, 0xA8, 0x5D, 0xF3, 0x04, 0xC1, 0xB2, 0x9F, 0x8D,
    0x11, 0x96, 0xE1, 0xAF, 0x0B, 0x2C, 0xEB, 0x34, 0x7B, 0x7C, 0xF8, 0x95, 0x74, 0xFE, 0x6C, 0x73,
    0x3B, 0x9B, 0xF5, 0x00, 0x59, 0xD0, 0x4C, 0x7E, 0x80, 0x4A, 0x82, 0xDA, 0x20, 0x03, 0xAF, 0x37,
    0xD8, 0xFF, 0x64, 0x5F, 0x24, 0x47, 0x84, 0x1C, 0x25, 0x69, 0x09, 0x7C, 0x3C, 0x54, 0xC8, 0x41,
    0xDA, 0x21, 0x85, 0x47, 0x1E, 0x76, 0x81, 0x12, 0x59, 0x30, 0xCF, 0xEC, 0xFF, 0x68, 0x53, 0x23,
    0x3F, 0x1C, 0x5C, 0x66, 0x8B, 0x23, 0xDE, 0xBB, 0x02, 0x99, 0x8E, 0x5D, 0x07, 0xC6, 0x44, 0xEF,
    0xD7, 0x77, 0x06, 0xA9, 0x5C, 0x5F, 0x6A, 0xD0, 0x58, 0xA2, 0xA6, 0x5B, 0x32, 0xEA, 0xEA, 0x76,
    0xA4, 0x2F, 0x06, 0x56, 0xE4, 0x9D, 0xA1, 0x00, 0x81, 0x15, 0x02, 0x86, 0x75, 0x18, 0x92, 0x69,
    0xC8, 0x81, 0x88, 0x1B, 0xBA, 0x8D, 0xA5, 0x59, 0x28, 0x24, 0x8F, 0xB6, 0x70, 0xA4, 0xD0, 0x68,
    0x12, 0xC9, 0x4B, 0x0C, 0x3F, 0x50, 0x2D, 0xAF, 0xE2, 0xBF, 0xA9, 0xEF, 0x43, 0x1A, 0x97, 0xEE,
    0xA1, 0x9B, 0xD8, 0x36, 0x91, 0xB5, 0x71, 0x54, 0x47, 0x2C, 0x36, 0xA1, 0xF2, 0x53, 0xEA, 0x1C,
    0xB6, 0x33, 0x66, 0x13, 0x49, 0x10, 0x93, 0xE0, 0x77, 0xD4, 0x33, 0x75, 0x9E, 0xF4, 0x98, 0x1D,
    0x92, 0x93, 0xD9, 0x45, 0xC2, 0x75, 0x82, 0xD1, 0xEB, 0x01, 0x8B, 0x8E, 0x97, 0x44, 0xF0, 0xAD,
    0x90, 0xC5, 0xC3, 0x36, 0x23, 0x36, 0x23, 0xA3, 0x46, 0xCC, 0x8D, 0x14, 0x75, 0xF5, 0xC9, 0x4E,
    0xDE, 0x51, 0x38, 0xE8, 0xD1, 0xA7, 0x8B, 0xDC, 0x1E, 0x8F, 0xC9, 0x88, 0x26, 0xC2, 0xD1, 0x76,
    0x92, 0x43, 0x01, 0x29, 0x36, 0x5B, 0x61, 0x6B, 0xA9, 0xCF, 0x41, 0xC5, 0x1C, 0xEC, 0x81, 0xD7,
    0x65, 0x07, 0x48, 0xA1, 0xB1, 0x18, 0x39, 0x32, 0x20, 0x41, 0xB5, 0xB6, 0x24, 0x51, 0x08, 0xFC,
    0x95, 0x31, 0x4D, 0x51, 0x7D, 0x2E, 0x28, 0xAC, 0xAF, 0x91, 0xD1, 0xA6, 0x75, 0x5C, 0x06, 0xEB,
    0xF6, 0xA2, 0x8C, 0x61, 0x0D, 0xEF, 0xF0, 0x25, 0xDE, 0x9F, 0x8A, 0xFA, 0x62, 0x26, 0x2A, 0xFC,
    0x75, 0x52, 0xF7, 0x26, 0xF0, 0x38, 0x5E, 0xC9, 0xA1, 0x00, 0xE4, 0x39, 0x30, 0x20, 0xDE, 0xA3,
    0x93, 0x7A, 0x9E, 0x59, 0x11, 0x4F, 0x8A, 0xD2, 0x65, 0x84, 0x00, 0x5D, 0x93, 0xB6, 0x0C, 0x25,
    0x8F, 0xA0, 0xBB, 0xAB, 0x30, 0x0E, 0x49, 0xE0, 0x9C, 0x03, 0x14, 0x52, 0xA6, 0x38, 0x67, 0x48,
    0x67, 0x58, 0x67, 0x68, 0x67, 0x78, 0x67, 0x88, 0x67, 0x98, 0x67, 0xA8, 0x2F, 0xC3, 0x3D, 0x97,
    0xE5, 0x21, 0xB2, 0xA8, 0x3A, 0x3D, 0x09, 0xD2, 0x93, 0x02, 0x9C, 0xC7, 0x76, 0xB9, 0x12, 0x41,
    0xEB, 0x8A, 0xEC, 0x65, 0x2A, 0xC6, 0xE1, 0x9F, 0x18, 0x55, 0x15, 0x10, 0xC9, 0xE0, 0x48, 0x1D,
    0xFD, 0xCE, 0x91, 0x83, 0x3C, 0x94, 0x6D, 0x94, 0x46, 0x64, 0x4E, 0x12, 0x46, 0xE3, 0x29, 0xD2,
    0x56, 0xC6, 0xF1, 0x86, 0x85, 0x4E, 0xF9, 0x29, 0x1F, 0x1D, 0x7D, 0x7D, 0x89, 0x5C, 0x2A, 0x8A,
    0xA0, 0x8A, 0xC4, 0xC0, 0x5A, 0x63, 0xE1, 0x76, 0x04, 0x11, 0x57, 0x92, 0x1F, 0x3D, 0x91, 0xF8,
    0x64, 0x55, 0xF0, 0xF7, 0x03, 0x8C, 0xDF, 0x39, 0x31, 0x21, 0xFF, 0x47, 0x90, 0xD1, 0xCA, 0xB3,
    0xD7, 0x88, 0x2E, 0x0A, 0x1F, 0x49, 0xC4, 0x37, 0x0E, 0x93, 0xDF, 0x22, 0x61, 0xA3, 0x13, 0x0E,
    0x86, 0x9C, 0x87, 0x6B, 0x4A, 0x49, 0xDF, 0x27, 0xC9, 0xCB, 0x32, 0xDB, 0x1F, 0x43, 0x25, 0xAC,
    0x90, 0x66, 0xC6, 0x1B, 0x6D, 0x1A, 0x1B, 0x8D, 0x86, 0x99, 0x49, 0xCF, 0x46, 0x96, 0xB3, 0x59,
    0x83, 0x99, 0xBE, 0x1F, 0x00, 0xE5, 0xDD, 0xCA, 0xAF, 0xDC, 0x4D, 0x16, 0x64, 0xA3, 0xBD, 0xFF,
    0xA3, 0xE4, 0xA9, 0xB1, 0xAB, 0x96, 0x6A, 0x79, 0x36, 0x3D, 0xF3, 0xA4, 0x15, 0x88, 0x1D, 0xB4,
    0x96, 0x8C, 0xC5, 0x7A, 0xB6, 0x8B, 0x8F, 0x64, 0x16, 0x8C, 0x6A, 0xE8, 0x06, 0xFD, 0xA6, 0x20,
    0x9F, 0xB5, 0x79, 0x33, 0x45, 0x91, 0x35, 0x87, 0xAD, 0x1E, 0x07, 0xFB, 0xCE, 0x52, 0x47, 0x3A,
    0xE6, 0xF9, 0x7E, 0xC9, 0x82, 0x32, 0x13, 0xE0, 0xCA, 0xA0, 0x43, 0xE6, 0xDB, 0x64, 0xD2, 0xCE,
    0x90, 0xF2, 0xD3, 0xA2, 0xC8, 0x01, 0xA5, 0x32, 0x66, 0x93, 0x18, 0x73, 0x56, 0xB1, 0xCE, 0x56,
    0xD8, 0x3D, 0xF3, 0x28, 0xA2, 0x91, 0x4F, 0xC8, 0xE7, 0x45, 0xDF, 0xFE, 0xA4, 0xE2, 0xE3, 0xD9,
    0xAC, 0x09, 0x19, 0xC9, 0x5E, 0x04, 0x1C, 0x3A, 0x02, 0xB5, 0x85, 0xAD, 0xBD, 0xF3, 0x45, 0xA2,
    0x9D, 0x73, 0x2B, 0x9D, 0xF7, 0xCD, 0xA9, 0x26, 0x97, 0x0F, 0xA5, 0x72, 0xAB, 0x35, 0x42, 0xDB,
    0x06, 0x74, 0xAB, 0x1D, 0x81, 0x6E, 0xF5, 0x87, 0x42, 0xB4, 0x74, 0xE5, 0x18, 0xDD, 0xEA, 0xEA,
    0x54, 0x0D, 0x54, 0x7E, 0x65, 0x0D, 0x6E, 0x35, 0x6D, 0x14, 0xF3, 0x92, 0x80, 0x80, 0xD3, 0xA2,
    0x18, 0xF3, 0xB1, 0x82, 0xED, 0xB7, 0x20, 0x70, 0xD1, 0xCE, 0x04, 0x36, 0xE2, 0x58, 0xD0, 0xAC,
    0x34, 0x22, 0x25, 0x59, 0x37, 0xC0, 0x6A, 0xFB, 0x16, 0xB2, 0x58, 0x13, 0x2F, 0x63, 0xC8, 0x87,
    0x0D, 0x7D, 0x92, 0x18, 0x62, 0x2F, 0xE9, 0x81, 0x3A, 0xE9, 0xB0, 0xD8, 0x68, 0xF4, 0x27, 0x14,
    0x5E, 0xB5, 0xC9, 0x01, 0x42, 0x04, 0xB7, 0x9F, 0x4E, 0x01, 0x79, 0x04, 0x28, 0x46, 0x40, 0x68,
    0x9D, 0x83, 0xC7, 0x36, 0xFD, 0x0D, 0xF6, 0xDB, 0x41, 0x7F, 0x17, 0x5C, 0xFB, 0x0B, 0x02, 0xB6,
    0xEA, 0xEB, 0x01, 0xE8, 0xFD, 0x47, 0xA0, 0x42, 0xA9, 0x11, 0xAF, 0x4B, 0x8D, 0x8F, 0x2A, 0x8D,
    0xEB, 0x77, 0xBC, 0x60, 0xC5, 0xCF, 0xCB, 0x37, 0x57, 0xDE, 0x22, 0x93, 0x1D, 0xBA, 0xCC, 0x8F,
    0x1A, 0x82, 0xD9, 0xC2, 0x94, 0x79, 0x08, 0x0B, 0x7D, 0x90, 0x21, 0xFA, 0xB0, 0x3D, 0x4A, 0x19,
    0xFE, 0x5B, 0xE0, 0x53, 0x26, 0x0E, 0x05, 0x89, 0x5C, 0x96, 0xE4, 0x39, 0xFA, 0x80, 0x6D, 0x86,
    0xCF, 0x92, 0x86, 0xF1, 0x9F, 0x47, 0xF9, 0x47, 0x70, 0xDB, 0x47, 0x28, 0x53, 0x66, 0xAB, 0x94,
    0x64, 0x90, 0x26, 0x24, 0x49, 0x9E, 0x23, 0xF4, 0xB2, 0x8C, 0x66, 0x42, 0x07, 0x8A, 0x85, 0xA3,
    0x2C, 0xB3, 0xAA, 0x71, 0x82, 0x8B, 0x13, 0x53, 0x4B, 0x32, 0x37, 0xC7, 0x89, 0x39, 0xCE, 0xCA,
    0xA1, 0x81, 0xC0, 0xF0, 0x98, 0xF2, 0x71, 0x94, 0x8C, 0x8B, 0x89, 0xD9, 0xD0, 0x9A, 0x27, 0x6D,
    0x74, 0xDA, 0xDD, 0x88, 0x3D, 0x77, 0x76, 0xDC, 0x99, 0x05, 0x04, 0xB1, 0x00, 0x21, 0x84, 0xF1,
    0xBC, 0xBF, 0x5D, 0xB1, 0x80, 0xC5, 0xB9, 0x36, 0xC5, 0x02, 0xB9, 0x2C, 0x13, 0x33, 0x99, 0x11,
    0xC8, 0xCD, 0xBE, 0x76, 0x0E, 0x8E, 0x3A, 0x98, 0x61, 0x9E, 0xC6, 0xC9, 0x26, 0xC6, 0xB7, 0x29,
    0x6E, 0xA7, 0x71, 0xA9, 0xA2, 0xD2, 0xB0, 0x7C, 0x3C, 0x0C, 0x73, 0xB4, 0x29, 0x4D, 0x98, 0x3A,
    0x90, 0x5C, 0xF8, 0x15, 0xCA, 0xF7, 0xE2, 0xE1, 0x74, 0x97, 0x93, 0x47, 0xBE, 0x09, 0xA5, 0x6C,
    0xC8, 0x5B, 0xA3, 0x73, 0x4E, 0xA9, 0x35, 0xD4, 0xDE, 0x54, 0x7B, 0x5D, 0xED, 0x33, 0xCA, 0x3B,
    0x2A, 0x2A, 0xBB, 0x5C, 0x52, 0x43, 0x4B, 0xAE, 0xF1, 0x20, 0x1A, 0x45, 0xBB, 0xA6, 0x76, 0xB2,
    0x82, 0x64, 0x00, 0xC9, 0xF6, 0x91, 0xD9, 0x23, 0x8B, 0x47, 0xC6, 0x8E, 0xEC, 0x1C, 0x9B, 0xB8,
    0x6B, 0x68, 0xAC, 0x7C, 0x34, 0xCA, 0x21, 0xD8, 0x0F, 0xC4, 0xB0, 0x13, 0x35, 0x69, 0x8E, 0x0D,
    0xBB, 0x2B, 0xA0, 0xEF, 0x80, 0x40, 0x87, 0xDD, 0x43, 0xDD, 0x08, 0xC1, 0xD7, 0x65, 0xA6, 0x2F,
    0xDD, 0x89, 0xAE, 0x73, 0x4A, 0x59, 0xCC, 0x2C, 0x43, 0x68, 0xBC, 0x5B, 0xD0, 0x89, 0x45, 0x29,
    0xC9, 0xE7, 0x88, 0xD4, 0x1E, 0xE7, 0xD4, 0x6D, 0x69, 0x5F, 0xC8, 0xA1, 0x9D, 0x24, 0x43, 0x4E,
    0x36, 0xFC, 0xBC, 0x70, 0x96, 0xCA, 0x9F, 0x27, 0x7C, 0x5C, 0xE6, 0xB5, 0x25, 0xC9, 0x77, 0x60,
    0x1D, 0xA6, 0x6E, 0xC0, 0x1B, 0x31, 0x6A, 0xE7, 0xD7, 0x9B, 0x38, 0x2E, 0x71, 0x0B, 0xEC, 0xC3,
    0xA8, 0x23, 0xAC, 0xB3, 0x61, 0x89, 0xD4, 0x47, 0xE9, 0x77, 0x9F, 0x48, 0x4E, 0x17, 0xC8, 0x65,
    0x68, 0x99, 0x89, 0x17, 0x10, 0x69, 0xB5, 0x2A, 0xB3, 0xD7, 0x3A, 0xE5, 0x10, 0x96, 0x65, 0x01,
    0x80, 0xD4, 0x95, 0x4C, 0x5E, 0x48, 0xBE, 0x99, 0xC9, 0x42, 0xA4, 0xB5, 0xAB, 0xAB, 0x0B, 0x05,
    0x88, 0x45, 0xB3, 0x4E, 0xDC, 0xD9, 0x26, 0xC5, 0x5F, 0xEF, 0x11, 0xCD, 0x61, 0xBD, 0x59, 0x09,
    0x9B, 0x7B, 0x6F, 0x69, 0x56, 0xFC, 0x39, 0x75, 0x73, 0x0B, 0xB4, 0x7F, 0x86, 0xF7, 0xBD, 0x06,
    0xAD, 0x00, 0x06, 0x63, 0xE5, 0x14, 0xC1, 0xB6, 0xFE, 0x78, 0xE1, 0xD7, 0x9F, 0x6D, 0x54, 0xBC,
    0x2A, 0x3B, 0x8C, 0x66, 0x23, 0xF0, 0xD8, 0x12, 0xF9, 0x56, 0x38, 0x50, 0xB5, 0x23, 0xA3, 0xE1,
    0xA4, 0xF3, 0x40, 0xD9, 0x6F, 0xB8, 0x8D, 0xF5, 0x8D, 0xFF, 0xD3, 0xF8, 0xF3, 0x71, 0x9D, 0x92,
    0x3E, 0xE8, 0x77, 0x2E, 0xFA, 0xCF, 0x79, 0x01, 0x6C, 0xA3, 0x09, 0x3B, 0x27, 0x89, 0x9F, 0x4C,
    0x7D, 0x36, 0x31, 0x29, 0xC6, 0xBC, 0x9F, 0xDB, 0x97, 0x8F, 0x0E, 0x72, 0x1E, 0xA6, 0xF7, 0xFB,
    0xB6, 0x89, 0x62, 0xB1, 0x58, 0x28, 0xEC, 0xD9, 0x86, 0x0E, 0x01, 0x41, 0x09, 0xBC, 0x1B, 0xC4,
    0xA8, 0x6F, 0xC3, 0xC8, 0xA6, 0xDA, 0xC0, 0xF4, 0x1E, 0x37, 0xB6, 0xC3, 0x0F, 0xA0, 0x2C, 0x3E,
    0x02, 0x53, 0xBB, 0xE7, 0xC7, 0x8B, 0xB5, 0x7C, 0x64, 0x0B, 0x72, 0x95, 0x72, 0x28, 0xDC, 0xAE,
    0xF7, 0x69, 0xF1, 0x62, 0x48, 0xF3, 0x10, 0xA3, 0x90, 0xF8, 0x89, 0x48, 0x04, 0x69, 0x82, 0xCD,
    0xE8, 0x74, 0x5D, 0x2F, 0x5C, 0x3F, 0xA0, 0xAC, 0x1C, 0x32, 0xCC, 0x80, 0x36, 0xBA, 0x2B, 0x37,
    0x6F, 0x86, 0x93, 0xE3, 0x53, 0xC4, 0xD5, 0x7B, 0x60, 0x49, 0xFF, 0x4F, 0xC3, 0xD7, 0x12, 0xA7,
    0x7D, 0x6F, 0xC4, 0x41, 0x88, 0xE7, 0x44, 0x6E, 0xEC, 0x84, 0x64, 0xEF, 0x86, 0x91, 0xF1, 0x17,
    0x50, 0x9F, 0xB8, 0x5E, 0x1E, 0x35, 0x97, 0x15, 0x1A, 0x91, 0x11, 0xEB, 0x31, 0x4A, 0x7A, 0xF7,
    0xAB, 0x3A, 0x0C, 0x85, 0x22, 0x14, 0x17, 0xA0, 0xE8, 0xC2, 0xBC, 0x7B, 0xB6, 0x91, 0xA7, 0x0C,
    0x89, 0xB0, 0xBE, 0x0B, 0xA4, 0xE1, 0x38, 0x3D, 0xA9, 0xC5, 0x69, 0xD2, 0xB2, 0xFB, 0x5D, 0xC5,
    0xE6, 0x9F, 0x12, 0x45, 0x38, 0x26, 0x16, 0xB4, 0x63, 0xC2, 0x45, 0xA6, 0x70, 0x4F, 0x25, 0x3E,
    0x5A, 0x60, 0x1C, 0x4C, 0x1C, 0xE1, 0xEF, 0x52, 0x62, 0x9A, 0x92, 0x19, 0x5D, 0xEA, 0xE5, 0xED,
    0xF6, 0xAA, 0x9C, 0xA1, 0x69, 0x81, 0xD9, 0xA0, 0x09, 0x56, 0x94, 0xB4, 0x19, 0x16, 0xF7, 0x36,
    0x3B, 0xE0, 0x4E, 0x93, 0x15, 0x55, 0x4C, 0x3E, 0xA2, 0xE9, 0x91, 0x54, 0x0F, 0xB2, 0x9C, 0xDB,
    0x94, 0xF9, 0x8C, 0xB5, 0x24, 0xCC, 0xC2, 0x03, 0x3D, 0xF1, 0x4D, 0xB4, 0xD9, 0xB7, 0x45, 0xBB,
    0xF4, 0xB8, 0x00, 0xF1, 0x04, 0xD4, 0xC6, 0xA1, 0x5C, 0x86, 0x72, 0x8D, 0xDE, 0xF1, 0x8C, 0x11,
    0xB9, 0x88, 0x64, 0xE2, 0x59, 0xD2, 0xE6, 0x3B, 0x47, 0xE6, 0x91, 0x3B, 0x9B, 0xBC, 0x6B, 0x1F,
    0x9F, 0x53, 0x5E, 0xC0, 0x9C, 0xDA, 0x53, 0x35, 0x38, 0xBF, 0x4C, 0x0D, 0x96, 0xBA, 0xE3, 0x61,
    0x5F, 0x2A, 0x9C, 0xCD, 0xE9, 0xA4, 0x86, 0x87, 0x77, 0xC4, 0xA8, 0x35, 0xE2, 0x00, 0x3B, 0x8E,
    0x52, 0x1D, 0x3A, 0xBE, 0x85, 0x94, 0xB7, 0x91, 0xEB, 0x6C, 0xBC, 0x32, 0x8A, 0xA4, 0xC0, 0x41,
    0x6B, 0xE2, 0xDE, 0x42, 0xAF, 0x70, 0x06, 0xE5, 0xA5, 0x44, 0xAE, 0x62, 0x44, 0x59, 0x54, 0x29,
    0x4D, 0xD4, 0x64, 0xBF, 0x9A, 0x34, 0xB2, 0xD5, 0xA4, 0x05, 0xE9, 0x32, 0xD2, 0x69, 0x37, 0xE1,
    0x7D, 0x7F, 0x87, 0xF7, 0xBF, 0x4E, 0x03, 0xD0, 0x04, 0x3D, 0x6A, 0x21, 0x49, 0x0E, 0xA2, 0x93,
    0xED, 0xE2, 0xDF, 0x1C, 0x0F, 0x1D, 0x72, 0x3A, 0x8B, 0x4A, 0x60, 0xC6, 0x94, 0xC7, 0xBD, 0x0F,
    0xF1, 0x18, 0xA1, 0x29, 0xD3, 0x2A, 0x58, 0x4B, 0x34, 0xC1, 0x3B, 0x19, 0x78, 0x35, 0xDB, 0xAF,
    0x59, 0xFE, 0x51, 0x53, 0x54, 0x88, 0x12, 0xC2, 0x42, 0x49, 0x36, 0xE4, 0x3B, 0xC4, 0xF6, 0x78,
    0xA4, 0x1A, 0xEC, 0x13, 0xD5, 0xB9, 0xB7, 0x63, 0xB2, 0x63, 0xC3, 0x70, 0x9F, 0x0B, 0x8D, 0xCA,
    0x53, 0x71, 0xB0, 0x18, 0xE6, 0x4D, 0x41, 0x73, 0x33, 0x79, 0xA6, 0xC4, 0x0C, 0xDD, 0xAE, 0xD1,
    0xC8, 0x08, 0x73, 0xB1, 0x61, 0x9B, 0x34, 0x01, 0x53, 0x84, 0x46, 0x11, 0x86, 0x38, 0x41, 0xA9,
    0xFB, 0x46, 0x6C, 0xB4, 0x50, 0xC5, 0x17, 0xF0, 0x45, 0xF3, 0x6F, 0xB1, 0x81, 0xFC, 0xEF, 0xFA,
    0x2A, 0xE6, 0x69, 0x99, 0x0D, 0xC2, 0xB8, 0x84, 0xCD, 0xE0, 0xF0, 0xA0, 0xE2, 0x68, 0x93, 0x4E,
    0x48, 0x33, 0xB0, 0xD2, 0xF9, 0xDD, 0xAA, 0xAC, 0x8C, 0xC3, 0x41, 0x13, 0xDA, 0x0D, 0xCA, 0xEE,
    0x09, 0xDE, 0xB5, 0xB3, 0x88, 0xB0, 0x40, 0x0E, 0x4D, 0x27, 0x79, 0x36, 0x24, 0x23, 0x79, 0x81,
    0x7C, 0x81, 0x2E, 0xB5, 0xF1, 0x53, 0x14, 0xA1, 0x5A, 0xC7, 0x7C, 0x27, 0xF1, 0x46, 0x1E, 0xE9,
    0x99, 0x3A, 0x45, 0x22, 0x61, 0xCC, 0x8A, 0x16, 0x1B, 0x49, 0xAA, 0x75, 0xCB, 0x65, 0xE3, 0xED,
    0xDF, 0xB5, 0xDE, 0xF7, 0x30, 0xA7, 0x37, 0x5E, 0x06, 0x8D, 0x68, 0xE8, 0x21, 0x53, 0xDC, 0xD0,
    0x58, 0xBF, 0xC6, 0x3D, 0x03, 0x95, 0x8C, 0x15, 0x99, 0x31, 0xC6, 0x7D, 0xC2, 0x10, 0x6C, 0xCA,
    0x96, 0xBD, 0x74, 0x91, 0xBE, 0x24, 0x6B, 0x69, 0x2D, 0xE3, 0xF7, 0x0D, 0x30, 0x96, 0xDC, 0xD6,
    0xF7, 0xC2, 0xD5, 0xCF, 0x1C, 0xE4, 0xB2, 0xB4, 0xCD, 0xD1, 0x2C, 0x71, 0x53, 0x51, 0xE6, 0x28,
    0x47, 0xB1, 0x65, 0x82, 0xBF, 0x9A, 0x89, 0x5F, 0x04, 0xFB, 0x21, 0x51, 0x82, 0xBD, 0x9A, 0x57,
    0xA2, 0x98, 0xAC, 0x24, 0x67, 0x0D, 0xF2, 0xFF, 0x9E, 0x94, 0xC8, 0x33, 0x2C, 0xE1, 0x58, 0x37,
    0x4B, 0xD0, 0xF6, 0x64, 0xCE, 0xA1, 0xD4, 0x9B, 0xFE, 0x5B, 0x76, 0xE8, 0x49, 0x52, 0x04, 0x42,
    0xCD, 0xD4, 0x49, 0x1D, 0x64, 0xBE, 0x10, 0xAA, 0x90, 0xD9, 0xEF, 0x64, 0xAA, 0x91, 0x81, 0x6C,
    0x35, 0xE3, 0x6B, 0xBF, 0x8C, 0x26, 0xA4, 0xD2, 0x92, 0xCE, 0x03, 0x5A, 0x7E, 0x27, 0x39, 0xC3,
    0xD6, 0x9F, 0x18, 0x80, 0x3C, 0x00, 0x99, 0x5D, 0x92, 0xA1, 0x33, 0x79, 0x02, 0x92, 0x8B, 0xD5,
    0x67, 0x22, 0xA7, 0x03, 0x21, 0xFD, 0x64, 0xCF, 0x40, 0x16, 0x26, 0xF4, 0x14, 0x03, 0x48, 0x7B,
    0xCC, 0x9E, 0x82, 0xBC, 0xBD, 0xA1, 0x52, 0x0E, 0x12, 0x37, 0xE5, 0x35, 0xD0, 0x64, 0x9C, 0x8A,
    0x16, 0xE3, 0x8E, 0x53, 0x98, 0x7E, 0xE6, 0x54, 0xAD, 0x45, 0x20, 0xA7, 0x33, 0xB9, 0x7F, 0xC6,
    0x65, 0xD6, 0xBF, 0xDE, 0x6C, 0x92, 0x1A, 0xA9, 0x6C, 0xA8, 0xB2, 0xBE, 0x64, 0x9D, 0x49, 0xE7,
    0x15, 0xFA, 0xB2, 0xAA, 0x0A, 0x9F, 0xFB, 0x43, 0xEE, 0x0E, 0x77, 0x88, 0x43, 0x41, 0xEC, 0x11,
    0x2B, 0x6A, 0xE9, 0xAA, 0x4C, 0xC2, 0xCA, 0x22, 0xA0, 0x6C, 0xD2, 0xAE, 0xB7, 0x02, 0x85, 0xDD,
    0x21, 0x79, 0x87, 0x2B, 0x1D, 0x09, 0x76, 0x8B, 0x14, 0xC1, 0xAF, 0x8C, 0x52, 0xB7, 0x3C, 0x54,
    0xFF, 0x91, 0x75, 0x1C, 0xF5, 0x34, 0xEB, 0xC5, 0xAE, 0x92, 0x4A, 0x1D, 0x45, 0x2A, 0x75, 0xD4,
    0x4E, 0x53, 0x47, 0xB3, 0xD0, 0x53, 0xAE, 0x14, 0x77, 0x1D, 0xFF, 0x81, 0xDB, 0x2B, 0xD5, 0x28,
    0x00, 0x3C, 0x43, 0x53, 0x0E, 0xD4, 0x9B, 0x75, 0x51, 0x8C, 0x52, 0xE9, 0x1E, 0xED, 0x0A, 0xA2,
    0xC7, 0xD3, 0x52, 0x0B, 0x8F, 0x28, 0x43, 0x12, 0x1E, 0xB0, 0x12, 0x2E, 0xAC, 0xC7, 0xB4, 0xD0,
    0x06, 0x4D, 0x35, 0x0D, 0x40, 0x16, 0x72, 0xA9, 0xE3, 0x40, 0xC7, 0xD9, 0x55, 0x59, 0x2F, 0x19,
    0x9A, 0x0E, 0x76, 0xF3, 0xD5, 0x06, 0x4F, 0x1D, 0x7D, 0x8B, 0xFB, 0x79, 0xAF, 0xC8, 0x42, 0x3F,
    0xD9, 0x7F, 0xE3, 0x66, 0x1A, 0x7A, 0xFB, 0x39, 0x6A, 0xCA, 0x3E, 0x16, 0xE2, 0x35, 0xBD, 0xC8,
    0x34, 0x59, 0xB8, 0xE4, 0xE9, 0x2C, 0x59, 0x33, 0x24, 0xCF, 0xCA, 0x78, 0xBD, 0xC5, 0x4D, 0xB1,
    0xFF, 0xFE, 0x45, 0xE8, 0x64, 0x38, 0xED, 0x15, 0x55, 0x58, 0xC7, 0x09, 0x1B, 0xF3, 0x79, 0xFA,
    0x55, 0xBB, 0x99, 0x2F, 0x2D, 0x7A, 0x88, 0xA1, 0x71, 0x96, 0xEC, 0x87, 0xB6, 0xE8, 0xAF, 0x1B,
    0x86, 0x1B, 0x3A, 0x91, 0xF9, 0xBF, 0x6C, 0xD9, 0xDE, 0x62, 0xB1, 0xDD, 0xC7, 0x3D, 0x2D, 0x33,
    0x8C, 0x33, 0x71, 0xE7, 0xBC, 0x6B, 0x63, 0xEA, 0xBC, 0x46, 0x07, 0xD2, 0x5E, 0xC6, 0xC3, 0x69,
    0xD2, 0xD1, 0x3C, 0xA9, 0x0C, 0xE4, 0x45, 0x99, 0xE5, 0x22, 0x1F, 0x9D, 0x67, 0x76, 0xB8, 0x55,
    0xFE, 0x2A, 0xEB, 0xED, 0x5A, 0x59, 0x3E, 0xB4, 0x7C, 0xF1, 0x66, 0xE1, 0xDE, 0x3D, 0x48, 0x1F,
    0x0A, 0xC6, 0xE1, 0x18, 0x0A, 0xF6, 0xFF, 0x34, 0x61, 0xC2, 0x7E, 0x16, 0xCF, 0x0C, 0xCF, 0xDB,
    0x00, 0x90, 0xC3, 0x04, 0xB2, 0x42, 0x20, 0x0F, 0x52, 0x8F, 0x86, 0xE9, 0xB0, 0x89, 0x7A, 0xE9,
    0xD0, 0x99, 0x4B, 0x87, 0xAD, 0xE7, 0x39, 0x03, 0x3A, 0x9F, 0x92, 0xBD, 0xEF, 0xD3, 0x78, 0x67,
    0xFE, 0x76, 0x04, 0xEB, 0x3C, 0x40, 0x21, 0xB9, 0x76, 0xF9, 0x0D, 0x80, 0xEE, 0x23, 0xC5, 0xAD,
    0x97, 0x9A, 0x18, 0x86, 0x3F, 0x13, 0xC3, 0x84, 0xF6, 0xE7, 0x19, 0x35, 0x76, 0x6E, 0x04, 0xC8,
    0x97, 0x28, 0xD9, 0xF9, 0x56, 0x88, 0xCD, 0x1F, 0xA2, 0x59, 0xEF, 0xAA, 0x40, 0x90, 0x6F, 0x21,
    0x06, 0xF0, 0xB7, 0xE2, 0xBC, 0xC4, 0x80, 0xDD, 0x64, 0x32, 0xF2, 0x9F, 0x8B, 0x60, 0xB2, 0x66,
    0x9C, 0xA9, 0x69, 0xCA, 0x5B, 0x59, 0xCD, 0x44, 0xEE, 0x79, 0xDE, 0x79, 0xC2, 0x83, 0x57, 0x81,
    0xB8, 0x65, 0x95, 0xB3, 0xC4, 0xE4, 0x10, 0x27, 0x1C, 0x3C, 0x4F, 0x74, 0x5C, 0xFB, 0xB5, 0xE2,
    0xBC, 0xB2, 0x59, 0xB4, 0x75, 0x37, 0xC7, 0xF6, 0x73, 0x4D, 0xFB, 0x58, 0x4C, 0x12, 0xB3, 0x41,
    0x44, 0x38, 0x27, 0x20, 0x39, 0x91, 0xEE, 0x82, 0x76, 0x57, 0x64, 0x9E, 0x68, 0xD8, 0x2F, 0xC6,
    0xBA, 0xBF, 0x5A, 0x04, 0x3C, 0xB4, 0xA5, 0xF6, 0x89, 0xD8, 0x3E, 0x16, 0xE9, 0x33, 0x1C, 0x33,
    0xAC, 0x7E, 0x42, 0x5E, 0x3F, 0xEE, 0x1B, 0xA7, 0x04, 0x1C, 0x06, 0x38, 0xE6, 0x1B, 0xC8, 0x53,
    0x27, 0xFC, 0xD5, 0xB5, 0x90, 0x53, 0x4E, 0xC5, 0x56, 0x1C, 0xA0, 0x41, 0x2A, 0x46, 0x7D, 0x02,
    0x0D, 0xF9, 0xE3, 0x40, 0xF9, 0x8E, 0x75, 0x9F, 0x8E, 0x9F, 0xDA, 0x83, 0x97, 0x29, 0xF2, 0x41,
    0x1D, 0x9D, 0xAF, 0xCA, 0x69, 0x7F, 0x53, 0x6C, 0xD0, 0xB4, 0xFF, 0x5A, 0xDB, 0xA2, 0x7A, 0x37,
    0xC4, 0x73, 0x67, 0x4D, 0xCD, 0x75, 0xAD, 0x33, 0x7E, 0x9E, 0x6C, 0x8E, 0x0A, 0xEA, 0x28, 0xAF,
    0xD4, 0xF1, 0xD4, 0xD7, 0x17, 0x4E, 0x6E, 0x33, 0xDE, 0x81, 0x2A, 0xD5, 0xFA, 0x33, 0x95, 0x68,
    0x8F, 0x65, 0x79, 0xD2, 0xDB, 0xC2, 0x19, 0x42, 0x38, 0xF3, 0x0E, 0x68, 0x6D, 0x1B, 0xED, 0x29,
    0xB6, 0x3F, 0xBE, 0xD6, 0xFE, 0x20, 0x83, 0xD5, 0xD0, 0x0F, 0x6F, 0x25, 0xB8, 0xA3, 0xBC, 0xD4,
    0x72, 0xEB, 0xDF, 0xCF, 0xB4, 0x94, 0x84, 0xF8, 0xE9, 0x67, 0xBE, 0x89, 0x4D, 0xA1, 0x24, 0xB5,
    0xF0, 0xDE, 0xE9, 0xDC, 0xC6, 0xF0, 0xD6, 0x04, 0xB6, 0x75, 0x14, 0xDB, 0x1A, 0x99, 0x02, 0xD8,
    0x33, 0x86, 0x42, 0x85, 0xED, 0x15, 0xCA, 0x1B, 0x03, 0x6B, 0x68, 0x59, 0x6C, 0x97, 0xD6, 0x21,
    0xA4, 0x01, 0xE6, 0xC4, 0x45, 0x2A, 0x6F, 0x29, 0xAA, 0x8A, 0x82, 0x44, 0x15, 0x14, 0xB4, 0x55,
    0x3D, 0x41, 0xE1, 0x27, 0x94, 0xB7, 0x6C, 0x38, 0x9E, 0x1E, 0xE3, 0xA9, 0x1F, 0x8A, 0x19, 0x4F,
    0x32, 0xEA, 0x84, 0xA7, 0x85, 0x76, 0x9D, 0xF0, 0xD4, 0x1E, 0x53, 0x78, 0xBA, 0x0A, 0xCF, 0x9D,
    0x97, 0x7A, 0x19, 0xCE, 0x5A, 0xFB, 0x73, 0x51, 0x2A, 0x50, 0x36, 0x29, 0x6E, 0x29, 0x4F, 0x4A,
    0x76, 0xD1, 0x5A, 0x81, 0xC7, 0x78, 0x6B, 0x24, 0x97, 0xCC, 0x30, 0xE5, 0x4D, 0xEF, 0xA6, 0x0C,
    0x27, 0x2D, 0xB7, 0x46, 0xA3, 0xAB, 0xBA, 0x75, 0x42, 0x75, 0x0B, 0x0D, 0x70, 0x6A, 0xF8, 0xBC,
    0xF7, 0x7C, 0x3D, 0x8E, 0x47, 0xD1, 0x2A, 0xD7, 0xBF, 0x08, 0x5A, 0xC4, 0x95, 0x87, 0x2B, 0xFE,
    0x95, 0x26, 0x01, 0xEE, 0x77, 0x3D, 0x3C, 0xB6, 0x1D, 0x72, 0x1E, 0x27, 0x72, 0x1B, 0x53, 0x05,
    0xD3, 0x71, 0xFE, 0xB9, 0xFC, 0xF1, 0x06, 0xD2, 0xBB, 0x0F, 0x10, 0x0E, 0xB4, 0x1A, 0xC5, 0xEC,
    0xAC, 0xFE, 0xBA, 0x64, 0x0A, 0x51, 0x2E, 0xFC, 0xB4, 0xFE, 0x45, 0x06, 0xAB, 0x02, 0x30, 0x39,
    0xEC, 0xE9, 0x9A, 0x37, 0x59, 0xB8, 0xD5, 0x5B, 0x65, 0x79, 0xC9, 0xD7, 0x47, 0xAC, 0xB5, 0x47,
    0x6A, 0x79, 0xE4, 0x83, 0x9C, 0x0F, 0x35, 0x5E, 0x64, 0x74, 0xCD, 0xD7, 0x59, 0xF2, 0x35, 0x31,
    0xF4, 0xFF, 0x91, 0x43, 0x24, 0x7D, 0xC6, 0xE5, 0xF2, 0xC0, 0x96, 0x1C, 0xEA, 0x96, 0xFC, 0x76,
    0xB5, 0xA4, 0xA7, 0x15, 0x75, 0x9B, 0xB3, 0xDE, 0x61, 0x90, 0xC9, 0x70, 0xE3, 0x2D, 0xF9, 0xDB,
    0x21, 0x49, 0xDD, 0xBF, 0xE0, 0x6F, 0xBA, 0xCC, 0x2C, 0xC1, 0x8B, 0xE2, 0xA2, 0xB3, 0x8D, 0x96,
    0xF1, 0x0A, 0xCD, 0x69, 0x4A, 0x3E, 0x31, 0xE1, 0x82, 0x97, 0xD5, 0x74, 0xD0, 0x20, 0xBF, 0x14,
    0xAE, 0x26, 0x0F, 0xAE, 0xB9, 0x40, 0x69, 0x2A, 0x5A, 0xC2, 0x59, 0xDB, 0x76, 0xE1, 0xEB, 0x7C,
    0x2E, 0x9D, 0x6A, 0xB8, 0xAE, 0x99, 0x1F, 0x39, 0x48, 0x84, 0x5C, 0x9A, 0x10, 0xB0, 0x52, 0xDF,
    0xD6, 0x09, 0x7B, 0x26, 0x5B, 0xCE, 0x39, 0xB1, 0xD1, 0xBE, 0xF3, 0x48, 0xC0, 0x66, 0x33, 0x5B,
    0x63, 0xCA, 0x8B, 0x4E, 0xB9, 0x3E, 0x72, 0x7F, 0x27, 0x71, 0xDD, 0xC9, 0xEB, 0x6A, 0xF7, 0x40,
    0x72, 0x46, 0xAE, 0x53, 0xA5, 0x6A, 0xA4, 0x84, 0x6D, 0x1B, 0xAF, 0x90, 0xFE, 0xD1, 0xBE, 0x77,
    0xA6, 0x52, 0xCC, 0xA7, 0x44, 0x88, 0xCA, 0x57, 0x28, 0x50, 0x9F, 0xB7, 0x69, 0x48, 0x97, 0xCC,
    0xC6, 0xFA, 0x53, 0x29, 0xAD, 0xC8, 0xD2, 0xA8, 0xEB, 0x96, 0x4F, 0xEB, 0xA7, 0x22, 0x97, 0x58,
    0x19, 0xBF, 0x9A, 0xDE, 0x86, 0x54, 0x64, 0xAD, 0x2C, 0x02, 0x33, 0x3C, 0x97, 0xE6, 0xBD, 0xF0,
    0xEB, 0x15, 0x63, 0x78, 0x28, 0x36, 0xF1, 0x30, 0x31, 0xB2, 0xA1, 0x20, 0x2F, 0x48, 0xDD, 0x19,
    0x09, 0xE6, 0x56, 0x12, 0x4C, 0xF7, 0x76, 0xAA, 0x69, 0xA0, 0xB3, 0xCD, 0x71, 0x96, 0x3F, 0xEE,
    0x5E, 0xCA, 0xA1, 0xCB, 0xE5, 0x6D, 0x22, 0x4D, 0x7E, 0x43, 0xE5, 0x05, 0xE4, 0x0D, 0x73, 0x89,
    0x86, 0xB6, 0xF2, 0x2C, 0x0D, 0xD8, 0x12, 0xF1, 0x86, 0x7E, 0xEC, 0x82, 0x4A, 0xD0, 0xF9, 0x63,
    0x75, 0x01, 0x39, 0x56, 0xAD, 0x61, 0x27, 0xDC, 0x3E, 0x18, 0x11, 0x6E, 0xAD, 0x9B, 0x09, 0xB7,
    0xF2, 0x65, 0x46, 0xB1, 0x0B, 0xAE, 0x09, 0x79, 0x5D, 0xF6, 0x56, 0x0E, 0x34, 0xDC, 0x8F, 0x51,
    0x6B, 0x2E, 0x9F, 0x6F, 0xD5, 0xE0, 0x92, 0xE7, 0x43, 0xC8, 0xA6, 0x60, 0x64, 0xB6, 0x42, 0xCE,
    0xC9, 0xC8, 0x2B, 0xEA, 0x29, 0x08, 0x0C, 0x4B, 0xCA, 0x15, 0x74, 0x25, 0x48, 0x36, 0x75, 0x69,
    0xF5, 0xCD, 0x92, 0x67, 0x62, 0xE6, 0x99, 0xC3, 0xD4, 0xBB, 0xE9, 0x4B, 0xA0, 0x77, 0xBB, 0x31,
    0xD4, 0x28, 0xA1, 0x0B, 0x6C, 0xD3, 0xA2, 0xF5, 0x39, 0x59, 0x9F, 0x60, 0x84, 0xBD, 0x29, 0x9E,
    0x8B, 0x54, 0xBC, 0xCA, 0xB9, 0x36, 0xC2, 0xC5, 0x6A, 0xC8, 0x5B, 0x35, 0x71, 0xE9, 0xE0, 0x25,
    0xCD, 0x3A, 0xE7, 0x3C, 0x86, 0xFF, 0x9B, 0xC6, 0x98, 0x5C, 0xBF, 0x05, 0x5A, 0x2F, 0x52, 0xC8,
    0x75, 0xE3, 0x28, 0x13, 0x91, 0x9C, 0x29, 0x94, 0xF3, 0x79, 0xD9, 0xD2, 0x7D, 0x59, 0xAA, 0xD0,
    0xC8, 0x9E, 0x91, 0xD1, 0xCC, 0xE2, 0xC5, 0x7A, 0x96, 0x07, 0x2B, 0x66, 0x87, 0x4E, 0xAD, 0xCC,
    0x68, 0x36, 0x71, 0x32, 0x48, 0x11, 0xB9, 0x2D, 0x83, 0x70, 0x3E, 0x70, 0x14, 0xCE, 0x11, 0x38,
    0x47, 0xDF, 0x1C, 0x79, 0x73, 0xD4, 0xED, 0xC8, 0xB8, 0x73, 0xA9, 0x37, 0xEF, 0x70, 0x11, 0x49,
    0x88, 0x2E, 0x70, 0x75, 0x06, 0xA1, 0x2E, 0xA1, 0x30, 0x61, 0xA0, 0xFC, 0x65, 0x4F, 0xBA, 0xAF,
    0xE6, 0x46, 0xD7, 0x16, 0x77, 0xF9, 0x48, 0xD4, 0x36, 0x0D, 0xDA, 0x60, 0x4F, 0x4C, 0xB5, 0xB6,
    0xF6, 0xD3, 0x16, 0xC8, 0x06, 0xED, 0x42, 0xD2, 0xD9, 0xDF, 0x44, 0xC7, 0xAD, 0xCE, 0x89, 0x94,
    0x75, 0x69, 0x7F, 0x23, 0xE8, 0x42, 0x9E, 0xDF, 0x1B, 0xB8, 0xFF, 0xBD, 0x2F, 0x9D, 0x92, 0x14,
    0x06, 0x8D, 0xC7, 0xAF, 0x4D, 0x80, 0xD6, 0x58, 0x42, 0x0E, 0xA9, 0x53, 0x55, 0xF0, 0xA5, 0x57,
    0xDB, 0xBD, 0x71, 0x6B, 0x54, 0xD7, 0x30, 0x53, 0x2A, 0xF5, 0x02, 0x0A, 0xC2, 0xC0, 0x10, 0x0C,
    0xDE, 0x01, 0x56, 0x13, 0xF2, 0xB3, 0x34, 0x46, 0xBA, 0xC7, 0x45, 0xBE, 0xFC, 0xA4, 0x00, 0x2B,
    0xF0, 0x77, 0xDA, 0x62, 0xC2, 0x8C, 0xCA, 0x3A, 0x46, 0x37, 0x18, 0xDB, 0xC4, 0x4D, 0x3D, 0x0C,
    0xB8, 0x5E, 0xD6, 0x6E, 0xAE, 0xE2, 0xCE, 0xB5, 0xC3, 0x5A, 0xDB, 0xAA, 0xEE, 0x7D, 0xF2, 0xA9,
    0x46, 0xF4, 0x3C, 0x23, 0x17, 0x07, 0x78, 0x1A, 0x23, 0xB9, 0x08, 0x55, 0x76, 0x88, 0xDA, 0x31,
    0x02, 0xCA, 0xE4, 0xC6, 0x48, 0x77, 0xCA, 0xF4, 0x23, 0x92, 0xCD, 0x58, 0x3E, 0xD9, 0x02, 0x23,
    0xEE, 0xDF, 0xB1, 0xA8, 0x86, 0x1A, 0xF4, 0xC5, 0x36, 0xD7, 0x03, 0xE7, 0x91, 0x7C, 0x9C, 0x10,
    0x7B, 0x37, 0xED, 0xB9, 0x27, 0x04, 0xDC, 0x98, 0x48, 0xE6, 0xD5, 0x96, 0xB5, 0x37, 0x8B, 0xDC,
    0xD9, 0x9C, 0x46, 0x6E, 0x44, 0x9E, 0x18, 0x55, 0x35, 0xBF, 0x2A, 0xB9, 0xB2, 0xAE, 0xEB, 0x02,
    0x74, 0x55, 0x7B, 0x9D, 0xD5, 0x58, 0x87, 0xEA, 0xC1, 0x24, 0xDD, 0x49, 0x85, 0xF5, 0x84, 0xA7,
    0x22, 0x7D, 0x4A, 0x1B, 0x9A, 0xBE, 0x0C, 0x03, 0xB2, 0xDD, 0xEB, 0x3C, 0x04, 0xE7, 0x5C, 0xDB,
    0xFA, 0xAE, 0x87, 0x90, 0xA5, 0x73, 0x14, 0xF8, 0xEF, 0xC0, 0x36, 0x27, 0xD0, 0x83, 0x18, 0xDB,
    0xB3, 0x01, 0x70, 0x50, 0xCE, 0xA3, 0x19, 0x5E, 0x3E, 0xC4, 0x4B, 0x14, 0xD2, 0x15, 0x0A, 0xEB,
    0x09, 0x43, 0x53, 0x59, 0x0C, 0xE2, 0x11, 0xCA, 0x61, 0x34, 0x17, 0x50, 0x9F, 0xCC, 0x74, 0x12,
    0x18, 0x97, 0xE9, 0x3A, 0x12, 0x99, 0x76, 0x51, 0x2E, 0x22, 0xDB, 0x21, 0xBD, 0x3D, 0x97, 0x15,
    0xA2, 0xCA, 0xC4, 0x79, 0xBE, 0x6B, 0x9D, 0xEF, 0x44, 0x36, 0x0F, 0x31, 0x03, 0xCE, 0x19, 0x92,
    0x46, 0x3B, 0x89, 0x5C, 0x52, 0x24, 0x8D, 0x05, 0x54, 0xFE, 0x7D, 0xF3, 0xD5, 0x22, 0xD7, 0xEC,
    0x97, 0xD8, 0x61, 0x70, 0xD8, 0x0E, 0xD9, 0xE1, 0xF6, 0x84, 0x9F, 0x78, 0xD5, 0x54, 0xEA, 0x1C,
    0xE0, 0xC0, 0xC9, 0xAE, 0x9C, 0x4F, 0x34, 0x35, 0x8C, 0xA0, 0x67, 0x26, 0x10, 0xF2, 0x64, 0x99,
    0xF5, 0x15, 0xC2, 0xB5, 0x29, 0xC8, 0x35, 0x45, 0xA7, 0xF8, 0xA5, 0x44, 0x79, 0x6F, 0x04, 0x59,
    0x20, 0x88, 0x05, 0x02, 0xC8, 0xF0, 0x18, 0x1C, 0x43, 0x63, 0x60, 0x0C, 0x8B, 0x41, 0x49, 0x48,
    0x07, 0x4E, 0x76, 0x8D, 0x1D, 0x25, 0x52, 0x9C, 0x6E, 0x3F, 0xE2, 0x72, 0x1C, 0xB3, 0x7E, 0x50,
    0x2B, 0x11, 0x64, 0xA1, 0x5E, 0x7F, 0x16, 0x3D, 0x31, 0x30, 0x3E, 0x98, 0xDE, 0x8A, 0x05, 0x94,
    0x17, 0x80, 0x93, 0xB0, 0x25, 0x7A, 0x0A, 0x4D, 0x8B, 0xAE, 0xD1, 0xAA, 0x0A, 0xB8, 0xDB, 0x3B,
    0x07, 0x42, 0x43, 0x1D, 0x36, 0xEA, 0x67, 0x1E, 0x0B, 0x78, 0x82, 0xA3, 0xDD, 0xA9, 0x3C, 0x9C,
    0xC8, 0x26, 0x1C, 0xB5, 0x7A, 0x42, 0x13, 0x2F, 0x2D, 0x7E, 0x82, 0x5F, 0x43, 0x0B, 0xE4, 0x33,
    0x94, 0x78, 0x3B, 0xD8, 0x99, 0x05, 0x96, 0x33, 0xA9, 0xFA, 0xCB, 0x5D, 0x57, 0x9A, 0x1D, 0xCE,
    0x5E, 0x3B, 0xC4, 0x2D, 0xDF, 0x70, 0x5A, 0x6E, 0x63, 0x15, 0x26, 0x73, 0x44, 0x96, 0x18, 0x2F,
    0x3B, 0xDC, 0x8F, 0x3F, 0xE8, 0x5F, 0xF0, 0x60, 0xE4, 0x67, 0x75, 0x4F, 0x7B, 0xB2, 0xFD, 0x38,
    0x8C, 0xDE, 0x72, 0x4B, 0x55, 0xD2, 0x3D, 0x48, 0x32, 0xFA, 0x8C, 0xFC, 0x02, 0x5C, 0xFB, 0x1F,
    0x30, 0x36, 0x04, 0x63, 0x75, 0x18, 0xFB, 0x03, 0x18, 0x79, 0x15, 0x46, 0xEE, 0xD6, 0x9E, 0x7C,
    0x7C, 0xF4, 0x97, 0x66, 0xC3, 0xAE, 0xFB, 0xEE, 0x83, 0xEF, 0xEB, 0x0F, 0xEA, 0x4B, 0x96, 0x8C,
    0xFC, 0x7C, 0x10, 0xBE, 0x88, 0xC5, 0x4E, 0x61, 0x08, 0x5D, 0x6C, 0xD9, 0x47, 0x0F, 0x8B, 0xDA,
    0x06, 0xC9, 0x49, 0xEB, 0xE4, 0x1E, 0x98, 0x82, 0xCF, 0xFB, 0x3E, 0x4C, 0xE5, 0xD8, 0x91, 0xA1,
    0xB4, 0x32, 0x8C, 0x54, 0x4F, 0xC7, 0xE5, 0x59, 0xE5, 0x17, 0xFE, 0x32, 0x4C, 0xFD, 0x0B, 0x7C,
    0xF6, 0x87, 0xFE, 0xE4, 0x27, 0xFC, 0x11, 0x78, 0x26, 0x5C, 0xF6, 0xA0, 0x42, 0xB9, 0x6D, 0xC9,
    0xCE, 0x9C, 0xD4, 0x45, 0xEE, 0x4F, 0x93, 0x48, 0x5A, 0x12, 0x07, 0x52, 0x92, 0xF3, 0x0F, 0x85,
    0x25, 0xF9, 0xEF, 0xA6, 0x11, 0xCD, 0x70, 0x18, 0x63, 0x0A, 0xA7, 0x9D, 0xF8, 0xA4, 0x2A, 0xF2,
    0xC6, 0xE9, 0xFC, 0x2D, 0x2D, 0x92, 0xC0, 0x0A, 0x4D, 0x1C, 0xE6, 0x1F, 0x20, 0xFB, 0xCB, 0x15,
    0x0B, 0x2C, 0xA7, 0x3C, 0x7E, 0xEE, 0x12, 0xA8, 0xA5, 0x40, 0x48, 0x60, 0x5B, 0xCD, 0x61, 0x26,
    0x9E, 0x7A, 0x82, 0x1E, 0xB8, 0x4A, 0x17, 0xD1, 0xD4, 0x63, 0x3E, 0x75, 0xD3, 0xFD, 0xC9, 0xCC,
    0xC8, 0xA4, 0x33, 0xA3, 0xA6, 0x48, 0x2B, 0x04, 0x8C, 0xB0, 0x9E, 0x9E, 0x45, 0x9D, 0xB3, 0xD6,
    0x39, 0xAE, 0x9D, 0xEB, 0xAC, 0xD3, 0x4A, 0xA7, 0xE5, 0xF4, 0x59, 0x52, 0xB6, 0xE8, 0x60, 0x60,
    0xA7, 0xF8, 0x79, 0x69, 0x75, 0x4C, 0xA5, 0x83, 0xBD, 0x6F, 0x2F, 0x31, 0x49, 0xAE, 0x42, 0xBB,
    0x24, 0xAB, 0xCB, 0x2B, 0x4B, 0xAA, 0xE7, 0x3A, 0x1D, 0x17, 0x52, 0x6A, 0x80, 0xA3, 0x9F, 0x76,
    0x7E, 0xAF, 0xC9, 0x2B, 0x2B, 0x42, 0xA2, 0x1A, 0x3F, 0xDD, 0xB0, 0x85, 0x08, 0xC9, 0x67, 0x53,
    0xE6, 0x9F, 0x0B, 0x4B, 0x81, 0xD7, 0x4B, 0xF1, 0xCE, 0x28, 0x74, 0x8D, 0x4C, 0xD7, 0x68, 0xAD,
    0xD8, 0x52, 0xAD, 0xA7, 0x26, 0x8C, 0x60, 0x5A, 0x7A, 0xC2, 0x5A, 0x58, 0x80, 0x34, 0x5D, 0x8C,
    0x98, 0x5C, 0xFF, 0xC9, 0xFD, 0x77, 0xFE, 0x00, 0x7F, 0x19, 0x43, 0xBF, 0xA8, 0x56, 0x06, 0xB8,
    0x36, 0x94, 0x45, 0x1D, 0x1F, 0x42, 0xF0, 0x56, 0x4D, 0xAA, 0x7E, 0x1A, 0xDE, 0x69, 0xA9, 0x3A,
    0x30, 0x22, 0xEC, 0x23, 0x3D, 0x62, 0x96, 0xE9, 0x39, 0x57, 0x9F, 0x83, 0x9D, 0x63, 0x50, 0x1B,
    0x83, 0x4F, 0x89, 0x89, 0x31, 0xA8, 0x8E, 0x43, 0x39, 0x2E, 0xF0, 0xE7, 0x6F, 0x87, 0xD6, 0x18,
    0xDC, 0x18, 0xC3, 0xBD, 0x1E, 0xFE, 0x75, 0x8B, 0x4F, 0xB2, 0xC0, 0xC0, 0xE7, 0x64, 0xC4, 0x40,
    0x61, 0xE5, 0x4D, 0x84, 0x21, 0x5E, 0xBC, 0x0E, 0xB1, 0xDB, 0x89, 0xF0, 0xC6, 0xF0, 0x7C, 0x9A,
    0x3E, 0x0B, 0x88, 0x61, 0x59, 0xE1, 0xC7, 0xF6, 0x49, 0xA8, 0x07, 0x68, 0xD6, 0xD4, 0x3A, 0xF1,
    0x51, 0x45, 0x78, 0xAB, 0x9B, 0x79, 0x37, 0xC3, 0x4D, 0x7E, 0x59, 0x5C, 0x27, 0x1C, 0xB4, 0x5E,
    0x37, 0xE0, 0x59, 0x59, 0x5C, 0x2B, 0xB8, 0xEC, 0x24, 0x76, 0xE3, 0xA1, 0xD8, 0x14, 0x38, 0x4A,
    0xF0, 0x01, 0xA1, 0x45, 0x6E, 0x38, 0x8D, 0x42, 0x52, 0x46, 0xF9, 0x1C, 0x79, 0x27, 0x91, 0xE8,
    0x5E, 0x74, 0xA8, 0x21, 0x03, 0xEC, 0x8D, 0x26, 0x62, 0x27, 0xEE, 0x8B, 0xEE, 0x11, 0x8E, 0xA7,
    0xF9, 0xE4, 0xF1, 0x8F, 0xC3, 0x3E, 0x17, 0x1D, 0x62, 0x9E, 0xD8, 0x0D, 0x35, 0x8F, 0x45, 0x75,
    0xC7, 0xD4, 0xA6, 0xD8, 0xAB, 0xF9, 0x63, 0x62, 0xEC, 0x6C, 0xD8, 0x11, 0x2D, 0x8D, 0x1F, 0x3C,
    0x44, 0xF5, 0xF9, 0x3B, 0x7E, 0x05, 0x0F, 0x9F, 0x7A, 0xC9, 0x03, 0xED, 0x3B, 0x7B, 0x42, 0x30,
    0xAF, 0xF9, 0xD3, 0x71, 0x18, 0xF8, 0xEB, 0x2B, 0x1F, 0x84, 0xEB, 0xBE, 0xB4, 0xF9, 0xAF, 0x60,
    0xCF, 0x3F, 0x6E, 0xFA, 0x0E, 0x6C, 0xFD, 0xCC, 0x55, 0x77, 0x81, 0xF1, 0x99, 0xAB, 0x90, 0x00,
    0x6F, 0x5E, 0x25, 0x7E, 0xD2, 0xE1, 0xC7, 0x77, 0x0B, 0xD0, 0x5E, 0xFF, 0xD5, 0x10, 0x8C, 0x1B,
    0x1F, 0x1D, 0x83, 0x81, 0xBE, 0x3B, 0x06, 0x98, 0x6C, 0x9D, 0x27, 0x75, 0x3C, 0x04, 0x7F, 0xA9,
    0xEC, 0x78, 0xE7, 0xBC, 0x7B, 0x7D, 0xE3, 0x39, 0x68, 0x92, 0xE3, 0x20, 0xDE, 0xE5, 0x00, 0x10,
    0x5D, 0x69, 0x31, 0xBB, 0xDA, 0xDA, 0x3E, 0xE9, 0xEA, 0xD2, 0x74, 0xDA, 0x56, 0x1C, 0xBE, 0x02,
    0x0A, 0xD6, 0x9E, 0xE1, 0x75, 0xAF, 0x11, 0xBA, 0x7C, 0x97, 0x5A, 0x52, 0x86, 0xC8, 0x68, 0x42,
    0xD1, 0x6E, 0xC3, 0xC2, 0xAE, 0xCD, 0xE0, 0xEE, 0xC5, 0xEE, 0x7F, 0xF5, 0x16, 0x6A, 0x0F, 0xE3,
    0x62, 0x34, 0x35, 0xA7, 0x4E, 0xAE, 0xBA, 0x3D, 0x3E, 0x6F, 0x29, 0x63, 0xC8, 0xC9, 0x3C, 0x1C,
    0xA2, 0xE3, 0x4D, 0xB0, 0x3E, 0x8C, 0xDE, 0x1A, 0x12, 0x86, 0x22, 0xD5, 0x22, 0x9E, 0x8D, 0xA3,
    0x53, 0x54, 0xC6, 0x81, 0xAC, 0xD1, 0xBE, 0xD5, 0xF0, 0xA7, 0x07, 0x0D, 0xBF, 0xE4, 0xDE, 0x4E,
    0x3C, 0x83, 0x31, 0xD2, 0x12, 0x98, 0x2F, 0x34, 0x28, 0x66, 0xB6, 0x13, 0xDF, 0x4D, 0xA2, 0x12,
    0xCC, 0xD6, 0xD4, 0x7A, 0xC4, 0x7C, 0x70, 0x28, 0x71, 0x93, 0x16, 0xBA, 0x61, 0x18, 0x45, 0x69,
    0x2D, 0x0E, 0x31, 0x05, 0x0D, 0x58, 0x89, 0x53, 0x91, 0x31, 0xC7, 0x69, 0xEF, 0xD9, 0x05, 0x98,
    0x97, 0x62, 0x71, 0xD4, 0x1A, 0x8B, 0xD2, 0xDE, 0x1B, 0x8F, 0xF9, 0xD1, 0xD2, 0xEE, 0x93, 0x0A,
    0xE0, 0xFE, 0x93, 0x6F, 0xCF, 0x04, 0xA0, 0x00, 0x94, 0x29, 0x40, 0xD1, 0xEF, 0x39, 0xCA, 0x8A,
    0x2E, 0xDC, 0x03, 0x65, 0x72, 0x84, 0x69, 0x89, 0x0A, 0x77, 0xD0, 0x9E, 0x0F, 0x10, 0x79, 0x77,
    0x50, 0x89, 0xC9, 0xF9, 0xD4, 0xF1, 0xAC, 0x72, 0x39, 0x66, 0xB6, 0x5D, 0x8B, 0xE4, 0xA0, 0xF2,
    0xA4, 0xEB, 0x71, 0x1F, 0xC7, 0x7D, 0x37, 0xEE, 0x43, 0xDE, 0xBB, 0x7B, 0xFA, 0xC3, 0x40, 0x15,
    0x6A, 0x03, 0x35, 0x98, 0x1B, 0x28, 0xC3, 0x3C, 0xEE, 0x33, 0x03, 0x63, 0x30, 0x93, 0x1B, 0x5A,
    0xF9, 0xF4, 0x87, 0xAE, 0xC5, 0xA0, 0x2C, 0x1C, 0xCF, 0x73, 0x89, 0x36, 0x02, 0xD6, 0x0F, 0xF5,
    0x16, 0x19, 0xAE, 0x6F, 0xC6, 0xEF, 0xFF, 0x00, 0x3D, 0x50, 0x31, 0x6E, 0x02, 0x41, 0x0C, 0x9C,
    0xBB, 0x0B, 0xB2, 0x44, 0x8A, 0xA5, 0xA0, 0x66, 0x9B, 0x34, 0x29, 0xC8, 0x7D, 0x00, 0xB0, 0x9F,
    0xC0, 0x73, 0x52, 0x44, 0xDA, 0x7D, 0x0F, 0x2F, 0xA0, 0x41, 0x6C, 0xF2, 0x82, 0x55, 0x5E, 0xB0,
    0xE2, 0x05, 0x5B, 0x50, 0x5C, 0x01, 0x71, 0x7C, 0x87, 0x84, 0x65, 0x59, 0xB3, 0x63, 0x7B, 0x67,
    0xE4, 0xC3, 0x41, 0x54, 0xA3, 0x25, 0xAB, 0x6A, 0x9D, 0x0A, 0xC6, 0x18, 0xD1, 0x18, 0xC3, 0x13,
    0xE0, 0x19, 0x6F, 0xED, 0xD5, 0xC5, 0x15, 0xB6, 0x60, 0x70, 0xE6, 0xC2, 0x65, 0x2E, 0x5E, 0x38,
    0x05, 0x43, 0x94, 0xBB, 0x44, 0xB1, 0xC7, 0x80, 0x88, 0x19, 0x8C, 0xB3, 0xBE, 0x2F, 0x9D, 0xB1,
    0x4E, 0x4E, 0x28, 0xD3, 0x76, 0x93, 0x6C, 0x3F, 0xB9, 0xB8, 0xC5, 0x0A, 0xD5, 0x7E, 0xA9, 0xE0,
    0x66, 0x00, 0xFF, 0x2A, 0xF8, 0xA2, 0xC2, 0x45, 0x31, 0x97, 0x77, 0x78, 0x39, 0x82, 0x7F, 0x14,
    0xE1, 0x62, 0xBC, 0x71, 0x94, 0x7B, 0x74, 0xC9, 0x83, 0xE2, 0x1A, 0x3D, 0x8E, 0x18, 0x28, 0x23,
    0xCE, 0x60, 0x2A, 0x0B, 0xF0, 0xF7, 0x1D, 0xE1, 0xB1, 0x0F, 0x5F, 0xCE, 0xE8, 0xB2, 0xB7, 0xD9,
    0x15, 0x9C, 0x6C, 0x70, 0x6A, 0x2B, 0x0A, 0xC5, 0xC9, 0x78, 0x3B, 0xC0, 0x9B, 0x82, 0xA6, 0xA0,
    0x39, 0x68, 0x99, 0x32, 0xDB, 0xB3, 0xD7, 0x48, 0x77, 0xBC, 0x00, 0x82, 0x25, 0xC7, 0xD7, 0x8A,
    0xBF, 0x90, 0xDC, 0xB5, 0xD1, 0x47, 0xE5, 0x48, 0xC6, 0x4C, 0xDD, 0x05, 0x96, 0x38, 0x36, 0x95,
    0x8A, 0x4B, 0x2C, 0x0A, 0x53, 0x14, 0x97, 0xA8, 0x34, 0xD5, 0x0C, 0x2D, 0xF7, 0xF8, 0xC4, 0xCE,
    0x7C, 0xBB, 0x4C, 0xB5, 0xBB, 0x75, 0x37, 0xAA, 0x2E, 0x7B, 0xD9, 0x19, 0xBB, 0xC7, 0x7C, 0xBC,
    0x55, 0xFC, 0x78, 0x9E, 0xB0, 0x47, 0x88, 0x67, 0xF9, 0xC2, 0x06, 0x6B, 0x38, 0x90, 0xB4, 0xF2,
    0x0F, 0xD5, 0x5B, 0x4F, 0x8C, 0xDC, 0x56, 0x19, 0xFF, 0x6C, 0x6F, 0xE3, 0x82, 0xBB, 0xEB, 0x3D,
    0x54, 0x08, 0x91, 0x14, 0x17, 0xD1, 0x43, 0x49, 0x37, 0x71, 0x84, 0x02, 0x04, 0x3A, 0x3B, 0x36,
    0x42, 0x82, 0x03, 0x48, 0xCD, 0x01, 0x38, 0x20, 0x0E, 0x1C, 0x41, 0x42, 0x6C, 0x0E, 0x95, 0x28,
    0xD2, 0xA6, 0x76, 0x39, 0xC0, 0xA1, 0x42, 0xEC, 0x05, 0x89, 0x0B, 0xEA, 0x1E, 0x40, 0xA0, 0xF6,
    0x90, 0x11, 0xCA, 0x21, 0x95, 0x66, 0xD7, 0x86, 0x1E, 0x7A, 0x00, 0x84, 0x01, 0x21, 0x0E, 0x3D,
    0xD4, 0xD0, 0x04, 0xF5, 0x8F, 0xAA, 0x18, 0x98, 0x82, 0x77, 0x33, 0xE3, 0xC7, 0xF7, 0xFB, 0xDE,
    0xB3, 0x67, 0x66, 0xB3, 0x09, 0x9B, 0x66, 0xD3, 0x94, 0xB1, 0xFD, 0x66, 0x67, 0xC6, 0x7E, 0xEF,
    0x7B, 0xDF, 0xF7, 0xFB, 0xFE, 0xBE, 0xB7, 0x74, 0xAF, 0x35, 0x0E, 0xCB, 0xAD, 0xC0, 0x9E, 0x44,
    0xC5, 0x19, 0xE2, 0xD7, 0x3D, 0x44, 0x5B, 0x14, 0x8E, 0xE8, 0x49, 0x8F, 0xAC, 0x86, 0xC2, 0x92,
    0x3E, 0x49, 0xFB, 0xBC, 0x8E, 0x3F, 0x4B, 0x89, 0x8A, 0xF9, 0xA4, 0x65, 0xA2, 0x31, 0x59, 0xBF,
    0xA3, 0x87, 0xDF, 0xA4, 0x61, 0x42, 0x4B, 0x15, 0xF9, 0x29, 0x6E, 0x38, 0x45, 0x34, 0x90, 0xB3,
    0x92, 0x73, 0x44, 0x34, 0x24, 0x4A, 0xE2, 0xAF, 0x45, 0xAA, 0xF6, 0x55, 0x6D, 0x65, 0x29, 0xBD,
    0x87, 0x07, 0xFE, 0xDE, 0xE9, 0xAD, 0xB0, 0x78, 0x18, 0xF7, 0x7F, 0xD0, 0x1E, 0x47, 0xC5, 0x13,
    0xA6, 0x77, 0x1E, 0x7A, 0x9B, 0x82, 0x92, 0x4E, 0xDC, 0x64, 0xDC, 0x0D, 0xA7, 0x72, 0x4F, 0x3B,
    0xB5, 0x35, 0xF6, 0xF2, 0x3E, 0x7E, 0xD9, 0x24, 0x67, 0x44, 0xCE, 0xC3, 0xE4, 0xD4, 0x44, 0x13,
    0xF2, 0x72, 0xEA, 0xDF, 0xE4, 0xE1, 0x99, 0xF1, 0x66, 0xBF, 0xBC, 0xD1, 0xF0, 0xC7, 0xEC, 0x2F,
    0x7C, 0xF4, 0xB7, 0x9F, 0x18, 0x47, 0xCB, 0xFA, 0xE3, 0x22, 0xD1, 0x6F, 0xE8, 0xA1, 0x97, 0xE8,
    0xF8, 0x84, 0x82, 0xF8, 0x66, 0xCC, 0xF1, 0xE3, 0x28, 0x3F, 0x55, 0x7C, 0xAC, 0x08, 0xF3, 0x7B,
    0xC8, 0xAA, 0xC8, 0x19, 0xD3, 0x91, 0xFB, 0xC8, 0xFD, 0xAA, 0xD0, 0x78, 0x76, 0x3F, 0xBA, 0x2C,
    0xFE, 0x94, 0xE4, 0x64, 0x29, 0xBE, 0xF9, 0xF2, 0x80, 0xBC, 0xF8, 0x2C, 0xF9, 0xFC, 0x15, 0x58,
    0xEA, 0xBE, 0x95, 0xE5, 0xB6, 0x52, 0x79, 0xA8, 0x1A, 0x8A, 0x36, 0xF4, 0x83, 0x56, 0xBC, 0xEC,
    0xAB, 0xD1, 0xA7, 0x54, 0x81, 0x0F, 0x0B, 0x44, 0x3D, 0xC8, 0x8E, 0xB6, 0xB9, 0x0F, 0xA2, 0x75,
    0x39, 0x7B, 0x72, 0xAE, 0xDE, 0xF8, 0x5C, 0x99, 0x3B, 0xED, 0x78, 0x39, 0x40, 0x87, 0xB9, 0xA1,
    0x6C, 0x45, 0x3A, 0x19, 0xCE, 0xF7, 0x76, 0xFD, 0xA9, 0x1F, 0x3F, 0x26, 0x27, 0x33, 0x67, 0x89,
    0x29, 0xAE, 0xC9, 0x65, 0x58, 0x8C, 0x89, 0x82, 0x34, 0xC9, 0x07, 0xF4, 0x7C, 0x1A, 0xE5, 0x0D,
    0xA5, 0x3C, 0x41, 0x9F, 0xC2, 0x38, 0x4C, 0x83, 0x3C, 0xA0, 0x80, 0xFF, 0xE6, 0x23, 0xDE, 0x7B,
    0x78, 0xD4, 0x1E, 0xFC, 0x74, 0x9C, 0xA4, 0x95, 0x3C, 0x3D, 0xA1, 0x54, 0x44, 0x13, 0x50, 0x48,
    0xDD, 0xB3, 0x33, 0x07, 0xEE, 0x77, 0xF9, 0x70, 0x62, 0x27, 0x75, 0x1A, 0x4B, 0x81, 0x07, 0x60,
    0x1D, 0x4F, 0xA5, 0xCF, 0xD7, 0x69, 0x16, 0xD4, 0x2A, 0xF3, 0x9C, 0xC5, 0x4A, 0x7D, 0xFE, 0xFB,
    0x43, 0x7C, 0x05, 0x0C, 0xCC, 0x84, 0x49, 0x6C, 0x1A, 0xB2, 0x8A, 0x88, 0x9C, 0xDC, 0x8F, 0x9D,
    0xD8, 0x4B, 0xF9, 0xF9, 0xDC, 0x29, 0xF8, 0x62, 0x6E, 0x13, 0xAE, 0xE4, 0x15, 0xEE, 0xC0, 0xE5,
    0xE1, 0x21, 0x8B, 0x3E, 0x9D, 0xB5, 0xC7, 0xFC, 0xF5, 0x88, 0x42, 0xE6, 0xBB, 0x35, 0x01, 0x51,
    0xFC, 0x73, 0xC4, 0x32, 0x78, 0x9C, 0xFB, 0x3C, 0xC7, 0x9F, 0x23, 0xEE, 0x37, 0xE2, 0x71, 0x9E,
    0xE7, 0xBF, 0x8F, 0xF0, 0x63, 0xAC, 0x4D, 0x94, 0xF1, 0x38, 0x3B, 0x0D, 0xD9, 0x79, 0x48, 0x4E,
    0x8A, 0x71, 0x5C, 0x3D, 0x4E, 0xE9, 0xB0, 0x54, 0xAF, 0xBD, 0xCA, 0x1D, 0x8E, 0xE9, 0x28, 0x5F,
    0x37, 0x1A, 0xA7, 0xA1, 0x5B, 0xE6, 0x9D, 0x97, 0x9F, 0x2C, 0x4E, 0xF3, 0xA4, 0x83, 0xAA, 0x1F,
    0x3F, 0x28, 0xC2, 0x5C, 0x67, 0x51, 0xAE, 0xF3, 0xD1, 0xDB, 0x73, 0xAC, 0xF0, 0x71, 0x8C, 0x8F,
    0x45, 0x16, 0x9D, 0x5F, 0xBB, 0x63, 0xC8, 0xCD, 0x2D, 0x82, 0xB2, 0x47, 0x27, 0xBF, 0xE6, 0x57,
    0x91, 0x3C, 0x0D, 0xC3, 0xC0, 0xEC, 0x62, 0xEA, 0x6C, 0x95, 0x07, 0xB1, 0xB7, 0x5B, 0x24, 0x29,
    0x33, 0xB7, 0x82, 0x9E, 0x3D, 0x9F, 0x32, 0x38, 0x22, 0x16, 0x33, 0x6B, 0x1E, 0xCF, 0x3B, 0x85,
    0xBA, 0x9F, 0xA2, 0xEC, 0x55, 0xD6, 0xFF, 0x48, 0xA5, 0x03, 0xF2, 0x55, 0xC1, 0x2C, 0x79, 0x5F,
    0xC9, 0x8D, 0x5D, 0x8C, 0x40, 0x19, 0x43, 0x2A, 0xA3, 0x28, 0x5E, 0x1B, 0xF3, 0xEC, 0x54, 0xC9,
    0x37, 0x60, 0x7E, 0xD9, 0x46, 0xAB, 0x11, 0x5A, 0xAD, 0x12, 0xB1, 0x24, 0x95, 0x7C, 0xF3, 0xBC,
    0xFC, 0x1D, 0x09, 0x30, 0x27, 0xF2, 0x0D, 0x7F, 0x11, 0xED, 0x6E, 0xB0, 0x9D, 0x49, 0x54, 0x39,
    0x68, 0x5B, 0x7F, 0x84, 0xFB, 0x59, 0x2A, 0x78, 0x2A, 0xA4, 0x1A, 0x9A, 0x0E, 0x9D, 0xE0, 0x19,
    0x45, 0x85, 0x75, 0xA1, 0xC2, 0x70, 0x2A, 0x25, 0x17, 0x7C, 0x25, 0x5A, 0x7B, 0xCD, 0x8C, 0x37,
    0x24, 0xFB, 0x4D, 0x46, 0x0E, 0x39, 0x7F, 0x66, 0xDD, 0x63, 0xD5, 0x23, 0x5B, 0x7F, 0xBF, 0x04,
    0x39, 0x50, 0x24, 0x27, 0xD3, 0xC4, 0x7A, 0xC8, 0x27, 0x4B, 0x28, 0xA0, 0x47, 0x1A, 0x4A, 0x6A,
    0x43, 0x21, 0x7E, 0xBD, 0x46, 0xD6, 0xAF, 0xC8, 0xBA, 0x12, 0x53, 0x96, 0x5A, 0x35, 0x2B, 0xA6,
    0x7C, 0x6F, 0x8B, 0x28, 0x03, 0x51, 0xB4, 0x6D, 0x1E, 0xBA, 0x4E, 0xDE, 0x98, 0x24, 0x9F, 0xDE,
    0x5A, 0xE8, 0x6D, 0x6D, 0x27, 0xEB, 0xEB, 0xBD, 0xDE, 0x6A, 0xFB, 0x5A, 0xC1, 0xEB, 0x56, 0x25,
    0xC4, 0x2F, 0x19, 0xC6, 0x16, 0xA6, 0x38, 0x62, 0x04, 0xDC, 0x12, 0x36, 0xCA, 0xA9, 0x06, 0x5D,
    0x6B, 0x55, 0xC2, 0xC0, 0x6A, 0x24, 0xED, 0x10, 0xF7, 0x57, 0x09, 0x5B, 0x9A, 0xAC, 0x88, 0x9A,
    0xE7, 0x94, 0x8A, 0x3D, 0x25, 0xBC, 0xC8, 0xD4, 0xCE, 0x5E, 0x33, 0xB6, 0x20, 0xED, 0x49, 0x9A,
    0x8A, 0x22, 0x69, 0xCD, 0x9F, 0x79, 0x19, 0x7B, 0x38, 0x98, 0x7B, 0x93, 0xE1, 0x9E, 0x20, 0x3D,
    0x1E, 0x6C, 0x07, 0x39, 0x25, 0xC9, 0x88, 0x23, 0x92, 0x21, 0xD5, 0xA6, 0x8C, 0x99, 0x54, 0x3C,
    0xE8, 0x6B, 0xE4, 0x55, 0x7B, 0xC7, 0xB5, 0x8C, 0x15, 0xD6, 0xBC, 0x85, 0xC2, 0xE2, 0x4D, 0x9B,
    0x24, 0x67, 0x8F, 0xBD, 0x3D, 0xA0, 0x80, 0x34, 0xAD, 0xEB, 0xA2, 0x46, 0x8C, 0x9E, 0xD3, 0x37,
    0x93, 0xCE, 0x74, 0xF6, 0xFC, 0x7D, 0xC6, 0x02, 0x15, 0xB3, 0x26, 0xF7, 0x2F, 0x79, 0x79, 0xF4,
    0x4C, 0x19, 0x7D, 0x3E, 0x5F, 0xD4, 0x34, 0x32, 0x5E, 0x19, 0x61, 0x8A, 0xCF, 0xDC, 0xBE, 0x5A,
    0xBA, 0x9F, 0xA9, 0x96, 0xAC, 0xFA, 0x18, 0x0D, 0x57, 0xA8, 0xC7, 0x32, 0xEB, 0xD3, 0xC5, 0x50,
    0x55, 0x0C, 0x7D, 0xA7, 0x11, 0x49, 0x79, 0xCC, 0x86, 0xF0, 0xF7, 0x8C, 0xC0, 0x17, 0x0A, 0x56,
    0xCF, 0x76, 0x1E, 0x9B, 0xC2, 0x1E, 0x72, 0x61, 0x8A, 0x2A, 0x56, 0x2D, 0xF6, 0x9F, 0x7F, 0xAD,
    0x98, 0xE9, 0x15, 0x9D, 0xE1, 0xEB, 0x12, 0x5F, 0x6A, 0xA3, 0x62, 0x70, 0x57, 0xE4, 0xA9, 0x64,
    0x83, 0xBE, 0x01, 0xDB, 0xE2, 0x95, 0x1A, 0xFE, 0xC4, 0x23, 0x82, 0x35, 0x2F, 0x8D, 0xB8, 0xBB,
    0xE0, 0x85, 0x92, 0x81, 0xE0, 0x52, 0x7A, 0x48, 0x40, 0x10, 0x02, 0x9D, 0xA7, 0xE4, 0x19, 0xFF,
    0x15, 0x81, 0x9B, 0xFF, 0x47, 0xF9, 0xE4, 0xA4, 0x33, 0x42, 0x38, 0x24, 0x08, 0x58, 0xF1, 0x92,
    0x5B, 0x44, 0xBF, 0xAF, 0xA2, 0xEF, 0xE7, 0x4B, 0xD6, 0x2D, 0x09, 0xF7, 0x7E, 0xA2, 0xF2, 0x3C,
    0xBB, 0x56, 0x56, 0xDB, 0x9A, 0xAD, 0x50, 0xB9, 0x3C, 0x83, 0x8E, 0x87, 0xF8, 0xBA, 0xA4, 0xE9,
    0xB1, 0xC1, 0xE4, 0x92, 0x8E, 0x2B, 0xB5, 0x91, 0xA8, 0xAC, 0x4C, 0x2E, 0x83, 0x89, 0x1A, 0xE1,
    0xAB, 0xD4, 0x61, 0xDB, 0xFE, 0x2A, 0x98, 0xE7, 0xFE, 0x09, 0x0C, 0xE5, 0xD9, 0x32, 0x43, 0x9D,
    0xF4, 0x90, 0x18, 0xAA, 0xC7, 0x32, 0xEA, 0x84, 0x19, 0xE1, 0xF5, 0x03, 0xCD, 0xD0, 0x57, 0x6A,
    0x01, 0xFC, 0x3F, 0x2A, 0xAD, 0xCE, 0x67, 0x0F, 0x9D, 0xBD, 0xCB, 0xC2, 0x87, 0x09, 0xD9, 0x1F,
    0xCF, 0xFD, 0xA7, 0xAB, 0xE0, 0xC5, 0xC2, 0xED, 0x00, 0x78, 0x10, 0x26, 0x5B, 0x46, 0x1D, 0x7D,
    0xE6, 0xC4, 0x87, 0xBF, 0xC9, 0xA0, 0xCF, 0xD8, 0xA0, 0x9E, 0x67, 0x67, 0xB7, 0x70, 0x60, 0x66,
    0x7B, 0x60, 0x42, 0x04, 0x7E, 0x30, 0x65, 0xAF, 0x6D, 0xD4, 0x47, 0x61, 0xF6, 0x99, 0x3C, 0x86,
    0xAC, 0xBA, 0xA2, 0x5D, 0x24, 0x14, 0x89, 0x6C, 0xFC, 0xE1, 0x42, 0xD9, 0x7D, 0xB0, 0x6C, 0x11,
    0x0C, 0x5B, 0x61, 0xA3, 0xCA, 0x0D, 0x4B, 0xE8, 0x0C, 0x54, 0x71, 0xC5, 0x44, 0x26, 0x30, 0xED,
    0x26, 0x38, 0x22, 0x77, 0xF7, 0x4B, 0x5F, 0xA9, 0x2D, 0x85, 0x4E, 0x23, 0xF1, 0x25, 0xCF, 0xB2,
    0x46, 0x08, 0xDF, 0x13, 0x8C, 0xC3, 0x83, 0x36, 0x3C, 0xE1, 0x81, 0x2B, 0xA3, 0xF2, 0x2D, 0xDC,
    0x5A, 0x70, 0xED, 0xE4, 0xEF, 0xE0, 0x8B, 0x24, 0x86, 0xD7, 0x18, 0x21, 0xC6, 0x71, 0x72, 0x0A,
    0x77, 0x53, 0x9F, 0x96, 0x3D, 0x95, 0x2F, 0xD2, 0xC8, 0xCA, 0xF2, 0x15, 0x07, 0xE8, 0x7F, 0xD8,
    0x46, 0x7B, 0x46, 0x64, 0x20, 0x83, 0x9B, 0xF0, 0xD0, 0x17, 0x46, 0x7A, 0x3B, 0xD6, 0x05, 0x06,
    0x0B, 0x13, 0x40, 0x98, 0x15, 0xFA, 0x3C, 0xF2, 0x8B, 0xCE, 0x6B, 0x52, 0x86, 0x59, 0xD9, 0xF2,
    0xA3, 0xB3, 0x8B, 0x70, 0xCD, 0x8A, 0x7D, 0xF1, 0x62, 0xB6, 0xBA, 0x12, 0x0B, 0x41, 0xB9, 0x10,
    0x04, 0x52, 0x98, 0xEA, 0xE3, 0xF0, 0x51, 0x4C, 0x39, 0x60, 0x91, 0x34, 0x73, 0x26, 0x4F, 0x3E,
    0x58, 0x82, 0x00, 0x57, 0x94, 0xD2, 0x11, 0x18, 0x50, 0xD9, 0xDD, 0x61, 0x46, 0xAC, 0x67, 0x47,
    0x2C, 0x65, 0xC4, 0x46, 0x9E, 0x55, 0x4D, 0x2A, 0x23, 0xA6, 0xED, 0xEF, 0xC9, 0xBF, 0x45, 0x54,
    0xA9, 0x7A, 0x16, 0x23, 0x46, 0x0A, 0x23, 0xBA, 0xEA, 0xE0, 0x23, 0xBE, 0x1D, 0xD1, 0xB6, 0x6E,
    0x64, 0x2A, 0xCB, 0x33, 0xF3, 0x1F, 0xEF, 0xA4, 0x68, 0x49, 0x44, 0x4B, 0x10, 0xAD, 0x4C, 0x40,
    0x12, 0x10, 0x4D, 0xC0, 0xDD, 0x10, 0xED, 0xA1, 0x09, 0x4C, 0x8C, 0x05, 0xC8, 0x71, 0x40, 0x80,
    0xE0, 0xB5, 0x35, 0x19, 0x77, 0x4D, 0x52, 0xAD, 0x09, 0x13, 0xCC, 0x38, 0x9A, 0x31, 0x63, 0xBA,
    0x8E, 0x32, 0xB8, 0xB1, 0x77, 0x83, 0x4C, 0x8D, 0x99, 0x0E, 0xB4, 0x4B, 0x90, 0x98, 0x23, 0x8A,
    0x8D, 0x99, 0x9C, 0x7F, 0x1D, 0x9A, 0x62, 0xDF, 0xEA, 0x88, 0x87, 0xA1, 0xD8, 0x4E, 0x8A, 0xA4,
    0xC5, 0x2B, 0x10, 0x77, 0x38, 0xEC, 0x7D, 0x6B, 0x24, 0xF1, 0xC4, 0x16, 0x7D, 0x75, 0x83, 0x56,
    0xD4, 0x73, 0x63, 0x76, 0x1E, 0xA1, 0xD2, 0xA1, 0x13, 0xA2, 0x4B, 0x27, 0xD7, 0x51, 0x8A, 0x03,
    0xDB, 0x0E, 0x4B, 0x00, 0x1A, 0x20, 0xC5, 0xF3, 0xE2, 0xCA, 0x36, 0x28, 0xCC, 0xD5, 0x73, 0xAA,
    0x56, 0xEA, 0xDA, 0x24, 0x6C, 0xE2, 0x2D, 0x13, 0x3B, 0x29, 0xC4, 0xF8, 0x86, 0xF9, 0x07, 0x1F,
    0x73, 0xC1, 0x38, 0x49, 0x8E, 0xBC, 0xC4, 0x27, 0x1F, 0x9B, 0xE1, 0xC0, 0xDB, 0xA1, 0xA5, 0xF5,
    0x98, 0x0C, 0x17, 0x19, 0x53, 0xEE, 0xDD, 0x32, 0x2E, 0x38, 0x34, 0x10, 0x47, 0xBA, 0xE4, 0x98,
    0x77, 0x9D, 0x7C, 0x49, 0xD6, 0xEB, 0xD6, 0x0C, 0x8E, 0x4A, 0x58, 0x6A, 0xD7, 0x2D, 0x11, 0xFF,
    0xB3, 0x2F, 0xFE, 0x01, 0x1E, 0xC3, 0x1B, 0xDE, 0xB4, 0x2F, 0xCB, 0xA8, 0x18, 0x92, 0x50, 0xF8,
    0xD5, 0xB9, 0xC8, 0xF6, 0x90, 0xE8, 0xBD, 0xBD, 0x31, 0x0E, 0x36, 0x8F, 0xB9, 0x97, 0x6D, 0x0A,
    0x07, 0x8E, 0x7E, 0xB7, 0xBC, 0x42, 0x00, 0xEE, 0xBB, 0xD0, 0x30, 0xCE, 0x26, 0x21, 0x34, 0xEE,
    0xA4, 0x67, 0x9B, 0x77, 0x09, 0x65, 0xB6, 0xE8, 0x49, 0xE8, 0x33, 0x45, 0x1C, 0xB9, 0x54, 0xA7,
    0x80, 0x60, 0x25, 0xB9, 0x5C, 0xA8, 0x9E, 0xCA, 0x90, 0x53, 0xFA, 0x86, 0x5A, 0xCF, 0xBC, 0x2F,
    0x19, 0x7B, 0xD2, 0xD3, 0x99, 0x9B, 0x4C, 0x00, 0xB9, 0xA4, 0xB8, 0xA8, 0x50, 0x69, 0xDC, 0xFA,
    0x4A, 0x67, 0x89, 0xA8, 0x34, 0xCD, 0x68, 0xD0, 0xA6, 0xD6, 0x38, 0xDF, 0x12, 0xEF, 0x05, 0x8A,
    0x72, 0xDD, 0x4B, 0xAF, 0xFB, 0x43, 0xE7, 0x1D, 0x5B, 0x74, 0x49, 0x17, 0xB2, 0x40, 0x55, 0x13,
    0x6B, 0xB2, 0x1A, 0x24, 0xB3, 0x3C, 0xC4, 0x33, 0x75, 0x98, 0xB6, 0x84, 0x75, 0x94, 0x75, 0xA4,
    0x75, 0xB4, 0x75, 0xC4, 0x75, 0xD4, 0x75, 0xE4, 0x75, 0xF4, 0xCD, 0x13, 0xA8, 0x5F, 0xEE, 0xD4,
    0x52, 0x2D, 0x04, 0xF8, 0xB5, 0xC7, 0x89, 0xF6, 0x02, 0x3D, 0xC1, 0x6D, 0x8F, 0x2E, 0xB2, 0x40,
    0xD7, 0xA9, 0xE2, 0xA0, 0x74, 0x64, 0x4D, 0xEC, 0x3C, 0x6C, 0x2E, 0xB0, 0x61, 0x4C, 0x14, 0xD2,
    0xDA, 0x27, 0x43, 0xF5, 0x59, 0x51, 0xEF, 0x05, 0x5B, 0x9E, 0x72, 0xE4, 0x29, 0x2F, 0xC6, 0x53,
    0x3E, 0xD2, 0x9F, 0x2A, 0x60, 0x91, 0x5B, 0x55, 0x48, 0xF2, 0xD4, 0x0E, 0x9E, 0xBA, 0xA6, 0xF8,
    0xA9, 0xA4, 0xCC, 0xE6, 0x08, 0xE8, 0x99, 0xF7, 0x6D, 0x23, 0xD5, 0x8F, 0x14, 0xDA, 0x7D, 0xBC,
    0xA8, 0x27, 0xE1, 0xBF, 0x50, 0x9A, 0x64, 0xEC, 0xBB, 0xEF, 0x6E, 0x79, 0x5F, 0x37, 0xA1, 0x76,
    0x46, 0xDD, 0x94, 0xBA, 0x39, 0x75, 0x93, 0xE2, 0x59, 0xA5, 0xD7, 0x5B, 0xDE, 0xFF, 0x07, 0xDC,
    0xE8, 0xEC, 0x41, 0x1E, 0xBC, 0xF7, 0xE7, 0x00, 0x4F, 0x28, 0x49, 0x73, 0x24, 0xF4, 0x2C, 0xDA,
    0xB7, 0x8D, 0xAA, 0x03, 0x8D, 0x32, 0x5B, 0x3F, 0x78, 0xBB, 0x28, 0x6C, 0x93, 0x76, 0x57, 0xE9,
    0x48, 0x93, 0x50, 0xF3, 0xD4, 0xCE, 0x2F, 0x96, 0x3A, 0xED, 0x02, 0x07, 0x28, 0x32, 0x6A, 0x0F,
    0x1E, 0x05, 0x7F, 0x0C, 0x03, 0x71, 0x30, 0xFC, 0x07, 0x73, 0x30, 0xC4, 0x3D, 0x19, 0x67, 0xD3,
    0xF2, 0x54, 0xA4, 0x9E, 0x65, 0xEF, 0x67, 0x70, 0x56, 0x20, 0xEC, 0x08, 0xD7, 0xE0, 0x80, 0xEF,
    0x90, 0x20, 0x0E, 0x8D, 0x78, 0xD5, 0x12, 0xAF, 0x6A, 0x43, 0xFC, 0x4B, 0x93, 0x96, 0xF8, 0xE1,
    0x1D, 0x21, 0x5E, 0x93, 0xEE, 0x48, 0x74, 0x42, 0x81, 0x26, 0x3B, 0x8B, 0xE1, 0x88, 0x59, 0xDE,
    0x4C, 0xF2, 0xA2, 0x5B, 0xC0, 0x9D, 0xF4, 0x02, 0x51, 0xF8, 0xF5, 0x1E, 0x12, 0x46, 0x8B, 0xA7,
    0xC9, 0xA4, 0x72, 0xCF, 0xAF, 0xF3, 0x73, 0xC9, 0xCB, 0xC2, 0xE3, 0x27, 0x69, 0x4D, 0xD5, 0x87,
    0xD3, 0x27, 0xE3, 0x03, 0x7D, 0xFE, 0xA5, 0xD1, 0x7D, 0x6E, 0xCF, 0x84, 0x4C, 0x5D, 0xEA, 0x6E,
    0xA2, 0x56, 0xCD, 0x64, 0x9A, 0x96, 0xAE, 0xFF, 0xF7, 0xEB, 0xFF, 0x19, 0x69, 0xEF, 0x3E, 0x26,
    0xBC, 0xF3, 0x88, 0x9D, 0xB3, 0xEE, 0x66, 0xFA, 0xCD, 0x01, 0xA6, 0x7E, 0x27, 0x90, 0x7E, 0xB7,
    0x68, 0xB9, 0x4E, 0x43, 0x74, 0xFD, 0xCC, 0x9F, 0x29, 0xA4, 0x87, 0xE9, 0xB4, 0x84, 0x1A, 0xCC,
    0xA4, 0x41, 0xA6, 0x4D, 0xA7, 0xAD, 0x76, 0x62, 0x6E, 0xEE, 0x22, 0xF8, 0xCB, 0x11, 0xE4, 0x39,
    0xBF, 0x42, 0x12, 0xE6, 0xBC, 0x38, 0xF2, 0x46, 0xE4, 0x5C, 0x4D, 0xAD, 0x31, 0xD9, 0x13, 0x29,
    0xA5, 0x56, 0x98, 0x2C, 0x53, 0x64, 0x8D, 0xB6, 0x1F, 0xE3, 0x21, 0xAA, 0x44, 0xBD, 0x7E, 0x41,
    0xA5, 0x28, 0x3C, 0xF1, 0xEF, 0x6B, 0x22, 0x37, 0x53, 0xC9, 0xF3, 0x67, 0x8B, 0xFA, 0x86, 0x98,
    0xB6, 0xA0, 0x1B, 0xD0, 0x0C, 0x3D, 0xDD, 0x5B, 0x3A, 0xFB, 0xE6, 0xE9, 0x3B, 0x35, 0x51, 0x86,
    0x2A, 0x43, 0x96, 0xA1, 0x8B, 0x6C, 0x21, 0xCC, 0x50, 0x66, 0x48, 0xD3, 0xB4, 0x91, 0x26, 0x8E,
    0x84, 0x3A, 0xB5, 0x21, 0xE4, 0x25, 0xA5, 0xD0, 0xE7, 0x95, 0x26, 0x37, 0xBD, 0x28, 0xAD, 0x16,
    0xE3, 0x78, 0xA6, 0xAD, 0xAF, 0x6B, 0x87, 0x33, 0xED, 0xBA, 0x4C, 0xAF, 0x87, 0xB2, 0x2D, 0x3B,
    0x39, 0x4C, 0x7A, 0xD5, 0xDF, 0x65, 0x7D, 0x39, 0x91, 0x70, 0x0A, 0x42, 0x27, 0x6B, 0x62, 0xB9,
    0x05, 0x25, 0xD9, 0x05, 0x66, 0xE5, 0xCA, 0x7A, 0x24, 0x0B, 0xF5, 0x12, 0xAD, 0x4D, 0x90, 0x94,
    0x31, 0xF1, 0x89, 0x70, 0x2A, 0x51, 0xAF, 0x4D, 0x0B, 0x7D, 0x87, 0x45, 0x49, 0xEF, 0x60, 0x94,
    0x34, 0x42, 0x89, 0xBA, 0xCC, 0x94, 0x34, 0x41, 0x0D, 0x4A, 0x18, 0x72, 0xFB, 0xC2, 0x07, 0xAB,
    0x65, 0x39, 0x0A, 0xA1, 0x01, 0xF9, 0x48, 0x26, 0x62, 0x4F, 0x5A, 0xC4, 0xFB, 0xEF, 0x3C, 0x7C,
    0x62, 0x6A, 0xA9, 0x31, 0xE4, 0x18, 0x7A, 0x0C, 0x41, 0x77, 0x17, 0x3E, 0x0B, 0xD2, 0x06, 0xF2,
    0x0D, 0xD2, 0xF9, 0x5A, 0xD2, 0xF9, 0x5A, 0x8A, 0x28, 0x77, 0x03, 0x3E, 0xBE, 0x7C, 0x13, 0x69,
    0x4A, 0x52, 0xB4, 0xDE, 0x1D, 0x85, 0xCF, 0xD7, 0xC5, 0x98, 0xA1, 0x58, 0xCC, 0x59, 0x22, 0x85,
    0x3F, 0x1A, 0x98, 0x2A, 0xCC, 0x13, 0xDD, 0x80, 0xDB, 0x74, 0x84, 0x19, 0x5A, 0x24, 0xA8, 0x12,
    0xF1, 0x8D, 0x3E, 0x2C, 0x9F, 0x05, 0x47, 0x23, 0xC6, 0x5F, 0xC4, 0xEA, 0xC5, 0x6D, 0x01, 0x44,
    0x6A, 0x4F, 0xF7, 0x51, 0x5B, 0x08, 0x58, 0xEC, 0x00, 0x21, 0xA9, 0x86, 0xD3, 0x7C, 0xE9, 0x2B,
    0x58, 0x24, 0x95, 0x55, 0xD2, 0xB6, 0xE2, 0xF4, 0x81, 0x18, 0xD5, 0xA0, 0x11, 0x3C, 0x10, 0x33,
    0x41, 0x5D, 0x91, 0x35, 0x9F, 0x08, 0x7E, 0x2A, 0xC2, 0xB2, 0x66, 0x1F, 0x75, 0x03, 0x70, 0x47,
    0x55, 0xED, 0x8A, 0x62, 0xD6, 0xFC, 0x94, 0xEC, 0xFF, 0x30, 0x1D, 0x6E, 0xBE, 0x56, 0xEB, 0xEE,
    0x8F, 0xED, 0xD3, 0xC8, 0x0F, 0xEE, 0x15, 0x2B, 0x43, 0x7D, 0x45, 0x78, 0x5F, 0x98, 0xBA, 0x91,
    0x85, 0x95, 0x4B, 0x29, 0xC3, 0x48, 0xC1, 0xA7, 0xF9, 0x32, 0x63, 0xA7, 0x68, 0xF3, 0x61, 0x54,
    0x2B, 0xA4, 0x5C, 0x01, 0x80, 0x31, 0xFF, 0xD4, 0xDF, 0x55, 0x0E, 0xC6, 0xA5, 0x89, 0x88, 0xB1,
    0xC1, 0xB3, 0x47, 0x36, 0x51, 0x87, 0xC2, 0xBA, 0x64, 0xEE, 0xEF, 0xAC, 0x15, 0x7E, 0xEE, 0x94,
    0x47, 0x2A, 0x7E, 0x70, 0xCC, 0xF7, 0x47, 0x1C, 0xA1, 0xFB, 0xEC, 0x50, 0xBC, 0x31, 0x3D, 0xA2,
    0xD4, 0xAB, 0x49, 0x93, 0x4D, 0x92, 0xC2, 0x9D, 0x68, 0x99, 0xA3, 0xE2, 0x2E, 0xD1, 0x87, 0x5E,
    0x11, 0x7C, 0x7C, 0xDE, 0xB7, 0xDC, 0x7D, 0x61, 0x2C, 0x74, 0x11, 0x8A, 0x84, 0x12, 0xD9, 0x3E,
    0xEE, 0xF0, 0x2E, 0xC8, 0x4B, 0x4C, 0x88, 0x4C, 0x4E, 0xCC, 0x87, 0x18, 0x8F, 0xB6, 0x76, 0xD1,
    0xAE, 0x42, 0xDE, 0xAE, 0x48, 0xDB, 0xBC, 0x58, 0xEC, 0x65, 0x39, 0xDF, 0xFF, 0xDB, 0x11, 0xF7,
    0x75, 0x6B, 0x48, 0x26, 0x10, 0x4A, 0xCC, 0x1E, 0x95, 0xFD, 0x62, 0x8B, 0x48, 0xDF, 0xA2, 0x74,
    0xD2, 0xA6, 0x74, 0xF9, 0x3E, 0x9F, 0xE8, 0x22, 0x43, 0xA4, 0xF7, 0xBA, 0x84, 0x00, 0x92, 0xC7,
    0xBA, 0xCD, 0xE0, 0xF0, 0xFE, 0x9C, 0xA5, 0x15, 0x20, 0xA3, 0xF0, 0x66, 0xA9, 0xBF, 0xE0, 0x8D,
    0xEE, 0x77, 0x52, 0xC1, 0x4A, 0x90, 0x26, 0xCC, 0xB7, 0xA3, 0x8A, 0xA2, 0x06, 0x31, 0x1E, 0x53,
    0x29, 0x8B, 0xE9, 0x3C, 0x93, 0x6E, 0xC2, 0x73, 0x16, 0x5B, 0xAF, 0xD6, 0xB7, 0x44, 0x78, 0xFB,
    0x11, 0x18, 0x16, 0x33, 0x04, 0x3A, 0x4C, 0x20, 0x68, 0xA9, 0x86, 0x12, 0x32, 0xE7, 0xAB, 0x08,
    0x11, 0x7D, 0x7A, 0x40, 0x47, 0x8A, 0x8B, 0xF2, 0x29, 0x5E, 0x01, 0x6E, 0xBD, 0xBF, 0x8D, 0xB1,
    0xE0, 0xE5, 0xA0, 0x10, 0x05, 0x5A, 0xD4, 0xA6, 0xD0, 0xA2, 0xB0, 0xE0, 0xB5, 0x8B, 0xD8, 0xD1,
    0x32, 0xC1, 0x04, 0x48, 0x60, 0x23, 0xD6, 0x0D, 0x7E, 0x24, 0xD6, 0xDB, 0x33, 0xB0, 0x1D, 0x63,
    0x57, 0xB1, 0x4C, 0xA2, 0xD8, 0x49, 0xFD, 0xD4, 0x49, 0xBD, 0xDC, 0xC9, 0x3D, 0x6C, 0xB0, 0x29,
    0x48, 0x5D, 0x2B, 0x28, 0xF9, 0x6E, 0x81, 0xBD, 0x0A, 0xEC, 0x89, 0x20, 0xD7, 0x18, 0xF5, 0x53,
    0xD4, 0x6F, 0xA7, 0x15, 0xB5, 0x72, 0xBE, 0xA2, 0x66, 0x99, 0x6D, 0x1E, 0x3C, 0x03, 0xBB, 0xD9,
    0x66, 0x68, 0x84, 0xD8, 0x4E, 0x42, 0x6E, 0xEC, 0xC9, 0xE5, 0x94, 0xFC, 0xB9, 0x81, 0x40, 0x9B,
    0x9F, 0x32, 0x44, 0xEA, 0xE4, 0xF2, 0x5A, 0x6D, 0xAC, 0x76, 0x79, 0x9E, 0x7B, 0xA9, 0x15, 0xE9,
    0xE5, 0xCB, 0x99, 0xF5, 0x4B, 0xD9, 0x43, 0x10, 0x20, 0x24, 0x4F, 0x20, 0xB0, 0x86, 0x6F, 0xB1,
    0x4A, 0xE6, 0x25, 0xF7, 0x8B, 0x65, 0x49, 0x36, 0xCA, 0x4E, 0xCA, 0x90, 0x71, 0x0A, 0x07, 0xA1,
    0x37, 0x2A, 0x29, 0xAA, 0xA9, 0x06, 0x14, 0x95, 0xB2, 0x38, 0x29, 0x6B, 0x93, 0xB2, 0xE1, 0x22,
    0xC7, 0x86, 0x0B, 0x08, 0x30, 0x61, 0x49, 0x1C, 0x35, 0x1B, 0x2E, 0x3C, 0x5D, 0xF9, 0xDE, 0xE8,
    0x16, 0x19, 0x6F, 0x48, 0x06, 0x36, 0xB0, 0xE8, 0x95, 0x81, 0x0C, 0x64, 0xEC, 0x28, 0xF0, 0x85,
    0x9D, 0xB0, 0x93, 0xCE, 0x93, 0x51, 0xDA, 0x42, 0xC6, 0xEE, 0x29, 0x16, 0x81, 0x1A, 0xD0, 0x7B,
    0xD1, 0x1C, 0x84, 0x0C, 0x9E, 0x65, 0x26, 0xD5, 0x95, 0x07, 0x89, 0x8A, 0x21, 0x39, 0x6F, 0x35,
    0xCC, 0x3D, 0xBE, 0xAD, 0x58, 0x3E, 0x1C, 0x89, 0x41, 0x69, 0x06, 0xAB, 0x64, 0x8F, 0xF9, 0xD9,
    0x9A, 0x27, 0x39, 0x58, 0xB8, 0x1D, 0x89, 0x2D, 0x74, 0x2B, 0x09, 0xFD, 0x4E, 0xF7, 0xA2, 0xEE,
    0xE3, 0xB4, 0x09, 0x4D, 0xE3, 0x16, 0x01, 0xB0, 0xCB, 0x0A, 0xF1, 0x00, 0x1A, 0xBF, 0x82, 0x6A,
    0x6C, 0xB2, 0x45, 0xF5, 0x52, 0x6E, 0xDE, 0x2F, 0xBB, 0x7D, 0x74, 0x26, 0x65, 0x9A, 0x68, 0xF7,
    0x39, 0xB1, 0x22, 0x0A, 0xFE, 0x7D, 0x76, 0x4B, 0xC6, 0x31, 0xE3, 0xAB, 0xF7, 0xB6, 0xBD, 0x9B,
    0xB4, 0x7D, 0x69, 0x2B, 0x69, 0x4B, 0x31, 0xBB, 0x99, 0x10, 0xEF, 0x72, 0xBB, 0xCC, 0xCF, 0x9F,
    0x60, 0x3D, 0xDB, 0xD0, 0xFA, 0x65, 0xDA, 0x45, 0x29, 0x03, 0x7F, 0x8B, 0xA2, 0x5D, 0x68, 0x78,
    0xC0, 0x74, 0xBC, 0x31, 0x66, 0x16, 0xBF, 0x2A, 0xE1, 0xC4, 0x39, 0x96, 0xE0, 0x48, 0x52, 0x3D,
    0x8F, 0xD5, 0x9E, 0x2D, 0xB6, 0xC7, 0xD2, 0x0B, 0x4B, 0x3D, 0x65, 0x6C, 0xAA, 0x8A, 0x46, 0xC8,
    0x60, 0xC0, 0x97, 0x42, 0xDF, 0x2A, 0x4E, 0xA9, 0x6F, 0xC2, 0x7C, 0x4F, 0x5F, 0x6C, 0x8E, 0x8F,
    0x33, 0xD3, 0xB1, 0xD0, 0xA3, 0x05, 0x24, 0x53, 0x43, 0xEC, 0x45, 0x21, 0xF6, 0x1D, 0x21, 0x2E,
    0x4B, 0x1A, 0xFC, 0xC1, 0x9D, 0x84, 0x75, 0xBB, 0x1E, 0xD2, 0x8F, 0x5B, 0x1C, 0xEA, 0x25, 0x8C,
    0x44, 0x5C, 0xD3, 0xA8, 0xF3, 0x7C, 0xFD, 0x2E, 0x9B, 0xF0, 0xDA, 0xC6, 0xCA, 0x0A, 0x44, 0x28,
    0x0D, 0xF3, 0xF3, 0xAF, 0x2A, 0xE7, 0xC1, 0xC2, 0x7C, 0x5A, 0xC4, 0x42, 0x49, 0x12, 0xFB, 0xF0,
    0x50, 0xCA, 0xC2, 0xDF, 0xB2, 0xC2, 0x39, 0x32, 0x57, 0x6D, 0xAE, 0xA1, 0xB9, 0xD6, 0x0D, 0x43,
    0x7B, 0xC6, 0x99, 0xAD, 0x1A, 0x2B, 0x8C, 0xB5, 0xAF, 0x25, 0xCE, 0x75, 0xFD, 0x81, 0xB9, 0x2A,
    0xED, 0x4C, 0x96, 0x90, 0xD2, 0x22, 0x9B, 0x45, 0x22, 0x8B, 0x1C, 0x16, 0xE9, 0xEB, 0x6C, 0xE6,
    0x2A, 0xAE, 0xA3, 0x6A, 0x17, 0x53, 0xA5, 0x9C, 0x26, 0x1F, 0x85, 0x0A, 0x6B, 0xD4, 0xAD, 0x98,
    0xD5, 0x5D, 0x33, 0xEC, 0x9A, 0xF5, 0x4E, 0xC8, 0xBD, 0xCE, 0xB9, 0xAE, 0x76, 0x7E, 0x41, 0x2F,
    0xC7, 0x95, 0x20, 0x6A, 0x34, 0x68, 0x1B, 0x9D, 0x74, 0x8B, 0x19, 0x95, 0x64, 0x5B, 0x12, 0x6D,
    0x49, 0xB2, 0x43, 0xED, 0xF5, 0x27, 0xD3, 0xC4, 0xBA, 0x70, 0x70, 0x94, 0xAC, 0xD0, 0x7C, 0x58,
    0x15, 0x53, 0x34, 0x7B, 0x0C, 0xF4, 0x11, 0x96, 0x49, 0x9E, 0xC4, 0x7A, 0x19, 0xD8, 0x86, 0xF6,
    0x83, 0x7C, 0x7D, 0x5A, 0xED, 0x49, 0xFB, 0x9E, 0x03, 0x73, 0x86, 0x6A, 0x33, 0x51, 0x55, 0xF2,
    0xF9, 0x8A, 0x3E, 0x02, 0x4F, 0x93, 0x8A, 0xBC, 0xFD, 0xA7, 0x2B, 0x7A, 0xC0, 0x42, 0x10, 0x9D,
    0x69, 0xFF, 0x71, 0xCF, 0x5A, 0x7E, 0x94, 0xB5, 0x99, 0x63, 0x13, 0xCA, 0x7E, 0xA6, 0xD9, 0xD6,
    0x5E, 0x03, 0x13, 0xF0, 0x5E, 0x32, 0x2C, 0x99, 0x95, 0xD1, 0xE9, 0xB9, 0x0D, 0x14, 0xB2, 0xE0,
    0x18, 0x02, 0x35, 0xEA, 0x2A, 0xE0, 0xF3, 0x58, 0xCA, 0x48, 0xC3, 0x0E, 0xD1, 0x11, 0x5B, 0xAF,
    0x8B, 0x15, 0xDB, 0xCF, 0xAA, 0x61, 0x11, 0x54, 0x19, 0xDB, 0x17, 0x48, 0x2B, 0x1E, 0x58, 0xD9,
    0x0F, 0xE3, 0x8B, 0x6D, 0x78, 0xA5, 0xA3, 0xA5, 0x3D, 0x5C, 0x9F, 0xB2, 0xBE, 0x3F, 0x5D, 0x68,
    0x9C, 0x16, 0x66, 0x14, 0x9C, 0x53, 0xCE, 0x0A, 0x52, 0x92, 0xFF, 0x99, 0x8A, 0x4E, 0xDA, 0x23,
    0xEA, 0x31, 0xCB, 0xF9, 0xB0, 0x9B, 0xB8, 0x0E, 0x61, 0x50, 0x9E, 0x51, 0xA3, 0xF3, 0x74, 0xA1,
    0x94, 0x9D, 0xA0, 0x2E, 0x14, 0x87, 0xA9, 0x4C, 0x58, 0xFB, 0x26, 0x21, 0xD9, 0x23, 0x36, 0x3E,
    0x05, 0x1B, 0x39, 0x36, 0xF5, 0x4E, 0xED, 0x96, 0x21, 0x6B, 0x21, 0xC2, 0xFD, 0xE4, 0x7B, 0x6A,
    0xF5, 0x06, 0xAE, 0x6D, 0xC1, 0xD0, 0xD4, 0x22, 0x16, 0x6A, 0xDC, 0x47, 0x15, 0x06, 0x05, 0x98,
    0x03, 0x21, 0xD3, 0xEA, 0x12, 0x70, 0xF1, 0xDB, 0xA2, 0x2B, 0xDE, 0x4C, 0xA9, 0xA9, 0x37, 0x8F,
    0x42, 0x59, 0x59, 0x8B, 0x80, 0xB3, 0x08, 0x0E, 0x27, 0xAC, 0x6E, 0x0D, 0x67, 0xB2, 0x23, 0x85,
    0x03, 0x57, 0x28, 0xEF, 0xE3, 0xB7, 0xB8, 0xA1, 0x6B, 0xDF, 0xE5, 0xC5, 0x1B, 0x6F, 0xE8, 0xB2,
    0x63, 0xE0, 0xD3, 0x19, 0xB3, 0x44, 0xC8, 0xCB, 0xD2, 0x07, 0xFC, 0xFC, 0x8C, 0x5B, 0x9E, 0xB3,
    0x99, 0x60, 0xF6, 0x4E, 0x55, 0x6D, 0x17, 0x99, 0xE2, 0xA4, 0x30, 0xF6, 0xEB, 0xDB, 0xDB, 0x92,
    0x25, 0x4C, 0xF2, 0x25, 0x29, 0x1D, 0xCB, 0x42, 0x76, 0x8C, 0x75, 0x6C, 0x76, 0x8F, 0x25, 0x76,
    0xF3, 0xE6, 0xBD, 0x31, 0x9B, 0xDD, 0xDE, 0x16, 0xCF, 0xA5, 0x17, 0xF1, 0x77, 0x97, 0x02, 0x9E,
    0x7D, 0xC5, 0xEC, 0x56, 0xA5, 0x1F, 0xB3, 0x93, 0xF1, 0x60, 0xEF, 0x79, 0x86, 0x1B, 0xE1, 0xB8,
    0x0D, 0xDC, 0x5B, 0xE8, 0x8D, 0xF5, 0x3A, 0x9C, 0xCF, 0x57, 0x88, 0xE5, 0x52, 0xE6, 0xCF, 0x90,
    0xAF, 0xAA, 0xCF, 0x4A, 0x76, 0x92, 0xB5, 0x6F, 0x85, 0xB1, 0x32, 0x62, 0x47, 0xB5, 0xCB, 0x0A,
    0xA5, 0x46, 0xB8, 0x82, 0x32, 0x89, 0xDD, 0x8A, 0x9D, 0xE3, 0x88, 0x75, 0x73, 0x42, 0xEC, 0x1C,
    0xAF, 0xE6, 0x84, 0xC5, 0x55, 0x58, 0x59, 0xEB, 0x10, 0x77, 0xBE, 0x1E, 0xE2, 0xEE, 0xD6, 0x3D,
    0x3B, 0x4C, 0x99, 0xA5, 0xBB, 0x85, 0xDE, 0xBE, 0xAB, 0x35, 0x6C, 0xBD, 0xDB, 0x33, 0x50, 0x1A,
    0xEB, 0x78, 0x5B, 0x3B, 0x4C, 0xE9, 0xF0, 0x76, 0x8F, 0xBE, 0x53, 0x64, 0x4B, 0x98, 0x36, 0x84,
    0xD7, 0x6A, 0xE0, 0x37, 0x86, 0xB4, 0x67, 0xB7, 0xDB, 0x61, 0x4E, 0xEA, 0x5E, 0x49, 0x26, 0x11,
    0xD9, 0x58, 0x13, 0x94, 0x22, 0xAD, 0xB1, 0xCC, 0xE6, 0xDC, 0xBD, 0x7B, 0x97, 0x9C, 0x6C, 0x59,
    0xCC, 0xC7, 0x86, 0x11, 0xBD, 0x9E, 0x2F, 0xBB, 0xC4, 0xAD, 0x8B, 0x8F, 0xB0, 0x69, 0x57, 0x45,
    0x72, 0xD9, 0x18, 0x61, 0x3B, 0xAF, 0xBD, 0x7F, 0x8D, 0xBD, 0x6A, 0x64, 0xE7, 0xCB, 0x07, 0xDA,
    0x99, 0x47, 0x7A, 0x67, 0x5F, 0x35, 0xBB, 0xB3, 0xEF, 0x7E, 0xC3, 0xED, 0xB3, 0x1C, 0x03, 0xAA,
    0xD2, 0xCD, 0xFF, 0xA3, 0x62, 0xB9, 0xD5, 0xAD, 0x74, 0x46, 0x76, 0x11, 0xE9, 0x56, 0x83, 0x46,
    0x61, 0xCF, 0x5E, 0x52, 0x71, 0x34, 0x78, 0x74, 0x8C, 0x90, 0x30, 0x43, 0x13, 0xFC, 0x1A, 0xF1,
    0xFA, 0x3F, 0x21, 0x19, 0xD9, 0xDF, 0x2E, 0x51, 0xC5, 0xD4, 0xDE, 0xED, 0xE0, 0x57, 0xF0, 0x2B,
    0x48, 0x4F, 0x23, 0xA5, 0xA9, 0x25, 0xA8, 0x46, 0xB3, 0x61, 0xC5, 0xCB, 0x52, 0x81, 0xE6, 0x80,
    0x87, 0xB0, 0x37, 0x3E, 0xA4, 0x2E, 0xC4, 0x83, 0x99, 0x3A, 0x25, 0xED, 0x58, 0x5A, 0x25, 0x6D,
    0x96, 0x8B, 0x05, 0x2B, 0xD1, 0x32, 0x6B, 0x12, 0x51, 0xE2, 0x4C, 0x20, 0xA1, 0x24, 0x3D, 0xBA,
    0x0A, 0xDB, 0xFA, 0xD4, 0xCB, 0xA0, 0xFB, 0xD7, 0xBF, 0x01, 0x93, 0x5F, 0x40, 0x4B, 0x57, 0x9F,
    0x16, 0x28, 0x7D, 0x4E, 0x76, 0x73, 0x20, 0xB5, 0x08, 0xC7, 0x4E, 0xC3, 0x8A, 0x33, 0xB2, 0x91,
    0x73, 0xA5, 0x26, 0xD5, 0x93, 0xC5, 0x3B, 0xA1, 0x59, 0x70, 0xF5, 0x1D, 0xEC, 0x8D, 0x8B, 0x0A,
    0xE6, 0xFC, 0x36, 0xCC, 0xDE, 0x59, 0x13, 0x95, 0xF6, 0x49, 0x96, 0xDC, 0x38, 0xF3, 0xEC, 0x61,
    0x37, 0xFE, 0x2A, 0xC2, 0xA6, 0x13, 0xD8, 0x1F, 0x73, 0x02, 0x8E, 0xE0, 0x04, 0x44, 0x8A, 0x50,
    0x30, 0x82, 0x01, 0x85, 0x69, 0x31, 0xDB, 0xBA, 0x64, 0xFB, 0x10, 0x3E, 0xFA, 0x3F, 0x41, 0x27,
    0x88, 0xD7, 0x6A, 0xA6, 0xC4, 0x03, 0x44, 0x42, 0x24, 0x0D, 0x61, 0x17, 0x95, 0x06, 0xE9, 0xB4,
    0x7C, 0x3D, 0x68, 0x37, 0x69, 0x73, 0x96, 0x1B, 0xC9, 0x22, 0x41, 0x23, 0x95, 0xB7, 0x54, 0x74,
    0xE1, 0x3E, 0x69, 0x23, 0xDD, 0xE6, 0x68, 0xC3, 0x0A, 0x2D, 0xD3, 0x05, 0x4D, 0xD9, 0x92, 0x62,
    0x70, 0x24, 0x2E, 0xC7, 0x4F, 0x23, 0xD9, 0xE4, 0xF1, 0x68, 0x0E, 0x64, 0x7C, 0x1B, 0xB3, 0xAC,
    0x7E, 0x89, 0xF6, 0x9C, 0x48, 0xEE, 0xD1, 0xBF, 0xA1, 0x0D, 0xFE, 0x90, 0xCB, 0x66, 0x19, 0x44,
    0x99, 0x8A, 0xA5, 0x7D, 0x84, 0xFD, 0x4A, 0x96, 0xFB, 0x6A, 0x53, 0x3A, 0x42, 0xA2, 0x8D, 0x1C,
    0xCD, 0x33, 0x46, 0xDC, 0x29, 0x81, 0x0C, 0x00, 0x03, 0xB8, 0x00, 0x2C, 0x04, 0x15, 0x00, 0x05,
    0x30, 0x21, 0x90, 0x00, 0x22, 0x00, 0x88, 0xD6, 0xB1, 0xEE, 0x14, 0x02, 0x06, 0x60, 0x81, 0xA1,
    0x00, 0x24, 0x00, 0x08, 0xDD, 0x56, 0x96, 0x4A, 0x87, 0x7B, 0x8B, 0x8C, 0x0B, 0xFF, 0x8B, 0xB2,
    0x27, 0x82, 0xFC, 0x0D, 0xA3, 0x35, 0xDD, 0x3F, 0x91, 0xCC, 0xA4, 0x01, 0x98, 0x9D, 0xC0, 0x44,
    0x50, 0x22, 0x20, 0x11, 0x8C, 0x08, 0x44, 0x34, 0x42, 0x04, 0x20, 0x82, 0x0F, 0x81, 0x87, 0xA0,
    0x43, 0xC0, 0xA1, 0xB1, 0x21, 0xD0, 0x00, 0x32, 0x04, 0x18, 0xC0, 0x85, 0xC0, 0x62, 0x8A, 0x0A,
    0x9D, 0xD4, 0xD4, 0xED, 0x2E, 0x3D, 0x1D, 0x04, 0xFF, 0xB8, 0x93, 0x66, 0x49, 0x1D, 0x79, 0x77,
    0x9E, 0x3F, 0xEF, 0xE0, 0xDC, 0xFF, 0x0B,
};

static const EpdGlyph notonaskh_16_regularGlyphs[] = {
    { 0, 0, 0, 0, 0, 0, 0 }, // U+0000
    { 0, 0, 0, 0, 0, 0, 0 }, // U+0001
    { 0, 0, 0, 0, 0, 0, 0 }, // U+0002
    { 0, 0, 0, 0, 0, 0, 0 }, // U+0003
    { 0, 0, 0, 0, 0, 0, 0 }, // U+0004
    { 0, 0, 0, 0, 0, 0, 0 }, // U+0005
    { 0, 0, 0, 0, 0, 0, 0 }, // U+0006
    { 0, 0, 0, 0, 0, 0, 0 }, // U+0007
    { 0, 0, 0, 0, 0, 0, 0 }, // U+0008
    { 0, 0, 0, 0, 0, 0, 0 }, // U+0009
    { 0, 0, 0, 0, 0, 0, 0 }, // U+000A
    { 0, 0, 0, 0, 0, 0, 0 }, // U+000B
    { 0, 0, 0, 0, 0, 0, 0 }, // U+000C
    { 0, 0, 0, 0, 0, 0, 0 }, // U+000D
    { 0, 0, 0, 0, 0, 0, 0 }, // U+000E
    { 0, 0, 0, 0, 0, 0, 0 }, // U+000F
    { 0, 0, 0, 0, 0, 0, 0 }, // U+0010
    { 0, 0, 0, 0, 0, 0, 0 }, // U+0011
    { 0, 0, 0, 0, 0, 0, 0 }, // U+0012
    { 0, 0, 0, 0, 0, 0, 0 }, // U+0013
    { 0, 0, 0, 0, 0, 0, 0 }, // U+0014
    { 0, 0, 0, 0, 0, 0, 0 }, // U+0015
    { 0, 0, 0, 0, 0, 0, 0 }, // U+0016
    { 0, 0, 0, 0, 0, 0, 0 }, // U+0017
    { 0, 0, 0, 0, 0, 0, 0 }, // U+0018
    { 0, 0, 0, 0, 0, 0, 0 }, // U+0019
    { 0, 0, 0, 0, 0, 0, 0 }, // U+001A
    { 0, 0, 0, 0, 0, 0, 0 }, // U+001B
    { 0, 0, 0, 0, 0, 0, 0 }, // U+001C
    { 0, 0, 0, 0, 0, 0, 0 }, // U+001D
    { 0, 0, 0, 0, 0, 0, 0 }, // U+001E
    { 0, 0, 0, 0, 0, 0, 0 }, // U+001F
    { 0, 0, 118, 0, 0, 0, 0 }, // U+0020
    { 5, 24, 110, 1, 21, 30, 0 }, // !
    { 11, 9, 218, 1, 24, 25, 30 }, // "
    { 18, 24, 298, 0, 24, 108, 55 }, // #
    { 16, 29, 298, 1, 26, 116, 163 }, // $
    { 28, 26, 478, 1, 25, 182, 279 }, // %
    { 24, 26, 396, 1, 25, 156, 461 }, // &
    { 5, 9, 117, 1, 24, 12, 617 }, // '
    { 10, 31, 185, 1, 26, 78, 629 }, // (
    { 9, 31, 185, 1, 26, 70, 707 }, // )
    { 15, 14, 267, 1, 26, 53, 777 }, // *
    { 15, 16, 298, 2, 20, 60, 830 }, // +
    { 6, 11, 133, 1, 5, 17, 890 }, // ,
    { 10, 4, 165, 0, 11, 10, 907 }, // -
    { 5, 6, 110, 1, 3, 8, 917 }, // .
    { 10, 31, 154, 0, 26, 78, 925 }, // /
    { 17, 26, 298, 1, 25, 111, 1003 }, // 0
    { 14, 24, 298, 2, 24, 84, 1114 }, // 1
    { 15, 25, 298, 2, 25, 94, 1198 }, // 2
    { 16, 26, 298, 1, 25, 104, 1292 }, // 3
    { 19, 24, 298, 0, 24, 114, 1396 }, // 4
    { 16, 25, 298, 1, 24, 100, 1510 }, // 5
    { 15, 26, 298, 2, 25, 98, 1610 }, // 6
    { 17, 24, 298, 1, 24, 102, 1708 }, // 7
    { 17, 26, 298, 1, 25, 111, 1810 }, // 8
    { 16, 26, 298, 1, 25, 104, 1921 }, // 9
    { 5, 17, 110, 1, 14, 22, 2025 }, // :
    { 7, 25, 153, 1, 19, 44, 2047 }, // ;
    { 15, 18, 298, 2, 21, 68, 2091 }, // <
    { 15, 10, 298, 2, 17, 38, 2159 }, // =
    { 15, 18, 298, 2, 21, 68, 2197 }, // >
    { 14, 26, 253, 1, 25, 91, 2265 }, // ?
    { 27, 29, 491, 2, 24, 196, 2356 }, // @
    { 24, 24, 376, 0, 24, 144, 2552 }, // A
    { 19, 24, 349, 1, 24, 114, 2696 }, // B
    { 19, 26, 327, 1, 25, 124, 2810 }, // C
    { 22, 24, 388, 1, 24, 132, 2934 }, // D
    { 19, 24, 332, 1, 24, 114, 3066 }, // E
    { 18, 24, 315, 1, 24, 108, 3180 }, // F
    { 23, 26, 381, 1, 25, 150, 3288 }, // G
    { 25, 24, 423, 1, 24, 150, 3438 }, // H
    { 10, 24, 196, 1, 24, 60, 3588 }, // I
    { 12, 32, 190, -1, 24, 96, 3648 }, // J
    { 23, 24, 373, 1, 24, 138, 3744 }, // K
    { 19, 24, 332, 1, 24, 114, 3882 }, // L
    { 29, 24, 500, 1, 24, 174, 3996 }, // M
    { 24, 24, 407, 1, 24, 144, 4170 }, // N
    { 22, 26, 396, 1, 25, 143, 4314 }, // O
    { 18, 24, 322, 1, 24, 108, 4457 }, // P
    { 22, 33, 396, 1, 25, 182, 4565 }, // Q
    { 22, 24, 350, 1, 24, 132, 4747 }, // R
    { 16, 26, 290, 1, 25, 104, 4879 }, // S
    { 20, 24, 327, 0, 24, 120, 4983 }, // T
    { 24, 25, 382, 0, 24, 150, 5103 }, // U
    { 23, 24, 360, 0, 24, 138, 5253 }, // V
    { 35, 24, 558, 0, 24, 210, 5391 }, // W
    { 22, 24, 352, 0, 24, 132, 5601 }, // X
    { 22, 24, 333, -1, 24, 132, 5733 }, // Y
    { 18, 24, 316, 1, 24, 108, 5865 }, // Z
    { 8, 31, 192, 3, 26, 62, 5973 }, // [
    { 10, 31, 154, 0, 26, 78, 6035 }, // <backslash>
    { 8, 31, 192, 1, 26, 62, 6113 }, // ]
    { 16, 16, 298, 1, 24, 64, 6175 }, // ^
    { 17, 3, 245, -1, -2, 13, 6239 }, // _
    { 7, 6, 146, 1, 26, 11, 6252 }, // `
    { 17, 20, 300, 1, 19, 85, 6263 }, // a
    { 19, 27, 327, 0, 26, 129, 6348 }, // b
    { 15, 20, 262, 1, 19, 75, 6477 }, // c
    { 19, 27, 327, 1, 26, 129, 6552 }, // d
    { 16, 20, 285, 1, 19, 80, 6681 }, // e
    { 15, 26, 197, 0, 26, 98, 6761 }, // f
    { 18, 27, 287, 0, 19, 122, 6859 }, // g
    { 21, 26, 339, 0, 26, 137, 6981 }, // h
    { 11, 26, 171, 0, 26, 72, 7118 }, // i
    { 8, 34, 160, -1, 26, 68, 7190 }, // j
    { 20, 26, 312, 0, 26, 130, 7258 }, // k
    { 10, 26, 165, 0, 26, 65, 7388 }, // l
    { 31, 19, 504, 0, 19, 148, 7453 }, // m
    { 21, 19, 344, 0, 19, 100, 7601 }, // n
    { 17, 20, 308, 1, 19, 85, 7701 }, // o
    { 19, 27, 327, 0, 19, 129, 7786 }, // p
    { 19, 27, 327, 1, 19, 129, 7915 }, // q
    { 15, 19, 251, 1, 19, 72, 8044 }, // r
    { 13, 20, 240, 1, 19, 65, 8116 }, // s
    { 11, 23, 188, 0, 22, 64, 8181 }, // t
    { 21, 19, 339, 0, 18, 100, 8245 }, // u
    { 20, 18, 309, 0, 18, 90, 8345 }, // v
    { 29, 18, 460, 0, 18, 131, 8435 }, // w
    { 20, 18, 308, 0, 18, 90, 8566 }, // x
    { 19, 26, 301, 0, 18, 124, 8656 }, // y
    { 15, 18, 272, 1, 18, 68, 8780 }, // z
    { 12, 31, 228, 1, 26, 93, 8848 }, // {
    { 3, 34, 298, 8, 26, 26, 8941 }, // |
    { 12, 31, 228, 1, 26, 93, 8967 }, // }
    { 16, 7, 298, 1, 15, 28, 9060 }, // ~
    { 0, 0, 0, 0, 0, 0, 9088 }, // U+007F
    { 0, 0, 0, 0, 0, 0, 0 }, // U+0080
    { 0, 0, 0, 0, 0, 0, 0 }, // U+0081
    { 0, 0, 0, 0, 0, 0, 0 }, // U+0082
    { 0, 0, 0, 0, 0, 0, 0 }, // U+0083
    { 0, 0, 0, 0, 0, 0, 0 }, // U+0084
    { 0, 0, 0, 0, 0, 0, 0 }, // U+0085
    { 0, 0, 0, 0, 0, 0, 0 }, // U+0086
    { 0, 0, 0, 0, 0, 0, 0 }, // U+0087
    { 0, 0, 0, 0, 0, 0, 0 }, // U+0088
    { 0, 0, 0, 0, 0, 0, 0 }, // U+0089
    { 0, 0, 0, 0, 0, 0, 0 }, // U+008A
    { 0, 0, 0, 0, 0, 0, 0 }, // U+008B
    { 0, 0, 0, 0, 0, 0, 0 }, // U+008C
    { 0, 0, 0, 0, 0, 0, 0 }, // U+008D
    { 0, 0, 0, 0, 0, 0, 0 }, // U+008E
    { 0, 0, 0, 0, 0, 0, 0 }, // U+008F
    { 0, 0, 0, 0, 0, 0, 0 }, // U+0090
    { 0, 0, 0, 0, 0, 0, 0 }, // U+0091
    { 0, 0, 0, 0, 0, 0, 0 }, // U+0092
    { 0, 0, 0, 0, 0, 0, 0 }, // U+0093
    { 0, 0, 0, 0, 0, 0, 0 }, // U+0094
    { 0, 0, 0, 0, 0, 0, 0 }, // U+0095
    { 0, 0, 0, 0, 0, 0, 0 }, // U+0096
    { 0, 0, 0, 0, 0, 0, 0 }, // U+0097
    { 0, 0, 0, 0, 0, 0, 0 }, // U+0098
    { 0, 0, 0, 0, 0, 0, 0 }, // U+0099
    { 0, 0, 0, 0, 0, 0, 0 }, // U+009A
    { 0, 0, 0, 0, 0, 0, 0 }, // U+009B
    { 0, 0, 0, 0, 0, 0, 0 }, // U+009C
    { 0, 0, 0, 0, 0, 0, 0 }, // U+009D
    { 0, 0, 0, 0, 0, 0, 0 }, // U+009E
    { 0, 0, 0, 0, 0, 0, 0 }, // U+009F
    { 0, 0, 118, 0, 0, 0, 0 }, // U+00A0
    { 5, 23, 177, 5, 20, 29, 0 }, // U+00A1
    { 15, 24, 298, 2, 24, 90, 29 }, // U+00A2
    { 17, 26, 298, 1, 25, 111, 119 }, // U+00A3
    { 19, 24, 298, 0, 24, 114, 230 }, // U+00A5
    { 15, 30, 290, 2, 26, 113, 344 }, // U+00A7
    { 11, 4, 308, 4, 25, 11, 457 }, // U+00A8
    { 26, 26, 451, 1, 25, 169, 468 }, // U+00A9
    { 12, 12, 204, 1, 24, 36, 637 }, // U+00AA
    { 11, 11, 221, 2, 14, 31, 673 }, // U+00AB
    { 0, 0, 0, 0, 0, 0, 704 }, // U+00AD
    { 26, 26, 451, 1, 25, 169, 704 }, // U+00AE
    { 17, 3, 245, -1, 28, 13, 873 }, // U+00AF
    { 11, 11, 213, 1, 25, 31, 886 }, // U+00B0
    { 7, 6, 146, 1, 26, 11, 917 }, // U+00B4
    { 19, 30, 329, 1, 26, 143, 928 }, // U+00B6
    { 5, 6, 133, 2, 15, 8, 1071 }, // U+00B7
    { 7, 9, 178, 2, 1, 16, 1079 }, // U+00B8
    { 12, 12, 212, 1, 24, 36, 1095 }, // U+00BA
    { 12, 12, 221, 0, 14, 36, 1131 }, // U+00BB
    { 14, 25, 253, 1, 18, 88, 1167 }, // U+00BF
    { 24, 32, 376, 0, 32, 192, 1255 }, // U+00C0
    { 24, 32, 376, 0, 32, 192, 1447 }, // U+00C1
    { 24, 32, 376, 0, 32, 192, 1639 }, // U+00C2
    { 24, 31, 376, 0, 31, 186, 1831 }, // U+00C3
    { 24, 31, 376, 0, 31, 186, 2017 }, // U+00C4
    { 24, 30, 376, 0, 30, 180, 2203 }, // U+00C5
    { 31, 24, 507, 0, 24, 186, 2383 }, // U+00C6
    { 19, 33, 327, 1, 25, 157, 2569 }, // U+00C7
    { 19, 32, 332, 1, 32, 152, 2726 }, // U+00C8
    { 19, 32, 332, 1, 32, 152, 2878 }, // U+00C9
    { 19, 32, 332, 1, 32, 152, 3030 }, // U+00CA
    { 19, 31, 332, 1, 31, 148, 3182 }, // U+00CB
    { 10, 32, 196, 1, 32, 80, 3330 }, // U+00CC
    { 10, 32, 196, 1, 32, 80, 3410 }, // U+00CD
    { 10, 32, 196, 1, 32, 80, 3490 }, // U+00CE
    { 10, 31, 196, 1, 31, 78, 3570 }, // U+00CF
    { 22, 24, 388, 1, 24, 132, 3648 }, // U+00D0
    { 24, 31, 407, 1, 31, 186, 3780 }, // U+00D1
    { 22, 33, 396, 1, 32, 182, 3966 }, // U+00D2
    { 22, 33, 396, 1, 32, 182, 4148 }, // U+00D3
    { 22, 33, 396, 1, 32, 182, 4330 }, // U+00D4
    { 22, 32, 396, 1, 31, 176, 4512 }, // U+00D5
    { 22, 32, 396, 1, 31, 176, 4688 }, // U+00D6
    { 15, 14, 298, 2, 19, 53, 4864 }, // U+00D7
    { 22, 28, 396, 1, 26, 154, 4917 }, // U+00D8
    { 24, 33, 382, 0, 32, 198, 5071 }, // U+00D9
    { 24, 33, 382, 0, 32, 198, 5269 }, // U+00DA
    { 24, 33, 382, 0, 32, 198, 5467 }, // U+00DB
    { 24, 32, 382, 0, 31, 192, 5665 }, // U+00DC
    { 22, 32, 333, -1, 32, 176, 5857 }, // U+00DD
    { 18, 24, 322, 1, 24, 108, 6033 }, // U+00DE
    { 21, 27, 345, 0, 26, 142, 6141 }, // U+00DF
    { 17, 27, 300, 1, 26, 115, 6283 }, // U+00E0
    { 17, 27, 300, 1, 26, 115, 6398 }, // U+00E1
    { 17, 27, 300, 1, 26, 115, 6513 }, // U+00E2
    { 17, 26, 300, 1, 25, 111, 6628 }, // U+00E3
    { 17, 26, 300, 1, 25, 111, 6739 }, // U+00E4
    { 17, 29, 300, 1, 28, 124, 6850 }, // U+00E5
    { 26, 20, 448, 1, 19, 130, 6974 }, // U+00E6
    { 15, 27, 262, 1, 19, 102, 7104 }, // U+00E7
    { 16, 27, 285, 1, 26, 108, 7206 }, // U+00E8
    { 16, 27, 285, 1, 26, 108, 7314 }, // U+00E9
    { 16, 27, 285, 1, 26, 108, 7422 }, // U+00EA
    { 16, 26, 285, 1, 25, 104, 7530 }, // U+00EB
    { 11, 26, 171, 0, 26, 72, 7634 }, // U+00EC
    { 11, 26, 171, 0, 26, 72, 7706 }, // U+00ED
    { 11, 26, 171, 0, 26, 72, 7778 }, // U+00EE
    { 11, 25, 171, 0, 25, 69, 7850 }, // U+00EF
    { 17, 27, 308, 1, 26, 115, 7919 }, // U+00F0
    { 21, 25, 344, 0, 25, 132, 8034 }, // U+00F1
    { 17, 27, 308, 1, 26, 115, 8166 }, // U+00F2
    { 17, 27, 308, 1, 26, 115, 8281 }, // U+00F3
    { 17, 27, 308, 1, 26, 115, 8396 }, // U+00F4
    { 17, 26, 308, 1, 25, 111, 8511 }, // U+00F5
    { 17, 26, 308, 1, 25, 111, 8622 }, // U+00F6
    { 15, 18, 298, 2, 21, 68, 8733 }, // U+00F7
    { 17, 22, 308, 1, 20, 94, 8801 }, // U+00F8
    { 21, 27, 339, 0, 26, 142, 8895 }, // U+00F9
    { 21, 27, 339, 0, 26, 142, 9037 }, // U+00FA
    { 21, 27, 339, 0, 26, 142, 9179 }, // U+00FB
    { 21, 26, 339, 0, 25, 137, 9321 }, // U+00FC
    { 19, 34, 301, 0, 26, 162, 9458 }, // U+00FD
    { 19, 34, 327, 0, 26, 162, 9620 }, // U+00FE
    { 19, 33, 301, 0, 25, 157, 9782 }, // U+00FF
    { 24, 29, 376, 0, 29, 174, 0 }, // U+0100
    { 17, 24, 300, 1, 23, 102, 174 }, // U+0101
    { 24, 31, 376, 0, 31, 186, 276 }, // U+0102
    { 17, 26, 300, 1, 25, 111, 462 }, // U+0103
    { 24, 32, 376, 0, 24, 192, 573 }, // U+0104
    { 17, 27, 300, 1, 19, 115, 765 }, // U+0105
    { 19, 33, 327, 1, 32, 157, 880 }, // U+0106
    { 15, 27, 262, 1, 26, 102, 1037 }, // U+0107
    { 19, 33, 327, 1, 32, 157, 1139 }, // U+010A
    { 15, 27, 262, 1, 26, 102, 1296 }, // U+010B
    { 19, 33, 327, 1, 32, 157, 1398 }, // U+010C
    { 15, 27, 262, 1, 26, 102, 1555 }, // U+010D
    { 22, 32, 388, 1, 32, 176, 1657 }, // U+010E
    { 22, 27, 327, 1, 26, 149, 1833 }, // U+010F
    { 22, 24, 388, 1, 24, 132, 1982 }, // U+0110
    { 19, 27, 327, 1, 26, 129, 2114 }, // U+0111
    { 19, 29, 332, 1, 29, 138, 2243 }, // U+0112
    { 16, 24, 285, 1, 23, 96, 2381 }, // U+0113
    { 19, 31, 332, 1, 31, 148, 2477 }, // U+0116
    { 16, 27, 285, 1, 26, 108, 2625 }, // U+0117
    { 19, 32, 332, 1, 24, 152, 2733 }, // U+0118
    { 16, 27, 285, 1, 19, 108, 2885 }, // U+0119
    { 19, 32, 332, 1, 32, 152, 2993 }, // U+011A
    { 16, 27, 285, 1, 26, 108, 3145 }, // U+011B
    { 23, 32, 381, 1, 31, 184, 3253 }, // U+011E
    { 18, 33, 287, 0, 25, 149, 3437 }, // U+011F
    { 23, 33, 381, 1, 32, 190, 3586 }, // U+0120
    { 18, 34, 287, 0, 26, 153, 3776 }, // U+0121
    { 23, 33, 381, 1, 25, 190, 3929 }, // U+0122
    { 18, 34, 287, 0, 26, 153, 4119 }, // U+0123
    { 25, 24, 423, 1, 24, 150, 4272 }, // U+0126
    { 21, 26, 339, 0, 26, 137, 4422 }, // U+0127
    { 10, 29, 196, 1, 29, 73, 4559 }, // U+012A
    { 11, 23, 171, 0, 23, 64, 4632 }, // U+012B
    { 10, 32, 196, 1, 24, 80, 4696 }, // U+012E
    { 11, 34, 171, 0, 26, 94, 4776 }, // U+012F
    { 10, 32, 196, 1, 32, 80, 4870 }, // U+0130
    { 11, 18, 171, 0, 18, 50, 4950 }, // U+0131
    { 23, 32, 373, 1, 24, 184, 5000 }, // U+0136
    { 20, 34, 312, 0, 26, 170, 5184 }, // U+0137
    { 19, 32, 332, 1, 32, 152, 5354 }, // U+0139
    { 10, 32, 165, 0, 32, 80, 5506 }, // U+013A
    { 19, 32, 332, 1, 24, 152, 5586 }, // U+013B
    { 10, 34, 165, 0, 26, 85, 5738 }, // U+013C
    { 19, 24, 332, 1, 24, 114, 5823 }, // U+013D
    { 13, 26, 165, 0, 26, 85, 5937 }, // U+013E
    { 19, 24, 332, 1, 24, 114, 6022 }, // U+0141
    { 11, 26, 173, 0, 26, 72, 6136 }, // U+0142
    { 24, 32, 407, 1, 32, 192, 6208 }, // U+0143
    { 21, 26, 344, 0, 26, 137, 6400 }, // U+0144
    { 24, 32, 407, 1, 24, 192, 6537 }, // U+0145
    { 21, 27, 344, 0, 19, 142, 6729 }, // U+0146
    { 24, 32, 407, 1, 32, 192, 6871 }, // U+0147
    { 21, 26, 344, 0, 26, 137, 7063 }, // U+0148
    { 22, 33, 396, 1, 32, 182, 7200 }, // U+0150
    { 17, 27, 308, 1, 26, 115, 7382 }, // U+0151
    { 30, 26, 511, 1, 25, 195, 7497 }, // U+0152
    { 28, 20, 483, 1, 19, 140, 7692 }, // U+0153
    { 22, 32, 350, 1, 32, 176, 7832 }, // U+0154
    { 15, 26, 251, 1, 26, 98, 8008 }, // U+0155
    { 22, 32, 350, 1, 32, 176, 8106 }, // U+0158
    { 15, 26, 251, 1, 26, 98, 8282 }, // U+0159
    { 16, 33, 290, 1, 32, 132, 8380 }, // U+015A
    { 13, 27, 240, 1, 26, 88, 8512 }, // U+015B
    { 16, 33, 290, 1, 25, 132, 8600 }, // U+015E
    { 13, 27, 240, 1, 19, 88, 8732 }, // U+015F
    { 16, 33, 290, 1, 32, 132, 8820 }, // U+0160
    { 13, 27, 240, 1, 26, 88, 8952 }, // U+0161
    { 20, 32, 327, 0, 32, 160, 9040 }, // U+0164
    { 13, 27, 188, 0, 26, 88, 9200 }, // U+0165
    { 24, 30, 382, 0, 29, 180, 9288 }, // U+016A
    { 21, 24, 339, 0, 23, 126, 9468 }, // U+016B
    { 24, 35, 382, 0, 34, 210, 9594 }, // U+016E
    { 21, 29, 339, 0, 28, 153, 9804 }, // U+016F
    { 24, 33, 382, 0, 32, 198, 9957 }, // U+0170
    { 21, 27, 339, 0, 26, 142, 10155 }, // U+0171
    { 24, 32, 387, 0, 24, 192, 10297 }, // U+0172
    { 21, 26, 339, 0, 18, 137, 10489 }, // U+0173
    { 35, 32, 558, 0, 32, 280, 10626 }, // U+0174
    { 29, 26, 460, 0, 26, 189, 10906 }, // U+0175
    { 22, 32, 333, -1, 32, 176, 11095 }, // U+0176
    { 19, 34, 301, 0, 26, 162, 11271 }, // U+0177
    { 22, 31, 333, -1, 31, 171, 11433 }, // U+0178
    { 18, 32, 316, 1, 32, 144, 11604 }, // U+0179
    { 15, 26, 272, 1, 26, 98, 11748 }, // U+017A
    { 18, 32, 316, 1, 32, 144, 11846 }, // U+017B
    { 15, 26, 272, 1, 26, 98, 11990 }, // U+017C
    { 18, 32, 316, 1, 32, 144, 12088 }, // U+017D
    { 15, 26, 272, 1, 26, 98, 12232 }, // U+017E
    { 16, 33, 290, 1, 25, 132, 0 }, // U+0218
    { 13, 27, 240, 1, 19, 88, 132 }, // U+0219
    { 20, 32, 327, 0, 24, 160, 220 }, // U+021A
    { 11, 30, 188, 0, 22, 83, 380 }, // U+021B
    { 8, 6, 0, -15, 26, 12, 0 }, // U+0300
    { 8, 6, 0, -11, 26, 12, 12 }, // U+0301
    { 11, 6, 0, -15, 26, 17, 24 }, // U+0302
    { 13, 5, 0, -17, 25, 17, 41 }, // U+0303
    { 10, 3, 0, -5, 23, 8, 58 }, // U+0304
    { 10, 5, 0, -5, 25, 13, 66 }, // U+0306
    { 4, 5, 0, -2, 26, 5, 79 }, // U+0307
    { 10, 4, 0, -5, 25, 10, 84 }, // U+0308
    { 8, 9, 0, -4, 28, 18, 94 }, // U+030A
    { 13, 6, 0, -5, 26, 20, 112 }, // U+030B
    { 11, 6, 0, -15, 26, 17, 132 }, // U+030C
    { 6, 6, 0, -3, -2, 9, 149 }, // U+0326
    { 8, 9, 0, -4, 1, 18, 158 }, // U+0327
    { 8, 8, 0, -4, 0, 16, 176 }, // U+0328
    { 0, 0, 0, 0, 0, 0, 192 }, // U+034F
    { 36, 9, 607, 1, 8, 81, 0 }, // U+0600
    { 53, 10, 877, 1, 2, 133, 81 }, // U+0601
    { 40, 10, 657, 1, 8, 100, 214 }, // U+0602
    { 35, 11, 577, 0, 7, 97, 314 }, // U+0603
    { 76, 20, 1238, 1, 15, 380, 411 }, // U+0604
    { 34, 6, 533, 0, 31, 51, 791 }, // U+0605
    { 19, 24, 287, -1, 23, 114, 842 }, // U+0606
    { 19, 24, 287, -1, 23, 114, 956 }, // U+0607
    { 29, 23, 530, 2, 14, 167, 1070 }, // U+0608
    { 18, 19, 295, 1, 17, 86, 1237 }, // U+0609
    { 23, 19, 386, 1, 17, 110, 1323 }, // U+060A
    { 14, 33, 224, -1, 22, 116, 1433 }, // U+060B
    { 5, 9, 113, 1, 7, 12, 1549 }, // U+060C
    { 7, 12, 160, 1, 6, 21, 1561 }, // U+060D
    { 26, 11, 455, 2, 11, 72, 1582 }, // U+060E
    { 18, 28, 346, 1, 18, 126, 1654 }, // U+060F
    { 7, 8, 0, 0, 32, 14, 1780 }, // U+0610
    { 7, 8, 0, 0, 32, 14, 1794 }, // U+0611
    { 9, 8, 0, 0, 32, 18, 1808 }, // U+0612
    { 10, 9, 0, 0, 33, 23, 1826 }, // U+0613
    { 12, 5, 0, 0, 29, 15, 1849 }, // U+0614
    { 8, 8, 0, 0, 42, 16, 1864 }, // U+0615
    { 13, 12, 0, 0, 46, 39, 1880 }, // U+0616
    { 5, 11, 0, 0, 45, 14, 1919 }, // U+0617
    { 5, 4, 0, 0, 28, 5, 1933 }, // U+0618
    { 5, 7, 0, 0, 31, 9, 1938 }, // U+0619
    { 6, 4, 0, -1, -1, 6, 1947 }, // U+061A
    { 5, 18, 113, 1, 15, 23, 1953 }, // U+061B
    { 0, 0, 0, 0, 0, 0, 1976 }, // U+061C
    { 12, 19, 230, 1, 18, 57, 1976 }, // U+061D
    { 10, 10, 190, 1, 7, 25, 2033 }, // U+061E
    { 12, 22, 227, 1, 19, 66, 2058 }, // U+061F
    { 15, 21, 290, 2, 12, 79, 2124 }, // U+0620
    { 13, 12, 233, 1, 10, 39, 2203 }, // U+0621
    { 11, 27, 127, -2, 27, 75, 2242 }, // U+0622
    { 6, 31, 127, 1, 31, 47, 2317 }, // U+0623
    { 13, 26, 250, 1, 19, 85, 2364 }, // U+0624
    { 6, 31, 127, 1, 23, 47, 2449 }, // U+0625
    { 18, 21, 330, 2, 12, 95, 2496 }, // U+0626
    { 4, 23, 127, 2, 23, 23, 2591 }, // U+0627
    { 23, 22, 412, 2, 14, 127, 2614 }, // U+0628
    { 11, 20, 218, 1, 20, 55, 2741 }, // U+0629
    { 23, 16, 412, 2, 16, 92, 2796 }, // U+062A
    { 23, 18, 412, 2, 18, 104, 2888 }, // U+062B
    { 19, 23, 339, 2, 13, 110, 2992 }, // U+062C
    { 19, 23, 339, 2, 13, 110, 3102 }, // U+062D
    { 19, 30, 339, 2, 20, 143, 3212 }, // U+062E
    { 12, 14, 221, 1, 14, 42, 3355 }, // U+062F
    { 12, 20, 221, 1, 20, 60, 3397 }, // U+0630
    { 13, 19, 206, -1, 12, 62, 3457 }, // U+0631
    { 13, 25, 206, -1, 18, 82, 3519 }, // U+0632
    { 31, 21, 540, 2, 12, 163, 3601 }, // U+0633
    { 31, 26, 540, 2, 17, 202, 3764 }, // U+0634
    { 33, 21, 584, 2, 12, 174, 3966 }, // U+0635
    { 33, 29, 584, 2, 20, 240, 4140 }, // U+0636
    { 23, 23, 410, 1, 23, 133, 4380 }, // U+0637
    { 23, 23, 410, 1, 23, 133, 4513 }, // U+0638
    { 19, 26, 322, 2, 16, 124, 4646 }, // U+0639
    { 19, 33, 322, 2, 23, 157, 4770 }, // U+063A
    { 22, 23, 385, 2, 23, 127, 4927 }, // U+063B
    { 22, 31, 385, 2, 22, 171, 5054 }, // U+063C
    { 18, 21, 330, 2, 12, 95, 5225 }, // U+063D
    { 20, 21, 330, 0, 12, 105, 5320 }, // U+063E
    { 20, 21, 330, 0, 12, 105, 5425 }, // U+063F
    { 9, 3, 112, -1, 3, 7, 5530 }, // U+0640
    { 25, 23, 452, 2, 23, 144, 5537 }, // U+0641
    { 18, 27, 345, 2, 18, 122, 5681 }, // U+0642
    { 17, 23, 298, 0, 23, 98, 5803 }, // U+0643
    { 16, 32, 317, 2, 23, 128, 5901 }, // U+0644
    { 13, 23, 261, 2, 12, 75, 6029 }, // U+0645
    { 16, 22, 312, 2, 13, 88, 6104 }, // U+0646
    { 20, 16, 336, 0, 15, 80, 6192 }, // U+0647
    { 13, 19, 250, 1, 12, 62, 6272 }, // U+0648
    { 18, 21, 330, 2, 12, 95, 6334 }, // U+0649
    { 18, 27, 330, 2, 12, 122, 6429 }, // U+064A
    { 8, 8, 0, 0, 32, 16, 6551 }, // U+064B
    { 9, 8, 0, 0, 32, 18, 6567 }, // U+064C
    { 7, 6, 0, 0, -1, 11, 6585 }, // U+064D
    { 7, 6, 0, 0, 30, 11, 6596 }, // U+064E
    { 7, 8, 0, 0, 32, 14, 6607 }, // U+064F
    { 7, 6, 0, 0, 0, 11, 6621 }, // U+0650
    { 7, 7, 0, 0, 31, 13, 6632 }, // U+0651
    { 5, 6, 0, 0, 29, 8, 6645 }, // U+0652
    { 11, 4, 0, -1, 28, 11, 6653 }, // U+0653
    { 6, 8, 0, -1, 32, 12, 6664 }, // U+0654
    { 6, 8, 0, -1, 0, 12, 6676 }, // U+0655
    { 3, 10, 0, -1, 0, 8, 6688 }, // U+0656
    { 7, 7, 0, -1, 31, 13, 6696 }, // U+0657
    { 7, 5, 0, -1, 30, 9, 6709 }, // U+0658
    { 9, 2, 0, -1, 27, 5, 6718 }, // U+0659
    { 7, 7, 0, 0, 31, 13, 6723 }, // U+065A
    { 6, 7, 0, 0, 31, 11, 6736 }, // U+065B
    { 5, 6, 0, 0, -1, 8, 6747 }, // U+065C
    { 7, 8, 0, -1, 32, 14, 6755 }, // U+065D
    { 8, 7, 0, -1, 31, 14, 6769 }, // U+065E
    { 8, 8, 0, -1, 0, 16, 6783 }, // U+065F
    { 6, 7, 167, 2, 11, 11, 6799 }, // U+0660
    { 6, 19, 169, 2, 19, 29, 6810 }, // U+0661
    { 11, 19, 220, 2, 19, 53, 6839 }, // U+0662
    { 14, 19, 255, 2, 19, 67, 6892 }, // U+0663
    { 11, 21, 224, 2, 20, 58, 6959 }, // U+0664
    { 11, 16, 204, 1, 18, 44, 7017 }, // U+0665
    { 13, 21, 237, 0, 20, 69, 7061 }, // U+0666
    { 15, 19, 232, 0, 19, 72, 7130 }, // U+0667
    { 15, 19, 232, 0, 19, 72, 7202 }, // U+0668
    { 12, 21, 231, 1, 20, 63, 7274 }, // U+0669
    { 12, 19, 214, 1, 17, 57, 7337 }, // U+066A
    { 7, 15, 118, -1, 7, 27, 7394 }, // U+066B
    { 8, 15, 118, 0, 20, 30, 7421 }, // U+066C
    { 13, 13, 213, 0, 14, 43, 7451 }, // U+066D
    { 23, 14, 412, 2, 14, 81, 7494 }, // U+066E
    { 18, 21, 345, 2, 12, 95, 7575 }, // U+066F
    { 3, 10, 0, -1, 34, 8, 7670 }, // U+0670
    { 9, 31, 127, -1, 31, 70, 7678 }, // U+0671
    { 9, 31, 127, -1, 31, 70, 7748 }, // U+0672
    { 8, 33, 127, 0, 23, 66, 7818 }, // U+0673
    { 13, 12, 233, 1, 18, 39, 7884 }, // U+0674
    { 20, 23, 360, 2, 23, 115, 7923 }, // U+0675
    { 29, 25, 483, 1, 18, 182, 8038 }, // U+0676
    { 29, 28, 483, 1, 21, 203, 8220 }, // U+0677
    { 33, 27, 563, 2, 18, 223, 8423 }, // U+0678
    { 23, 18, 412, 2, 18, 104, 8646 }, // U+0679
    { 23, 18, 412, 2, 18, 104, 8750 }, // U+067A
    { 23, 24, 412, 2, 14, 138, 8854 }, // U+067B
    { 23, 19, 412, 2, 16, 110, 8992 }, // U+067C
    { 23, 17, 412, 2, 17, 98, 9102 }, // U+067D
    { 23, 23, 412, 2, 14, 133, 9200 }, // U+067E
    { 23, 18, 412, 2, 18, 104, 9333 }, // U+067F
    { 23, 23, 412, 2, 14, 133, 9437 }, // U+0680
    { 19, 31, 339, 2, 21, 148, 9570 }, // U+0681
    { 19, 32, 339, 2, 22, 152, 9718 }, // U+0682
    { 19, 23, 339, 2, 13, 110, 9870 }, // U+0683
    { 19, 23, 339, 2, 13, 110, 9980 }, // U+0684
    { 19, 31, 339, 2, 21, 148, 10090 }, // U+0685
    { 19, 23, 339, 2, 13, 110, 10238 }, // U+0686
    { 19, 23, 339, 2, 13, 110, 10348 }, // U+0687
    { 12, 22, 221, 1, 22, 66, 10458 }, // U+0688
    { 12, 17, 221, 1, 14, 51, 10524 }, // U+0689
    { 12, 21, 221, 1, 14, 63, 10575 }, // U+068A
    { 12, 29, 221, 1, 22, 87, 10638 }, // U+068B
    { 12, 20, 221, 1, 20, 60, 10725 }, // U+068C
    { 12, 21, 221, 1, 14, 63, 10785 }, // U+068D
    { 12, 22, 221, 1, 22, 66, 10848 }, // U+068E
    { 12, 22, 221, 1, 22, 66, 10914 }, // U+068F
    { 12, 22, 221, 1, 22, 66, 10980 }, // U+0690
    { 13, 27, 206, -1, 20, 88, 11046 }, // U+0691
    { 13, 26, 206, -1, 19, 85, 11134 }, // U+0692
    { 13, 21, 206, -1, 12, 69, 11219 }, // U+0693
    { 13, 26, 206, -1, 12, 85, 11288 }, // U+0694
    { 13, 26, 206, -1, 12, 85, 11373 }, // U+0695
    { 13, 26, 206, -1, 12, 85, 11458 }, // U+0696
    { 13, 25, 206, -1, 18, 82, 11543 }, // U+0697
    { 13, 27, 206, -1, 20, 88, 11625 }, // U+0698
    { 13, 27, 206, -1, 20, 88, 11713 }, // U+0699
    { 31, 25, 540, 2, 16, 194, 11801 }, // U+069A
    { 31, 21, 540, 2, 12, 163, 11995 }, // U+069B
    { 31, 26, 540, 2, 17, 202, 12158 }, // U+069C
    { 33, 21, 584, 2, 12, 174, 12360 }, // U+069D
    { 33, 30, 584, 2, 21, 248, 12534 }, // U+069E
    { 23, 23, 410, 1, 23, 133, 12782 }, // U+069F
    { 19, 34, 322, 2, 24, 162, 12915 }, // U+06A0
    { 25, 17, 452, 2, 17, 107, 13077 }, // U+06A1
    { 25, 24, 452, 2, 17, 150, 13184 }, // U+06A2
    { 25, 30, 452, 2, 23, 188, 13334 }, // U+06A3
    { 25, 24, 452, 2, 24, 150, 13522 }, // U+06A4
    { 25, 25, 452, 2, 17, 157, 13672 }, // U+06A5
    { 25, 25, 452, 2, 25, 157, 13829 }, // U+06A6
    { 18, 27, 345, 2, 18, 122, 13986 }, // U+06A7
    { 18, 29, 345, 2, 20, 131, 14108 }, // U+06A8
    { 22, 22, 385, 2, 22, 121, 14239 }, // U+06A9
    { 33, 18, 541, 0, 18, 149, 14360 }, // U+06AA
    { 22, 22, 385, 2, 22, 121, 14509 }, // U+06AB
    { 17, 23, 298, 0, 23, 98, 14630 }, // U+06AC
    { 17, 23, 298, 0, 23, 98, 14728 }, // U+06AD
    { 17, 32, 298, 0, 23, 136, 14826 }, // U+06AE
    { 22, 25, 385, 2, 25, 138, 14962 }, // U+06AF
    { 22, 25, 385, 2, 25, 138, 15100 }, // U+06B0
    { 22, 26, 385, 2, 26, 143, 15238 }, // U+06B1
    { 22, 32, 385, 2, 25, 176, 15381 }, // U+06B2
    { 22, 35, 385, 2, 25, 193, 15557 }, // U+06B3
    { 22, 27, 385, 2, 27, 149, 15750 }, // U+06B4
    { 16, 39, 317, 2, 30, 156, 15899 }, // U+06B5
    { 16, 38, 317, 2, 29, 152, 16055 }, // U+06B6
    { 17, 39, 317, 2, 30, 166, 16207 }, // U+06B7
    { 16, 40, 317, 2, 23, 160, 16373 }, // U+06B8
    { 16, 29, 312, 2, 13, 116, 16533 }, // U+06B9
    { 16, 17, 312, 2, 8, 68, 16649 }, // U+06BA
    { 16, 24, 312, 2, 15, 96, 16717 }, // U+06BB
    { 16, 25, 312, 2, 13, 100, 16813 }, // U+06BC
    { 16, 23, 312, 2, 14, 92, 16913 }, // U+06BD
    { 20, 16, 336, 0, 15, 80, 17005 }, // U+06BE
    { 19, 30, 339, 2, 20, 143, 17085 }, // U+06BF
    { 10, 22, 218, 2, 22, 55, 17228 }, // U+06C0
    { 10, 14, 218, 2, 14, 35, 17283 }, // U+06C1
    { 10, 22, 218, 2, 22, 55, 17318 }, // U+06C2
    { 11, 20, 218, 1, 20, 55, 17373 }, // U+06C3
    { 14, 20, 250, 0, 12, 70, 17428 }, // U+06C4
    { 14, 20, 250, 0, 12, 70, 17498 }, // U+06C5
    { 13, 26, 250, 1, 19, 85, 17568 }, // U+06C6
    { 13, 28, 250, 1, 21, 91, 17653 }, // U+06C7
    { 13, 34, 250, 1, 27, 111, 17744 }, // U+06C8
    { 13, 26, 250, 1, 19, 85, 17855 }, // U+06C9
    { 13, 25, 250, 1, 18, 82, 17940 }, // U+06CA
    { 13, 27, 250, 1, 20, 88, 18022 }, // U+06CB
    { 18, 21, 330, 2, 12, 95, 18110 }, // U+06CC
    { 23, 21, 330, -3, 12, 121, 18205 }, // U+06CD
    { 19, 21, 330, 1, 12, 100, 18326 }, // U+06CE
    { 13, 25, 250, 1, 18, 82, 18426 }, // U+06CF
    { 18, 30, 330, 2, 12, 135, 18508 }, // U+06D0
    { 18, 29, 330, 2, 12, 131, 18643 }, // U+06D1
    { 24, 11, 412, 2, 11, 66, 18774 }, // U+06D2
    { 24, 19, 412, 2, 19, 114, 18840 }, // U+06D3
    { 8, 3, 130, 0, 3, 6, 18954 }, // U+06D4
    { 10, 14, 218, 2, 14, 35, 18960 }, // U+06D5
    { 17, 12, 0, 0, 46, 51, 18995 }, // U+06D6
    { 12, 12, 0, 0, 46, 36, 19046 }, // U+06D7
    { 8, 8, 0, 0, 42, 16, 19082 }, // U+06D8
    { 6, 10, 0, 0, 44, 15, 19098 }, // U+06D9
    { 7, 10, 0, 0, 44, 18, 19113 }, // U+06DA
    { 7, 7, 0, 0, 41, 13, 19131 }, // U+06DB
    { 12, 9, 0, 0, 43, 27, 19144 }, // U+06DC
    { 38, 46, 672, 2, 36, 437, 19171 }, // U+06DD
    { 31, 31, 491, 0, 24, 241, 19608 }, // U+06DE
    { 5, 5, 0, -1, 30, 7, 19849 }, // U+06DF
    { 5, 6, 0, -1, 31, 8, 19856 }, // U+06E0
    { 7, 6, 0, -1, 31, 11, 19864 }, // U+06E1
    { 6, 9, 0, -1, 33, 14, 19875 }, // U+06E2
    { 12, 9, 0, 0, -1, 27, 19889 }, // U+06E3
    { 11, 4, 0, -1, 28, 11, 19916 }, // U+06E4
    { 6, 8, 109, 0, 7, 12, 19927 }, // U+06E5
    { 10, 4, 157, 0, 4, 10, 19939 }, // U+06E6
    { 9, 4, 0, 0, 29, 9, 19949 }, // U+06E7
    { 6, 9, 0, 0, 43, 14, 19958 }, // U+06E8
    { 17, 25, 272, 0, 22, 107, 19972 }, // U+06E9
    { 5, 6, 0, 0, -1, 8, 20079 }, // U+06EA
    { 5, 6, 0, 0, 30, 8, 20087 }, // U+06EB
    { 5, 6, 0, 0, 30, 8, 20095 }, // U+06EC
    { 6, 9, 0, -1, -1, 14, 20103 }, // U+06ED
    { 12, 21, 221, 1, 21, 63, 20117 }, // U+06EE
    { 13, 26, 206, -1, 19, 85, 20180 }, // U+06EF
    { 6, 7, 167, 2, 11, 11, 20265 }, // U+06F0
    { 6, 19, 169, 2, 19, 29, 20276 }, // U+06F1
    { 11, 19, 220, 2, 19, 53, 20305 }, // U+06F2
    { 14, 19, 255, 2, 19, 67, 20358 }, // U+06F3
    { 13, 20, 248, 2, 20, 65, 20425 }, // U+06F4
    { 13, 20, 242, 1, 20, 65, 20490 }, // U+06F5
    { 12, 19, 237, 2, 19, 57, 20555 }, // U+06F6
    { 15, 19, 232, 0, 19, 72, 20612 }, // U+06F7
    { 15, 19, 232, 0, 19, 72, 20684 }, // U+06F8
    { 12, 21, 231, 1, 20, 63, 20756 }, // U+06F9
    { 31, 26, 540, 2, 17, 202, 20819 }, // U+06FA
    { 33, 29, 584, 2, 20, 240, 21021 }, // U+06FB
    { 19, 33, 322, 2, 23, 157, 21261 }, // U+06FC
    { 13, 20, 233, 1, 10, 65, 21418 }, // U+06FD
    { 13, 23, 261, 2, 12, 75, 21483 }, // U+06FE
    { 20, 24, 336, 0, 23, 120, 21558 }, // U+06FF
    { 0, 0, 59, 0, 0, 0, 0 }, // U+2009
    { 0, 0, 0, 0, 0, 0, 0 }, // U+200B
    { 0, 0, 0, 0, 0, 0, 0 }, // U+200C
    { 0, 0, 0, 0, 0, 0, 0 }, // U+200D
    { 0, 0, 0, 0, 0, 0, 0 }, // U+200E
    { 0, 0, 0, 0, 0, 0, 0 }, // U+200F
    { 9, 3, 172, 1, 3, 7, 0 }, // U+2010
    { 18, 3, 267, -1, 10, 14, 7 }, // U+2013
    { 35, 3, 533, -1, 10, 27, 21 }, // U+2014
    { 7, 10, 133, 1, 24, 18, 48 }, // U+2018
    { 6, 10, 133, 1, 24, 15, 66 }, // U+2019
    { 6, 11, 133, 1, 5, 17, 81 }, // U+201A
    { 13, 10, 240, 1, 24, 33, 98 }, // U+201C
    { 13, 10, 240, 1, 24, 33, 131 }, // U+201D
    { 13, 11, 240, 1, 5, 36, 164 }, // U+201E
    { 10, 10, 193, 1, 17, 25, 200 }, // U+2022
    { 24, 6, 458, 2, 5, 36, 225 }, // U+2026
    { 0, 0, 0, 0, 0, 0, 261 }, // U+202A
    { 0, 0, 0, 0, 0, 0, 261 }, // U+202B
    { 0, 0, 0, 0, 0, 0, 261 }, // U+202C
    { 0, 0, 0, 0, 0, 0, 261 }, // U+202D
    { 0, 0, 0, 0, 0, 0, 261 }, // U+202E
    { 0, 0, 59, 0, 0, 0, 261 }, // U+202F
    { 7, 14, 178, 2, 16, 25, 261 }, // U+2039
    { 7, 14, 178, 2, 16, 25, 286 }, // U+203A
    { 5, 17, 113, 1, 12, 22, 311 }, // U+204F
    { 0, 0, 0, 0, 0, 0, 333 }, // U+2060
    { 0, 0, 0, 0, 0, 0, 333 }, // U+2061
    { 0, 0, 0, 0, 0, 0, 333 }, // U+2062
    { 0, 0, 0, 0, 0, 0, 333 }, // U+2063
    { 0, 0, 0, 0, 0, 0, 333 }, // U+2064
    { 0, 0, 0, 0, 0, 0, 333 }, // U+2066
    { 0, 0, 0, 0, 0, 0, 333 }, // U+2067
    { 0, 0, 0, 0, 0, 0, 333 }, // U+2068
    { 0, 0, 0, 0, 0, 0, 333 }, // U+2069
    { 0, 0, 0, 0, 0, 0, 333 }, // U+206A
    { 0, 0, 0, 0, 0, 0, 333 }, // U+206B
    { 0, 0, 0, 0, 0, 0, 333 }, // U+206C
    { 0, 0, 0, 0, 0, 0, 333 }, // U+206D
    { 0, 0, 0, 0, 0, 0, 333 }, // U+206E
    { 0, 0, 0, 0, 0, 0, 333 }, // U+206F
    { 8, 8, 118, 0, 32, 16, 0 }, // U+FE70
    { 9, 16, 112, -1, 16, 36, 16 }, // U+FE71
    { 9, 8, 118, 0, 32, 18, 52 }, // U+FE72
    { 11, 11, 184, 2, 2, 31, 70 }, // U+FE73
    { 8, 6, 118, 0, -1, 12, 101 }, // U+FE74
    { 8, 6, 118, 0, 30, 12, 113 }, // U+FE76
    { 9, 13, 112, -1, 13, 30, 125 }, // U+FE77
    { 8, 8, 118, 0, 32, 16, 155 }, // U+FE78
    { 9, 15, 112, -1, 15, 34, 171 }, // U+FE79
    { 8, 6, 118, 0, 0, 12, 205 }, // U+FE7A
    { 9, 11, 112, -1, 3, 25, 217 }, // U+FE7B
    { 8, 7, 118, 0, 31, 14, 242 }, // U+FE7C
    { 9, 15, 112, -1, 15, 34, 256 }, // U+FE7D
    { 6, 6, 118, 1, 29, 9, 290 }, // U+FE7E
    { 9, 12, 112, -1, 12, 27, 299 }, // U+FE7F
    { 13, 12, 233, 1, 10, 39, 326 }, // U+FE80
    { 11, 27, 127, -2, 27, 75, 365 }, // U+FE81
    { 11, 27, 135, -2, 27, 75, 440 }, // U+FE82
    { 6, 31, 127, 1, 31, 47, 515 }, // U+FE83
    { 8, 31, 135, 1, 31, 62, 562 }, // U+FE84
    { 13, 26, 250, 1, 19, 85, 624 }, // U+FE85
    { 16, 26, 250, 1, 19, 104, 709 }, // U+FE86
    { 6, 31, 127, 1, 23, 47, 813 }, // U+FE87
    { 7, 31, 135, 2, 23, 55, 860 }, // U+FE88
    { 18, 21, 330, 2, 12, 95, 915 }, // U+FE89
    { 22, 19, 366, 2, 10, 105, 1010 }, // U+FE8A
    { 9, 21, 147, -1, 21, 48, 1115 }, // U+FE8B
    { 12, 17, 156, -1, 17, 51, 1163 }, // U+FE8C
    { 4, 23, 127, 2, 23, 23, 1214 }, // U+FE8D
    { 7, 23, 135, 2, 23, 41, 1237 }, // U+FE8E
    { 23, 22, 412, 2, 14, 127, 1278 }, // U+FE8F
    { 26, 18, 436, 2, 10, 117, 1405 }, // U+FE90
    { 9, 21, 147, -1, 13, 48, 1522 }, // U+FE91
    { 12, 16, 156, -1, 8, 48, 1570 }, // U+FE92
    { 11, 20, 218, 1, 20, 55, 1618 }, // U+FE93
    { 14, 20, 241, 2, 20, 70, 1673 }, // U+FE94
    { 23, 16, 412, 2, 16, 92, 1743 }, // U+FE95
    { 26, 16, 436, 2, 16, 104, 1835 }, // U+FE96
    { 10, 19, 147, -1, 19, 48, 1939 }, // U+FE97
    { 14, 15, 192, -1, 15, 53, 1987 }, // U+FE98
    { 23, 18, 412, 2, 18, 104, 2040 }, // U+FE99
    { 26, 18, 436, 2, 18, 117, 2144 }, // U+FE9A
    { 10, 21, 147, -1, 21, 53, 2261 }, // U+FE9B
    { 14, 17, 192, -1, 17, 60, 2314 }, // U+FE9C
    { 19, 23, 339, 2, 13, 110, 2374 }, // U+FE9D
    { 21, 22, 355, 2, 12, 116, 2484 }, // U+FE9E
    { 22, 19, 339, -1, 12, 105, 2600 }, // U+FE9F
    { 24, 19, 355, -1, 12, 114, 2705 }, // U+FEA0
    { 19, 23, 339, 2, 13, 110, 2819 }, // U+FEA1
    { 21, 22, 355, 2, 12, 116, 2929 }, // U+FEA2
    { 22, 12, 339, -1, 12, 66, 3045 }, // U+FEA3
    { 24, 12, 355, -1, 12, 72, 3111 }, // U+FEA4
    { 19, 30, 339, 2, 20, 143, 3183 }, // U+FEA5
    { 21, 29, 355, 2, 19, 153, 3326 }, // U+FEA6
    { 22, 19, 339, -1, 19, 105, 3479 }, // U+FEA7
    { 24, 19, 355, -1, 19, 114, 3584 }, // U+FEA8
    { 12, 14, 221, 1, 14, 42, 3698 }, // U+FEA9
    { 16, 14, 253, 1, 14, 56, 3740 }, // U+FEAA
    { 12, 20, 221, 1, 20, 60, 3796 }, // U+FEAB
    { 16, 20, 253, 1, 20, 80, 3856 }, // U+FEAC
    { 13, 19, 206, -1, 12, 62, 3936 }, // U+FEAD
    { 16, 19, 215, -1, 12, 76, 3998 }, // U+FEAE
    { 13, 25, 206, -1, 18, 82, 4074 }, // U+FEAF
    { 16, 25, 215, -1, 18, 100, 4156 }, // U+FEB0
    { 31, 21, 540, 2, 12, 163, 4256 }, // U+FEB1
    { 33, 18, 542, 2, 9, 149, 4419 }, // U+FEB2
    { 22, 12, 351, -1, 12, 66, 4568 }, // U+FEB3
    { 24, 9, 354, -1, 9, 54, 4634 }, // U+FEB4
    { 31, 26, 540, 2, 17, 202, 4688 }, // U+FEB5
    { 33, 26, 542, 2, 17, 215, 4890 }, // U+FEB6
    { 22, 17, 351, -1, 17, 94, 5105 }, // U+FEB7
    { 24, 17, 354, -1, 17, 102, 5199 }, // U+FEB8
    { 33, 21, 584, 2, 12, 174, 5301 }, // U+FEB9
    { 36, 21, 586, 2, 12, 189, 5475 }, // U+FEBA
    { 25, 12, 419, -1, 12, 75, 5664 }, // U+FEBB
    { 28, 12, 415, -1, 12, 84, 5739 }, // U+FEBC
    { 33, 29, 584, 2, 20, 240, 5823 }, // U+FEBD
    { 36, 29, 586, 2, 20, 261, 6063 }, // U+FEBE
    { 25, 20, 419, -1, 20, 125, 6324 }, // U+FEBF
    { 28, 20, 415, -1, 20, 140, 6449 }, // U+FEC0
    { 23, 23, 410, 1, 23, 133, 6589 }, // U+FEC1
    { 26, 23, 413, 1, 23, 150, 6722 }, // U+FEC2
    { 22, 23, 352, -1, 23, 127, 6872 }, // U+FEC3
    { 23, 23, 335, -1, 23, 133, 6999 }, // U+FEC4
    { 23, 23, 410, 1, 23, 133, 7132 }, // U+FEC5
    { 26, 23, 413, 1, 23, 150, 7265 }, // U+FEC6
    { 22, 23, 352, -1, 23, 127, 7415 }, // U+FEC7
    { 23, 23, 335, -1, 23, 133, 7542 }, // U+FEC8
    { 19, 26, 322, 2, 16, 124, 7675 }, // U+FEC9
    { 17, 23, 254, 2, 13, 98, 7799 }, // U+FECA
    { 17, 13, 269, -1, 13, 56, 7897 }, // U+FECB
    { 16, 13, 221, -1, 13, 52, 7953 }, // U+FECC
    { 19, 33, 322, 2, 23, 157, 8005 }, // U+FECD
    { 17, 30, 254, 2, 20, 128, 8162 }, // U+FECE
    { 17, 20, 269, -1, 20, 85, 8290 }, // U+FECF
    { 16, 20, 221, -1, 20, 80, 8375 }, // U+FED0
    { 25, 23, 452, 2, 23, 144, 8455 }, // U+FED1
    { 26, 20, 436, 2, 20, 130, 8599 }, // U+FED2
    { 14, 22, 224, -1, 22, 77, 8729 }, // U+FED3
    { 15, 19, 206, -1, 19, 72, 8806 }, // U+FED4
    { 18, 27, 345, 2, 18, 122, 8878 }, // U+FED5
    { 20, 27, 342, 2, 18, 135, 9000 }, // U+FED6
    { 14, 22, 224, -1, 22, 77, 9135 }, // U+FED7
    { 15, 19, 206, -1, 19, 72, 9212 }, // U+FED8
    { 17, 23, 298, 0, 23, 98, 9284 }, // U+FED9
    { 24, 23, 392, 2, 23, 138, 9382 }, // U+FEDA
    { 15, 22, 221, -1, 22, 83, 9520 }, // U+FEDB
    { 17, 22, 245, -1, 22, 94, 9603 }, // U+FEDC
    { 16, 32, 317, 2, 23, 128, 9697 }, // U+FEDD
    { 19, 32, 315, 2, 23, 152, 9825 }, // U+FEDE
    { 7, 23, 113, -1, 23, 41, 9977 }, // U+FEDF
    { 10, 23, 131, -1, 23, 58, 10018 }, // U+FEE0
    { 13, 23, 261, 2, 12, 75, 10076 }, // U+FEE1
    { 17, 23, 282, 2, 12, 98, 10151 }, // U+FEE2
    { 15, 12, 243, -1, 12, 45, 10249 }, // U+FEE3
    { 16, 12, 220, -1, 12, 48, 10294 }, // U+FEE4
    { 16, 22, 312, 2, 13, 88, 10342 }, // U+FEE5
    { 19, 22, 312, 2, 13, 105, 10430 }, // U+FEE6
    { 9, 20, 147, -1, 20, 45, 10535 }, // U+FEE7
    { 12, 16, 156, -1, 16, 48, 10580 }, // U+FEE8
    { 10, 14, 218, 2, 14, 35, 10628 }, // U+FEE9
    { 14, 15, 241, 2, 15, 53, 10663 }, // U+FEEA
    { 17, 16, 271, -1, 15, 68, 10716 }, // U+FEEB
    { 15, 22, 203, -1, 15, 83, 10784 }, // U+FEEC
    { 13, 19, 250, 1, 12, 62, 10867 }, // U+FEED
    { 16, 19, 250, 1, 12, 76, 10929 }, // U+FEEE
    { 18, 21, 330, 2, 12, 95, 11005 }, // U+FEEF
    { 22, 13, 366, 2, 4, 72, 11100 }, // U+FEF0
    { 18, 27, 330, 2, 12, 122, 11172 }, // U+FEF1
    { 22, 19, 366, 2, 4, 105, 11294 }, // U+FEF2
    { 12, 20, 183, -1, 13, 60, 11399 }, // U+FEF3
    { 14, 15, 192, -1, 8, 53, 11459 }, // U+FEF4
    { 19, 23, 276, -3, 23, 110, 11512 }, // U+FEF5
    { 24, 23, 325, -3, 23, 138, 11622 }, // U+FEF6
    { 17, 27, 276, -1, 27, 115, 11760 }, // U+FEF7
    { 21, 26, 325, 0, 26, 137, 11875 }, // U+FEF8
    { 15, 32, 276, 1, 23, 120, 12012 }, // U+FEF9
    { 20, 32, 325, 1, 23, 160, 12132 }, // U+FEFA
    { 15, 23, 276, 1, 23, 87, 12292 }, // U+FEFB
    { 20, 23, 325, 1, 23, 115, 12379 }, // U+FEFC
};

static const EpdUnicodeInterval notonaskh_16_regularIntervals[] = {
    { 0x0, 0xA3, 0x0 },
    { 0xA5, 0xA5, 0xA4 },
    { 0xA7, 0xAB, 0xA5 },
    { 0xAD, 0xB0, 0xAA },
    { 0xB4, 0xB4, 0xAE },
    { 0xB6, 0xB8, 0xAF },
    { 0xBA, 0xBB, 0xB2 },
    { 0xBF, 0x107, 0xB4 },
    { 0x10A, 0x113, 0xFD },
    { 0x116, 0x11B, 0x107 },
    { 0x11E, 0x123, 0x10D },
    { 0x126, 0x127, 0x113 },
    { 0x12A, 0x12B, 0x115 },
    { 0x12E, 0x131, 0x117 },
    { 0x136, 0x137, 0x11B },
    { 0x139, 0x13E, 0x11D },
    { 0x141, 0x148, 0x123 },
    { 0x150, 0x155, 0x12B },
    { 0x158, 0x15B, 0x131 },
    { 0x15E, 0x161, 0x135 },
    { 0x164, 0x165, 0x139 },
    { 0x16A, 0x16B, 0x13B },
    { 0x16E, 0x17E, 0x13D },
    { 0x218, 0x21B, 0x14E },
    { 0x300, 0x304, 0x152 },
    { 0x306, 0x308, 0x157 },
    { 0x30A, 0x30C, 0x15A },
    { 0x326, 0x328, 0x15D },
    { 0x34F, 0x34F, 0x160 },
    { 0x600, 0x6FF, 0x161 },
    { 0x2009, 0x2009, 0x261 },
    { 0x200B, 0x2010, 0x262 },
    { 0x2013, 0x2014, 0x268 },
    { 0x2018, 0x201A, 0x26A },
    { 0x201C, 0x201E, 0x26D },
    { 0x2022, 0x2022, 0x270 },
    { 0x2026, 0x2026, 0x271 },
    { 0x202A, 0x202F, 0x272 },
    { 0x2039, 0x203A, 0x278 },
    { 0x204F, 0x204F, 0x27A },
    { 0x2060, 0x2064, 0x27B },
    { 0x2066, 0x206F, 0x280 },
    { 0xFE70, 0xFE74, 0x28A },
    { 0xFE76, 0xFEFC, 0x28F },
};

static const EpdFontGroup notonaskh_16_regularGroups[] = {
    { 0, 4134, 9761, 128, 0 },
    { 4134, 3040, 10736, 117, 128 },
    { 7174, 3489, 13215, 89, 245 },
    { 10663, 261, 490, 4, 334 },
    { 10924, 190, 209, 15, 338 },
    { 11114, 6350, 23594, 256, 353 },
    { 17464, 265, 393, 41, 609 },
    { 17729, 4182, 13504, 140, 650 },
};

static const EpdKernClassEntry notonaskh_16_regularKernLeftClasses[] = {
    { 0x0022, 1 }, // "
    { 0x0026, 2 }, // &
    { 0x0027, 1 }, // '
    { 0x002A, 3 }, // *
    { 0x002C, 4 }, // ,
    { 0x0040, 5 }, // @
    { 0x0041, 6 }, // A
    { 0x0042, 7 }, // B
    { 0x0044, 8 }, // D
    { 0x0045, 9 }, // E
    { 0x0046, 10 }, // F
    { 0x0047, 11 }, // G
    { 0x004B, 12 }, // K
    { 0x004C, 13 }, // L
    { 0x004E, 14 }, // N
    { 0x004F, 8 }, // O
    { 0x0050, 3 }, // P
    { 0x0051, 8 }, // Q
    { 0x0052, 15 }, // R
    { 0x0053, 16 }, // S
    { 0x0054, 17 }, // T
    { 0x0055, 18 }, // U
    { 0x0056, 19 }, // V
    { 0x0057, 20 }, // W
    { 0x0058, 21 }, // X
    { 0x0059, 22 }, // Y
    { 0x0061, 23 }, // a
    { 0x0062, 24 }, // b
    { 0x0065, 25 }, // e
    { 0x0066, 26 }, // f
    { 0x0067, 27 }, // g
    { 0x0068, 23 }, // h
    { 0x006B, 28 }, // k
    { 0x006D, 23 }, // m
    { 0x006E, 23 }, // n
    { 0x006F, 24 }, // o
    { 0x0070, 24 }, // p
    { 0x0072, 29 }, // r
    { 0x0073, 30 }, // s
    { 0x0076, 31 }, // v
    { 0x0077, 32 }, // w
    { 0x0079, 33 }, // y
    { 0x00A1, 34 }, // U+00A1
    { 0x00BF, 35 }, // U+00BF
    { 0x00C0, 36 }, // U+00C0
    { 0x00C1, 36 }, // U+00C1
    { 0x00C2, 36 }, // U+00C2
    { 0x00C3, 36 }, // U+00C3
    { 0x00C4, 36 }, // U+00C4
    { 0x00C5, 36 }, // U+00C5
    { 0x00C6, 9 }, // U+00C6
    { 0x00C8, 9 }, // U+00C8
    { 0x00C9, 9 }, // U+00C9
    { 0x00CA, 9 }, // U+00CA
    { 0x00CB, 9 }, // U+00CB
    { 0x00D0, 8 }, // U+00D0
    { 0x00D1, 14 }, // U+00D1
    { 0x00D2, 8 }, // U+00D2
    { 0x00D3, 8 }, // U+00D3
    { 0x00D4, 8 }, // U+00D4
    { 0x00D5, 8 }, // U+00D5
    { 0x00D6, 8 }, // U+00D6
    { 0x00D8, 8 }, // U+00D8
    { 0x00D9, 18 }, // U+00D9
    { 0x00DA, 18 }, // U+00DA
    { 0x00DB, 18 }, // U+00DB
    { 0x00DC, 18 }, // U+00DC
    { 0x00DD, 22 }, // U+00DD
    { 0x00DE, 8 }, // U+00DE
    { 0x00DF, 24 }, // U+00DF
    { 0x00E0, 23 }, // U+00E0
    { 0x00E1, 23 }, // U+00E1
    { 0x00E2, 23 }, // U+00E2
    { 0x00E3, 23 }, // U+00E3
    { 0x00E4, 23 }, // U+00E4
    { 0x00E5, 23 }, // U+00E5
    { 0x00E6, 25 }, // U+00E6
    { 0x00E8, 25 }, // U+00E8
    { 0x00E9, 25 }, // U+00E9
    { 0x00EA, 25 }, // U+00EA
    { 0x00EB, 25 }, // U+00EB
    { 0x00F0, 24 }, // U+00F0
    { 0x00F1, 23 }, // U+00F1
    { 0x00F2, 24 }, // U+00F2
    { 0x00F3, 24 }, // U+00F3
    { 0x00F4, 24 }, // U+00F4
    { 0x00F5, 24 }, // U+00F5
    { 0x00F6, 24 }, // U+00F6
    { 0x00F8, 24 }, // U+00F8
    { 0x00FD, 33 }, // U+00FD
    { 0x00FE, 24 }, // U+00FE
    { 0x00FF, 33 }, // U+00FF
    { 0x0100, 6 }, // U+0100
    { 0x0102, 36 }, // U+0102
    { 0x0104, 36 }, // U+0104
    { 0x010E, 8 }, // U+010E
    { 0x010F, 37 }, // U+010F
    { 0x0110, 8 }, // U+0110
    { 0x0112, 9 }, // U+0112
    { 0x0113, 25 }, // U+0113
    { 0x0116, 9 }, // U+0116
    { 0x0117, 25 }, // U+0117
    { 0x0118, 9 }, // U+0118
    { 0x0119, 25 }, // U+0119
    { 0x011A, 9 }, // U+011A
    { 0x011B, 25 }, // U+011B
    { 0x011E, 11 }, // U+011E
    { 0x0120, 11 }, // U+0120
    { 0x0122, 11 }, // U+0122
    { 0x0127, 23 }, // U+0127
    { 0x0136, 12 }, // U+0136
    { 0x0137, 28 }, // U+0137
    { 0x0139, 13 }, // U+0139
    { 0x013B, 13 }, // U+013B
    { 0x013E, 37 }, // U+013E
    { 0x0141, 13 }, // U+0141
    { 0x0143, 14 }, // U+0143
    { 0x0144, 23 }, // U+0144
    { 0x0145, 14 }, // U+0145
    { 0x0146, 23 }, // U+0146
    { 0x0147, 14 }, // U+0147
    { 0x0148, 23 }, // U+0148
    { 0x0150, 8 }, // U+0150
    { 0x0151, 24 }, // U+0151
    { 0x0152, 9 }, // U+0152
    { 0x0153, 25 }, // U+0153
    { 0x0154, 15 }, // U+0154
    { 0x0155, 29 }, // U+0155
    { 0x0158, 15 }, // U+0158
    { 0x0159, 29 }, // U+0159
    { 0x015A, 16 }, // U+015A
    { 0x015B, 30 }, // U+015B
    { 0x015E, 16 }, // U+015E
    { 0x015F, 30 }, // U+015F
    { 0x0160, 16 }, // U+0160
    { 0x0161, 30 }, // U+0161
    { 0x0164, 17 }, // U+0164
    { 0x0165, 38 }, // U+0165
    { 0x016A, 18 }, // U+016A
    { 0x016E, 18 }, // U+016E
    { 0x0170, 18 }, // U+0170
    { 0x0172, 18 }, // U+0172
    { 0x0174, 20 }, // U+0174
    { 0x0175, 32 }, // U+0175
    { 0x0176, 22 }, // U+0176
    { 0x0177, 33 }, // U+0177
    { 0x0178, 22 }, // U+0178
    { 0x0218, 16 }, // U+0218
    { 0x0219, 30 }, // U+0219
    { 0x021A, 17 }, // U+021A
    { 0x2018, 39 }, // U+2018
    { 0x2019, 40 }, // U+2019
    { 0x201A, 4 }, // U+201A
    { 0x201C, 39 }, // U+201C
    { 0x201D, 40 }, // U+201D
    { 0x201E, 4 }, // U+201E
    { 0x2026, 4 }, // U+2026
};

static const EpdKernClassEntry notonaskh_16_regularKernRightClasses[] = {
    { 0x0022, 1 }, // "
    { 0x0026, 2 }, // &
    { 0x0027, 1 }, // '
    { 0x0029, 3 }, // )
    { 0x002A, 4 }, // *
    { 0x002C, 5 }, // ,
    { 0x003F, 6 }, // ?
    { 0x0040, 7 }, // @
    { 0x0041, 8 }, // A
    { 0x0042, 9 }, // B
    { 0x0043, 10 }, // C
    { 0x0044, 9 }, // D
    { 0x0045, 9 }, // E
    { 0x0046, 9 }, // F
    { 0x0047, 10 }, // G
    { 0x0048, 9 }, // H
    { 0x0049, 9 }, // I
    { 0x004A, 11 }, // J
    { 0x004B, 9 }, // K
    { 0x004C, 9 }, // L
    { 0x004D, 9 }, // M
    { 0x004E, 9 }, // N
    { 0x004F, 10 }, // O
    { 0x0050, 9 }, // P
    { 0x0051, 10 }, // Q
    { 0x0052, 9 }, // R
    { 0x0053, 12 }, // S
    { 0x0054, 13 }, // T
    { 0x0055, 14 }, // U
    { 0x0056, 15 }, // V
    { 0x0057, 16 }, // W
    { 0x0058, 17 }, // X
    { 0x0059, 18 }, // Y
    { 0x005A, 19 }, // Z
    { 0x005D, 3 }, // ]
    { 0x0061, 20 }, // a
    { 0x0062, 21 }, // b
    { 0x0063, 22 }, // c
    { 0x0064, 22 }, // d
    { 0x0065, 22 }, // e
    { 0x0067, 23 }, // g
    { 0x0068, 21 }, // h
    { 0x006B, 21 }, // k
    { 0x006C, 21 }, // l
    { 0x006F, 22 }, // o
    { 0x0071, 22 }, // q
    { 0x0073, 24 }, // s
    { 0x0075, 25 }, // u
    { 0x0076, 26 }, // v
    { 0x0077, 27 }, // w
    { 0x0079, 28 }, // y
    { 0x007A, 29 }, // z
    { 0x007D, 3 }, // }
    { 0x00B7, 30 }, // U+00B7
    { 0x00C0, 8 }, // U+00C0
    { 0x00C1, 8 }, // U+00C1
    { 0x00C2, 8 }, // U+00C2
    { 0x00C3, 8 }, // U+00C3
    { 0x00C4, 8 }, // U+00C4
    { 0x00C5, 8 }, // U+00C5
    { 0x00C6, 31 }, // U+00C6
    { 0x00C7, 10 }, // U+00C7
    { 0x00C8, 9 }, // U+00C8
    { 0x00C9, 9 }, // U+00C9
    { 0x00CA, 9 }, // U+00CA
    { 0x00CB, 9 }, // U+00CB
    { 0x00CC, 9 }, // U+00CC
    { 0x00CD, 9 }, // U+00CD
    { 0x00CE, 9 }, // U+00CE
    { 0x00CF, 9 }, // U+00CF
    { 0x00D0, 9 }, // U+00D0
    { 0x00D1, 9 }, // U+00D1
    { 0x00D2, 10 }, // U+00D2
    { 0x00D3, 10 }, // U+00D3
    { 0x00D4, 10 }, // U+00D4
    { 0x00D5, 10 }, // U+00D5
    { 0x00D6, 10 }, // U+00D6
    { 0x00D8, 10 }, // U+00D8
    { 0x00D9, 14 }, // U+00D9
    { 0x00DA, 14 }, // U+00DA
    { 0x00DB, 14 }, // U+00DB
    { 0x00DC, 14 }, // U+00DC
    { 0x00DD, 18 }, // U+00DD
    { 0x00DE, 9 }, // U+00DE
    { 0x00E0, 20 }, // U+00E0
    { 0x00E1, 20 }, // U+00E1
    { 0x00E2, 20 }, // U+00E2
    { 0x00E3, 20 }, // U+00E3
    { 0x00E4, 20 }, // U+00E4
    { 0x00E5, 20 }, // U+00E5
    { 0x00E6, 20 }, // U+00E6
    { 0x00E7, 22 }, // U+00E7
    { 0x00E8, 22 }, // U+00E8
    { 0x00E9, 22 }, // U+00E9
    { 0x00EA, 22 }, // U+00EA
    { 0x00EB, 22 }, // U+00EB
    { 0x00EC, 32 }, // U+00EC
    { 0x00EE, 32 }, // U+00EE
    { 0x00EF, 32 }, // U+00EF
    { 0x00F0, 22 }, // U+00F0
    { 0x00F2, 22 }, // U+00F2
    { 0x00F3, 22 }, // U+00F3
    { 0x00F4, 22 }, // U+00F4
    { 0x00F5, 22 }, // U+00F5
    { 0x00F6, 22 }, // U+00F6
    { 0x00F8, 22 }, // U+00F8
    { 0x00F9, 25 }, // U+00F9
    { 0x00FA, 25 }, // U+00FA
    { 0x00FB, 25 }, // U+00FB
    { 0x00FC, 25 }, // U+00FC
    { 0x00FD, 28 }, // U+00FD
    { 0x00FE, 21 }, // U+00FE
    { 0x00FF, 28 }, // U+00FF
    { 0x0100, 8 }, // U+0100
    { 0x0101, 20 }, // U+0101
    { 0x0102, 8 }, // U+0102
    { 0x0103, 20 }, // U+0103
    { 0x0104, 8 }, // U+0104
    { 0x0105, 20 }, // U+0105
    { 0x0106, 10 }, // U+0106
    { 0x0107, 22 }, // U+0107
    { 0x010A, 10 }, // U+010A
    { 0x010B, 22 }, // U+010B
    { 0x010C, 10 }, // U+010C
    { 0x010D, 22 }, // U+010D
    { 0x010E, 9 }, // U+010E
    { 0x010F, 22 }, // U+010F
    { 0x0110, 9 }, // U+0110
    { 0x0111, 22 }, // U+0111
    { 0x0112, 9 }, // U+0112
    { 0x0113, 22 }, // U+0113
    { 0x0116, 9 }, // U+0116
    { 0x0117, 22 }, // U+0117
    { 0x0118, 9 }, // U+0118
    { 0x0119, 22 }, // U+0119
    { 0x011A, 9 }, // U+011A
    { 0x011B, 22 }, // U+011B
    { 0x011E, 10 }, // U+011E
    { 0x011F, 22 }, // U+011F
    { 0x0120, 10 }, // U+0120
    { 0x0121, 22 }, // U+0121
    { 0x0122, 10 }, // U+0122
    { 0x0123, 22 }, // U+0123
    { 0x0126, 9 }, // U+0126
    { 0x0127, 21 }, // U+0127
    { 0x012A, 9 }, // U+012A
    { 0x012B, 32 }, // U+012B
    { 0x012E, 9 }, // U+012E
    { 0x0130, 9 }, // U+0130
    { 0x0136, 9 }, // U+0136
    { 0x0137, 21 }, // U+0137
    { 0x0139, 9 }, // U+0139
    { 0x013A, 21 }, // U+013A
    { 0x013B, 9 }, // U+013B
    { 0x013C, 21 }, // U+013C
    { 0x013D, 9 }, // U+013D
    { 0x013E, 21 }, // U+013E
    { 0x0141, 9 }, // U+0141
    { 0x0142, 21 }, // U+0142
    { 0x0143, 9 }, // U+0143
    { 0x0145, 9 }, // U+0145
    { 0x0147, 9 }, // U+0147
    { 0x0150, 10 }, // U+0150
    { 0x0151, 22 }, // U+0151
    { 0x0152, 10 }, // U+0152
    { 0x0153, 22 }, // U+0153
    { 0x0154, 9 }, // U+0154
    { 0x0158, 9 }, // U+0158
    { 0x015A, 12 }, // U+015A
    { 0x015B, 24 }, // U+015B
    { 0x015E, 12 }, // U+015E
    { 0x015F, 24 }, // U+015F
    { 0x0160, 12 }, // U+0160
    { 0x0161, 24 }, // U+0161
    { 0x0164, 13 }, // U+0164
    { 0x016A, 14 }, // U+016A
    { 0x016B, 25 }, // U+016B
    { 0x016E, 14 }, // U+016E
    { 0x016F, 25 }, // U+016F
    { 0x0170, 14 }, // U+0170
    { 0x0171, 25 }, // U+0171
    { 0x0172, 14 }, // U+0172
    { 0x0173, 25 }, // U+0173
    { 0x0174, 16 }, // U+0174
    { 0x0175, 27 }, // U+0175
    { 0x0176, 18 }, // U+0176
    { 0x0177, 28 }, // U+0177
    { 0x0178, 18 }, // U+0178
    { 0x0179, 19 }, // U+0179
    { 0x017A, 29 }, // U+017A
    { 0x017B, 19 }, // U+017B
    { 0x017C, 29 }, // U+017C
    { 0x017D, 19 }, // U+017D
    { 0x017E, 29 }, // U+017E
    { 0x0218, 12 }, // U+0218
    { 0x0219, 24 }, // U+0219
    { 0x021A, 13 }, // U+021A
    { 0x2018, 33 }, // U+2018
    { 0x2019, 4 }, // U+2019
    { 0x201A, 34 }, // U+201A
    { 0x201C, 33 }, // U+201C
    { 0x201D, 4 }, // U+201D
    { 0x201E, 34 }, // U+201E
    { 0x2026, 34 }, // U+2026
    { 0x2039, 35 }, // U+2039
    { 0x203A, 35 }, // U+203A
};

static const int8_t notonaskh_16_regularKernMatrix[] = {
       0,    0,    0,    0,    0,    0,    0,  -43,    0,    0,    0,    0,    0,    0,    0,    0,    0,    0,    0,    0,    0,  -11,  -32,    0,    0,    0,    0,    0,    0,    0,  -64,    0,    0,    0,    0,
       0,    0,    0,    0,    0,  -16,    0,    0,    0,    0,    0,    0,  -16,    0,  -21,  -21,    0,  -16,    0,    0,    0,    0,    0,    0,    0,    0,    0,    0,    0,    0,    0,    0,    0,    0,    0,
       0,   -5,    0,    0,  -64,    0,    0,  -27,    0,    0,    0,    0,    0,    0,    0,    0,    0,    0,    0,    0,    0,    0,    0,    0,    0,    0,    0,    0,    0,    0,  -43,    0,    0,  -64,    0,
       0,    0,    0,    0,    0,  -48,    0,    0,    0,  -11,    0,    0,  -48,  -11,  -59,  -48,    0,  -43,    0,    0,    0,    0,    0,    0,    0,  -37,  -32,  -27,    0,    0,    0,    0,    0,    0,    0,
       0,    0,    0,    0,    0,    0,    0,  -16,    0,    0,    0,    0,    0,    0,    0,    0,    0,   -5,    0,    0,    0,    0,    0,    0,    0,    0,    0,    0,    0,    0,    0,    0,    0,    0,    0,
     -43,    0,    0,  -37,    0,  -32,    0,    0,    0,  -11,    0,    0,  -32,  -11,  -43,  -37,    0,  -37,    0,    0,    0,  -11,  -11,    0,  -11,  -32,  -16,  -27,    0,    0,    0,    0,  -37,    0,    0,
       0,    0,    0,  -11,    0,  -11,    0,  -11,    0,    0,    0,    0,  -11,    0,  -21,  -16,  -11,  -21,  -11,    0,    0,    0,    0,    0,    0,    0,   -5,  -11,    0,    0,  -16,    0,    0,    0,    0,
       0,    0,    0,    0,  -11,  -11,    0,  -11,    0,    0,    0,    0,  -11,    0,  -11,  -11,  -11,  -16,    0,    0,    0,    0,    0,    0,    0,    0,    0,    0,    0,    0,  -27,    0,    0,  -11,    0,
       0,    0,    0,    0,    0,    0,    0,    0,    0,    0,    0,    0,    0,    0,  -11,  -11,    0,  -11,    0,    0,    0,    0,    0,    0,    0,    0,    0,    0,    0,    0,    0,    0,    0,    0,    0,
       0,  -11,    0,    0,  -64,    0,  -21,  -37,    0,    0,    0,    0,    0,    0,    0,    0,    0,    0,    0,  -21,    0,  -21,  -21,    0,    0,    0,    0,    0,    0,    0,  -59,    0,    0,  -64,    0,
       0,    0,    0,    0,    0,  -11,    0,    0,    0,    0,    0,    0,  -11,    0,  -11,  -11,    0,  -11,    0,    0,    0,    0,    0,    0,    0,    0,    0,    0,    0,    0,  -11,    0,    0,    0,    0,
       0,    0,    0,    0,    0,    0,    0,    0,    0,  -11,    0,    0,    0,    0,    0,    0,    0,    0,    0,    0,    0,  -11,  -11,    0,  -11,    0,  -16,  -16,    0,    0,    0,    0,    0,    0,    0,
     -32,    0,    0,  -43,    0,  -37,    0,    0,    0,    0,    0,    0,  -37,    0,  -27,  -27,    0,  -32,    0,    0,    0,    0,    0,    0,    0,  -11,   -5,  -16,    0,  -11,    0,    0,  -43,    0,    0,
       0,    0,    0,    0,    0,    0,    0,    0,    0,    0,    0,    0,    0,    0,    0,    0,    0,    0,    0,    0,    0,    0,    0,    0,    0,    0,    0,    0,    0,    0,    0,    0,    0,    0,   -5,
       0,    0,    0,  -11,    0,  -11,    0,    0,    0,  -11,    0,    0,  -11,   -5,  -16,  -16,    0,  -16,    0,    0,    0,    0,    0,    0,    0,   -5,   -5,  -11,    0,    0,    0,    0,    0,    0,    0,
       0,    0,    0,    0,    0,  -11,    0,  -11,    0,    0,    0,    0,  -11,    0,  -11,  -11,  -11,  -11,    0,    0,    0,    0,    0,    0,    0,    0,   -5,  -11,    0,    0,  -11,    0,    0,    0,    0,
       0,   -5,    0,    0,  -48,    0,  -16,  -32,    0,  -11,    0,    0,    0,    0,    0,    0,    0,    0,    0,  -16,    0,  -27,  -27,   -3,    0,    0,    0,    0,    0,    0,  -43,    0,    0,  -48,    0,
       0,    0,    0,    0,  -11,    0,   -5,  -11,    0,    0,    0,    0,    0,    0,    0,    0,    0,    0,    0,    0,    0,    0,    0,    0,    0,    0,    0,    0,    0,    0,  -21,    0,    0,  -11,    0,
       0,  -16,    0,    0,  -59,    0,  -27,  -43,    0,  -11,    0,    0,    0,    0,    0,    0,    0,    0,    0,  -32,    0,  -32,  -32,  -21,    0,    0,    0,    0,    0,    0,  -69,    0,    0,  -59,    0,
       0,    0,    0,    0,  -48,    0,  -27,  -37,    0,  -11,    0,    0,    0,    0,    0,    0,    0,    0,    0,  -37,    0,  -32,  -32,  -27,    0,    0,    0,    0,  -16,    0,  -69,    0,    0,  -48,    0,
       0,    0,    0,    0,    0,    0,    0,    0,    0,  -11,    0,   -5,    0,    0,    0,    0,    0,    0,    0,    0,    0,    0,    0,    0,    0,    0,  -16,  -27,    0,    0,    0,    0,    0,    0,    0,
       0,   -5,    0,    0,  -43,    0,  -21,  -37,    0,  -16,    0,  -11,    0,    0,    0,    0,    0,    0,    0,  -32,    0,  -37,  -37,  -32,    0,    0,    0,    0,  -11,    0,  -48,    0,    0,  -43,    0,
     -21,    0,    0,    0,    0,    0,    0,    0,    0,    0,    0,    0,    0,    0,    0,    0,    0,    0,    0,    0,    0,    0,    0,    0,    0,    0,    0,  -11,    0,    0,    0,    0,    0,    0,    0,
       0,    0,    0,    0,    0,    0,    0,    0,    0,    0,    0,    0,    0,    0,  -32,  -32,    0,  -37,    0,    0,    0,    0,    0,    0,    0,    0,    0,  -11,    0,    0,    0,    0,    0,    0,    0,
       0,    0,    0,    0,    0,    0,    0,    0,    0,    0,    0,    0,    0,    0,  -32,  -32,    0,  -32,    0,    0,    0,    0,    0,    0,    0,    0,    0,    0,    0,    0,    0,    0,    0,    0,    0,
      43,    0,   48,   43,    0,    0,    0,    0,    0,    0,    0,    0,    0,    0,    0,    0,    0,    0,    0,    0,    0,    0,    0,    0,    0,    0,    0,    0,    0,    0,    0,   21,    0,    0,    0,
       0,    0,    0,    0,    0,    0,    0,    0,    0,    0,    0,    0,    0,    0,    0,  -11,    0,    0,    0,    0,    0,    0,    0,    0,    0,    0,    0,    0,    0,    0,    0,    0,    0,    0,    0,
       0,    0,    0,    0,    0,    0,    0,    0,    0,    0,    0,    0,    0,    0,    0,    0,    0,    0,    0,    0,    0,  -11,  -11,    0,    0,    0,    0,    0,    0,    0,    0,    0,    0,    0,    0,
       0,    0,    0,   16,  -69,    0,    0,    0,    0,    0,    0,    0,    0,    0,    0,    0,    0,    0,    0,  -11,    0,    0,    0,    0,    0,    0,    0,    0,    0,    0,    0,    0,    0,  -69,    0,
       0,    0,    0,    0,    0,    0,    0,    0,    0,    0,    0,    0,    0,    0,    0,    0,    0,  -32,    0,    0,    0,    0,    0,    0,    0,    0,    0,    0,    0,    0,    0,    0,    0,    0,    0,
       0,    0,    0,    0,  -27,    0,    0,  -32,    0,    0,    0,    0,    0,    0,    0,    0,    0,    0,    0,    0,    0,    0,    0,    0,    0,    0,    0,    0,    0,    0,    0,    0,    0,  -37,    0,
       0,    0,    0,    0,  -37,    0,    0,  -16,    0,    0,    0,    0,    0,    0,    0,    0,    0,    0,    0,    0,    0,    0,    0,    0,    0,    0,    0,    0,    0,    0,    0,    0,    0,  -37,    0,
       0,    0,    0,    0,  -48,    0,    0,  -27,    0,    0,    0,    0,    0,    0,    0,    0,    0,    0,    0,    0,    0,   -5,   -5,    0,    0,    0,    0,    0,    0,    0,    0,    0,    0,  -48,    0,
       0,    0,    0,    0,    0,    0,    0,    0,    0,    0,    0,    0,    0,    0,  -16,  -11,    0,  -16,    0,    0,    0,    0,    0,    0,    0,    0,    0,    0,    0,    0,    0,    0,    0,    0,    0,
       0,    0,    0,    0,    0,  -11,    0,    0,    0,    0,    0,    0,  -11,    0,  -27,  -27,    0,  -27,    0,    0,    0,    0,    0,    0,    0,    0,    0,    0,    0,    0,    0,    0,    0,    0,    0,
     -43,    0,    0,  -37,    0,  -32,    0,    0,    0,  -11,    0,    0,  -32,  -11,  -43,  -37,    0,  -37,    0,    0,    0,  -11,  -11,    0,  -11,  -27,  -16,  -27,    0,    0,    0,    0,  -37,    0,    0,
       0,    0,   32,   21,    0,   43,    0,    0,   27,    0,   32,    0,   27,   37,   43,   37,   37,   53,   21,    0,   48,    0,    0,    0,    0,    0,    0,    0,    0,    0,    0,    0,    0,    0,    0,
       0,    0,    0,    0,    0,    0,    0,    0,    0,    0,    0,    0,    0,    0,    0,    0,    0,    0,    0,    0,   21,    0,    0,    0,    0,    0,    0,    0,    0,    0,    0,    0,    0,    0,    0,
       0,    0,    0,    0,    0,    0,    0,  -37,    0,    0,    0,    0,    0,    0,    0,    0,    0,    0,    0,    0,    0,    0,    0,    0,    0,    0,    0,    0,    0,    0,  -75,    0,    0,    0,    0,
       0,    0,    0,    0,    0,    0,    0,  -53,    0,  -11,    0,    0,    0,    0,    0,    0,    0,    0,    0,  -16,    0,  -21,  -21,  -27,    0,    0,    0,    0,    0,    0,    0,    0,    0,    0,    0,
};

static constexpr EpdFontData notonaskh_16_regular = {
    notonaskh_16_regularBitmaps,
    notonaskh_16_regularGlyphs,
    notonaskh_16_regularIntervals,
    44,
    57,
    36,
    -22,
    true,
    notonaskh_16_regularGroups,
    8,
    nullptr,
    notonaskh_16_regularKernLeftClasses,
    notonaskh_16_regularKernRightClasses,
    notonaskh_16_regularKernMatrix,
    157,
    206,
    40,
    35,
    nullptr,
    0,
};
